2026-04-02 19:49:36,384 - BEE-EPT-UA913 - INFO - [AUTOPILOT STARTED]
2026-04-02 19:49:38,385 - BEE-EPT-UA913 - INFO - MSP connection is established: '/dev/serial0'
2026-04-02 19:49:38,386 - BEE-EPT-UA913 - DEBUG - Executing command: INIT, Priority: 0, Body: {}
2026-04-02 19:49:38,386 - BEE-EPT-UA913 - INFO - Initializing autopilot
2026-04-02 19:49:41,385 - BEE-EPT-UA913 - INFO - Telemetry: attempting to connect with '/dev/serial0'
2026-04-02 19:49:41,385 - BEE-EPT-UA913 - INFO - Telemetry: connected with '/dev/serial0'
2026-04-02 19:49:41,386 - BEE-EPT-UA913 - DEBUG - Executing command: TELEMETRY, Priority: 1, Body: {'target': 'MSP_RC'}
2026-04-02 19:49:41,398 - BEE-EPT-UA913 - DEBUG - Telemetry: b'\xdc\x05\xdc\x05\xdc\x05\xdd\x03\xe8\x03\xd0\x07\xe8\x03\xe8\x03\xe8\x03\xe8\x03\xe8\x03\xfd\x05\xdc\x05\xdc\x05\xe8\x03\xe8\x03'
2026-04-02 19:49:41,398 - BEE-EPT-UA913 - INFO - Autopilot state: {'connection': True, 'bee_state': 'OFF', 'roll': 1500, 'pitch': 1500, 'yaw': 1500, 'throttle': 989, 'last_manual_roll': 1500, 'last_manual_pitch': 1500, 'last_manual_yaw': 1500, 'last_manual_throttle': 989, 'aux3': 1000, 'aux4': 1000, 'aux5': 1500, 'aux6': 1000, 'aux7': 1000, 'battery': 0, 'rssi': 0, 'rssi_msg': 'No signal', 'speed': 0, 'altitude': 0, 'caught': False, 'ready_hold_active': False, 'ready_hold_pending_capture': False, 'ready_hold_roll': 1500, 'ready_hold_pitch': 1500, 'ready_hold_yaw': 1500, 'ready_hold_throttle': 1100, 'target_locked': False, 'tracking_bbox': None, 'attack_error_x': 0.0, 'attack_error_y': 0.0, 'target_size': 0.0, 'attack_active': False, 'attack_base_roll': 1500, 'attack_base_pitch': 1500, 'attack_base_yaw': 1500, 'attack_base_throttle': 1100, 'prev_attack_error_x': 0.0, 'prev_attack_time': None, 'prev_target_size': 0.0}
2026-04-02 19:49:41,449 - BEE-EPT-UA913 - DEBUG - Executing command: TELEMETRY, Priority: 2, Body: {'target': 'MSP_ALTITUDE'}
2026-04-02 19:49:41,456 - BEE-EPT-UA913 - DEBUG - Telemetry: b'\x1a\x00\x00\x00\x00\x00'
2026-04-02 19:49:41,456 - BEE-EPT-UA913 - INFO - Autopilot state: {'connection': True, 'bee_state': 'OFF', 'roll': 1500, 'pitch': 1500, 'yaw': 1500, 'throttle': 989, 'last_manual_roll': 1500, 'last_manual_pitch': 1500, 'last_manual_yaw': 1500, 'last_manual_throttle': 989, 'aux3': 1000, 'aux4': 1000, 'aux5': 1500, 'aux6': 1000, 'aux7': 1000, 'battery': 0, 'rssi': 0, 'rssi_msg': 'No signal', 'speed': 0.0, 'altitude': 0.26, 'caught': False, 'ready_hold_active': False, 'ready_hold_pending_capture': False, 'ready_hold_roll': 1500, 'ready_hold_pitch': 1500, 'ready_hold_yaw': 1500, 'ready_hold_throttle': 1100, 'target_locked': False, 'tracking_bbox': None, 'attack_error_x': 0.0, 'attack_error_y': 0.0, 'target_size': 0.0, 'attack_active': False, 'attack_base_roll': 1500, 'attack_base_pitch': 1500, 'attack_base_yaw': 1500, 'attack_base_throttle': 1100, 'prev_attack_error_x': 0.0, 'prev_attack_time': None, 'prev_target_size': 0.0}
2026-04-02 19:49:41,506 - BEE-EPT-UA913 - DEBUG - Executing command: MONITOR, Priority: 2, Body: {'target': 'MSP_ANALOG'}
2026-04-02 19:49:41,517 - BEE-EPT-UA913 - DEBUG - Monitoring: b'\xe9\x00\x00\xb3\x02\x04\x00\x1d\t'
2026-04-02 19:49:41,517 - BEE-EPT-UA913 - INFO - RSSI: 691, signal: Strong signal, battery voltage: 23.3V
2026-04-02 19:49:43,389 - BEE-EPT-UA913 - DEBUG - Executing command: TELEMETRY, Priority: 1, Body: {'target': 'MSP_RC'}
2026-04-02 19:49:43,397 - BEE-EPT-UA913 - DEBUG - Telemetry: b'\xdc\x05\xdc\x05\xdc\x05\xdd\x03\xe8\x03\xd0\x07\xe8\x03\xe8\x03\xe8\x03\xe8\x03\xe8\x03\xfd\x05\xdc\x05\xdc\x05\xe8\x03\xe8\x03'
2026-04-02 19:49:43,397 - BEE-EPT-UA913 - INFO - Autopilot state: {'connection': True, 'bee_state': 'OFF', 'roll': 1500, 'pitch': 1500, 'yaw': 1500, 'throttle': 989, 'last_manual_roll': 1500, 'last_manual_pitch': 1500, 'last_manual_yaw': 1500, 'last_manual_throttle': 989, 'aux3': 1000, 'aux4': 1000, 'aux5': 1500, 'aux6': 1000, 'aux7': 1000, 'battery': 23.3, 'rssi': 691, 'rssi_msg': 'Strong signal', 'speed': 0.0, 'altitude': 0.26, 'caught': False, 'ready_hold_active': False, 'ready_hold_pending_capture': False, 'ready_hold_roll': 1500, 'ready_hold_pitch': 1500, 'ready_hold_yaw': 1500, 'ready_hold_throttle': 1100, 'target_locked': False, 'tracking_bbox': None, 'attack_error_x': 0.0, 'attack_error_y': 0.0, 'target_size': 0.0, 'attack_active': False, 'attack_base_roll': 1500, 'attack_base_pitch': 1500, 'attack_base_yaw': 1500, 'attack_base_throttle': 1100, 'prev_attack_error_x': 0.0, 'prev_attack_time': None, 'prev_target_size': 0.0}
2026-04-02 19:49:43,448 - BEE-EPT-UA913 - DEBUG - Executing command: TELEMETRY, Priority: 2, Body: {'target': 'MSP_ALTITUDE'}
2026-04-02 19:49:43,455 - BEE-EPT-UA913 - DEBUG - Telemetry: b'\x1a\x00\x00\x00\x00\x00'
2026-04-02 19:49:43,455 - BEE-EPT-UA913 - INFO - Autopilot state: {'connection': True, 'bee_state': 'OFF', 'roll': 1500, 'pitch': 1500, 'yaw': 1500, 'throttle': 989, 'last_manual_roll': 1500, 'last_manual_pitch': 1500, 'last_manual_yaw': 1500, 'last_manual_throttle': 989, 'aux3': 1000, 'aux4': 1000, 'aux5': 1500, 'aux6': 1000, 'aux7': 1000, 'battery': 23.3, 'rssi': 691, 'rssi_msg': 'Strong signal', 'speed': 0.0, 'altitude': 0.26, 'caught': False, 'ready_hold_active': False, 'ready_hold_pending_capture': False, 'ready_hold_roll': 1500, 'ready_hold_pitch': 1500, 'ready_hold_yaw': 1500, 'ready_hold_throttle': 1100, 'target_locked': False, 'tracking_bbox': None, 'attack_error_x': 0.0, 'attack_error_y': 0.0, 'target_size': 0.0, 'attack_active': False, 'attack_base_roll': 1500, 'attack_base_pitch': 1500, 'attack_base_yaw': 1500, 'attack_base_throttle': 1100, 'prev_attack_error_x': 0.0, 'prev_attack_time': None, 'prev_target_size': 0.0}
2026-04-02 19:49:43,506 - BEE-EPT-UA913 - DEBUG - Executing command: MONITOR, Priority: 2, Body: {'target': 'MSP_ANALOG'}
2026-04-02 19:49:43,516 - BEE-EPT-UA913 - DEBUG - Monitoring: b'\xe9\x00\x00\xf0\x02\x04\x00\x1d\t'
2026-04-02 19:49:43,516 - BEE-EPT-UA913 - INFO - RSSI: 752, signal: Strong signal, battery voltage: 23.3V
2026-04-02 19:49:45,392 - BEE-EPT-UA913 - DEBUG - Executing command: TELEMETRY, Priority: 1, Body: {'target': 'MSP_RC'}
2026-04-02 19:49:45,406 - BEE-EPT-UA913 - DEBUG - Telemetry: b'\xdc\x05\xdc\x05\xdc\x05\xdd\x03\xe8\x03\xd0\x07\xe8\x03\xe8\x03\xe8\x03\xe8\x03\xe8\x03\xfd\x05\xdc\x05\xdc\x05\xe8\x03\xe8\x03'
2026-04-02 19:49:45,406 - BEE-EPT-UA913 - INFO - Autopilot state: {'connection': True, 'bee_state': 'OFF', 'roll': 1500, 'pitch': 1500, 'yaw': 1500, 'throttle': 989, 'last_manual_roll': 1500, 'last_manual_pitch': 1500, 'last_manual_yaw': 1500, 'last_manual_throttle': 989, 'aux3': 1000, 'aux4': 1000, 'aux5': 1500, 'aux6': 1000, 'aux7': 1000, 'battery': 23.3, 'rssi': 752, 'rssi_msg': 'Strong signal', 'speed': 0.0, 'altitude': 0.26, 'caught': False, 'ready_hold_active': False, 'ready_hold_pending_capture': False, 'ready_hold_roll': 1500, 'ready_hold_pitch': 1500, 'ready_hold_yaw': 1500, 'ready_hold_throttle': 1100, 'target_locked': False, 'tracking_bbox': None, 'attack_error_x': 0.0, 'attack_error_y': 0.0, 'target_size': 0.0, 'attack_active': False, 'attack_base_roll': 1500, 'attack_base_pitch': 1500, 'attack_base_yaw': 1500, 'attack_base_throttle': 1100, 'prev_attack_error_x': 0.0, 'prev_attack_time': None, 'prev_target_size': 0.0}
2026-04-02 19:49:45,456 - BEE-EPT-UA913 - DEBUG - Executing command: TELEMETRY, Priority: 2, Body: {'target': 'MSP_ALTITUDE'}
2026-04-02 19:49:45,464 - BEE-EPT-UA913 - DEBUG - Telemetry: b'\x1a\x00\x00\x00\x00\x00'
2026-04-02 19:49:45,464 - BEE-EPT-UA913 - INFO - Autopilot state: {'connection': True, 'bee_state': 'OFF', 'roll': 1500, 'pitch': 1500, 'yaw': 1500, 'throttle': 989, 'last_manual_roll': 1500, 'last_manual_pitch': 1500, 'last_manual_yaw': 1500, 'last_manual_throttle': 989, 'aux3': 1000, 'aux4': 1000, 'aux5': 1500, 'aux6': 1000, 'aux7': 1000, 'battery': 23.3, 'rssi': 752, 'rssi_msg': 'Strong signal', 'speed': 0.0, 'altitude': 0.26, 'caught': False, 'ready_hold_active': False, 'ready_hold_pending_capture': False, 'ready_hold_roll': 1500, 'ready_hold_pitch': 1500, 'ready_hold_yaw': 1500, 'ready_hold_throttle': 1100, 'target_locked': False, 'tracking_bbox': None, 'attack_error_x': 0.0, 'attack_error_y': 0.0, 'target_size': 0.0, 'attack_active': False, 'attack_base_roll': 1500, 'attack_base_pitch': 1500, 'attack_base_yaw': 1500, 'attack_base_throttle': 1100, 'prev_attack_error_x': 0.0, 'prev_attack_time': None, 'prev_target_size': 0.0}
2026-04-02 19:49:45,514 - BEE-EPT-UA913 - DEBUG - Executing command: MONITOR, Priority: 2, Body: {'target': 'MSP_ANALOG'}
2026-04-02 19:49:45,525 - BEE-EPT-UA913 - DEBUG - Monitoring: b'\xe9\x00\x00\xe9\x02\x00\x00\x1d\t'
2026-04-02 19:49:45,525 - BEE-EPT-UA913 - INFO - RSSI: 745, signal: Strong signal, battery voltage: 23.3V
2026-04-02 19:49:47,394 - BEE-EPT-UA913 - DEBUG - Executing command: TELEMETRY, Priority: 1, Body: {'target': 'MSP_RC'}
2026-04-02 19:49:47,405 - BEE-EPT-UA913 - DEBUG - Telemetry: b'\xdc\x05\xdc\x05\xdc\x05\xdd\x03\xe8\x03\xd0\x07\xe8\x03\xe8\x03\xe8\x03\xe8\x03\xe8\x03\xfd\x05\xdc\x05\xdc\x05\xe8\x03\xe8\x03'
2026-04-02 19:49:47,405 - BEE-EPT-UA913 - INFO - Autopilot state: {'connection': True, 'bee_state': 'OFF', 'roll': 1500, 'pitch': 1500, 'yaw': 1500, 'throttle': 989, 'last_manual_roll': 1500, 'last_manual_pitch': 1500, 'last_manual_yaw': 1500, 'last_manual_throttle': 989, 'aux3': 1000, 'aux4': 1000, 'aux5': 1500, 'aux6': 1000, 'aux7': 1000, 'battery': 23.3, 'rssi': 745, 'rssi_msg': 'Strong signal', 'speed': 0.0, 'altitude': 0.26, 'caught': False, 'ready_hold_active': False, 'ready_hold_pending_capture': False, 'ready_hold_roll': 1500, 'ready_hold_pitch': 1500, 'ready_hold_yaw': 1500, 'ready_hold_throttle': 1100, 'target_locked': False, 'tracking_bbox': None, 'attack_error_x': 0.0, 'attack_error_y': 0.0, 'target_size': 0.0, 'attack_active': False, 'attack_base_roll': 1500, 'attack_base_pitch': 1500, 'attack_base_yaw': 1500, 'attack_base_throttle': 1100, 'prev_attack_error_x': 0.0, 'prev_attack_time': None, 'prev_target_size': 0.0}
2026-04-02 19:49:47,455 - BEE-EPT-UA913 - DEBUG - Executing command: TELEMETRY, Priority: 2, Body: {'target': 'MSP_ALTITUDE'}
2026-04-02 19:49:47,463 - BEE-EPT-UA913 - DEBUG - Telemetry: b'\x1a\x00\x00\x00\x00\x00'
2026-04-02 19:49:47,463 - BEE-EPT-UA913 - INFO - Autopilot state: {'connection': True, 'bee_state': 'OFF', 'roll': 1500, 'pitch': 1500, 'yaw': 1500, 'throttle': 989, 'last_manual_roll': 1500, 'last_manual_pitch': 1500, 'last_manual_yaw': 1500, 'last_manual_throttle': 989, 'aux3': 1000, 'aux4': 1000, 'aux5': 1500, 'aux6': 1000, 'aux7': 1000, 'battery': 23.3, 'rssi': 745, 'rssi_msg': 'Strong signal', 'speed': 0.0, 'altitude': 0.26, 'caught': False, 'ready_hold_active': False, 'ready_hold_pending_capture': False, 'ready_hold_roll': 1500, 'ready_hold_pitch': 1500, 'ready_hold_yaw': 1500, 'ready_hold_throttle': 1100, 'target_locked': False, 'tracking_bbox': None, 'attack_error_x': 0.0, 'attack_error_y': 0.0, 'target_size': 0.0, 'attack_active': False, 'attack_base_roll': 1500, 'attack_base_pitch': 1500, 'attack_base_yaw': 1500, 'attack_base_throttle': 1100, 'prev_attack_error_x': 0.0, 'prev_attack_time': None, 'prev_target_size': 0.0}
2026-04-02 19:49:47,513 - BEE-EPT-UA913 - DEBUG - Executing command: MONITOR, Priority: 2, Body: {'target': 'MSP_ANALOG'}
2026-04-02 19:49:47,523 - BEE-EPT-UA913 - DEBUG - Monitoring: b'\xe9\x00\x00\xd8\x02\x00\x00\x1d\t'
2026-04-02 19:49:47,523 - BEE-EPT-UA913 - INFO - RSSI: 728, signal: Strong signal, battery voltage: 23.3V
2026-04-02 19:49:49,398 - BEE-EPT-UA913 - DEBUG - Executing command: TELEMETRY, Priority: 1, Body: {'target': 'MSP_RC'}
2026-04-02 19:49:49,404 - BEE-EPT-UA913 - DEBUG - Telemetry: b'\xdc\x05\xdc\x05\xdc\x05\xdd\x03\xe8\x03\xd0\x07\xe8\x03\xe8\x03\xe8\x03\xe8\x03\xe8\x03\xfd\x05\xdc\x05\xdc\x05\xe8\x03\xe8\x03'
2026-04-02 19:49:49,404 - BEE-EPT-UA913 - INFO - Autopilot state: {'connection': True, 'bee_state': 'OFF', 'roll': 1500, 'pitch': 1500, 'yaw': 1500, 'throttle': 989, 'last_manual_roll': 1500, 'last_manual_pitch': 1500, 'last_manual_yaw': 1500, 'last_manual_throttle': 989, 'aux3': 1000, 'aux4': 1000, 'aux5': 1500, 'aux6': 1000, 'aux7': 1000, 'battery': 23.3, 'rssi': 728, 'rssi_msg': 'Strong signal', 'speed': 0.0, 'altitude': 0.26, 'caught': False, 'ready_hold_active': False, 'ready_hold_pending_capture': False, 'ready_hold_roll': 1500, 'ready_hold_pitch': 1500, 'ready_hold_yaw': 1500, 'ready_hold_throttle': 1100, 'target_locked': False, 'tracking_bbox': None, 'attack_error_x': 0.0, 'attack_error_y': 0.0, 'target_size': 0.0, 'attack_active': False, 'attack_base_roll': 1500, 'attack_base_pitch': 1500, 'attack_base_yaw': 1500, 'attack_base_throttle': 1100, 'prev_attack_error_x': 0.0, 'prev_attack_time': None, 'prev_target_size': 0.0}
2026-04-02 19:49:49,454 - BEE-EPT-UA913 - DEBUG - Executing command: TELEMETRY, Priority: 2, Body: {'target': 'MSP_ALTITUDE'}
2026-04-02 19:49:49,462 - BEE-EPT-UA913 - DEBUG - Telemetry: b'\x1a\x00\x00\x00\x00\x00'
2026-04-02 19:49:49,462 - BEE-EPT-UA913 - INFO - Autopilot state: {'connection': True, 'bee_state': 'OFF', 'roll': 1500, 'pitch': 1500, 'yaw': 1500, 'throttle': 989, 'last_manual_roll': 1500, 'last_manual_pitch': 1500, 'last_manual_yaw': 1500, 'last_manual_throttle': 989, 'aux3': 1000, 'aux4': 1000, 'aux5': 1500, 'aux6': 1000, 'aux7': 1000, 'battery': 23.3, 'rssi': 728, 'rssi_msg': 'Strong signal', 'speed': 0.0, 'altitude': 0.26, 'caught': False, 'ready_hold_active': False, 'ready_hold_pending_capture': False, 'ready_hold_roll': 1500, 'ready_hold_pitch': 1500, 'ready_hold_yaw': 1500, 'ready_hold_throttle': 1100, 'target_locked': False, 'tracking_bbox': None, 'attack_error_x': 0.0, 'attack_error_y': 0.0, 'target_size': 0.0, 'attack_active': False, 'attack_base_roll': 1500, 'attack_base_pitch': 1500, 'attack_base_yaw': 1500, 'attack_base_throttle': 1100, 'prev_attack_error_x': 0.0, 'prev_attack_time': None, 'prev_target_size': 0.0}
2026-04-02 19:49:49,512 - BEE-EPT-UA913 - DEBUG - Executing command: MONITOR, Priority: 2, Body: {'target': 'MSP_ANALOG'}
2026-04-02 19:49:49,522 - BEE-EPT-UA913 - DEBUG - Monitoring: b'\xe9\x00\x000\x03\x04\x00\x1d\t'
2026-04-02 19:49:49,522 - BEE-EPT-UA913 - INFO - RSSI: 816, signal: Strong signal, battery voltage: 23.3V
2026-04-03 09:00:18,267 - BEE-EPT-UA913 - DEBUG - Executing command: TELEMETRY, Priority: 1, Body: {'target': 'MSP_RC'}
2026-04-03 09:00:18,277 - BEE-EPT-UA913 - DEBUG - Telemetry: b'\xdc\x05\xdc\x05\xdc\x05\xdd\x03\xe8\x03\xd0\x07\xe8\x03\xe8\x03\xe8\x03\xe8\x03\xe8\x03\xfd\x05\xdc\x05\xdc\x05\xe8\x03\xe8\x03'
2026-04-03 09:00:18,278 - BEE-EPT-UA913 - INFO - Autopilot state: {'connection': True, 'bee_state': 'OFF', 'roll': 1500, 'pitch': 1500, 'yaw': 1500, 'throttle': 989, 'last_manual_roll': 1500, 'last_manual_pitch': 1500, 'last_manual_yaw': 1500, 'last_manual_throttle': 989, 'aux3': 1000, 'aux4': 1000, 'aux5': 1500, 'aux6': 1000, 'aux7': 1000, 'battery': 23.3, 'rssi': 816, 'rssi_msg': 'Strong signal', 'speed': 0.0, 'altitude': 0.26, 'caught': False, 'ready_hold_active': False, 'ready_hold_pending_capture': False, 'ready_hold_roll': 1500, 'ready_hold_pitch': 1500, 'ready_hold_yaw': 1500, 'ready_hold_throttle': 1100, 'target_locked': False, 'tracking_bbox': None, 'attack_error_x': 0.0, 'attack_error_y': 0.0, 'target_size': 0.0, 'attack_active': False, 'attack_base_roll': 1500, 'attack_base_pitch': 1500, 'attack_base_yaw': 1500, 'attack_base_throttle': 1100, 'prev_attack_error_x': 0.0, 'prev_attack_time': None, 'prev_target_size': 0.0}
2026-04-03 09:00:18,328 - BEE-EPT-UA913 - DEBUG - Executing command: TELEMETRY, Priority: 2, Body: {'target': 'MSP_ALTITUDE'}
2026-04-03 09:00:18,336 - BEE-EPT-UA913 - DEBUG - Telemetry: b'\x1a\x00\x00\x00\x00\x00'
2026-04-03 09:00:18,336 - BEE-EPT-UA913 - INFO - Autopilot state: {'connection': True, 'bee_state': 'OFF', 'roll': 1500, 'pitch': 1500, 'yaw': 1500, 'throttle': 989, 'last_manual_roll': 1500, 'last_manual_pitch': 1500, 'last_manual_yaw': 1500, 'last_manual_throttle': 989, 'aux3': 1000, 'aux4': 1000, 'aux5': 1500, 'aux6': 1000, 'aux7': 1000, 'battery': 23.3, 'rssi': 816, 'rssi_msg': 'Strong signal', 'speed': 0.0, 'altitude': 0.26, 'caught': False, 'ready_hold_active': False, 'ready_hold_pending_capture': False, 'ready_hold_roll': 1500, 'ready_hold_pitch': 1500, 'ready_hold_yaw': 1500, 'ready_hold_throttle': 1100, 'target_locked': False, 'tracking_bbox': None, 'attack_error_x': 0.0, 'attack_error_y': 0.0, 'target_size': 0.0, 'attack_active': False, 'attack_base_roll': 1500, 'attack_base_pitch': 1500, 'attack_base_yaw': 1500, 'attack_base_throttle': 1100, 'prev_attack_error_x': 0.0, 'prev_attack_time': None, 'prev_target_size': 0.0}
2026-04-03 09:00:18,387 - BEE-EPT-UA913 - DEBUG - Executing command: MONITOR, Priority: 2, Body: {'target': 'MSP_ANALOG'}
2026-04-03 09:00:18,396 - BEE-EPT-UA913 - DEBUG - Monitoring: b'\xe9\x00\x00u\x03\x04\x00\x1d\t'
2026-04-03 09:00:18,396 - BEE-EPT-UA913 - INFO - RSSI: 885, signal: Strong signal, battery voltage: 23.3V
2026-04-03 09:00:20,270 - BEE-EPT-UA913 - DEBUG - Executing command: TELEMETRY, Priority: 1, Body: {'target': 'MSP_RC'}
2026-04-03 09:00:20,276 - BEE-EPT-UA913 - DEBUG - Telemetry: b'\xdc\x05\xdc\x05\xdc\x05\xdd\x03\xe8\x03\xd0\x07\xe8\x03\xe8\x03\xe8\x03\xe8\x03\xe8\x03\xfd\x05\xdc\x05\xdc\x05\xe8\x03\xe8\x03'
2026-04-03 09:00:20,276 - BEE-EPT-UA913 - INFO - Autopilot state: {'connection': True, 'bee_state': 'OFF', 'roll': 1500, 'pitch': 1500, 'yaw': 1500, 'throttle': 989, 'last_manual_roll': 1500, 'last_manual_pitch': 1500, 'last_manual_yaw': 1500, 'last_manual_throttle': 989, 'aux3': 1000, 'aux4': 1000, 'aux5': 1500, 'aux6': 1000, 'aux7': 1000, 'battery': 23.3, 'rssi': 885, 'rssi_msg': 'Strong signal', 'speed': 0.0, 'altitude': 0.26, 'caught': False, 'ready_hold_active': False, 'ready_hold_pending_capture': False, 'ready_hold_roll': 1500, 'ready_hold_pitch': 1500, 'ready_hold_yaw': 1500, 'ready_hold_throttle': 1100, 'target_locked': False, 'tracking_bbox': None, 'attack_error_x': 0.0, 'attack_error_y': 0.0, 'target_size': 0.0, 'attack_active': False, 'attack_base_roll': 1500, 'attack_base_pitch': 1500, 'attack_base_yaw': 1500, 'attack_base_throttle': 1100, 'prev_attack_error_x': 0.0, 'prev_attack_time': None, 'prev_target_size': 0.0}
2026-04-03 09:00:20,327 - BEE-EPT-UA913 - DEBUG - Executing command: TELEMETRY, Priority: 2, Body: {'target': 'MSP_ALTITUDE'}
2026-04-03 09:00:20,334 - BEE-EPT-UA913 - DEBUG - Telemetry: b'\x1a\x00\x00\x00\x00\x00'
2026-04-03 09:00:20,334 - BEE-EPT-UA913 - INFO - Autopilot state: {'connection': True, 'bee_state': 'OFF', 'roll': 1500, 'pitch': 1500, 'yaw': 1500, 'throttle': 989, 'last_manual_roll': 1500, 'last_manual_pitch': 1500, 'last_manual_yaw': 1500, 'last_manual_throttle': 989, 'aux3': 1000, 'aux4': 1000, 'aux5': 1500, 'aux6': 1000, 'aux7': 1000, 'battery': 23.3, 'rssi': 885, 'rssi_msg': 'Strong signal', 'speed': 0.0, 'altitude': 0.26, 'caught': False, 'ready_hold_active': False, 'ready_hold_pending_capture': False, 'ready_hold_roll': 1500, 'ready_hold_pitch': 1500, 'ready_hold_yaw': 1500, 'ready_hold_throttle': 1100, 'target_locked': False, 'tracking_bbox': None, 'attack_error_x': 0.0, 'attack_error_y': 0.0, 'target_size': 0.0, 'attack_active': False, 'attack_base_roll': 1500, 'attack_base_pitch': 1500, 'attack_base_yaw': 1500, 'attack_base_throttle': 1100, 'prev_attack_error_x': 0.0, 'prev_attack_time': None, 'prev_target_size': 0.0}
2026-04-03 09:00:20,385 - BEE-EPT-UA913 - DEBUG - Executing command: MONITOR, Priority: 2, Body: {'target': 'MSP_ANALOG'}
2026-04-03 09:00:20,395 - BEE-EPT-UA913 - DEBUG - Monitoring: b'\xe9\x00\x00\x06\x03\x04\x00\x1d\t'
2026-04-03 09:00:20,395 - BEE-EPT-UA913 - INFO - RSSI: 774, signal: Strong signal, battery voltage: 23.3V
2026-04-03 09:00:22,273 - BEE-EPT-UA913 - DEBUG - Executing command: TELEMETRY, Priority: 1, Body: {'target': 'MSP_RC'}
2026-04-03 09:00:22,285 - BEE-EPT-UA913 - DEBUG - Telemetry: b'\xdc\x05\xdc\x05\xdc\x05\xdd\x03\xe8\x03\xd0\x07\xe8\x03\xe8\x03\xe8\x03\xe8\x03\xe8\x03\xfd\x05\xdc\x05\xdc\x05\xe8\x03\xe8\x03'
2026-04-03 09:00:22,285 - BEE-EPT-UA913 - INFO - Autopilot state: {'connection': True, 'bee_state': 'OFF', 'roll': 1500, 'pitch': 1500, 'yaw': 1500, 'throttle': 989, 'last_manual_roll': 1500, 'last_manual_pitch': 1500, 'last_manual_yaw': 1500, 'last_manual_throttle': 989, 'aux3': 1000, 'aux4': 1000, 'aux5': 1500, 'aux6': 1000, 'aux7': 1000, 'battery': 23.3, 'rssi': 774, 'rssi_msg': 'Strong signal', 'speed': 0.0, 'altitude': 0.26, 'caught': False, 'ready_hold_active': False, 'ready_hold_pending_capture': False, 'ready_hold_roll': 1500, 'ready_hold_pitch': 1500, 'ready_hold_yaw': 1500, 'ready_hold_throttle': 1100, 'target_locked': False, 'tracking_bbox': None, 'attack_error_x': 0.0, 'attack_error_y': 0.0, 'target_size': 0.0, 'attack_active': False, 'attack_base_roll': 1500, 'attack_base_pitch': 1500, 'attack_base_yaw': 1500, 'attack_base_throttle': 1100, 'prev_attack_error_x': 0.0, 'prev_attack_time': None, 'prev_target_size': 0.0}
2026-04-03 09:00:22,335 - BEE-EPT-UA913 - DEBUG - Executing command: TELEMETRY, Priority: 2, Body: {'target': 'MSP_ALTITUDE'}
2026-04-03 09:00:22,343 - BEE-EPT-UA913 - DEBUG - Telemetry: b'\x1a\x00\x00\x00\x00\x00'
2026-04-03 09:00:22,343 - BEE-EPT-UA913 - INFO - Autopilot state: {'connection': True, 'bee_state': 'OFF', 'roll': 1500, 'pitch': 1500, 'yaw': 1500, 'throttle': 989, 'last_manual_roll': 1500, 'last_manual_pitch': 1500, 'last_manual_yaw': 1500, 'last_manual_throttle': 989, 'aux3': 1000, 'aux4': 1000, 'aux5': 1500, 'aux6': 1000, 'aux7': 1000, 'battery': 23.3, 'rssi': 774, 'rssi_msg': 'Strong signal', 'speed': 0.0, 'altitude': 0.26, 'caught': False, 'ready_hold_active': False, 'ready_hold_pending_capture': False, 'ready_hold_roll': 1500, 'ready_hold_pitch': 1500, 'ready_hold_yaw': 1500, 'ready_hold_throttle': 1100, 'target_locked': False, 'tracking_bbox': None, 'attack_error_x': 0.0, 'attack_error_y': 0.0, 'target_size': 0.0, 'attack_active': False, 'attack_base_roll': 1500, 'attack_base_pitch': 1500, 'attack_base_yaw': 1500, 'attack_base_throttle': 1100, 'prev_attack_error_x': 0.0, 'prev_attack_time': None, 'prev_target_size': 0.0}
2026-04-03 09:00:22,393 - BEE-EPT-UA913 - DEBUG - Executing command: MONITOR, Priority: 2, Body: {'target': 'MSP_ANALOG'}
2026-04-03 09:00:22,403 - BEE-EPT-UA913 - DEBUG - Monitoring: b'\xe9\x00\x00n\x02\x04\x00\x1d\t'
2026-04-03 09:00:22,403 - BEE-EPT-UA913 - INFO - RSSI: 622, signal: Strong signal, battery voltage: 23.3V
2026-04-03 09:00:24,276 - BEE-EPT-UA913 - DEBUG - Executing command: TELEMETRY, Priority: 1, Body: {'target': 'MSP_RC'}
2026-04-03 09:00:24,283 - BEE-EPT-UA913 - DEBUG - Telemetry: b'\xdc\x05\xdc\x05\xdc\x05\xdd\x03\xe8\x03\xd0\x07\xe8\x03\xe8\x03\xe8\x03\xe8\x03\xe8\x03\xfd\x05\xdc\x05\xdc\x05\xe8\x03\xe8\x03'
2026-04-03 09:00:24,283 - BEE-EPT-UA913 - INFO - Autopilot state: {'connection': True, 'bee_state': 'OFF', 'roll': 1500, 'pitch': 1500, 'yaw': 1500, 'throttle': 989, 'last_manual_roll': 1500, 'last_manual_pitch': 1500, 'last_manual_yaw': 1500, 'last_manual_throttle': 989, 'aux3': 1000, 'aux4': 1000, 'aux5': 1500, 'aux6': 1000, 'aux7': 1000, 'battery': 23.3, 'rssi': 622, 'rssi_msg': 'Strong signal', 'speed': 0.0, 'altitude': 0.26, 'caught': False, 'ready_hold_active': False, 'ready_hold_pending_capture': False, 'ready_hold_roll': 1500, 'ready_hold_pitch': 1500, 'ready_hold_yaw': 1500, 'ready_hold_throttle': 1100, 'target_locked': False, 'tracking_bbox': None, 'attack_error_x': 0.0, 'attack_error_y': 0.0, 'target_size': 0.0, 'attack_active': False, 'attack_base_roll': 1500, 'attack_base_pitch': 1500, 'attack_base_yaw': 1500, 'attack_base_throttle': 1100, 'prev_attack_error_x': 0.0, 'prev_attack_time': None, 'prev_target_size': 0.0}
2026-04-03 09:00:24,334 - BEE-EPT-UA913 - DEBUG - Executing command: TELEMETRY, Priority: 2, Body: {'target': 'MSP_ALTITUDE'}
2026-04-03 09:00:24,341 - BEE-EPT-UA913 - DEBUG - Telemetry: b'\x1a\x00\x00\x00\x00\x00'
2026-04-03 09:00:24,341 - BEE-EPT-UA913 - INFO - Autopilot state: {'connection': True, 'bee_state': 'OFF', 'roll': 1500, 'pitch': 1500, 'yaw': 1500, 'throttle': 989, 'last_manual_roll': 1500, 'last_manual_pitch': 1500, 'last_manual_yaw': 1500, 'last_manual_throttle': 989, 'aux3': 1000, 'aux4': 1000, 'aux5': 1500, 'aux6': 1000, 'aux7': 1000, 'battery': 23.3, 'rssi': 622, 'rssi_msg': 'Strong signal', 'speed': 0.0, 'altitude': 0.26, 'caught': False, 'ready_hold_active': False, 'ready_hold_pending_capture': False, 'ready_hold_roll': 1500, 'ready_hold_pitch': 1500, 'ready_hold_yaw': 1500, 'ready_hold_throttle': 1100, 'target_locked': False, 'tracking_bbox': None, 'attack_error_x': 0.0, 'attack_error_y': 0.0, 'target_size': 0.0, 'attack_active': False, 'attack_base_roll': 1500, 'attack_base_pitch': 1500, 'attack_base_yaw': 1500, 'attack_base_throttle': 1100, 'prev_attack_error_x': 0.0, 'prev_attack_time': None, 'prev_target_size': 0.0}
2026-04-03 09:00:24,392 - BEE-EPT-UA913 - DEBUG - Executing command: MONITOR, Priority: 2, Body: {'target': 'MSP_ANALOG'}
2026-04-03 09:00:24,402 - BEE-EPT-UA913 - DEBUG - Monitoring: b'\xe9\x00\x00u\x02\x04\x00\x1c\t'
2026-04-03 09:00:24,402 - BEE-EPT-UA913 - INFO - RSSI: 629, signal: Strong signal, battery voltage: 23.3V
2026-04-03 09:00:26,279 - BEE-EPT-UA913 - DEBUG - Executing command: TELEMETRY, Priority: 1, Body: {'target': 'MSP_RC'}
2026-04-03 09:00:26,292 - BEE-EPT-UA913 - DEBUG - Telemetry: b'\xdc\x05\xdc\x05\xdc\x05\xdd\x03\xe8\x03\xd0\x07\xe8\x03\xe8\x03\xe8\x03\xe8\x03\xe8\x03\xfd\x05\xdc\x05\xdc\x05\xe8\x03\xe8\x03'
2026-04-03 09:00:26,292 - BEE-EPT-UA913 - INFO - Autopilot state: {'connection': True, 'bee_state': 'OFF', 'roll': 1500, 'pitch': 1500, 'yaw': 1500, 'throttle': 989, 'last_manual_roll': 1500, 'last_manual_pitch': 1500, 'last_manual_yaw': 1500, 'last_manual_throttle': 989, 'aux3': 1000, 'aux4': 1000, 'aux5': 1500, 'aux6': 1000, 'aux7': 1000, 'battery': 23.3, 'rssi': 629, 'rssi_msg': 'Strong signal', 'speed': 0.0, 'altitude': 0.26, 'caught': False, 'ready_hold_active': False, 'ready_hold_pending_capture': False, 'ready_hold_roll': 1500, 'ready_hold_pitch': 1500, 'ready_hold_yaw': 1500, 'ready_hold_throttle': 1100, 'target_locked': False, 'tracking_bbox': None, 'attack_error_x': 0.0, 'attack_error_y': 0.0, 'target_size': 0.0, 'attack_active': False, 'attack_base_roll': 1500, 'attack_base_pitch': 1500, 'attack_base_yaw': 1500, 'attack_base_throttle': 1100, 'prev_attack_error_x': 0.0, 'prev_attack_time': None, 'prev_target_size': 0.0}
2026-04-03 09:00:26,343 - BEE-EPT-UA913 - DEBUG - Executing command: TELEMETRY, Priority: 2, Body: {'target': 'MSP_ALTITUDE'}
2026-04-03 09:00:26,350 - BEE-EPT-UA913 - DEBUG - Telemetry: b'"\x00\x00\x00\x00\x00'
2026-04-03 09:00:26,350 - BEE-EPT-UA913 - INFO - Autopilot state: {'connection': True, 'bee_state': 'OFF', 'roll': 1500, 'pitch': 1500, 'yaw': 1500, 'throttle': 989, 'last_manual_roll': 1500, 'last_manual_pitch': 1500, 'last_manual_yaw': 1500, 'last_manual_throttle': 989, 'aux3': 1000, 'aux4': 1000, 'aux5': 1500, 'aux6': 1000, 'aux7': 1000, 'battery': 23.3, 'rssi': 629, 'rssi_msg': 'Strong signal', 'speed': 0.0, 'altitude': 0.34, 'caught': False, 'ready_hold_active': False, 'ready_hold_pending_capture': False, 'ready_hold_roll': 1500, 'ready_hold_pitch': 1500, 'ready_hold_yaw': 1500, 'ready_hold_throttle': 1100, 'target_locked': False, 'tracking_bbox': None, 'attack_error_x': 0.0, 'attack_error_y': 0.0, 'target_size': 0.0, 'attack_active': False, 'attack_base_roll': 1500, 'attack_base_pitch': 1500, 'attack_base_yaw': 1500, 'attack_base_throttle': 1100, 'prev_attack_error_x': 0.0, 'prev_attack_time': None, 'prev_target_size': 0.0}
2026-04-03 09:00:26,400 - BEE-EPT-UA913 - DEBUG - Executing command: MONITOR, Priority: 2, Body: {'target': 'MSP_ANALOG'}
2026-04-03 09:00:26,411 - BEE-EPT-UA913 - DEBUG - Monitoring: b'\xe9\x00\x00\x91\x02\x00\x00\x1d\t'
2026-04-03 09:00:26,411 - BEE-EPT-UA913 - INFO - RSSI: 657, signal: Strong signal, battery voltage: 23.3V
2026-04-03 09:00:28,282 - BEE-EPT-UA913 - DEBUG - Executing command: TELEMETRY, Priority: 1, Body: {'target': 'MSP_RC'}
2026-04-03 09:00:28,291 - BEE-EPT-UA913 - DEBUG - Telemetry: b'\xdc\x05\xdc\x05\xdc\x05\xdd\x03\xe8\x03\xd0\x07\xe8\x03\xe8\x03\xe8\x03\xe8\x03\xe8\x03\xfd\x05\xdc\x05\xdc\x05\xe8\x03\xe8\x03'
2026-04-03 09:00:28,291 - BEE-EPT-UA913 - INFO - Autopilot state: {'connection': True, 'bee_state': 'OFF', 'roll': 1500, 'pitch': 1500, 'yaw': 1500, 'throttle': 989, 'last_manual_roll': 1500, 'last_manual_pitch': 1500, 'last_manual_yaw': 1500, 'last_manual_throttle': 989, 'aux3': 1000, 'aux4': 1000, 'aux5': 1500, 'aux6': 1000, 'aux7': 1000, 'battery': 23.3, 'rssi': 657, 'rssi_msg': 'Strong signal', 'speed': 0.0, 'altitude': 0.34, 'caught': False, 'ready_hold_active': False, 'ready_hold_pending_capture': False, 'ready_hold_roll': 1500, 'ready_hold_pitch': 1500, 'ready_hold_yaw': 1500, 'ready_hold_throttle': 1100, 'target_locked': False, 'tracking_bbox': None, 'attack_error_x': 0.0, 'attack_error_y': 0.0, 'target_size': 0.0, 'attack_active': False, 'attack_base_roll': 1500, 'attack_base_pitch': 1500, 'attack_base_yaw': 1500, 'attack_base_throttle': 1100, 'prev_attack_error_x': 0.0, 'prev_attack_time': None, 'prev_target_size': 0.0}
2026-04-03 09:00:28,342 - BEE-EPT-UA913 - DEBUG - Executing command: TELEMETRY, Priority: 2, Body: {'target': 'MSP_ALTITUDE'}
2026-04-03 09:00:28,349 - BEE-EPT-UA913 - DEBUG - Telemetry: b'\x1a\x00\x00\x00\x00\x00'
2026-04-03 09:00:28,349 - BEE-EPT-UA913 - INFO - Autopilot state: {'connection': True, 'bee_state': 'OFF', 'roll': 1500, 'pitch': 1500, 'yaw': 1500, 'throttle': 989, 'last_manual_roll': 1500, 'last_manual_pitch': 1500, 'last_manual_yaw': 1500, 'last_manual_throttle': 989, 'aux3': 1000, 'aux4': 1000, 'aux5': 1500, 'aux6': 1000, 'aux7': 1000, 'battery': 23.3, 'rssi': 657, 'rssi_msg': 'Strong signal', 'speed': 0.0, 'altitude': 0.26, 'caught': False, 'ready_hold_active': False, 'ready_hold_pending_capture': False, 'ready_hold_roll': 1500, 'ready_hold_pitch': 1500, 'ready_hold_yaw': 1500, 'ready_hold_throttle': 1100, 'target_locked': False, 'tracking_bbox': None, 'attack_error_x': 0.0, 'attack_error_y': 0.0, 'target_size': 0.0, 'attack_active': False, 'attack_base_roll': 1500, 'attack_base_pitch': 1500, 'attack_base_yaw': 1500, 'attack_base_throttle': 1100, 'prev_attack_error_x': 0.0, 'prev_attack_time': None, 'prev_target_size': 0.0}
2026-04-03 09:00:28,400 - BEE-EPT-UA913 - DEBUG - Executing command: MONITOR, Priority: 2, Body: {'target': 'MSP_ANALOG'}
2026-04-03 09:00:28,410 - BEE-EPT-UA913 - DEBUG - Monitoring: b'\xe9\x00\x00\xa0\x02\x04\x00\x1d\t'
2026-04-03 09:00:28,410 - BEE-EPT-UA913 - INFO - RSSI: 672, signal: Strong signal, battery voltage: 23.3V
2026-04-03 09:00:30,285 - BEE-EPT-UA913 - DEBUG - Executing command: TELEMETRY, Priority: 1, Body: {'target': 'MSP_RC'}
2026-04-03 09:00:30,290 - BEE-EPT-UA913 - DEBUG - Telemetry: b'\xdc\x05\xdc\x05\xdc\x05\xdd\x03\xe8\x03\xd0\x07\xe8\x03\xe8\x03\xe8\x03\xe8\x03\xe8\x03\xfd\x05\xdc\x05\xdc\x05\xe8\x03\xe8\x03'
2026-04-03 09:00:30,291 - BEE-EPT-UA913 - INFO - Autopilot state: {'connection': True, 'bee_state': 'OFF', 'roll': 1500, 'pitch': 1500, 'yaw': 1500, 'throttle': 989, 'last_manual_roll': 1500, 'last_manual_pitch': 1500, 'last_manual_yaw': 1500, 'last_manual_throttle': 989, 'aux3': 1000, 'aux4': 1000, 'aux5': 1500, 'aux6': 1000, 'aux7': 1000, 'battery': 23.3, 'rssi': 672, 'rssi_msg': 'Strong signal', 'speed': 0.0, 'altitude': 0.26, 'caught': False, 'ready_hold_active': False, 'ready_hold_pending_capture': False, 'ready_hold_roll': 1500, 'ready_hold_pitch': 1500, 'ready_hold_yaw': 1500, 'ready_hold_throttle': 1100, 'target_locked': False, 'tracking_bbox': None, 'attack_error_x': 0.0, 'attack_error_y': 0.0, 'target_size': 0.0, 'attack_active': False, 'attack_base_roll': 1500, 'attack_base_pitch': 1500, 'attack_base_yaw': 1500, 'attack_base_throttle': 1100, 'prev_attack_error_x': 0.0, 'prev_attack_time': None, 'prev_target_size': 0.0}
2026-04-03 09:00:30,341 - BEE-EPT-UA913 - DEBUG - Executing command: TELEMETRY, Priority: 2, Body: {'target': 'MSP_ALTITUDE'}
2026-04-03 09:00:30,348 - BEE-EPT-UA913 - DEBUG - Telemetry: b'"\x00\x00\x00\x00\x00'
2026-04-03 09:00:30,349 - BEE-EPT-UA913 - INFO - Autopilot state: {'connection': True, 'bee_state': 'OFF', 'roll': 1500, 'pitch': 1500, 'yaw': 1500, 'throttle': 989, 'last_manual_roll': 1500, 'last_manual_pitch': 1500, 'last_manual_yaw': 1500, 'last_manual_throttle': 989, 'aux3': 1000, 'aux4': 1000, 'aux5': 1500, 'aux6': 1000, 'aux7': 1000, 'battery': 23.3, 'rssi': 672, 'rssi_msg': 'Strong signal', 'speed': 0.0, 'altitude': 0.34, 'caught': False, 'ready_hold_active': False, 'ready_hold_pending_capture': False, 'ready_hold_roll': 1500, 'ready_hold_pitch': 1500, 'ready_hold_yaw': 1500, 'ready_hold_throttle': 1100, 'target_locked': False, 'tracking_bbox': None, 'attack_error_x': 0.0, 'attack_error_y': 0.0, 'target_size': 0.0, 'attack_active': False, 'attack_base_roll': 1500, 'attack_base_pitch': 1500, 'attack_base_yaw': 1500, 'attack_base_throttle': 1100, 'prev_attack_error_x': 0.0, 'prev_attack_time': None, 'prev_target_size': 0.0}
2026-04-03 09:00:30,399 - BEE-EPT-UA913 - DEBUG - Executing command: MONITOR, Priority: 2, Body: {'target': 'MSP_ANALOG'}
2026-04-03 09:00:30,409 - BEE-EPT-UA913 - DEBUG - Monitoring: b'\xe9\x00\x00\xa3\x02\x04\x00\x1c\t'
2026-04-03 09:00:30,409 - BEE-EPT-UA913 - INFO - RSSI: 675, signal: Strong signal, battery voltage: 23.3V
2026-04-03 09:00:32,287 - BEE-EPT-UA913 - DEBUG - Executing command: TELEMETRY, Priority: 1, Body: {'target': 'MSP_RC'}
2026-04-03 09:00:32,300 - BEE-EPT-UA913 - DEBUG - Telemetry: b'\xdc\x05\xdc\x05\xdc\x05\xdd\x03\xe8\x03\xd0\x07\xe8\x03\xe8\x03\xe8\x03\xe8\x03\xe8\x03\xfd\x05\xdc\x05\xdc\x05\xe8\x03\xe8\x03'
2026-04-03 09:00:32,300 - BEE-EPT-UA913 - INFO - Autopilot state: {'connection': True, 'bee_state': 'OFF', 'roll': 1500, 'pitch': 1500, 'yaw': 1500, 'throttle': 989, 'last_manual_roll': 1500, 'last_manual_pitch': 1500, 'last_manual_yaw': 1500, 'last_manual_throttle': 989, 'aux3': 1000, 'aux4': 1000, 'aux5': 1500, 'aux6': 1000, 'aux7': 1000, 'battery': 23.3, 'rssi': 675, 'rssi_msg': 'Strong signal', 'speed': 0.0, 'altitude': 0.34, 'caught': False, 'ready_hold_active': False, 'ready_hold_pending_capture': False, 'ready_hold_roll': 1500, 'ready_hold_pitch': 1500, 'ready_hold_yaw': 1500, 'ready_hold_throttle': 1100, 'target_locked': False, 'tracking_bbox': None, 'attack_error_x': 0.0, 'attack_error_y': 0.0, 'target_size': 0.0, 'attack_active': False, 'attack_base_roll': 1500, 'attack_base_pitch': 1500, 'attack_base_yaw': 1500, 'attack_base_throttle': 1100, 'prev_attack_error_x': 0.0, 'prev_attack_time': None, 'prev_target_size': 0.0}
2026-04-03 09:00:32,350 - BEE-EPT-UA913 - DEBUG - Executing command: TELEMETRY, Priority: 2, Body: {'target': 'MSP_ALTITUDE'}
2026-04-03 09:00:32,358 - BEE-EPT-UA913 - DEBUG - Telemetry: b'\x1a\x00\x00\x00\x00\x00'
2026-04-03 09:00:32,358 - BEE-EPT-UA913 - INFO - Autopilot state: {'connection': True, 'bee_state': 'OFF', 'roll': 1500, 'pitch': 1500, 'yaw': 1500, 'throttle': 989, 'last_manual_roll': 1500, 'last_manual_pitch': 1500, 'last_manual_yaw': 1500, 'last_manual_throttle': 989, 'aux3': 1000, 'aux4': 1000, 'aux5': 1500, 'aux6': 1000, 'aux7': 1000, 'battery': 23.3, 'rssi': 675, 'rssi_msg': 'Strong signal', 'speed': 0.0, 'altitude': 0.26, 'caught': False, 'ready_hold_active': False, 'ready_hold_pending_capture': False, 'ready_hold_roll': 1500, 'ready_hold_pitch': 1500, 'ready_hold_yaw': 1500, 'ready_hold_throttle': 1100, 'target_locked': False, 'tracking_bbox': None, 'attack_error_x': 0.0, 'attack_error_y': 0.0, 'target_size': 0.0, 'attack_active': False, 'attack_base_roll': 1500, 'attack_base_pitch': 1500, 'attack_base_yaw': 1500, 'attack_base_throttle': 1100, 'prev_attack_error_x': 0.0, 'prev_attack_time': None, 'prev_target_size': 0.0}
2026-04-03 09:00:32,408 - BEE-EPT-UA913 - DEBUG - Executing command: MONITOR, Priority: 2, Body: {'target': 'MSP_ANALOG'}
2026-04-03 09:00:32,418 - BEE-EPT-UA913 - DEBUG - Monitoring: b'\xe9\x00\x00\xb6\x02\x08\x00\x1d\t'
2026-04-03 09:00:32,418 - BEE-EPT-UA913 - INFO - RSSI: 694, signal: Strong signal, battery voltage: 23.3V
2026-04-03 09:00:34,290 - BEE-EPT-UA913 - DEBUG - Executing command: TELEMETRY, Priority: 1, Body: {'target': 'MSP_RC'}
2026-04-03 09:00:34,299 - BEE-EPT-UA913 - DEBUG - Telemetry: b'\xdc\x05\xdc\x05\xdc\x05\xdd\x03\xe8\x03\xd0\x07\xe8\x03\xe8\x03\xe8\x03\xe8\x03\xe8\x03\xfd\x05\xdc\x05\xdc\x05\xe8\x03\xe8\x03'
2026-04-03 09:00:34,299 - BEE-EPT-UA913 - INFO - Autopilot state: {'connection': True, 'bee_state': 'OFF', 'roll': 1500, 'pitch': 1500, 'yaw': 1500, 'throttle': 989, 'last_manual_roll': 1500, 'last_manual_pitch': 1500, 'last_manual_yaw': 1500, 'last_manual_throttle': 989, 'aux3': 1000, 'aux4': 1000, 'aux5': 1500, 'aux6': 1000, 'aux7': 1000, 'battery': 23.3, 'rssi': 694, 'rssi_msg': 'Strong signal', 'speed': 0.0, 'altitude': 0.26, 'caught': False, 'ready_hold_active': False, 'ready_hold_pending_capture': False, 'ready_hold_roll': 1500, 'ready_hold_pitch': 1500, 'ready_hold_yaw': 1500, 'ready_hold_throttle': 1100, 'target_locked': False, 'tracking_bbox': None, 'attack_error_x': 0.0, 'attack_error_y': 0.0, 'target_size': 0.0, 'attack_active': False, 'attack_base_roll': 1500, 'attack_base_pitch': 1500, 'attack_base_yaw': 1500, 'attack_base_throttle': 1100, 'prev_attack_error_x': 0.0, 'prev_attack_time': None, 'prev_target_size': 0.0}
2026-04-03 09:00:34,349 - BEE-EPT-UA913 - DEBUG - Executing command: TELEMETRY, Priority: 2, Body: {'target': 'MSP_ALTITUDE'}
2026-04-03 09:00:34,357 - BEE-EPT-UA913 - DEBUG - Telemetry: b'"\x00\x00\x00\x00\x00'
2026-04-03 09:00:34,357 - BEE-EPT-UA913 - INFO - Autopilot state: {'connection': True, 'bee_state': 'OFF', 'roll': 1500, 'pitch': 1500, 'yaw': 1500, 'throttle': 989, 'last_manual_roll': 1500, 'last_manual_pitch': 1500, 'last_manual_yaw': 1500, 'last_manual_throttle': 989, 'aux3': 1000, 'aux4': 1000, 'aux5': 1500, 'aux6': 1000, 'aux7': 1000, 'battery': 23.3, 'rssi': 694, 'rssi_msg': 'Strong signal', 'speed': 0.0, 'altitude': 0.34, 'caught': False, 'ready_hold_active': False, 'ready_hold_pending_capture': False, 'ready_hold_roll': 1500, 'ready_hold_pitch': 1500, 'ready_hold_yaw': 1500, 'ready_hold_throttle': 1100, 'target_locked': False, 'tracking_bbox': None, 'attack_error_x': 0.0, 'attack_error_y': 0.0, 'target_size': 0.0, 'attack_active': False, 'attack_base_roll': 1500, 'attack_base_pitch': 1500, 'attack_base_yaw': 1500, 'attack_base_throttle': 1100, 'prev_attack_error_x': 0.0, 'prev_attack_time': None, 'prev_target_size': 0.0}
2026-04-03 09:00:34,407 - BEE-EPT-UA913 - DEBUG - Executing command: MONITOR, Priority: 2, Body: {'target': 'MSP_ANALOG'}
2026-04-03 09:00:34,417 - BEE-EPT-UA913 - DEBUG - Monitoring: b'\xe9\x00\x00\xca\x02\x00\x00\x1d\t'
2026-04-03 09:00:34,417 - BEE-EPT-UA913 - INFO - RSSI: 714, signal: Strong signal, battery voltage: 23.3V
2026-04-03 09:00:36,293 - BEE-EPT-UA913 - DEBUG - Executing command: TELEMETRY, Priority: 1, Body: {'target': 'MSP_RC'}
2026-04-03 09:00:36,307 - BEE-EPT-UA913 - DEBUG - Telemetry: b'\xdc\x05\xdc\x05\xdc\x05\xdd\x03\xe8\x03\xd0\x07\xe8\x03\xe8\x03\xe8\x03\xe8\x03\xe8\x03\xfd\x05\xdc\x05\xdc\x05\xe8\x03\xe8\x03'
2026-04-03 09:00:36,307 - BEE-EPT-UA913 - INFO - Autopilot state: {'connection': True, 'bee_state': 'OFF', 'roll': 1500, 'pitch': 1500, 'yaw': 1500, 'throttle': 989, 'last_manual_roll': 1500, 'last_manual_pitch': 1500, 'last_manual_yaw': 1500, 'last_manual_throttle': 989, 'aux3': 1000, 'aux4': 1000, 'aux5': 1500, 'aux6': 1000, 'aux7': 1000, 'battery': 23.3, 'rssi': 714, 'rssi_msg': 'Strong signal', 'speed': 0.0, 'altitude': 0.34, 'caught': False, 'ready_hold_active': False, 'ready_hold_pending_capture': False, 'ready_hold_roll': 1500, 'ready_hold_pitch': 1500, 'ready_hold_yaw': 1500, 'ready_hold_throttle': 1100, 'target_locked': False, 'tracking_bbox': None, 'attack_error_x': 0.0, 'attack_error_y': 0.0, 'target_size': 0.0, 'attack_active': False, 'attack_base_roll': 1500, 'attack_base_pitch': 1500, 'attack_base_yaw': 1500, 'attack_base_throttle': 1100, 'prev_attack_error_x': 0.0, 'prev_attack_time': None, 'prev_target_size': 0.0}
2026-04-03 09:00:36,358 - BEE-EPT-UA913 - DEBUG - Executing command: TELEMETRY, Priority: 2, Body: {'target': 'MSP_ALTITUDE'}
2026-04-03 09:00:36,365 - BEE-EPT-UA913 - DEBUG - Telemetry: b'"\x00\x00\x00\x00\x00'
2026-04-03 09:00:36,366 - BEE-EPT-UA913 - INFO - Autopilot state: {'connection': True, 'bee_state': 'OFF', 'roll': 1500, 'pitch': 1500, 'yaw': 1500, 'throttle': 989, 'last_manual_roll': 1500, 'last_manual_pitch': 1500, 'last_manual_yaw': 1500, 'last_manual_throttle': 989, 'aux3': 1000, 'aux4': 1000, 'aux5': 1500, 'aux6': 1000, 'aux7': 1000, 'battery': 23.3, 'rssi': 714, 'rssi_msg': 'Strong signal', 'speed': 0.0, 'altitude': 0.34, 'caught': False, 'ready_hold_active': False, 'ready_hold_pending_capture': False, 'ready_hold_roll': 1500, 'ready_hold_pitch': 1500, 'ready_hold_yaw': 1500, 'ready_hold_throttle': 1100, 'target_locked': False, 'tracking_bbox': None, 'attack_error_x': 0.0, 'attack_error_y': 0.0, 'target_size': 0.0, 'attack_active': False, 'attack_base_roll': 1500, 'attack_base_pitch': 1500, 'attack_base_yaw': 1500, 'attack_base_throttle': 1100, 'prev_attack_error_x': 0.0, 'prev_attack_time': None, 'prev_target_size': 0.0}
2026-04-03 09:00:36,416 - BEE-EPT-UA913 - DEBUG - Executing command: MONITOR, Priority: 2, Body: {'target': 'MSP_ANALOG'}
2026-04-03 09:00:36,426 - BEE-EPT-UA913 - DEBUG - Monitoring: b'\xe9\x00\x00\xc9\x02\x04\x00\x1c\t'
2026-04-03 09:00:36,426 - BEE-EPT-UA913 - INFO - RSSI: 713, signal: Strong signal, battery voltage: 23.3V
2026-04-03 09:00:38,296 - BEE-EPT-UA913 - DEBUG - Executing command: TELEMETRY, Priority: 1, Body: {'target': 'MSP_RC'}
2026-04-03 09:00:38,307 - BEE-EPT-UA913 - DEBUG - Telemetry: b'\xdc\x05\xdc\x05\xdc\x05\xdd\x03\xe8\x03\xd0\x07\xe8\x03\xde\x05\xe8\x03\xe8\x03\xe8\x03\xfd\x05\xdc\x05\xdc\x05\xe8\x03\xe8\x03'
2026-04-03 09:00:38,307 - BEE-EPT-UA913 - INFO - Bee state changed to [READY]
2026-04-03 09:00:38,307 - BEE-EPT-UA913 - INFO - Autopilot state: {'connection': True, 'bee_state': 'READY', 'roll': 1500, 'pitch': 1500, 'yaw': 1500, 'throttle': 989, 'last_manual_roll': 1500, 'last_manual_pitch': 1500, 'last_manual_yaw': 1500, 'last_manual_throttle': 989, 'aux3': 1000, 'aux4': 1502, 'aux5': 1500, 'aux6': 1000, 'aux7': 1000, 'battery': 23.3, 'rssi': 713, 'rssi_msg': 'Strong signal', 'speed': 0.0, 'altitude': 0.34, 'caught': True, 'ready_hold_active': False, 'ready_hold_pending_capture': False, 'ready_hold_roll': 1500, 'ready_hold_pitch': 1500, 'ready_hold_yaw': 1500, 'ready_hold_throttle': 1100, 'target_locked': False, 'tracking_bbox': None, 'attack_error_x': 0.0, 'attack_error_y': 0.0, 'target_size': 0.0, 'attack_active': False, 'attack_base_roll': 1500, 'attack_base_pitch': 1500, 'attack_base_yaw': 1500, 'attack_base_throttle': 1100, 'prev_attack_error_x': 0.0, 'prev_attack_time': None, 'prev_target_size': 0.0}
2026-04-03 09:00:38,401 - BEE-EPT-UA913 - DEBUG - Executing command: TELEMETRY, Priority: 1, Body: {'target': 'MSP_RC'}
2026-04-03 09:00:38,407 - BEE-EPT-UA913 - DEBUG - Telemetry: b'\xdc\x05\xdc\x05\xdc\x05\xdd\x03\xe8\x03\xd0\x07\xe8\x03\xde\x05\xe8\x03\xe8\x03\xe8\x03\xfd\x05\xdc\x05\xdc\x05\xe8\x03\xe8\x03'
2026-04-03 09:00:38,407 - BEE-EPT-UA913 - INFO - Autopilot state: {'connection': True, 'bee_state': 'READY', 'roll': 1500, 'pitch': 1500, 'yaw': 1500, 'throttle': 989, 'last_manual_roll': 1500, 'last_manual_pitch': 1500, 'last_manual_yaw': 1500, 'last_manual_throttle': 989, 'aux3': 1000, 'aux4': 1502, 'aux5': 1500, 'aux6': 1000, 'aux7': 1000, 'battery': 23.3, 'rssi': 713, 'rssi_msg': 'Strong signal', 'speed': 0.0, 'altitude': 0.34, 'caught': True, 'ready_hold_active': False, 'ready_hold_pending_capture': False, 'ready_hold_roll': 1500, 'ready_hold_pitch': 1500, 'ready_hold_yaw': 1500, 'ready_hold_throttle': 1100, 'target_locked': False, 'tracking_bbox': None, 'attack_error_x': 0.0, 'attack_error_y': 0.0, 'target_size': 0.0, 'attack_active': False, 'attack_base_roll': 1500, 'attack_base_pitch': 1500, 'attack_base_yaw': 1500, 'attack_base_throttle': 1100, 'prev_attack_error_x': 0.0, 'prev_attack_time': None, 'prev_target_size': 0.0}
2026-04-03 09:00:38,458 - BEE-EPT-UA913 - DEBUG - Executing command: TELEMETRY, Priority: 2, Body: {'target': 'MSP_ALTITUDE'}
2026-04-03 09:00:38,465 - BEE-EPT-UA913 - DEBUG - Telemetry: b'"\x00\x00\x00\x00\x00'
2026-04-03 09:00:38,465 - BEE-EPT-UA913 - INFO - Autopilot state: {'connection': True, 'bee_state': 'READY', 'roll': 1500, 'pitch': 1500, 'yaw': 1500, 'throttle': 989, 'last_manual_roll': 1500, 'last_manual_pitch': 1500, 'last_manual_yaw': 1500, 'last_manual_throttle': 989, 'aux3': 1000, 'aux4': 1502, 'aux5': 1500, 'aux6': 1000, 'aux7': 1000, 'battery': 23.3, 'rssi': 713, 'rssi_msg': 'Strong signal', 'speed': 0.0, 'altitude': 0.34, 'caught': True, 'ready_hold_active': False, 'ready_hold_pending_capture': False, 'ready_hold_roll': 1500, 'ready_hold_pitch': 1500, 'ready_hold_yaw': 1500, 'ready_hold_throttle': 1100, 'target_locked': False, 'tracking_bbox': None, 'attack_error_x': 0.0, 'attack_error_y': 0.0, 'target_size': 0.0, 'attack_active': False, 'attack_base_roll': 1500, 'attack_base_pitch': 1500, 'attack_base_yaw': 1500, 'attack_base_throttle': 1100, 'prev_attack_error_x': 0.0, 'prev_attack_time': None, 'prev_target_size': 0.0}
2026-04-03 09:00:38,516 - BEE-EPT-UA913 - DEBUG - Executing command: TELEMETRY, Priority: 1, Body: {'target': 'MSP_RC'}
2026-04-03 09:00:38,528 - BEE-EPT-UA913 - DEBUG - Telemetry: b'\xdc\x05\xdc\x05\xdc\x05\xdd\x03\xe8\x03\xd0\x07\xe8\x03\xde\x05\xe8\x03\xe8\x03\xe8\x03\xfd\x05\xdc\x05\xdc\x05\xe8\x03\xe8\x03'
2026-04-03 09:00:38,528 - BEE-EPT-UA913 - INFO - Autopilot state: {'connection': True, 'bee_state': 'READY', 'roll': 1500, 'pitch': 1500, 'yaw': 1500, 'throttle': 989, 'last_manual_roll': 1500, 'last_manual_pitch': 1500, 'last_manual_yaw': 1500, 'last_manual_throttle': 989, 'aux3': 1000, 'aux4': 1502, 'aux5': 1500, 'aux6': 1000, 'aux7': 1000, 'battery': 23.3, 'rssi': 713, 'rssi_msg': 'Strong signal', 'speed': 0.0, 'altitude': 0.34, 'caught': True, 'ready_hold_active': False, 'ready_hold_pending_capture': False, 'ready_hold_roll': 1500, 'ready_hold_pitch': 1500, 'ready_hold_yaw': 1500, 'ready_hold_throttle': 1100, 'target_locked': False, 'tracking_bbox': None, 'attack_error_x': 0.0, 'attack_error_y': 0.0, 'target_size': 0.0, 'attack_active': False, 'attack_base_roll': 1500, 'attack_base_pitch': 1500, 'attack_base_yaw': 1500, 'attack_base_throttle': 1100, 'prev_attack_error_x': 0.0, 'prev_attack_time': None, 'prev_target_size': 0.0}
2026-04-03 09:00:38,578 - BEE-EPT-UA913 - DEBUG - Executing command: MONITOR, Priority: 2, Body: {'target': 'MSP_ANALOG'}
2026-04-03 09:00:38,586 - BEE-EPT-UA913 - DEBUG - Monitoring: b'\xe9\x00\x00\x13\x03\x04\x00\x1c\t'
2026-04-03 09:00:38,586 - BEE-EPT-UA913 - INFO - RSSI: 787, signal: Strong signal, battery voltage: 23.3V
2026-04-03 09:00:38,636 - BEE-EPT-UA913 - DEBUG - Executing command: TELEMETRY, Priority: 1, Body: {'target': 'MSP_RC'}
2026-04-03 09:00:38,648 - BEE-EPT-UA913 - DEBUG - Telemetry: b'\xdc\x05\xdc\x05\xdc\x05\xdd\x03\xe8\x03\xd0\x07\xe8\x03\xde\x05\xe8\x03\xe8\x03\xe8\x03\xfd\x05\xdc\x05\xdc\x05\xe8\x03\xe8\x03'
2026-04-03 09:00:38,649 - BEE-EPT-UA913 - INFO - Autopilot state: {'connection': True, 'bee_state': 'READY', 'roll': 1500, 'pitch': 1500, 'yaw': 1500, 'throttle': 989, 'last_manual_roll': 1500, 'last_manual_pitch': 1500, 'last_manual_yaw': 1500, 'last_manual_throttle': 989, 'aux3': 1000, 'aux4': 1502, 'aux5': 1500, 'aux6': 1000, 'aux7': 1000, 'battery': 23.3, 'rssi': 787, 'rssi_msg': 'Strong signal', 'speed': 0.0, 'altitude': 0.34, 'caught': True, 'ready_hold_active': False, 'ready_hold_pending_capture': False, 'ready_hold_roll': 1500, 'ready_hold_pitch': 1500, 'ready_hold_yaw': 1500, 'ready_hold_throttle': 1100, 'target_locked': False, 'tracking_bbox': None, 'attack_error_x': 0.0, 'attack_error_y': 0.0, 'target_size': 0.0, 'attack_active': False, 'attack_base_roll': 1500, 'attack_base_pitch': 1500, 'attack_base_yaw': 1500, 'attack_base_throttle': 1100, 'prev_attack_error_x': 0.0, 'prev_attack_time': None, 'prev_target_size': 0.0}
2026-04-03 09:00:38,703 - BEE-EPT-UA913 - DEBUG - Executing command: TELEMETRY, Priority: 1, Body: {'target': 'MSP_RC'}
2026-04-03 09:00:38,708 - BEE-EPT-UA913 - DEBUG - Telemetry: b'\xdc\x05\xdc\x05\xdc\x05\xdd\x03\xe8\x03\xd0\x07\xe8\x03\xde\x05\xe8\x03\xe8\x03\xe8\x03\xfd\x05\xdc\x05\xdc\x05\xe8\x03\xe8\x03'
2026-04-03 09:00:38,709 - BEE-EPT-UA913 - INFO - Autopilot state: {'connection': True, 'bee_state': 'READY', 'roll': 1500, 'pitch': 1500, 'yaw': 1500, 'throttle': 989, 'last_manual_roll': 1500, 'last_manual_pitch': 1500, 'last_manual_yaw': 1500, 'last_manual_throttle': 989, 'aux3': 1000, 'aux4': 1502, 'aux5': 1500, 'aux6': 1000, 'aux7': 1000, 'battery': 23.3, 'rssi': 787, 'rssi_msg': 'Strong signal', 'speed': 0.0, 'altitude': 0.34, 'caught': True, 'ready_hold_active': False, 'ready_hold_pending_capture': False, 'ready_hold_roll': 1500, 'ready_hold_pitch': 1500, 'ready_hold_yaw': 1500, 'ready_hold_throttle': 1100, 'target_locked': False, 'tracking_bbox': None, 'attack_error_x': 0.0, 'attack_error_y': 0.0, 'target_size': 0.0, 'attack_active': False, 'attack_base_roll': 1500, 'attack_base_pitch': 1500, 'attack_base_yaw': 1500, 'attack_base_throttle': 1100, 'prev_attack_error_x': 0.0, 'prev_attack_time': None, 'prev_target_size': 0.0}
2026-04-03 09:00:38,803 - BEE-EPT-UA913 - DEBUG - Executing command: TELEMETRY, Priority: 1, Body: {'target': 'MSP_RC'}
2026-04-03 09:00:38,809 - BEE-EPT-UA913 - DEBUG - Telemetry: b'\xdc\x05\xdc\x05\xdc\x05\xdd\x03\xe8\x03\xd0\x07\xe8\x03\xde\x05\xe8\x03\xe8\x03\xe8\x03\xfd\x05\xdc\x05\xdc\x05\xe8\x03\xe8\x03'
2026-04-03 09:00:38,810 - BEE-EPT-UA913 - INFO - Autopilot state: {'connection': True, 'bee_state': 'READY', 'roll': 1500, 'pitch': 1500, 'yaw': 1500, 'throttle': 989, 'last_manual_roll': 1500, 'last_manual_pitch': 1500, 'last_manual_yaw': 1500, 'last_manual_throttle': 989, 'aux3': 1000, 'aux4': 1502, 'aux5': 1500, 'aux6': 1000, 'aux7': 1000, 'battery': 23.3, 'rssi': 787, 'rssi_msg': 'Strong signal', 'speed': 0.0, 'altitude': 0.34, 'caught': True, 'ready_hold_active': False, 'ready_hold_pending_capture': False, 'ready_hold_roll': 1500, 'ready_hold_pitch': 1500, 'ready_hold_yaw': 1500, 'ready_hold_throttle': 1100, 'target_locked': False, 'tracking_bbox': None, 'attack_error_x': 0.0, 'attack_error_y': 0.0, 'target_size': 0.0, 'attack_active': False, 'attack_base_roll': 1500, 'attack_base_pitch': 1500, 'attack_base_yaw': 1500, 'attack_base_throttle': 1100, 'prev_attack_error_x': 0.0, 'prev_attack_time': None, 'prev_target_size': 0.0}
2026-04-03 09:00:38,903 - BEE-EPT-UA913 - DEBUG - Executing command: TELEMETRY, Priority: 1, Body: {'target': 'MSP_RC'}
2026-04-03 09:00:38,909 - BEE-EPT-UA913 - DEBUG - Telemetry: b'\xdc\x05\xdc\x05\xdc\x05\xdd\x03\xe8\x03\xd0\x07\xe8\x03\xde\x05\xe8\x03\xe8\x03\xe8\x03\xfd\x05\xdc\x05\xdc\x05\xe8\x03\xe8\x03'
2026-04-03 09:00:38,910 - BEE-EPT-UA913 - INFO - Autopilot state: {'connection': True, 'bee_state': 'READY', 'roll': 1500, 'pitch': 1500, 'yaw': 1500, 'throttle': 989, 'last_manual_roll': 1500, 'last_manual_pitch': 1500, 'last_manual_yaw': 1500, 'last_manual_throttle': 989, 'aux3': 1000, 'aux4': 1502, 'aux5': 1500, 'aux6': 1000, 'aux7': 1000, 'battery': 23.3, 'rssi': 787, 'rssi_msg': 'Strong signal', 'speed': 0.0, 'altitude': 0.34, 'caught': True, 'ready_hold_active': False, 'ready_hold_pending_capture': False, 'ready_hold_roll': 1500, 'ready_hold_pitch': 1500, 'ready_hold_yaw': 1500, 'ready_hold_throttle': 1100, 'target_locked': False, 'tracking_bbox': None, 'attack_error_x': 0.0, 'attack_error_y': 0.0, 'target_size': 0.0, 'attack_active': False, 'attack_base_roll': 1500, 'attack_base_pitch': 1500, 'attack_base_yaw': 1500, 'attack_base_throttle': 1100, 'prev_attack_error_x': 0.0, 'prev_attack_time': None, 'prev_target_size': 0.0}
2026-04-03 09:00:39,004 - BEE-EPT-UA913 - DEBUG - Executing command: TELEMETRY, Priority: 1, Body: {'target': 'MSP_RC'}
2026-04-03 09:00:39,010 - BEE-EPT-UA913 - DEBUG - Telemetry: b'\xdc\x05\xdc\x05\xdc\x05\xdd\x03\xe8\x03\xd0\x07\xe8\x03\xd0\x07\xe8\x03\xe8\x03\xe8\x03\xfd\x05\xdc\x05\xdc\x05\xe8\x03\xe8\x03'
2026-04-03 09:00:39,010 - BEE-EPT-UA913 - INFO - Bee state changed to [ATACK]
2026-04-03 09:00:39,010 - BEE-EPT-UA913 - INFO - Autopilot state: {'connection': True, 'bee_state': 'ATACK', 'roll': 1500, 'pitch': 1500, 'yaw': 1500, 'throttle': 989, 'last_manual_roll': 1500, 'last_manual_pitch': 1500, 'last_manual_yaw': 1500, 'last_manual_throttle': 989, 'aux3': 1000, 'aux4': 2000, 'aux5': 1500, 'aux6': 1000, 'aux7': 1000, 'battery': 23.3, 'rssi': 787, 'rssi_msg': 'Strong signal', 'speed': 0.0, 'altitude': 0.34, 'caught': True, 'ready_hold_active': False, 'ready_hold_pending_capture': False, 'ready_hold_roll': 1500, 'ready_hold_pitch': 1500, 'ready_hold_yaw': 1500, 'ready_hold_throttle': 1100, 'target_locked': False, 'tracking_bbox': None, 'attack_error_x': 0.0, 'attack_error_y': 0.0, 'target_size': 0.0, 'attack_active': False, 'attack_base_roll': 1500, 'attack_base_pitch': 1500, 'attack_base_yaw': 1500, 'attack_base_throttle': 989, 'prev_attack_error_x': 0.0, 'prev_attack_time': None, 'prev_target_size': 0.0}
2026-04-03 09:00:39,060 - BEE-EPT-UA913 - DEBUG - Executing command: ATACK, Priority: 0, Body: {'previous_mode': 'READY'}
2026-04-03 09:00:39,061 - BEE-EPT-UA913 - INFO - [ATACK MODE STARTED]
2026-04-03 09:00:39,111 - BEE-EPT-UA913 - DEBUG - Executing command: TELEMETRY, Priority: 1, Body: {'target': 'MSP_RC'}
2026-04-03 09:00:39,130 - BEE-EPT-UA913 - DEBUG - Telemetry: b'\xdc\x05\xdc\x05\xdc\x05\xe8\x03\xe8\x03\xd0\x07\xe8\x03\xd0\x07\xe8\x03\xe8\x03\xe8\x03\xfd\x05\xdc\x05\xdc\x05\xe8\x03\xe8\x03'
2026-04-03 09:00:39,131 - BEE-EPT-UA913 - INFO - Autopilot state: {'connection': True, 'bee_state': 'ATACK', 'roll': 1500, 'pitch': 1500, 'yaw': 1500, 'throttle': 1000, 'last_manual_roll': 1500, 'last_manual_pitch': 1500, 'last_manual_yaw': 1500, 'last_manual_throttle': 1000, 'aux3': 1000, 'aux4': 2000, 'aux5': 1500, 'aux6': 1000, 'aux7': 1000, 'battery': 23.3, 'rssi': 787, 'rssi_msg': 'Strong signal', 'speed': 0.0, 'altitude': 0.34, 'caught': True, 'ready_hold_active': False, 'ready_hold_pending_capture': False, 'ready_hold_roll': 1500, 'ready_hold_pitch': 1500, 'ready_hold_yaw': 1500, 'ready_hold_throttle': 1100, 'target_locked': False, 'tracking_bbox': None, 'attack_error_x': 0.0, 'attack_error_y': 0.0, 'target_size': 0.0, 'attack_active': True, 'attack_base_roll': 1500, 'attack_base_pitch': 1500, 'attack_base_yaw': 1500, 'attack_base_throttle': 989, 'prev_attack_error_x': 0.0, 'prev_attack_time': 56.634752594, 'prev_target_size': 0.0}
2026-04-03 09:00:39,181 - BEE-EPT-UA913 - DEBUG - Executing command: TELEMETRY, Priority: 2, Body: {'target': 'MSP_ALTITUDE'}
2026-04-03 09:00:39,189 - BEE-EPT-UA913 - DEBUG - Telemetry: b'\x1a\x00\x00\x00\x00\x00'
2026-04-03 09:00:39,189 - BEE-EPT-UA913 - INFO - Autopilot state: {'connection': True, 'bee_state': 'ATACK', 'roll': 1500, 'pitch': 1500, 'yaw': 1500, 'throttle': 1000, 'last_manual_roll': 1500, 'last_manual_pitch': 1500, 'last_manual_yaw': 1500, 'last_manual_throttle': 1000, 'aux3': 1000, 'aux4': 2000, 'aux5': 1500, 'aux6': 1000, 'aux7': 1000, 'battery': 23.3, 'rssi': 787, 'rssi_msg': 'Strong signal', 'speed': 0.0, 'altitude': 0.26, 'caught': True, 'ready_hold_active': False, 'ready_hold_pending_capture': False, 'ready_hold_roll': 1500, 'ready_hold_pitch': 1500, 'ready_hold_yaw': 1500, 'ready_hold_throttle': 1100, 'target_locked': False, 'tracking_bbox': None, 'attack_error_x': 0.0, 'attack_error_y': 0.0, 'target_size': 0.0, 'attack_active': True, 'attack_base_roll': 1500, 'attack_base_pitch': 1500, 'attack_base_yaw': 1500, 'attack_base_throttle': 989, 'prev_attack_error_x': 0.0, 'prev_attack_time': 56.685040001, 'prev_target_size': 0.0}
2026-04-03 09:00:39,240 - BEE-EPT-UA913 - DEBUG - Executing command: TELEMETRY, Priority: 1, Body: {'target': 'MSP_RC'}
2026-04-03 09:00:39,253 - BEE-EPT-UA913 - DEBUG - Telemetry: b'\xdc\x05\xdc\x05\xdc\x05\xe8\x03\xe8\x03\xd0\x07\xe8\x03\xd0\x07\xe8\x03\xe8\x03\xe8\x03\xfd\x05\xdc\x05\xdc\x05\xe8\x03\xe8\x03'
2026-04-03 09:00:39,253 - BEE-EPT-UA913 - INFO - Autopilot state: {'connection': True, 'bee_state': 'ATACK', 'roll': 1500, 'pitch': 1500, 'yaw': 1500, 'throttle': 1000, 'last_manual_roll': 1500, 'last_manual_pitch': 1500, 'last_manual_yaw': 1500, 'last_manual_throttle': 1000, 'aux3': 1000, 'aux4': 2000, 'aux5': 1500, 'aux6': 1000, 'aux7': 1000, 'battery': 23.3, 'rssi': 787, 'rssi_msg': 'Strong signal', 'speed': 0.0, 'altitude': 0.26, 'caught': True, 'ready_hold_active': False, 'ready_hold_pending_capture': False, 'ready_hold_roll': 1500, 'ready_hold_pitch': 1500, 'ready_hold_yaw': 1500, 'ready_hold_throttle': 1100, 'target_locked': False, 'tracking_bbox': None, 'attack_error_x': 0.0, 'attack_error_y': 0.0, 'target_size': 0.0, 'attack_active': True, 'attack_base_roll': 1500, 'attack_base_pitch': 1500, 'attack_base_yaw': 1500, 'attack_base_throttle': 989, 'prev_attack_error_x': 0.0, 'prev_attack_time': 56.735463927, 'prev_target_size': 0.0}
2026-04-03 09:00:39,304 - BEE-EPT-UA913 - DEBUG - Executing command: MONITOR, Priority: 2, Body: {'target': 'MSP_ANALOG'}
2026-04-03 09:00:39,310 - BEE-EPT-UA913 - DEBUG - Monitoring: b'\xe9\x00\x00\x07\x03\x04\x00\x1c\t'
2026-04-03 09:00:39,310 - BEE-EPT-UA913 - INFO - RSSI: 775, signal: Strong signal, battery voltage: 23.3V
2026-04-03 09:00:39,360 - BEE-EPT-UA913 - DEBUG - Executing command: TELEMETRY, Priority: 1, Body: {'target': 'MSP_RC'}
2026-04-03 09:00:39,372 - BEE-EPT-UA913 - DEBUG - Telemetry: b'\xdc\x05\xdc\x05\xdc\x05\xe8\x03\xe8\x03\xd0\x07\xe8\x03\xd0\x07\xe8\x03\xe8\x03\xe8\x03\xfd\x05\xdc\x05\xdc\x05\xe8\x03\xe8\x03'
2026-04-03 09:00:39,372 - BEE-EPT-UA913 - INFO - Autopilot state: {'connection': True, 'bee_state': 'ATACK', 'roll': 1500, 'pitch': 1500, 'yaw': 1500, 'throttle': 1000, 'last_manual_roll': 1500, 'last_manual_pitch': 1500, 'last_manual_yaw': 1500, 'last_manual_throttle': 1000, 'aux3': 1000, 'aux4': 2000, 'aux5': 1500, 'aux6': 1000, 'aux7': 1000, 'battery': 23.3, 'rssi': 775, 'rssi_msg': 'Strong signal', 'speed': 0.0, 'altitude': 0.26, 'caught': True, 'ready_hold_active': False, 'ready_hold_pending_capture': False, 'ready_hold_roll': 1500, 'ready_hold_pitch': 1500, 'ready_hold_yaw': 1500, 'ready_hold_throttle': 1100, 'target_locked': True, 'tracking_bbox': (270, 190, 100, 100), 'attack_error_x': 0.0, 'attack_error_y': -0.16666666666666666, 'target_size': 10000.0, 'attack_active': True, 'attack_base_roll': 1500, 'attack_base_pitch': 1500, 'attack_base_yaw': 1500, 'attack_base_throttle': 989, 'prev_attack_error_x': 0.0, 'prev_attack_time': 56.886453186, 'prev_target_size': 10000.0}
2026-04-03 09:00:39,425 - BEE-EPT-UA913 - DEBUG - Executing command: TELEMETRY, Priority: 1, Body: {'target': 'MSP_RC'}
2026-04-03 09:00:39,442 - BEE-EPT-UA913 - DEBUG - Telemetry: b'\xdc\x05\x0e\x06\xdc\x05\xea\x03\xe8\x03\xd0\x07\xe8\x03\xd0\x07\xe8\x03\xe8\x03\xe8\x03\xfd\x05\xdc\x05\xdc\x05\xe8\x03\xe8\x03'
2026-04-03 09:00:39,442 - BEE-EPT-UA913 - INFO - Autopilot state: {'connection': True, 'bee_state': 'ATACK', 'roll': 1500, 'pitch': 1550, 'yaw': 1500, 'throttle': 1002, 'last_manual_roll': 1500, 'last_manual_pitch': 1550, 'last_manual_yaw': 1500, 'last_manual_throttle': 1002, 'aux3': 1000, 'aux4': 2000, 'aux5': 1500, 'aux6': 1000, 'aux7': 1000, 'battery': 23.3, 'rssi': 775, 'rssi_msg': 'Strong signal', 'speed': 0.0, 'altitude': 0.26, 'caught': True, 'ready_hold_active': False, 'ready_hold_pending_capture': False, 'ready_hold_roll': 1500, 'ready_hold_pitch': 1500, 'ready_hold_yaw': 1500, 'ready_hold_throttle': 1100, 'target_locked': True, 'tracking_bbox': (270, 190, 100, 100), 'attack_error_x': 0.0, 'attack_error_y': -0.16666666666666666, 'target_size': 10000.0, 'attack_active': True, 'attack_base_roll': 1500, 'attack_base_pitch': 1500, 'attack_base_yaw': 1500, 'attack_base_throttle': 989, 'prev_attack_error_x': 0.0, 'prev_attack_time': 56.948390335, 'prev_target_size': 10000.0}
2026-04-03 09:00:39,507 - BEE-EPT-UA913 - DEBUG - Executing command: TELEMETRY, Priority: 1, Body: {'target': 'MSP_RC'}
2026-04-03 09:00:39,512 - BEE-EPT-UA913 - DEBUG - Telemetry: b'\xdc\x05\x0e\x06\xdc\x05\xea\x03\xe8\x03\xd0\x07\xe8\x03\xd0\x07\xe8\x03\xe8\x03\xe8\x03\xfd\x05\xdc\x05\xdc\x05\xe8\x03\xe8\x03'
2026-04-03 09:00:39,513 - BEE-EPT-UA913 - INFO - Autopilot state: {'connection': True, 'bee_state': 'ATACK', 'roll': 1500, 'pitch': 1550, 'yaw': 1500, 'throttle': 1002, 'last_manual_roll': 1500, 'last_manual_pitch': 1550, 'last_manual_yaw': 1500, 'last_manual_throttle': 1002, 'aux3': 1000, 'aux4': 2000, 'aux5': 1500, 'aux6': 1000, 'aux7': 1000, 'battery': 23.3, 'rssi': 775, 'rssi_msg': 'Strong signal', 'speed': 0.0, 'altitude': 0.26, 'caught': True, 'ready_hold_active': False, 'ready_hold_pending_capture': False, 'ready_hold_roll': 1500, 'ready_hold_pitch': 1500, 'ready_hold_yaw': 1500, 'ready_hold_throttle': 1100, 'target_locked': True, 'tracking_bbox': (270, 190, 100, 100), 'attack_error_x': 0.0, 'attack_error_y': -0.16666666666666666, 'target_size': 10000.0, 'attack_active': True, 'attack_base_roll': 1500, 'attack_base_pitch': 1500, 'attack_base_yaw': 1500, 'attack_base_throttle': 989, 'prev_attack_error_x': 0.0, 'prev_attack_time': 56.998714557, 'prev_target_size': 10000.0}
2026-04-03 09:00:39,609 - BEE-EPT-UA913 - DEBUG - Executing command: TELEMETRY, Priority: 1, Body: {'target': 'MSP_RC'}
2026-04-03 09:00:39,623 - BEE-EPT-UA913 - DEBUG - Telemetry: b'\xdc\x05\x0e\x06\xdc\x05\xea\x03\xe8\x03\xd0\x07\xe8\x03\xd0\x07\xe8\x03\xe8\x03\xe8\x03\xfd\x05\xdc\x05\xdc\x05\xe8\x03\xe8\x03'
2026-04-03 09:00:39,623 - BEE-EPT-UA913 - INFO - Autopilot state: {'connection': True, 'bee_state': 'ATACK', 'roll': 1500, 'pitch': 1550, 'yaw': 1500, 'throttle': 1002, 'last_manual_roll': 1500, 'last_manual_pitch': 1550, 'last_manual_yaw': 1500, 'last_manual_throttle': 1002, 'aux3': 1000, 'aux4': 2000, 'aux5': 1500, 'aux6': 1000, 'aux7': 1000, 'battery': 23.3, 'rssi': 775, 'rssi_msg': 'Strong signal', 'speed': 0.0, 'altitude': 0.26, 'caught': True, 'ready_hold_active': False, 'ready_hold_pending_capture': False, 'ready_hold_roll': 1500, 'ready_hold_pitch': 1500, 'ready_hold_yaw': 1500, 'ready_hold_throttle': 1100, 'target_locked': True, 'tracking_bbox': (270, 190, 100, 100), 'attack_error_x': 0.0, 'attack_error_y': -0.16666666666666666, 'target_size': 10000.0, 'attack_active': True, 'attack_base_roll': 1500, 'attack_base_pitch': 1500, 'attack_base_yaw': 1500, 'attack_base_throttle': 989, 'prev_attack_error_x': 0.0, 'prev_attack_time': 57.099754297, 'prev_target_size': 10000.0}
2026-04-03 09:00:39,712 - BEE-EPT-UA913 - DEBUG - Executing command: TELEMETRY, Priority: 1, Body: {'target': 'MSP_RC'}
2026-04-03 09:00:39,725 - BEE-EPT-UA913 - DEBUG - Telemetry: b'\xdc\x05\x0e\x06\xdc\x05\xea\x03\xe8\x03\xd0\x07\xe8\x03\xd0\x07\xe8\x03\xe8\x03\xe8\x03\xfd\x05\xdc\x05\xdc\x05\xe8\x03\xe8\x03'
2026-04-03 09:00:39,726 - BEE-EPT-UA913 - INFO - Autopilot state: {'connection': True, 'bee_state': 'ATACK', 'roll': 1500, 'pitch': 1550, 'yaw': 1500, 'throttle': 1002, 'last_manual_roll': 1500, 'last_manual_pitch': 1550, 'last_manual_yaw': 1500, 'last_manual_throttle': 1002, 'aux3': 1000, 'aux4': 2000, 'aux5': 1500, 'aux6': 1000, 'aux7': 1000, 'battery': 23.3, 'rssi': 775, 'rssi_msg': 'Strong signal', 'speed': 0.0, 'altitude': 0.26, 'caught': True, 'ready_hold_active': False, 'ready_hold_pending_capture': False, 'ready_hold_roll': 1500, 'ready_hold_pitch': 1500, 'ready_hold_yaw': 1500, 'ready_hold_throttle': 1100, 'target_locked': True, 'tracking_bbox': (270, 190, 100, 100), 'attack_error_x': 0.0, 'attack_error_y': -0.16666666666666666, 'target_size': 10000.0, 'attack_active': True, 'attack_base_roll': 1500, 'attack_base_pitch': 1500, 'attack_base_yaw': 1500, 'attack_base_throttle': 989, 'prev_attack_error_x': 0.0, 'prev_attack_time': 57.200285908, 'prev_target_size': 10000.0}
2026-04-03 09:00:39,809 - BEE-EPT-UA913 - DEBUG - Executing command: TELEMETRY, Priority: 1, Body: {'target': 'MSP_RC'}
2026-04-03 09:00:39,824 - BEE-EPT-UA913 - DEBUG - Telemetry: b'\xdc\x05\x0e\x06\xdc\x05\xea\x03\xe8\x03\xd0\x07\xe8\x03\xd0\x07\xe8\x03\xe8\x03\xe8\x03\xfd\x05\xdc\x05\xdc\x05\xe8\x03\xe8\x03'
2026-04-03 09:00:39,824 - BEE-EPT-UA913 - INFO - Autopilot state: {'connection': True, 'bee_state': 'ATACK', 'roll': 1500, 'pitch': 1550, 'yaw': 1500, 'throttle': 1002, 'last_manual_roll': 1500, 'last_manual_pitch': 1550, 'last_manual_yaw': 1500, 'last_manual_throttle': 1002, 'aux3': 1000, 'aux4': 2000, 'aux5': 1500, 'aux6': 1000, 'aux7': 1000, 'battery': 23.3, 'rssi': 775, 'rssi_msg': 'Strong signal', 'speed': 0.0, 'altitude': 0.26, 'caught': True, 'ready_hold_active': False, 'ready_hold_pending_capture': False, 'ready_hold_roll': 1500, 'ready_hold_pitch': 1500, 'ready_hold_yaw': 1500, 'ready_hold_throttle': 1100, 'target_locked': True, 'tracking_bbox': (270, 190, 100, 100), 'attack_error_x': 0.0, 'attack_error_y': -0.16666666666666666, 'target_size': 10000.0, 'attack_active': True, 'attack_base_roll': 1500, 'attack_base_pitch': 1500, 'attack_base_yaw': 1500, 'attack_base_throttle': 989, 'prev_attack_error_x': 0.0, 'prev_attack_time': 57.304055131, 'prev_target_size': 10000.0}
2026-04-03 09:00:39,913 - BEE-EPT-UA913 - DEBUG - Executing command: TELEMETRY, Priority: 1, Body: {'target': 'MSP_RC'}
2026-04-03 09:00:39,925 - BEE-EPT-UA913 - DEBUG - Telemetry: b'\xdc\x05\x0e\x06\xdc\x05\xea\x03\xe8\x03\xd0\x07\xe8\x03\xd0\x07\xe8\x03\xe8\x03\xe8\x03\xfd\x05\xdc\x05\xdc\x05\xe8\x03\xe8\x03'
2026-04-03 09:00:39,925 - BEE-EPT-UA913 - INFO - Autopilot state: {'connection': True, 'bee_state': 'ATACK', 'roll': 1500, 'pitch': 1550, 'yaw': 1500, 'throttle': 1002, 'last_manual_roll': 1500, 'last_manual_pitch': 1550, 'last_manual_yaw': 1500, 'last_manual_throttle': 1002, 'aux3': 1000, 'aux4': 2000, 'aux5': 1500, 'aux6': 1000, 'aux7': 1000, 'battery': 23.3, 'rssi': 775, 'rssi_msg': 'Strong signal', 'speed': 0.0, 'altitude': 0.26, 'caught': True, 'ready_hold_active': False, 'ready_hold_pending_capture': False, 'ready_hold_roll': 1500, 'ready_hold_pitch': 1500, 'ready_hold_yaw': 1500, 'ready_hold_throttle': 1100, 'target_locked': True, 'tracking_bbox': (270, 190, 100, 100), 'attack_error_x': 0.0, 'attack_error_y': -0.16666666666666666, 'target_size': 10000.0, 'attack_active': True, 'attack_base_roll': 1500, 'attack_base_pitch': 1500, 'attack_base_yaw': 1500, 'attack_base_throttle': 989, 'prev_attack_error_x': 0.0, 'prev_attack_time': 57.408060501, 'prev_target_size': 10000.0}
2026-04-03 09:00:40,013 - BEE-EPT-UA913 - DEBUG - Executing command: TELEMETRY, Priority: 1, Body: {'target': 'MSP_RC'}
2026-04-03 09:00:40,029 - BEE-EPT-UA913 - DEBUG - Telemetry: b'\xdc\x05\x0e\x06\xdc\x05\xea\x03\xe8\x03\xd0\x07\xe8\x03\xd0\x07\xe8\x03\xe8\x03\xe8\x03\xfd\x05\xdc\x05\xdc\x05\xe8\x03\xe8\x03'
2026-04-03 09:00:40,029 - BEE-EPT-UA913 - INFO - Autopilot state: {'connection': True, 'bee_state': 'ATACK', 'roll': 1500, 'pitch': 1550, 'yaw': 1500, 'throttle': 1002, 'last_manual_roll': 1500, 'last_manual_pitch': 1550, 'last_manual_yaw': 1500, 'last_manual_throttle': 1002, 'aux3': 1000, 'aux4': 2000, 'aux5': 1500, 'aux6': 1000, 'aux7': 1000, 'battery': 23.3, 'rssi': 775, 'rssi_msg': 'Strong signal', 'speed': 0.0, 'altitude': 0.26, 'caught': True, 'ready_hold_active': False, 'ready_hold_pending_capture': False, 'ready_hold_roll': 1500, 'ready_hold_pitch': 1500, 'ready_hold_yaw': 1500, 'ready_hold_throttle': 1100, 'target_locked': True, 'tracking_bbox': (270, 190, 100, 100), 'attack_error_x': 0.0, 'attack_error_y': -0.16666666666666666, 'target_size': 10000.0, 'attack_active': True, 'attack_base_roll': 1500, 'attack_base_pitch': 1500, 'attack_base_yaw': 1500, 'attack_base_throttle': 989, 'prev_attack_error_x': 0.0, 'prev_attack_time': 57.508644242, 'prev_target_size': 10000.0}
2026-04-03 09:00:40,113 - BEE-EPT-UA913 - DEBUG - Executing command: TELEMETRY, Priority: 1, Body: {'target': 'MSP_RC'}
2026-04-03 09:00:40,126 - BEE-EPT-UA913 - DEBUG - Telemetry: b'\xdc\x05\x0e\x06\xdc\x05\xea\x03\xe8\x03\xd0\x07\xe8\x03\xd0\x07\xe8\x03\xe8\x03\xe8\x03\xfd\x05\xdc\x05\xdc\x05\xe8\x03\xe8\x03'
2026-04-03 09:00:40,126 - BEE-EPT-UA913 - INFO - Autopilot state: {'connection': True, 'bee_state': 'ATACK', 'roll': 1500, 'pitch': 1550, 'yaw': 1500, 'throttle': 1002, 'last_manual_roll': 1500, 'last_manual_pitch': 1550, 'last_manual_yaw': 1500, 'last_manual_throttle': 1002, 'aux3': 1000, 'aux4': 2000, 'aux5': 1500, 'aux6': 1000, 'aux7': 1000, 'battery': 23.3, 'rssi': 775, 'rssi_msg': 'Strong signal', 'speed': 0.0, 'altitude': 0.26, 'caught': True, 'ready_hold_active': False, 'ready_hold_pending_capture': False, 'ready_hold_roll': 1500, 'ready_hold_pitch': 1500, 'ready_hold_yaw': 1500, 'ready_hold_throttle': 1100, 'target_locked': True, 'tracking_bbox': (270, 190, 100, 100), 'attack_error_x': 0.0, 'attack_error_y': -0.16666666666666666, 'target_size': 10000.0, 'attack_active': True, 'attack_base_roll': 1500, 'attack_base_pitch': 1500, 'attack_base_yaw': 1500, 'attack_base_throttle': 989, 'prev_attack_error_x': 0.0, 'prev_attack_time': 57.609161779, 'prev_target_size': 10000.0}
2026-04-03 09:00:40,181 - BEE-EPT-UA913 - DEBUG - Executing command: TELEMETRY, Priority: 2, Body: {'target': 'MSP_ALTITUDE'}
2026-04-03 09:00:40,185 - BEE-EPT-UA913 - DEBUG - Telemetry: b'"\x00\x00\x00\x00\x00'
2026-04-03 09:00:40,185 - BEE-EPT-UA913 - INFO - Autopilot state: {'connection': True, 'bee_state': 'ATACK', 'roll': 1500, 'pitch': 1550, 'yaw': 1500, 'throttle': 1002, 'last_manual_roll': 1500, 'last_manual_pitch': 1550, 'last_manual_yaw': 1500, 'last_manual_throttle': 1002, 'aux3': 1000, 'aux4': 2000, 'aux5': 1500, 'aux6': 1000, 'aux7': 1000, 'battery': 23.3, 'rssi': 775, 'rssi_msg': 'Strong signal', 'speed': 0.0, 'altitude': 0.34, 'caught': True, 'ready_hold_active': False, 'ready_hold_pending_capture': False, 'ready_hold_roll': 1500, 'ready_hold_pitch': 1500, 'ready_hold_yaw': 1500, 'ready_hold_throttle': 1100, 'target_locked': True, 'tracking_bbox': (270, 190, 100, 100), 'attack_error_x': 0.0, 'attack_error_y': -0.16666666666666666, 'target_size': 10000.0, 'attack_active': True, 'attack_base_roll': 1500, 'attack_base_pitch': 1500, 'attack_base_yaw': 1500, 'attack_base_throttle': 989, 'prev_attack_error_x': 0.0, 'prev_attack_time': 57.65941413, 'prev_target_size': 10000.0}
2026-04-03 09:00:40,236 - BEE-EPT-UA913 - DEBUG - Executing command: TELEMETRY, Priority: 1, Body: {'target': 'MSP_RC'}
2026-04-03 09:00:40,246 - BEE-EPT-UA913 - DEBUG - Telemetry: b'\xdc\x05\x0e\x06\xdc\x05\xea\x03\xe8\x03\xd0\x07\xe8\x03\xd0\x07\xe8\x03\xe8\x03\xe8\x03\xfd\x05\xdc\x05\xdc\x05\xe8\x03\xe8\x03'
2026-04-03 09:00:40,247 - BEE-EPT-UA913 - INFO - Autopilot state: {'connection': True, 'bee_state': 'ATACK', 'roll': 1500, 'pitch': 1550, 'yaw': 1500, 'throttle': 1002, 'last_manual_roll': 1500, 'last_manual_pitch': 1550, 'last_manual_yaw': 1500, 'last_manual_throttle': 1002, 'aux3': 1000, 'aux4': 2000, 'aux5': 1500, 'aux6': 1000, 'aux7': 1000, 'battery': 23.3, 'rssi': 775, 'rssi_msg': 'Strong signal', 'speed': 0.0, 'altitude': 0.34, 'caught': True, 'ready_hold_active': False, 'ready_hold_pending_capture': False, 'ready_hold_roll': 1500, 'ready_hold_pitch': 1500, 'ready_hold_yaw': 1500, 'ready_hold_throttle': 1100, 'target_locked': True, 'tracking_bbox': (270, 190, 100, 100), 'attack_error_x': 0.0, 'attack_error_y': -0.16666666666666666, 'target_size': 10000.0, 'attack_active': True, 'attack_base_roll': 1500, 'attack_base_pitch': 1500, 'attack_base_yaw': 1500, 'attack_base_throttle': 989, 'prev_attack_error_x': 0.0, 'prev_attack_time': 57.762378167, 'prev_target_size': 10000.0}
2026-04-03 09:00:40,297 - BEE-EPT-UA913 - DEBUG - Executing command: MONITOR, Priority: 2, Body: {'target': 'MSP_ANALOG'}
2026-04-03 09:00:40,317 - BEE-EPT-UA913 - DEBUG - Monitoring: b'\xe9\x00\x00\xe2\x02\x04\x00\x1c\t'
2026-04-03 09:00:40,317 - BEE-EPT-UA913 - INFO - RSSI: 738, signal: Strong signal, battery voltage: 23.3V
2026-04-03 09:00:40,368 - BEE-EPT-UA913 - DEBUG - Executing command: TELEMETRY, Priority: 1, Body: {'target': 'MSP_RC'}
2026-04-03 09:00:40,377 - BEE-EPT-UA913 - DEBUG - Telemetry: b'\xdc\x05\x0e\x06\xdc\x05\xea\x03\xe8\x03\xd0\x07\xe8\x03\xd0\x07\xe8\x03\xe8\x03\xe8\x03\xfd\x05\xdc\x05\xdc\x05\xe8\x03\xe8\x03'
2026-04-03 09:00:40,377 - BEE-EPT-UA913 - INFO - Autopilot state: {'connection': True, 'bee_state': 'ATACK', 'roll': 1500, 'pitch': 1550, 'yaw': 1500, 'throttle': 1002, 'last_manual_roll': 1500, 'last_manual_pitch': 1550, 'last_manual_yaw': 1500, 'last_manual_throttle': 1002, 'aux3': 1000, 'aux4': 2000, 'aux5': 1500, 'aux6': 1000, 'aux7': 1000, 'battery': 23.3, 'rssi': 738, 'rssi_msg': 'Strong signal', 'speed': 0.0, 'altitude': 0.34, 'caught': True, 'ready_hold_active': False, 'ready_hold_pending_capture': False, 'ready_hold_roll': 1500, 'ready_hold_pitch': 1500, 'ready_hold_yaw': 1500, 'ready_hold_throttle': 1100, 'target_locked': True, 'tracking_bbox': (270, 190, 100, 100), 'attack_error_x': 0.0, 'attack_error_y': -0.16666666666666666, 'target_size': 10000.0, 'attack_active': True, 'attack_base_roll': 1500, 'attack_base_pitch': 1500, 'attack_base_yaw': 1500, 'attack_base_throttle': 989, 'prev_attack_error_x': 0.0, 'prev_attack_time': 57.871114964, 'prev_target_size': 10000.0}
2026-04-03 09:00:40,428 - BEE-EPT-UA913 - DEBUG - Executing command: TELEMETRY, Priority: 1, Body: {'target': 'MSP_RC'}
2026-04-03 09:00:40,437 - BEE-EPT-UA913 - DEBUG - Telemetry: b'\xdc\x05\x0e\x06\xdc\x05\xea\x03\xe8\x03\xd0\x07\xe8\x03\xd0\x07\xe8\x03\xe8\x03\xe8\x03\xfd\x05\xdc\x05\xdc\x05\xe8\x03\xe8\x03'
2026-04-03 09:00:40,437 - BEE-EPT-UA913 - INFO - Autopilot state: {'connection': True, 'bee_state': 'ATACK', 'roll': 1500, 'pitch': 1550, 'yaw': 1500, 'throttle': 1002, 'last_manual_roll': 1500, 'last_manual_pitch': 1550, 'last_manual_yaw': 1500, 'last_manual_throttle': 1002, 'aux3': 1000, 'aux4': 2000, 'aux5': 1500, 'aux6': 1000, 'aux7': 1000, 'battery': 23.3, 'rssi': 738, 'rssi_msg': 'Strong signal', 'speed': 0.0, 'altitude': 0.34, 'caught': True, 'ready_hold_active': False, 'ready_hold_pending_capture': False, 'ready_hold_roll': 1500, 'ready_hold_pitch': 1500, 'ready_hold_yaw': 1500, 'ready_hold_throttle': 1100, 'target_locked': True, 'tracking_bbox': (270, 190, 100, 100), 'attack_error_x': 0.0, 'attack_error_y': -0.16666666666666666, 'target_size': 10000.0, 'attack_active': True, 'attack_base_roll': 1500, 'attack_base_pitch': 1500, 'attack_base_yaw': 1500, 'attack_base_throttle': 989, 'prev_attack_error_x': 0.0, 'prev_attack_time': 57.921444501, 'prev_target_size': 10000.0}
2026-04-03 09:00:40,525 - BEE-EPT-UA913 - DEBUG - Executing command: TELEMETRY, Priority: 1, Body: {'target': 'MSP_RC'}
2026-04-03 09:00:40,538 - BEE-EPT-UA913 - DEBUG - Telemetry: b'\xdc\x05\x0e\x06\xdc\x05\xea\x03\xe8\x03\xd0\x07\xe8\x03\xd0\x07\xe8\x03\xe8\x03\xe8\x03\xfd\x05\xdc\x05\xdc\x05\xe8\x03\xe8\x03'
2026-04-03 09:00:40,538 - BEE-EPT-UA913 - INFO - Autopilot state: {'connection': True, 'bee_state': 'ATACK', 'roll': 1500, 'pitch': 1550, 'yaw': 1500, 'throttle': 1002, 'last_manual_roll': 1500, 'last_manual_pitch': 1550, 'last_manual_yaw': 1500, 'last_manual_throttle': 1002, 'aux3': 1000, 'aux4': 2000, 'aux5': 1500, 'aux6': 1000, 'aux7': 1000, 'battery': 23.3, 'rssi': 738, 'rssi_msg': 'Strong signal', 'speed': 0.0, 'altitude': 0.34, 'caught': True, 'ready_hold_active': False, 'ready_hold_pending_capture': False, 'ready_hold_roll': 1500, 'ready_hold_pitch': 1500, 'ready_hold_yaw': 1500, 'ready_hold_throttle': 1100, 'target_locked': True, 'tracking_bbox': (270, 190, 100, 100), 'attack_error_x': 0.0, 'attack_error_y': -0.16666666666666666, 'target_size': 10000.0, 'attack_active': True, 'attack_base_roll': 1500, 'attack_base_pitch': 1500, 'attack_base_yaw': 1500, 'attack_base_throttle': 989, 'prev_attack_error_x': 0.0, 'prev_attack_time': 58.022169278, 'prev_target_size': 10000.0}
2026-04-03 09:00:40,633 - BEE-EPT-UA913 - DEBUG - Executing command: TELEMETRY, Priority: 1, Body: {'target': 'MSP_RC'}
2026-04-03 09:00:40,638 - BEE-EPT-UA913 - DEBUG - Telemetry: b'\xdc\x05\x0e\x06\xdc\x05\xea\x03\xe8\x03\xd0\x07\xe8\x03\xd0\x07\xe8\x03\xe8\x03\xe8\x03\xfd\x05\xdc\x05\xdc\x05\xe8\x03\xe8\x03'
2026-04-03 09:00:40,638 - BEE-EPT-UA913 - INFO - Autopilot state: {'connection': True, 'bee_state': 'ATACK', 'roll': 1500, 'pitch': 1550, 'yaw': 1500, 'throttle': 1002, 'last_manual_roll': 1500, 'last_manual_pitch': 1550, 'last_manual_yaw': 1500, 'last_manual_throttle': 1002, 'aux3': 1000, 'aux4': 2000, 'aux5': 1500, 'aux6': 1000, 'aux7': 1000, 'battery': 23.3, 'rssi': 738, 'rssi_msg': 'Strong signal', 'speed': 0.0, 'altitude': 0.34, 'caught': True, 'ready_hold_active': False, 'ready_hold_pending_capture': False, 'ready_hold_roll': 1500, 'ready_hold_pitch': 1500, 'ready_hold_yaw': 1500, 'ready_hold_throttle': 1100, 'target_locked': True, 'tracking_bbox': (270, 190, 100, 100), 'attack_error_x': 0.0, 'attack_error_y': -0.16666666666666666, 'target_size': 10000.0, 'attack_active': True, 'attack_base_roll': 1500, 'attack_base_pitch': 1500, 'attack_base_yaw': 1500, 'attack_base_throttle': 989, 'prev_attack_error_x': 0.0, 'prev_attack_time': 58.122709778, 'prev_target_size': 10000.0}
2026-04-03 09:00:40,729 - BEE-EPT-UA913 - DEBUG - Executing command: TELEMETRY, Priority: 1, Body: {'target': 'MSP_RC'}
2026-04-03 09:00:40,740 - BEE-EPT-UA913 - DEBUG - Telemetry: b'\xdc\x05\x0e\x06\xdc\x05\xea\x03\xe8\x03\xd0\x07\xe8\x03\xd0\x07\xe8\x03\xe8\x03\xe8\x03\xfd\x05\xdc\x05\xdc\x05\xe8\x03\xe8\x03'
2026-04-03 09:00:40,741 - BEE-EPT-UA913 - INFO - Autopilot state: {'connection': True, 'bee_state': 'ATACK', 'roll': 1500, 'pitch': 1550, 'yaw': 1500, 'throttle': 1002, 'last_manual_roll': 1500, 'last_manual_pitch': 1550, 'last_manual_yaw': 1500, 'last_manual_throttle': 1002, 'aux3': 1000, 'aux4': 2000, 'aux5': 1500, 'aux6': 1000, 'aux7': 1000, 'battery': 23.3, 'rssi': 738, 'rssi_msg': 'Strong signal', 'speed': 0.0, 'altitude': 0.34, 'caught': True, 'ready_hold_active': False, 'ready_hold_pending_capture': False, 'ready_hold_roll': 1500, 'ready_hold_pitch': 1500, 'ready_hold_yaw': 1500, 'ready_hold_throttle': 1100, 'target_locked': True, 'tracking_bbox': (270, 190, 100, 100), 'attack_error_x': 0.0, 'attack_error_y': -0.16666666666666666, 'target_size': 10000.0, 'attack_active': True, 'attack_base_roll': 1500, 'attack_base_pitch': 1500, 'attack_base_yaw': 1500, 'attack_base_throttle': 989, 'prev_attack_error_x': 0.0, 'prev_attack_time': 58.226335908, 'prev_target_size': 10000.0}
2026-04-03 09:00:40,830 - BEE-EPT-UA913 - DEBUG - Executing command: TELEMETRY, Priority: 1, Body: {'target': 'MSP_RC'}
2026-04-03 09:00:40,840 - BEE-EPT-UA913 - DEBUG - Telemetry: b'\xdc\x05\x0e\x06\xdc\x05\xea\x03\xe8\x03\xd0\x07\xe8\x03\xd0\x07\xe8\x03\xe8\x03\xe8\x03\xfd\x05\xdc\x05\xdc\x05\xe8\x03\xe8\x03'
2026-04-03 09:00:40,840 - BEE-EPT-UA913 - INFO - Autopilot state: {'connection': True, 'bee_state': 'ATACK', 'roll': 1500, 'pitch': 1550, 'yaw': 1500, 'throttle': 1002, 'last_manual_roll': 1500, 'last_manual_pitch': 1550, 'last_manual_yaw': 1500, 'last_manual_throttle': 1002, 'aux3': 1000, 'aux4': 2000, 'aux5': 1500, 'aux6': 1000, 'aux7': 1000, 'battery': 23.3, 'rssi': 738, 'rssi_msg': 'Strong signal', 'speed': 0.0, 'altitude': 0.34, 'caught': True, 'ready_hold_active': False, 'ready_hold_pending_capture': False, 'ready_hold_roll': 1500, 'ready_hold_pitch': 1500, 'ready_hold_yaw': 1500, 'ready_hold_throttle': 1100, 'target_locked': True, 'tracking_bbox': (270, 190, 100, 100), 'attack_error_x': 0.0, 'attack_error_y': -0.16666666666666666, 'target_size': 10000.0, 'attack_active': True, 'attack_base_roll': 1500, 'attack_base_pitch': 1500, 'attack_base_yaw': 1500, 'attack_base_throttle': 989, 'prev_attack_error_x': 0.0, 'prev_attack_time': 58.327132537, 'prev_target_size': 10000.0}
2026-04-03 09:00:40,937 - BEE-EPT-UA913 - DEBUG - Executing command: TELEMETRY, Priority: 1, Body: {'target': 'MSP_RC'}
2026-04-03 09:00:40,950 - BEE-EPT-UA913 - DEBUG - Telemetry: b'\xdc\x05\x0e\x06\xdc\x05\xea\x03\xe8\x03\xd0\x07\xe8\x03\xde\x05\xe8\x03\xe8\x03\xe8\x03\xfd\x05\xdc\x05\xdc\x05\xe8\x03\xe8\x03'
2026-04-03 09:00:40,950 - BEE-EPT-UA913 - INFO - Bee state changed to [READY]
2026-04-03 09:00:40,957 - BEE-EPT-UA913 - INFO - [ATACK MODE STOPPED]
2026-04-03 09:00:40,958 - BEE-EPT-UA913 - INFO - Autopilot state: {'connection': True, 'bee_state': 'READY', 'roll': 1500, 'pitch': 1550, 'yaw': 1500, 'throttle': 1002, 'last_manual_roll': 1500, 'last_manual_pitch': 1550, 'last_manual_yaw': 1500, 'last_manual_throttle': 1002, 'aux3': 1000, 'aux4': 1502, 'aux5': 1500, 'aux6': 1000, 'aux7': 1000, 'battery': 23.3, 'rssi': 738, 'rssi_msg': 'Strong signal', 'speed': 0.0, 'altitude': 0.34, 'caught': True, 'ready_hold_active': False, 'ready_hold_pending_capture': False, 'ready_hold_roll': 1500, 'ready_hold_pitch': 1500, 'ready_hold_yaw': 1500, 'ready_hold_throttle': 1100, 'target_locked': True, 'tracking_bbox': (270, 190, 100, 100), 'attack_error_x': 0.0, 'attack_error_y': -0.16666666666666666, 'target_size': 10000.0, 'attack_active': False, 'attack_base_roll': 1500, 'attack_base_pitch': 1500, 'attack_base_yaw': 1500, 'attack_base_throttle': 989, 'prev_attack_error_x': 0.0, 'prev_attack_time': 58.427639704, 'prev_target_size': 10000.0}
2026-04-03 09:00:41,034 - BEE-EPT-UA913 - DEBUG - Executing command: TELEMETRY, Priority: 1, Body: {'target': 'MSP_RC'}
2026-04-03 09:00:41,040 - BEE-EPT-UA913 - DEBUG - Telemetry: b'\xdc\x05\xdc\x05\xdc\x05\xdd\x03\xe8\x03\xd0\x07\xe8\x03\xde\x05\xe8\x03\xe8\x03\xe8\x03\xfd\x05\xdc\x05\xdc\x05\xe8\x03\xe8\x03'
2026-04-03 09:00:41,040 - BEE-EPT-UA913 - INFO - Autopilot state: {'connection': True, 'bee_state': 'READY', 'roll': 1500, 'pitch': 1500, 'yaw': 1500, 'throttle': 989, 'last_manual_roll': 1500, 'last_manual_pitch': 1500, 'last_manual_yaw': 1500, 'last_manual_throttle': 989, 'aux3': 1000, 'aux4': 1502, 'aux5': 1500, 'aux6': 1000, 'aux7': 1000, 'battery': 23.3, 'rssi': 738, 'rssi_msg': 'Strong signal', 'speed': 0.0, 'altitude': 0.34, 'caught': True, 'ready_hold_active': False, 'ready_hold_pending_capture': False, 'ready_hold_roll': 1500, 'ready_hold_pitch': 1500, 'ready_hold_yaw': 1500, 'ready_hold_throttle': 1100, 'target_locked': True, 'tracking_bbox': (270, 190, 100, 100), 'attack_error_x': 0.0, 'attack_error_y': -0.16666666666666666, 'target_size': 10000.0, 'attack_active': False, 'attack_base_roll': 1500, 'attack_base_pitch': 1500, 'attack_base_yaw': 1500, 'attack_base_throttle': 989, 'prev_attack_error_x': 0.0, 'prev_attack_time': 58.427639704, 'prev_target_size': 10000.0}
2026-04-03 09:00:41,091 - BEE-EPT-UA913 - DEBUG - Executing command: TELEMETRY, Priority: 2, Body: {'target': 'MSP_ALTITUDE'}
2026-04-03 09:00:41,099 - BEE-EPT-UA913 - DEBUG - Telemetry: b'"\x00\x00\x00\x00\x00'
2026-04-03 09:00:41,100 - BEE-EPT-UA913 - INFO - Autopilot state: {'connection': True, 'bee_state': 'READY', 'roll': 1500, 'pitch': 1500, 'yaw': 1500, 'throttle': 989, 'last_manual_roll': 1500, 'last_manual_pitch': 1500, 'last_manual_yaw': 1500, 'last_manual_throttle': 989, 'aux3': 1000, 'aux4': 1502, 'aux5': 1500, 'aux6': 1000, 'aux7': 1000, 'battery': 23.3, 'rssi': 738, 'rssi_msg': 'Strong signal', 'speed': 0.0, 'altitude': 0.34, 'caught': True, 'ready_hold_active': False, 'ready_hold_pending_capture': False, 'ready_hold_roll': 1500, 'ready_hold_pitch': 1500, 'ready_hold_yaw': 1500, 'ready_hold_throttle': 1100, 'target_locked': False, 'tracking_bbox': (311, 231, 17, 17), 'attack_error_x': 0.0, 'attack_error_y': 0.0, 'target_size': 0.0, 'attack_active': False, 'attack_base_roll': 1500, 'attack_base_pitch': 1500, 'attack_base_yaw': 1500, 'attack_base_throttle': 989, 'prev_attack_error_x': 0.0, 'prev_attack_time': 58.427639704, 'prev_target_size': 10000.0}
2026-04-03 09:00:41,150 - BEE-EPT-UA913 - DEBUG - Executing command: TELEMETRY, Priority: 1, Body: {'target': 'MSP_RC'}
2026-04-03 09:00:41,161 - BEE-EPT-UA913 - DEBUG - Telemetry: b'\xdc\x05\xdc\x05\xdc\x05\xdd\x03\xe8\x03\xd0\x07\xe8\x03\xde\x05\xe8\x03\xe8\x03\xe8\x03\xfd\x05\xdc\x05\xdc\x05\xe8\x03\xe8\x03'
2026-04-03 09:00:41,161 - BEE-EPT-UA913 - INFO - Autopilot state: {'connection': True, 'bee_state': 'READY', 'roll': 1500, 'pitch': 1500, 'yaw': 1500, 'throttle': 989, 'last_manual_roll': 1500, 'last_manual_pitch': 1500, 'last_manual_yaw': 1500, 'last_manual_throttle': 989, 'aux3': 1000, 'aux4': 1502, 'aux5': 1500, 'aux6': 1000, 'aux7': 1000, 'battery': 23.3, 'rssi': 738, 'rssi_msg': 'Strong signal', 'speed': 0.0, 'altitude': 0.34, 'caught': True, 'ready_hold_active': False, 'ready_hold_pending_capture': False, 'ready_hold_roll': 1500, 'ready_hold_pitch': 1500, 'ready_hold_yaw': 1500, 'ready_hold_throttle': 1100, 'target_locked': False, 'tracking_bbox': (311, 231, 17, 17), 'attack_error_x': 0.0, 'attack_error_y': 0.0, 'target_size': 0.0, 'attack_active': False, 'attack_base_roll': 1500, 'attack_base_pitch': 1500, 'attack_base_yaw': 1500, 'attack_base_throttle': 989, 'prev_attack_error_x': 0.0, 'prev_attack_time': 58.427639704, 'prev_target_size': 10000.0}
2026-04-03 09:00:41,212 - BEE-EPT-UA913 - DEBUG - Executing command: MONITOR, Priority: 2, Body: {'target': 'MSP_ANALOG'}
2026-04-03 09:00:41,219 - BEE-EPT-UA913 - DEBUG - Monitoring: b'\xe9\x00\x00\xde\x02\x04\x00\x1c\t'
2026-04-03 09:00:41,219 - BEE-EPT-UA913 - INFO - RSSI: 734, signal: Strong signal, battery voltage: 23.3V
2026-04-03 09:00:41,270 - BEE-EPT-UA913 - DEBUG - Executing command: TELEMETRY, Priority: 1, Body: {'target': 'MSP_RC'}
2026-04-03 09:00:41,281 - BEE-EPT-UA913 - DEBUG - Telemetry: b'\xdc\x05\xdc\x05\xdc\x05\xdd\x03\xe8\x03\xd0\x07\xe8\x03\xde\x05\xe8\x03\xe8\x03\xe8\x03\xfd\x05\xdc\x05\xdc\x05\xe8\x03\xe8\x03'
2026-04-03 09:00:41,282 - BEE-EPT-UA913 - INFO - Autopilot state: {'connection': True, 'bee_state': 'READY', 'roll': 1500, 'pitch': 1500, 'yaw': 1500, 'throttle': 989, 'last_manual_roll': 1500, 'last_manual_pitch': 1500, 'last_manual_yaw': 1500, 'last_manual_throttle': 989, 'aux3': 1000, 'aux4': 1502, 'aux5': 1500, 'aux6': 1000, 'aux7': 1000, 'battery': 23.3, 'rssi': 734, 'rssi_msg': 'Strong signal', 'speed': 0.0, 'altitude': 0.34, 'caught': True, 'ready_hold_active': False, 'ready_hold_pending_capture': False, 'ready_hold_roll': 1500, 'ready_hold_pitch': 1500, 'ready_hold_yaw': 1500, 'ready_hold_throttle': 1100, 'target_locked': False, 'tracking_bbox': (311, 231, 17, 17), 'attack_error_x': 0.0, 'attack_error_y': 0.0, 'target_size': 0.0, 'attack_active': False, 'attack_base_roll': 1500, 'attack_base_pitch': 1500, 'attack_base_yaw': 1500, 'attack_base_throttle': 989, 'prev_attack_error_x': 0.0, 'prev_attack_time': 58.427639704, 'prev_target_size': 10000.0}
2026-04-03 09:00:41,334 - BEE-EPT-UA913 - DEBUG - Executing command: TELEMETRY, Priority: 1, Body: {'target': 'MSP_RC'}
2026-04-03 09:00:41,342 - BEE-EPT-UA913 - DEBUG - Telemetry: b'\xdc\x05\xdc\x05\xdc\x05\xdd\x03\xe8\x03\xd0\x07\xe8\x03\xe8\x03\xe8\x03\xe8\x03\xe8\x03\xfd\x05\xdc\x05\xdc\x05\xe8\x03\xe8\x03'
2026-04-03 09:00:41,342 - BEE-EPT-UA913 - INFO - Bee state changed to [OFF]
2026-04-03 09:00:41,342 - BEE-EPT-UA913 - INFO - Autopilot state: {'connection': True, 'bee_state': 'OFF', 'roll': 1500, 'pitch': 1500, 'yaw': 1500, 'throttle': 989, 'last_manual_roll': 1500, 'last_manual_pitch': 1500, 'last_manual_yaw': 1500, 'last_manual_throttle': 989, 'aux3': 1000, 'aux4': 1000, 'aux5': 1500, 'aux6': 1000, 'aux7': 1000, 'battery': 23.3, 'rssi': 734, 'rssi_msg': 'Strong signal', 'speed': 0.0, 'altitude': 0.34, 'caught': False, 'ready_hold_active': False, 'ready_hold_pending_capture': False, 'ready_hold_roll': 1500, 'ready_hold_pitch': 1500, 'ready_hold_yaw': 1500, 'ready_hold_throttle': 1100, 'target_locked': False, 'tracking_bbox': None, 'attack_error_x': 0.0, 'attack_error_y': 0.0, 'target_size': 0.0, 'attack_active': False, 'attack_base_roll': 1500, 'attack_base_pitch': 1500, 'attack_base_yaw': 1500, 'attack_base_throttle': 989, 'prev_attack_error_x': 0.0, 'prev_attack_time': None, 'prev_target_size': 0.0}
2026-04-03 09:00:41,435 - BEE-EPT-UA913 - DEBUG - Executing command: TELEMETRY, Priority: 1, Body: {'target': 'MSP_RC'}
2026-04-03 09:00:41,442 - BEE-EPT-UA913 - DEBUG - Telemetry: b'\xdc\x05\xdc\x05\xdc\x05\xdd\x03\xe8\x03\xd0\x07\xe8\x03\xe8\x03\xe8\x03\xe8\x03\xe8\x03\xfd\x05\xdc\x05\xdc\x05\xe8\x03\xe8\x03'
2026-04-03 09:00:41,442 - BEE-EPT-UA913 - INFO - Autopilot state: {'connection': True, 'bee_state': 'OFF', 'roll': 1500, 'pitch': 1500, 'yaw': 1500, 'throttle': 989, 'last_manual_roll': 1500, 'last_manual_pitch': 1500, 'last_manual_yaw': 1500, 'last_manual_throttle': 989, 'aux3': 1000, 'aux4': 1000, 'aux5': 1500, 'aux6': 1000, 'aux7': 1000, 'battery': 23.3, 'rssi': 734, 'rssi_msg': 'Strong signal', 'speed': 0.0, 'altitude': 0.34, 'caught': False, 'ready_hold_active': False, 'ready_hold_pending_capture': False, 'ready_hold_roll': 1500, 'ready_hold_pitch': 1500, 'ready_hold_yaw': 1500, 'ready_hold_throttle': 1100, 'target_locked': False, 'tracking_bbox': None, 'attack_error_x': 0.0, 'attack_error_y': 0.0, 'target_size': 0.0, 'attack_active': False, 'attack_base_roll': 1500, 'attack_base_pitch': 1500, 'attack_base_yaw': 1500, 'attack_base_throttle': 989, 'prev_attack_error_x': 0.0, 'prev_attack_time': None, 'prev_target_size': 0.0}
2026-04-03 09:00:41,492 - BEE-EPT-UA913 - DEBUG - Executing command: TELEMETRY, Priority: 2, Body: {'target': 'MSP_ALTITUDE'}
2026-04-03 09:00:41,500 - BEE-EPT-UA913 - DEBUG - Telemetry: b'"\x00\x00\x00\x00\x00'
2026-04-03 09:00:41,500 - BEE-EPT-UA913 - INFO - Autopilot state: {'connection': True, 'bee_state': 'OFF', 'roll': 1500, 'pitch': 1500, 'yaw': 1500, 'throttle': 989, 'last_manual_roll': 1500, 'last_manual_pitch': 1500, 'last_manual_yaw': 1500, 'last_manual_throttle': 989, 'aux3': 1000, 'aux4': 1000, 'aux5': 1500, 'aux6': 1000, 'aux7': 1000, 'battery': 23.3, 'rssi': 734, 'rssi_msg': 'Strong signal', 'speed': 0.0, 'altitude': 0.34, 'caught': False, 'ready_hold_active': False, 'ready_hold_pending_capture': False, 'ready_hold_roll': 1500, 'ready_hold_pitch': 1500, 'ready_hold_yaw': 1500, 'ready_hold_throttle': 1100, 'target_locked': False, 'tracking_bbox': None, 'attack_error_x': 0.0, 'attack_error_y': 0.0, 'target_size': 0.0, 'attack_active': False, 'attack_base_roll': 1500, 'attack_base_pitch': 1500, 'attack_base_yaw': 1500, 'attack_base_throttle': 989, 'prev_attack_error_x': 0.0, 'prev_attack_time': None, 'prev_target_size': 0.0}
2026-04-03 09:00:41,550 - BEE-EPT-UA913 - DEBUG - Executing command: MONITOR, Priority: 2, Body: {'target': 'MSP_ANALOG'}
2026-04-03 09:00:41,561 - BEE-EPT-UA913 - DEBUG - Monitoring: b'\xe9\x00\x00\xe5\x02\x08\x00\x1c\t'
2026-04-03 09:00:41,561 - BEE-EPT-UA913 - INFO - RSSI: 741, signal: Strong signal, battery voltage: 23.3V
2026-04-03 09:00:41,727 - BEE-EPT-UA913 - INFO - [TRACKING COMPLETED]
2026-04-03 09:00:43,437 - BEE-EPT-UA913 - DEBUG - Executing command: TELEMETRY, Priority: 1, Body: {'target': 'MSP_RC'}
2026-04-03 09:00:43,451 - BEE-EPT-UA913 - DEBUG - Telemetry: b'\xdc\x05\x0e\x06\xdc\x05\xea\x03\xe8\x03\xd0\x07\xe8\x03\xd0\x07\xe8\x03\xe8\x03\xe8\x03\xfd\x05\xdc\x05\xdc\x05\xe8\x03\xe8\x03'
2026-04-03 09:00:43,452 - BEE-EPT-UA913 - INFO - Bee state changed to [ATACK]
2026-04-03 09:00:43,452 - BEE-EPT-UA913 - INFO - Autopilot state: {'connection': True, 'bee_state': 'ATACK', 'roll': 1500, 'pitch': 1550, 'yaw': 1500, 'throttle': 1002, 'last_manual_roll': 1500, 'last_manual_pitch': 1550, 'last_manual_yaw': 1500, 'last_manual_throttle': 1002, 'aux3': 1000, 'aux4': 2000, 'aux5': 1500, 'aux6': 1000, 'aux7': 1000, 'battery': 23.3, 'rssi': 741, 'rssi_msg': 'Strong signal', 'speed': 0.0, 'altitude': 0.34, 'caught': True, 'ready_hold_active': False, 'ready_hold_pending_capture': False, 'ready_hold_roll': 1500, 'ready_hold_pitch': 1500, 'ready_hold_yaw': 1500, 'ready_hold_throttle': 1100, 'target_locked': False, 'tracking_bbox': None, 'attack_error_x': 0.0, 'attack_error_y': 0.0, 'target_size': 0.0, 'attack_active': False, 'attack_base_roll': 1500, 'attack_base_pitch': 1550, 'attack_base_yaw': 1500, 'attack_base_throttle': 1002, 'prev_attack_error_x': 0.0, 'prev_attack_time': None, 'prev_target_size': 0.0}
2026-04-03 09:00:43,517 - BEE-EPT-UA913 - DEBUG - Executing command: ATACK, Priority: 0, Body: {'previous_mode': 'OFF'}
2026-04-03 09:00:43,518 - BEE-EPT-UA913 - INFO - [ATACK MODE STARTED]
2026-04-03 09:00:43,568 - BEE-EPT-UA913 - DEBUG - Executing command: TELEMETRY, Priority: 1, Body: {'target': 'MSP_RC'}
2026-04-03 09:00:43,592 - BEE-EPT-UA913 - DEBUG - Telemetry: b'\xdc\x05\x0e\x06\xdc\x05\xea\x03\xe8\x03\xd0\x07\xe8\x03\xd0\x07\xe8\x03\xe8\x03\xe8\x03\xfd\x05\xdc\x05\xdc\x05\xe8\x03\xe8\x03'
2026-04-03 09:00:43,593 - BEE-EPT-UA913 - INFO - Autopilot state: {'connection': True, 'bee_state': 'ATACK', 'roll': 1500, 'pitch': 1550, 'yaw': 1500, 'throttle': 1002, 'last_manual_roll': 1500, 'last_manual_pitch': 1550, 'last_manual_yaw': 1500, 'last_manual_throttle': 1002, 'aux3': 1000, 'aux4': 2000, 'aux5': 1500, 'aux6': 1000, 'aux7': 1000, 'battery': 23.3, 'rssi': 741, 'rssi_msg': 'Strong signal', 'speed': 0.0, 'altitude': 0.34, 'caught': True, 'ready_hold_active': False, 'ready_hold_pending_capture': False, 'ready_hold_roll': 1500, 'ready_hold_pitch': 1500, 'ready_hold_yaw': 1500, 'ready_hold_throttle': 1100, 'target_locked': False, 'tracking_bbox': None, 'attack_error_x': 0.0, 'attack_error_y': 0.0, 'target_size': 0.0, 'attack_active': True, 'attack_base_roll': 1500, 'attack_base_pitch': 1550, 'attack_base_yaw': 1500, 'attack_base_throttle': 1002, 'prev_attack_error_x': 0.0, 'prev_attack_time': 61.091492999, 'prev_target_size': 0.0}
2026-04-03 09:00:43,643 - BEE-EPT-UA913 - DEBUG - Executing command: TELEMETRY, Priority: 1, Body: {'target': 'MSP_RC'}
2026-04-03 09:00:43,653 - BEE-EPT-UA913 - DEBUG - Telemetry: b'\xdc\x05\x0e\x06\xdc\x05\xea\x03\xe8\x03\xd0\x07\xe8\x03\xd0\x07\xe8\x03\xe8\x03\xe8\x03\xfd\x05\xdc\x05\xdc\x05\xe8\x03\xe8\x03'
2026-04-03 09:00:43,653 - BEE-EPT-UA913 - INFO - Autopilot state: {'connection': True, 'bee_state': 'ATACK', 'roll': 1500, 'pitch': 1550, 'yaw': 1500, 'throttle': 1002, 'last_manual_roll': 1500, 'last_manual_pitch': 1550, 'last_manual_yaw': 1500, 'last_manual_throttle': 1002, 'aux3': 1000, 'aux4': 2000, 'aux5': 1500, 'aux6': 1000, 'aux7': 1000, 'battery': 23.3, 'rssi': 741, 'rssi_msg': 'Strong signal', 'speed': 0.0, 'altitude': 0.34, 'caught': True, 'ready_hold_active': False, 'ready_hold_pending_capture': False, 'ready_hold_roll': 1500, 'ready_hold_pitch': 1500, 'ready_hold_yaw': 1500, 'ready_hold_throttle': 1100, 'target_locked': False, 'tracking_bbox': None, 'attack_error_x': 0.0, 'attack_error_y': 0.0, 'target_size': 0.0, 'attack_active': True, 'attack_base_roll': 1500, 'attack_base_pitch': 1550, 'attack_base_yaw': 1500, 'attack_base_throttle': 1002, 'prev_attack_error_x': 0.0, 'prev_attack_time': 61.141737221, 'prev_target_size': 0.0}
2026-04-03 09:00:43,703 - BEE-EPT-UA913 - DEBUG - Executing command: MONITOR, Priority: 2, Body: {'target': 'MSP_ANALOG'}
2026-04-03 09:00:43,711 - BEE-EPT-UA913 - DEBUG - Monitoring: b'\xe9\x00\x00\xd3\x02\x00\x00\x1a\t'
2026-04-03 09:00:43,711 - BEE-EPT-UA913 - INFO - RSSI: 723, signal: Strong signal, battery voltage: 23.3V
2026-04-03 09:00:43,761 - BEE-EPT-UA913 - DEBUG - Executing command: TELEMETRY, Priority: 1, Body: {'target': 'MSP_RC'}
2026-04-03 09:00:43,773 - BEE-EPT-UA913 - DEBUG - Telemetry: b'\xdc\x05\x0e\x06\xdc\x05\xea\x03\xe8\x03\xd0\x07\xe8\x03\xd0\x07\xe8\x03\xe8\x03\xe8\x03\xfd\x05\xdc\x05\xdc\x05\xe8\x03\xe8\x03'
2026-04-03 09:00:43,773 - BEE-EPT-UA913 - INFO - Autopilot state: {'connection': True, 'bee_state': 'ATACK', 'roll': 1500, 'pitch': 1550, 'yaw': 1500, 'throttle': 1002, 'last_manual_roll': 1500, 'last_manual_pitch': 1550, 'last_manual_yaw': 1500, 'last_manual_throttle': 1002, 'aux3': 1000, 'aux4': 2000, 'aux5': 1500, 'aux6': 1000, 'aux7': 1000, 'battery': 23.3, 'rssi': 723, 'rssi_msg': 'Strong signal', 'speed': 0.0, 'altitude': 0.34, 'caught': True, 'ready_hold_active': False, 'ready_hold_pending_capture': False, 'ready_hold_roll': 1500, 'ready_hold_pitch': 1500, 'ready_hold_yaw': 1500, 'ready_hold_throttle': 1100, 'target_locked': False, 'tracking_bbox': None, 'attack_error_x': 0.0, 'attack_error_y': 0.0, 'target_size': 0.0, 'attack_active': True, 'attack_base_roll': 1500, 'attack_base_pitch': 1550, 'attack_base_yaw': 1500, 'attack_base_throttle': 1002, 'prev_attack_error_x': 0.0, 'prev_attack_time': 61.292541091, 'prev_target_size': 0.0}
2026-04-03 09:00:43,824 - BEE-EPT-UA913 - DEBUG - Executing command: TELEMETRY, Priority: 2, Body: {'target': 'MSP_ALTITUDE'}
2026-04-03 09:00:43,841 - BEE-EPT-UA913 - DEBUG - Telemetry: b'\x1a\x00\x00\x00\x00\x00'
2026-04-03 09:00:43,841 - BEE-EPT-UA913 - INFO - Autopilot state: {'connection': True, 'bee_state': 'ATACK', 'roll': 1500, 'pitch': 1550, 'yaw': 1500, 'throttle': 1002, 'last_manual_roll': 1500, 'last_manual_pitch': 1550, 'last_manual_yaw': 1500, 'last_manual_throttle': 1002, 'aux3': 1000, 'aux4': 2000, 'aux5': 1500, 'aux6': 1000, 'aux7': 1000, 'battery': 23.3, 'rssi': 723, 'rssi_msg': 'Strong signal', 'speed': 0.0, 'altitude': 0.26, 'caught': True, 'ready_hold_active': False, 'ready_hold_pending_capture': False, 'ready_hold_roll': 1500, 'ready_hold_pitch': 1500, 'ready_hold_yaw': 1500, 'ready_hold_throttle': 1100, 'target_locked': False, 'tracking_bbox': None, 'attack_error_x': 0.0, 'attack_error_y': 0.0, 'target_size': 0.0, 'attack_active': True, 'attack_base_roll': 1500, 'attack_base_pitch': 1550, 'attack_base_yaw': 1500, 'attack_base_throttle': 1002, 'prev_attack_error_x': 0.0, 'prev_attack_time': 61.346927702, 'prev_target_size': 0.0}
2026-04-03 09:00:43,892 - BEE-EPT-UA913 - DEBUG - Executing command: TELEMETRY, Priority: 1, Body: {'target': 'MSP_RC'}
2026-04-03 09:00:43,904 - BEE-EPT-UA913 - DEBUG - Telemetry: b'\xdc\x05\x0e\x06\xdc\x05\xea\x03\xe8\x03\xd0\x07\xe8\x03\xe8\x03\xe8\x03\xe8\x03\xe8\x03\xfd\x05\xdc\x05\xdc\x05\xe8\x03\xe8\x03'
2026-04-03 09:00:43,904 - BEE-EPT-UA913 - INFO - Bee state changed to [OFF]
2026-04-03 09:00:43,924 - BEE-EPT-UA913 - INFO - [ATACK MODE STOPPED]
2026-04-03 09:00:43,925 - BEE-EPT-UA913 - INFO - Autopilot state: {'connection': True, 'bee_state': 'OFF', 'roll': 1500, 'pitch': 1550, 'yaw': 1500, 'throttle': 1002, 'last_manual_roll': 1500, 'last_manual_pitch': 1550, 'last_manual_yaw': 1500, 'last_manual_throttle': 1002, 'aux3': 1000, 'aux4': 1000, 'aux5': 1500, 'aux6': 1000, 'aux7': 1000, 'battery': 23.3, 'rssi': 723, 'rssi_msg': 'Strong signal', 'speed': 0.0, 'altitude': 0.26, 'caught': False, 'ready_hold_active': False, 'ready_hold_pending_capture': False, 'ready_hold_roll': 1500, 'ready_hold_pitch': 1500, 'ready_hold_yaw': 1500, 'ready_hold_throttle': 1100, 'target_locked': False, 'tracking_bbox': None, 'attack_error_x': 0.0, 'attack_error_y': 0.0, 'target_size': 0.0, 'attack_active': False, 'attack_base_roll': 1500, 'attack_base_pitch': 1550, 'attack_base_yaw': 1500, 'attack_base_throttle': 1002, 'prev_attack_error_x': 0.0, 'prev_attack_time': None, 'prev_target_size': 0.0}
2026-04-03 09:00:43,989 - BEE-EPT-UA913 - DEBUG - Executing command: TELEMETRY, Priority: 1, Body: {'target': 'MSP_RC'}
2026-04-03 09:00:43,994 - BEE-EPT-UA913 - DEBUG - Telemetry: b'\xdc\x05\xdc\x05\xdc\x05\xdd\x03\xe8\x03\xd0\x07\xe8\x03\xe8\x03\xe8\x03\xe8\x03\xe8\x03\xfd\x05\xdc\x05\xdc\x05\xe8\x03\xe8\x03'
2026-04-03 09:00:43,994 - BEE-EPT-UA913 - INFO - Autopilot state: {'connection': True, 'bee_state': 'OFF', 'roll': 1500, 'pitch': 1500, 'yaw': 1500, 'throttle': 989, 'last_manual_roll': 1500, 'last_manual_pitch': 1500, 'last_manual_yaw': 1500, 'last_manual_throttle': 989, 'aux3': 1000, 'aux4': 1000, 'aux5': 1500, 'aux6': 1000, 'aux7': 1000, 'battery': 23.3, 'rssi': 723, 'rssi_msg': 'Strong signal', 'speed': 0.0, 'altitude': 0.26, 'caught': False, 'ready_hold_active': False, 'ready_hold_pending_capture': False, 'ready_hold_roll': 1500, 'ready_hold_pitch': 1500, 'ready_hold_yaw': 1500, 'ready_hold_throttle': 1100, 'target_locked': False, 'tracking_bbox': None, 'attack_error_x': 0.0, 'attack_error_y': 0.0, 'target_size': 0.0, 'attack_active': False, 'attack_base_roll': 1500, 'attack_base_pitch': 1550, 'attack_base_yaw': 1500, 'attack_base_throttle': 1002, 'prev_attack_error_x': 0.0, 'prev_attack_time': None, 'prev_target_size': 0.0}
2026-04-03 09:00:44,044 - BEE-EPT-UA913 - DEBUG - Executing command: TELEMETRY, Priority: 2, Body: {'target': 'MSP_ALTITUDE'}
2026-04-03 09:00:44,052 - BEE-EPT-UA913 - DEBUG - Telemetry: b'\x1a\x00\x00\x00\x00\x00'
2026-04-03 09:00:44,052 - BEE-EPT-UA913 - INFO - Autopilot state: {'connection': True, 'bee_state': 'OFF', 'roll': 1500, 'pitch': 1500, 'yaw': 1500, 'throttle': 989, 'last_manual_roll': 1500, 'last_manual_pitch': 1500, 'last_manual_yaw': 1500, 'last_manual_throttle': 989, 'aux3': 1000, 'aux4': 1000, 'aux5': 1500, 'aux6': 1000, 'aux7': 1000, 'battery': 23.3, 'rssi': 723, 'rssi_msg': 'Strong signal', 'speed': 0.0, 'altitude': 0.26, 'caught': False, 'ready_hold_active': False, 'ready_hold_pending_capture': False, 'ready_hold_roll': 1500, 'ready_hold_pitch': 1500, 'ready_hold_yaw': 1500, 'ready_hold_throttle': 1100, 'target_locked': False, 'tracking_bbox': None, 'attack_error_x': 0.0, 'attack_error_y': 0.0, 'target_size': 0.0, 'attack_active': False, 'attack_base_roll': 1500, 'attack_base_pitch': 1550, 'attack_base_yaw': 1500, 'attack_base_throttle': 1002, 'prev_attack_error_x': 0.0, 'prev_attack_time': None, 'prev_target_size': 0.0}
2026-04-03 09:00:44,102 - BEE-EPT-UA913 - DEBUG - Executing command: MONITOR, Priority: 2, Body: {'target': 'MSP_ANALOG'}
2026-04-03 09:00:44,113 - BEE-EPT-UA913 - DEBUG - Monitoring: b'\xe9\x00\x00\xca\x02\x00\x00\x1a\t'
2026-04-03 09:00:44,113 - BEE-EPT-UA913 - INFO - RSSI: 714, signal: Strong signal, battery voltage: 23.3V
2026-04-03 09:00:44,281 - BEE-EPT-UA913 - INFO - [TRACKING COMPLETED]
2026-04-03 09:00:45,994 - BEE-EPT-UA913 - DEBUG - Executing command: TELEMETRY, Priority: 1, Body: {'target': 'MSP_RC'}
2026-04-03 09:00:46,004 - BEE-EPT-UA913 - DEBUG - Telemetry: b'\xdc\x05\x0e\x06\xdc\x05\xea\x03\xe8\x03\xd0\x07\xe8\x03\xd0\x07\xe8\x03\xe8\x03\xe8\x03\xfd\x05\xdc\x05\xdc\x05\xe8\x03\xe8\x03'
2026-04-03 09:00:46,004 - BEE-EPT-UA913 - INFO - Bee state changed to [ATACK]
2026-04-03 09:00:46,005 - BEE-EPT-UA913 - INFO - Autopilot state: {'connection': True, 'bee_state': 'ATACK', 'roll': 1500, 'pitch': 1550, 'yaw': 1500, 'throttle': 1002, 'last_manual_roll': 1500, 'last_manual_pitch': 1550, 'last_manual_yaw': 1500, 'last_manual_throttle': 1002, 'aux3': 1000, 'aux4': 2000, 'aux5': 1500, 'aux6': 1000, 'aux7': 1000, 'battery': 23.3, 'rssi': 714, 'rssi_msg': 'Strong signal', 'speed': 0.0, 'altitude': 0.26, 'caught': True, 'ready_hold_active': False, 'ready_hold_pending_capture': False, 'ready_hold_roll': 1500, 'ready_hold_pitch': 1500, 'ready_hold_yaw': 1500, 'ready_hold_throttle': 1100, 'target_locked': False, 'tracking_bbox': None, 'attack_error_x': 0.0, 'attack_error_y': 0.0, 'target_size': 0.0, 'attack_active': False, 'attack_base_roll': 1500, 'attack_base_pitch': 1550, 'attack_base_yaw': 1500, 'attack_base_throttle': 1002, 'prev_attack_error_x': 0.0, 'prev_attack_time': None, 'prev_target_size': 0.0}
2026-04-03 09:00:46,126 - BEE-EPT-UA913 - DEBUG - Executing command: ATACK, Priority: 0, Body: {'previous_mode': 'OFF'}
2026-04-03 09:00:46,127 - BEE-EPT-UA913 - INFO - [ATACK MODE STARTED]
2026-04-03 09:00:46,181 - BEE-EPT-UA913 - DEBUG - Executing command: TELEMETRY, Priority: 1, Body: {'target': 'MSP_RC'}
2026-04-03 09:00:46,195 - BEE-EPT-UA913 - DEBUG - Telemetry: b'\xdc\x05\x0e\x06\xdc\x05\xea\x03\xe8\x03\xd0\x07\xe8\x03\xd0\x07\xe8\x03\xe8\x03\xe8\x03\xfd\x05\xdc\x05\xdc\x05\xe8\x03\xe8\x03'
2026-04-03 09:00:46,195 - BEE-EPT-UA913 - INFO - Autopilot state: {'connection': True, 'bee_state': 'ATACK', 'roll': 1500, 'pitch': 1550, 'yaw': 1500, 'throttle': 1002, 'last_manual_roll': 1500, 'last_manual_pitch': 1550, 'last_manual_yaw': 1500, 'last_manual_throttle': 1002, 'aux3': 1000, 'aux4': 2000, 'aux5': 1500, 'aux6': 1000, 'aux7': 1000, 'battery': 23.3, 'rssi': 714, 'rssi_msg': 'Strong signal', 'speed': 0.0, 'altitude': 0.26, 'caught': True, 'ready_hold_active': False, 'ready_hold_pending_capture': False, 'ready_hold_roll': 1500, 'ready_hold_pitch': 1500, 'ready_hold_yaw': 1500, 'ready_hold_throttle': 1100, 'target_locked': False, 'tracking_bbox': None, 'attack_error_x': 0.0, 'attack_error_y': 0.0, 'target_size': 0.0, 'attack_active': True, 'attack_base_roll': 1500, 'attack_base_pitch': 1550, 'attack_base_yaw': 1500, 'attack_base_throttle': 1002, 'prev_attack_error_x': 0.0, 'prev_attack_time': 63.700415256, 'prev_target_size': 0.0}
2026-04-03 09:00:46,245 - BEE-EPT-UA913 - DEBUG - Executing command: TELEMETRY, Priority: 1, Body: {'target': 'MSP_RC'}
2026-04-03 09:00:46,256 - BEE-EPT-UA913 - DEBUG - Telemetry: b'\xdc\x05\x0e\x06\xdc\x05\xea\x03\xe8\x03\xd0\x07\xe8\x03\xd0\x07\xe8\x03\xe8\x03\xe8\x03\xfd\x05\xdc\x05\xdc\x05\xe8\x03\xe8\x03'
2026-04-03 09:00:46,256 - BEE-EPT-UA913 - INFO - Autopilot state: {'connection': True, 'bee_state': 'ATACK', 'roll': 1500, 'pitch': 1550, 'yaw': 1500, 'throttle': 1002, 'last_manual_roll': 1500, 'last_manual_pitch': 1550, 'last_manual_yaw': 1500, 'last_manual_throttle': 1002, 'aux3': 1000, 'aux4': 2000, 'aux5': 1500, 'aux6': 1000, 'aux7': 1000, 'battery': 23.3, 'rssi': 714, 'rssi_msg': 'Strong signal', 'speed': 0.0, 'altitude': 0.26, 'caught': True, 'ready_hold_active': False, 'ready_hold_pending_capture': False, 'ready_hold_roll': 1500, 'ready_hold_pitch': 1500, 'ready_hold_yaw': 1500, 'ready_hold_throttle': 1100, 'target_locked': False, 'tracking_bbox': None, 'attack_error_x': 0.0, 'attack_error_y': 0.0, 'target_size': 0.0, 'attack_active': True, 'attack_base_roll': 1500, 'attack_base_pitch': 1550, 'attack_base_yaw': 1500, 'attack_base_throttle': 1002, 'prev_attack_error_x': 0.0, 'prev_attack_time': 63.750737145, 'prev_target_size': 0.0}
2026-04-03 09:00:46,307 - BEE-EPT-UA913 - DEBUG - Executing command: MONITOR, Priority: 2, Body: {'target': 'MSP_ANALOG'}
2026-04-03 09:00:46,314 - BEE-EPT-UA913 - DEBUG - Monitoring: b'\xe9\x00\x00"\x03\x04\x00\x1a\t'
2026-04-03 09:00:46,314 - BEE-EPT-UA913 - INFO - RSSI: 802, signal: Strong signal, battery voltage: 23.3V
2026-04-03 09:00:46,364 - BEE-EPT-UA913 - DEBUG - Executing command: TELEMETRY, Priority: 1, Body: {'target': 'MSP_RC'}
2026-04-03 09:00:46,376 - BEE-EPT-UA913 - DEBUG - Telemetry: b'\xdc\x05\x0e\x06\xdc\x05\xea\x03\xe8\x03\xd0\x07\xe8\x03\xd0\x07\xe8\x03\xe8\x03\xe8\x03\xfd\x05\xdc\x05\xdc\x05\xe8\x03\xe8\x03'
2026-04-03 09:00:46,377 - BEE-EPT-UA913 - INFO - Autopilot state: {'connection': True, 'bee_state': 'ATACK', 'roll': 1500, 'pitch': 1550, 'yaw': 1500, 'throttle': 1002, 'last_manual_roll': 1500, 'last_manual_pitch': 1550, 'last_manual_yaw': 1500, 'last_manual_throttle': 1002, 'aux3': 1000, 'aux4': 2000, 'aux5': 1500, 'aux6': 1000, 'aux7': 1000, 'battery': 23.3, 'rssi': 802, 'rssi_msg': 'Strong signal', 'speed': 0.0, 'altitude': 0.26, 'caught': True, 'ready_hold_active': False, 'ready_hold_pending_capture': False, 'ready_hold_roll': 1500, 'ready_hold_pitch': 1500, 'ready_hold_yaw': 1500, 'ready_hold_throttle': 1100, 'target_locked': False, 'tracking_bbox': None, 'attack_error_x': 0.0, 'attack_error_y': 0.0, 'target_size': 0.0, 'attack_active': True, 'attack_base_roll': 1500, 'attack_base_pitch': 1550, 'attack_base_yaw': 1500, 'attack_base_throttle': 1002, 'prev_attack_error_x': 0.0, 'prev_attack_time': 63.851318553, 'prev_target_size': 0.0}
2026-04-03 09:00:46,427 - BEE-EPT-UA913 - DEBUG - Executing command: TELEMETRY, Priority: 2, Body: {'target': 'MSP_ALTITUDE'}
2026-04-03 09:00:46,434 - BEE-EPT-UA913 - DEBUG - Telemetry: b'\x1a\x00\x00\x00\x00\x00'
2026-04-03 09:00:46,435 - BEE-EPT-UA913 - INFO - Autopilot state: {'connection': True, 'bee_state': 'ATACK', 'roll': 1500, 'pitch': 1550, 'yaw': 1500, 'throttle': 1002, 'last_manual_roll': 1500, 'last_manual_pitch': 1550, 'last_manual_yaw': 1500, 'last_manual_throttle': 1002, 'aux3': 1000, 'aux4': 2000, 'aux5': 1500, 'aux6': 1000, 'aux7': 1000, 'battery': 23.3, 'rssi': 802, 'rssi_msg': 'Strong signal', 'speed': 0.0, 'altitude': 0.26, 'caught': True, 'ready_hold_active': False, 'ready_hold_pending_capture': False, 'ready_hold_roll': 1500, 'ready_hold_pitch': 1500, 'ready_hold_yaw': 1500, 'ready_hold_throttle': 1100, 'target_locked': False, 'tracking_bbox': None, 'attack_error_x': 0.0, 'attack_error_y': 0.0, 'target_size': 0.0, 'attack_active': True, 'attack_base_roll': 1500, 'attack_base_pitch': 1550, 'attack_base_yaw': 1500, 'attack_base_throttle': 1002, 'prev_attack_error_x': 0.0, 'prev_attack_time': 63.951871367, 'prev_target_size': 0.0}
2026-04-03 09:00:46,485 - BEE-EPT-UA913 - DEBUG - Executing command: TELEMETRY, Priority: 1, Body: {'target': 'MSP_RC'}
2026-04-03 09:00:46,507 - BEE-EPT-UA913 - DEBUG - Telemetry: b'\xdc\x05\x0e\x06\xdc\x05\xea\x03\xe8\x03\xd0\x07\xe8\x03\xd0\x07\xe8\x03\xe8\x03\xe8\x03\xfd\x05\xdc\x05\xdc\x05\xe8\x03\xe8\x03'
2026-04-03 09:00:46,507 - BEE-EPT-UA913 - INFO - Autopilot state: {'connection': True, 'bee_state': 'ATACK', 'roll': 1500, 'pitch': 1550, 'yaw': 1500, 'throttle': 1002, 'last_manual_roll': 1500, 'last_manual_pitch': 1550, 'last_manual_yaw': 1500, 'last_manual_throttle': 1002, 'aux3': 1000, 'aux4': 2000, 'aux5': 1500, 'aux6': 1000, 'aux7': 1000, 'battery': 23.3, 'rssi': 802, 'rssi_msg': 'Strong signal', 'speed': 0.0, 'altitude': 0.26, 'caught': True, 'ready_hold_active': False, 'ready_hold_pending_capture': False, 'ready_hold_roll': 1500, 'ready_hold_pitch': 1500, 'ready_hold_yaw': 1500, 'ready_hold_throttle': 1100, 'target_locked': False, 'tracking_bbox': None, 'attack_error_x': 0.0, 'attack_error_y': 0.0, 'target_size': 0.0, 'attack_active': True, 'attack_base_roll': 1500, 'attack_base_pitch': 1550, 'attack_base_yaw': 1500, 'attack_base_throttle': 1002, 'prev_attack_error_x': 0.0, 'prev_attack_time': 64.008396108, 'prev_target_size': 0.0}
2026-04-03 09:00:46,558 - BEE-EPT-UA913 - DEBUG - Executing command: TELEMETRY, Priority: 1, Body: {'target': 'MSP_RC'}
2026-04-03 09:00:46,567 - BEE-EPT-UA913 - DEBUG - Telemetry: b'\xdc\x05\x0e\x06\xdc\x05\xea\x03\xe8\x03\xd0\x07\xe8\x03\xd0\x07\xe8\x03\xe8\x03\xe8\x03\xfd\x05\xdc\x05\xdc\x05\xe8\x03\xe8\x03'
2026-04-03 09:00:46,567 - BEE-EPT-UA913 - INFO - Autopilot state: {'connection': True, 'bee_state': 'ATACK', 'roll': 1500, 'pitch': 1550, 'yaw': 1500, 'throttle': 1002, 'last_manual_roll': 1500, 'last_manual_pitch': 1550, 'last_manual_yaw': 1500, 'last_manual_throttle': 1002, 'aux3': 1000, 'aux4': 2000, 'aux5': 1500, 'aux6': 1000, 'aux7': 1000, 'battery': 23.3, 'rssi': 802, 'rssi_msg': 'Strong signal', 'speed': 0.0, 'altitude': 0.26, 'caught': True, 'ready_hold_active': False, 'ready_hold_pending_capture': False, 'ready_hold_roll': 1500, 'ready_hold_pitch': 1500, 'ready_hold_yaw': 1500, 'ready_hold_throttle': 1100, 'target_locked': False, 'tracking_bbox': None, 'attack_error_x': 0.0, 'attack_error_y': 0.0, 'target_size': 0.0, 'attack_active': True, 'attack_base_roll': 1500, 'attack_base_pitch': 1550, 'attack_base_yaw': 1500, 'attack_base_throttle': 1002, 'prev_attack_error_x': 0.0, 'prev_attack_time': 64.058833812, 'prev_target_size': 0.0}
2026-04-03 09:00:46,629 - BEE-EPT-UA913 - DEBUG - Executing command: TELEMETRY, Priority: 1, Body: {'target': 'MSP_RC'}
2026-04-03 09:00:46,637 - BEE-EPT-UA913 - DEBUG - Telemetry: b'\xdc\x05@\x06\xdc\x05\xf7\x03\xe8\x03\xd0\x07\xe8\x03\xd0\x07\xe8\x03\xe8\x03\xe8\x03\xfd\x05\xdc\x05\xdc\x05\xe8\x03\xe8\x03'
2026-04-03 09:00:46,638 - BEE-EPT-UA913 - INFO - Autopilot state: {'connection': True, 'bee_state': 'ATACK', 'roll': 1500, 'pitch': 1600, 'yaw': 1500, 'throttle': 1015, 'last_manual_roll': 1500, 'last_manual_pitch': 1600, 'last_manual_yaw': 1500, 'last_manual_throttle': 1015, 'aux3': 1000, 'aux4': 2000, 'aux5': 1500, 'aux6': 1000, 'aux7': 1000, 'battery': 23.3, 'rssi': 802, 'rssi_msg': 'Strong signal', 'speed': 0.0, 'altitude': 0.26, 'caught': True, 'ready_hold_active': False, 'ready_hold_pending_capture': False, 'ready_hold_roll': 1500, 'ready_hold_pitch': 1500, 'ready_hold_yaw': 1500, 'ready_hold_throttle': 1100, 'target_locked': True, 'tracking_bbox': (311, 231, 17, 17), 'attack_error_x': -0.0015625, 'attack_error_y': -0.1684027777777778, 'target_size': 289.0, 'attack_active': True, 'attack_base_roll': 1500, 'attack_base_pitch': 1550, 'attack_base_yaw': 1500, 'attack_base_throttle': 1002, 'prev_attack_error_x': 0.0, 'prev_attack_time': 64.160197941, 'prev_target_size': 289.0}
2026-04-03 09:00:46,730 - BEE-EPT-UA913 - DEBUG - Executing command: TELEMETRY, Priority: 1, Body: {'target': 'MSP_RC'}
2026-04-03 09:00:46,738 - BEE-EPT-UA913 - DEBUG - Telemetry: b'\xdc\x05@\x06\xdc\x05\xf7\x03\xe8\x03\xd0\x07\xe8\x03\xd0\x07\xe8\x03\xe8\x03\xe8\x03\xfd\x05\xdc\x05\xdc\x05\xe8\x03\xe8\x03'
2026-04-03 09:00:46,738 - BEE-EPT-UA913 - INFO - Autopilot state: {'connection': True, 'bee_state': 'ATACK', 'roll': 1500, 'pitch': 1600, 'yaw': 1500, 'throttle': 1015, 'last_manual_roll': 1500, 'last_manual_pitch': 1600, 'last_manual_yaw': 1500, 'last_manual_throttle': 1015, 'aux3': 1000, 'aux4': 2000, 'aux5': 1500, 'aux6': 1000, 'aux7': 1000, 'battery': 23.3, 'rssi': 802, 'rssi_msg': 'Strong signal', 'speed': 0.0, 'altitude': 0.26, 'caught': True, 'ready_hold_active': False, 'ready_hold_pending_capture': False, 'ready_hold_roll': 1500, 'ready_hold_pitch': 1500, 'ready_hold_yaw': 1500, 'ready_hold_throttle': 1100, 'target_locked': True, 'tracking_bbox': (311, 231, 17, 17), 'attack_error_x': -0.0015625, 'attack_error_y': -0.1684027777777778, 'target_size': 289.0, 'attack_active': True, 'attack_base_roll': 1500, 'attack_base_pitch': 1550, 'attack_base_yaw': 1500, 'attack_base_throttle': 1002, 'prev_attack_error_x': 0.0, 'prev_attack_time': 64.210884312, 'prev_target_size': 289.0}
2026-04-03 09:00:46,833 - BEE-EPT-UA913 - DEBUG - Executing command: TELEMETRY, Priority: 1, Body: {'target': 'MSP_RC'}
2026-04-03 09:00:46,838 - BEE-EPT-UA913 - DEBUG - Telemetry: b'\xdc\x05@\x06\xdc\x05\xf7\x03\xe8\x03\xd0\x07\xe8\x03\xd0\x07\xe8\x03\xe8\x03\xe8\x03\xfd\x05\xdc\x05\xdc\x05\xe8\x03\xe8\x03'
2026-04-03 09:00:46,839 - BEE-EPT-UA913 - INFO - Autopilot state: {'connection': True, 'bee_state': 'ATACK', 'roll': 1500, 'pitch': 1600, 'yaw': 1500, 'throttle': 1015, 'last_manual_roll': 1500, 'last_manual_pitch': 1600, 'last_manual_yaw': 1500, 'last_manual_throttle': 1015, 'aux3': 1000, 'aux4': 2000, 'aux5': 1500, 'aux6': 1000, 'aux7': 1000, 'battery': 23.3, 'rssi': 802, 'rssi_msg': 'Strong signal', 'speed': 0.0, 'altitude': 0.26, 'caught': True, 'ready_hold_active': False, 'ready_hold_pending_capture': False, 'ready_hold_roll': 1500, 'ready_hold_pitch': 1500, 'ready_hold_yaw': 1500, 'ready_hold_throttle': 1100, 'target_locked': True, 'tracking_bbox': (312, 231, 17, 17), 'attack_error_x': 0.0015625, 'attack_error_y': -0.1684027777777778, 'target_size': 289.0, 'attack_active': True, 'attack_base_roll': 1500, 'attack_base_pitch': 1550, 'attack_base_yaw': 1500, 'attack_base_throttle': 1002, 'prev_attack_error_x': 0.0, 'prev_attack_time': 64.316145608, 'prev_target_size': 289.0}
2026-04-03 09:00:46,934 - BEE-EPT-UA913 - DEBUG - Executing command: TELEMETRY, Priority: 1, Body: {'target': 'MSP_RC'}
2026-04-03 09:00:46,939 - BEE-EPT-UA913 - DEBUG - Telemetry: b'\xdc\x05@\x06\xdc\x05\xf7\x03\xe8\x03\xd0\x07\xe8\x03\xd0\x07\xe8\x03\xe8\x03\xe8\x03\xfd\x05\xdc\x05\xdc\x05\xe8\x03\xe8\x03'
2026-04-03 09:00:46,939 - BEE-EPT-UA913 - INFO - Autopilot state: {'connection': True, 'bee_state': 'ATACK', 'roll': 1500, 'pitch': 1600, 'yaw': 1500, 'throttle': 1015, 'last_manual_roll': 1500, 'last_manual_pitch': 1600, 'last_manual_yaw': 1500, 'last_manual_throttle': 1015, 'aux3': 1000, 'aux4': 2000, 'aux5': 1500, 'aux6': 1000, 'aux7': 1000, 'battery': 23.3, 'rssi': 802, 'rssi_msg': 'Strong signal', 'speed': 0.0, 'altitude': 0.26, 'caught': True, 'ready_hold_active': False, 'ready_hold_pending_capture': False, 'ready_hold_roll': 1500, 'ready_hold_pitch': 1500, 'ready_hold_yaw': 1500, 'ready_hold_throttle': 1100, 'target_locked': True, 'tracking_bbox': (312, 231, 17, 17), 'attack_error_x': 0.0015625, 'attack_error_y': -0.1684027777777778, 'target_size': 289.0, 'attack_active': True, 'attack_base_roll': 1500, 'attack_base_pitch': 1550, 'attack_base_yaw': 1500, 'attack_base_throttle': 1002, 'prev_attack_error_x': 0.0, 'prev_attack_time': 64.416648052, 'prev_target_size': 289.0}
2026-04-03 09:00:47,034 - BEE-EPT-UA913 - DEBUG - Executing command: TELEMETRY, Priority: 1, Body: {'target': 'MSP_RC'}
2026-04-03 09:00:47,039 - BEE-EPT-UA913 - DEBUG - Telemetry: b'\xdc\x05@\x06\xdc\x05\xf7\x03\xe8\x03\xd0\x07\xe8\x03\xd0\x07\xe8\x03\xe8\x03\xe8\x03\xfd\x05\xdc\x05\xdc\x05\xe8\x03\xe8\x03'
2026-04-03 09:00:47,039 - BEE-EPT-UA913 - INFO - Autopilot state: {'connection': True, 'bee_state': 'ATACK', 'roll': 1500, 'pitch': 1600, 'yaw': 1500, 'throttle': 1015, 'last_manual_roll': 1500, 'last_manual_pitch': 1600, 'last_manual_yaw': 1500, 'last_manual_throttle': 1015, 'aux3': 1000, 'aux4': 2000, 'aux5': 1500, 'aux6': 1000, 'aux7': 1000, 'battery': 23.3, 'rssi': 802, 'rssi_msg': 'Strong signal', 'speed': 0.0, 'altitude': 0.26, 'caught': True, 'ready_hold_active': False, 'ready_hold_pending_capture': False, 'ready_hold_roll': 1500, 'ready_hold_pitch': 1500, 'ready_hold_yaw': 1500, 'ready_hold_throttle': 1100, 'target_locked': True, 'tracking_bbox': (312, 231, 17, 17), 'attack_error_x': 0.0015625, 'attack_error_y': -0.1684027777777778, 'target_size': 289.0, 'attack_active': True, 'attack_base_roll': 1500, 'attack_base_pitch': 1550, 'attack_base_yaw': 1500, 'attack_base_throttle': 1002, 'prev_attack_error_x': 0.0, 'prev_attack_time': 64.517610756, 'prev_target_size': 289.0}
2026-04-03 09:00:47,141 - BEE-EPT-UA913 - DEBUG - Executing command: TELEMETRY, Priority: 1, Body: {'target': 'MSP_RC'}
2026-04-03 09:00:47,150 - BEE-EPT-UA913 - DEBUG - Telemetry: b'\xdc\x05@\x06\xdc\x05\xf7\x03\xe8\x03\xd0\x07\xe8\x03\xd0\x07\xe8\x03\xe8\x03\xe8\x03\xfd\x05\xdc\x05\xdc\x05\xe8\x03\xe8\x03'
2026-04-03 09:00:47,150 - BEE-EPT-UA913 - INFO - Autopilot state: {'connection': True, 'bee_state': 'ATACK', 'roll': 1500, 'pitch': 1600, 'yaw': 1500, 'throttle': 1015, 'last_manual_roll': 1500, 'last_manual_pitch': 1600, 'last_manual_yaw': 1500, 'last_manual_throttle': 1015, 'aux3': 1000, 'aux4': 2000, 'aux5': 1500, 'aux6': 1000, 'aux7': 1000, 'battery': 23.3, 'rssi': 802, 'rssi_msg': 'Strong signal', 'speed': 0.0, 'altitude': 0.26, 'caught': True, 'ready_hold_active': False, 'ready_hold_pending_capture': False, 'ready_hold_roll': 1500, 'ready_hold_pitch': 1500, 'ready_hold_yaw': 1500, 'ready_hold_throttle': 1100, 'target_locked': True, 'tracking_bbox': (311, 231, 17, 17), 'attack_error_x': -0.0015625, 'attack_error_y': -0.1684027777777778, 'target_size': 289.0, 'attack_active': True, 'attack_base_roll': 1500, 'attack_base_pitch': 1550, 'attack_base_yaw': 1500, 'attack_base_throttle': 1002, 'prev_attack_error_x': 0.0, 'prev_attack_time': 64.670351682, 'prev_target_size': 289.0}
2026-04-03 09:00:47,201 - BEE-EPT-UA913 - DEBUG - Executing command: TELEMETRY, Priority: 2, Body: {'target': 'MSP_ALTITUDE'}
2026-04-03 09:00:47,218 - BEE-EPT-UA913 - DEBUG - Telemetry: b'\x1a\x00\x00\x00\x00\x00'
2026-04-03 09:00:47,219 - BEE-EPT-UA913 - INFO - Autopilot state: {'connection': True, 'bee_state': 'ATACK', 'roll': 1500, 'pitch': 1600, 'yaw': 1500, 'throttle': 1015, 'last_manual_roll': 1500, 'last_manual_pitch': 1600, 'last_manual_yaw': 1500, 'last_manual_throttle': 1015, 'aux3': 1000, 'aux4': 2000, 'aux5': 1500, 'aux6': 1000, 'aux7': 1000, 'battery': 23.3, 'rssi': 802, 'rssi_msg': 'Strong signal', 'speed': 0.0, 'altitude': 0.26, 'caught': True, 'ready_hold_active': False, 'ready_hold_pending_capture': False, 'ready_hold_roll': 1500, 'ready_hold_pitch': 1500, 'ready_hold_yaw': 1500, 'ready_hold_throttle': 1100, 'target_locked': True, 'tracking_bbox': (310, 232, 17, 17), 'attack_error_x': -0.0046875, 'attack_error_y': -0.16493055555555555, 'target_size': 289.0, 'attack_active': True, 'attack_base_roll': 1500, 'attack_base_pitch': 1550, 'attack_base_yaw': 1500, 'attack_base_throttle': 1002, 'prev_attack_error_x': 0.0, 'prev_attack_time': 64.723544848, 'prev_target_size': 289.0}
2026-04-03 09:00:47,269 - BEE-EPT-UA913 - DEBUG - Executing command: TELEMETRY, Priority: 1, Body: {'target': 'MSP_RC'}
2026-04-03 09:00:47,281 - BEE-EPT-UA913 - DEBUG - Telemetry: b'\xdc\x05?\x06\xdc\x05\xf7\x03\xe8\x03\xd0\x07\xe8\x03\xd0\x07\xe8\x03\xe8\x03\xe8\x03\xfd\x05\xdc\x05\xdc\x05\xe8\x03\xe8\x03'
2026-04-03 09:00:47,281 - BEE-EPT-UA913 - INFO - Autopilot state: {'connection': True, 'bee_state': 'ATACK', 'roll': 1500, 'pitch': 1599, 'yaw': 1500, 'throttle': 1015, 'last_manual_roll': 1500, 'last_manual_pitch': 1599, 'last_manual_yaw': 1500, 'last_manual_throttle': 1015, 'aux3': 1000, 'aux4': 2000, 'aux5': 1500, 'aux6': 1000, 'aux7': 1000, 'battery': 23.3, 'rssi': 802, 'rssi_msg': 'Strong signal', 'speed': 0.0, 'altitude': 0.26, 'caught': True, 'ready_hold_active': False, 'ready_hold_pending_capture': False, 'ready_hold_roll': 1500, 'ready_hold_pitch': 1500, 'ready_hold_yaw': 1500, 'ready_hold_throttle': 1100, 'target_locked': True, 'tracking_bbox': (310, 232, 17, 17), 'attack_error_x': -0.0046875, 'attack_error_y': -0.16493055555555555, 'target_size': 289.0, 'attack_active': True, 'attack_base_roll': 1500, 'attack_base_pitch': 1550, 'attack_base_yaw': 1500, 'attack_base_throttle': 1002, 'prev_attack_error_x': 0.0, 'prev_attack_time': 64.776074089, 'prev_target_size': 289.0}
2026-04-03 09:00:47,332 - BEE-EPT-UA913 - DEBUG - Executing command: MONITOR, Priority: 2, Body: {'target': 'MSP_ANALOG'}
2026-04-03 09:00:47,339 - BEE-EPT-UA913 - DEBUG - Monitoring: b'\xe9\x00\x00H\x03\x00\x00\x19\t'
2026-04-03 09:00:47,339 - BEE-EPT-UA913 - INFO - RSSI: 840, signal: Strong signal, battery voltage: 23.3V
2026-04-03 09:00:47,390 - BEE-EPT-UA913 - DEBUG - Executing command: TELEMETRY, Priority: 1, Body: {'target': 'MSP_RC'}
2026-04-03 09:00:47,405 - BEE-EPT-UA913 - DEBUG - Telemetry: b'\xdc\x05?\x06\xdc\x05\xf7\x03\xe8\x03\xd0\x07\xe8\x03\xd0\x07\xe8\x03\xe8\x03\xe8\x03\xfd\x05\xdc\x05\xdc\x05\xe8\x03\xe8\x03'
2026-04-03 09:00:47,406 - BEE-EPT-UA913 - INFO - Autopilot state: {'connection': True, 'bee_state': 'ATACK', 'roll': 1500, 'pitch': 1599, 'yaw': 1500, 'throttle': 1015, 'last_manual_roll': 1500, 'last_manual_pitch': 1599, 'last_manual_yaw': 1500, 'last_manual_throttle': 1015, 'aux3': 1000, 'aux4': 2000, 'aux5': 1500, 'aux6': 1000, 'aux7': 1000, 'battery': 23.3, 'rssi': 840, 'rssi_msg': 'Strong signal', 'speed': 0.0, 'altitude': 0.26, 'caught': True, 'ready_hold_active': False, 'ready_hold_pending_capture': False, 'ready_hold_roll': 1500, 'ready_hold_pitch': 1500, 'ready_hold_yaw': 1500, 'ready_hold_throttle': 1100, 'target_locked': True, 'tracking_bbox': (312, 231, 17, 17), 'attack_error_x': 0.0015625, 'attack_error_y': -0.1684027777777778, 'target_size': 289.0, 'attack_active': True, 'attack_base_roll': 1500, 'attack_base_pitch': 1550, 'attack_base_yaw': 1500, 'attack_base_throttle': 1002, 'prev_attack_error_x': 0.0, 'prev_attack_time': 64.926840404, 'prev_target_size': 289.0}
2026-04-03 09:00:47,456 - BEE-EPT-UA913 - DEBUG - Executing command: TELEMETRY, Priority: 1, Body: {'target': 'MSP_RC'}
2026-04-03 09:00:47,462 - BEE-EPT-UA913 - DEBUG - Telemetry: b'\xdc\x05@\x06\xdc\x05\xf7\x03\xe8\x03\xd0\x07\xe8\x03\xd0\x07\xe8\x03\xe8\x03\xe8\x03\xfd\x05\xdc\x05\xdc\x05\xe8\x03\xe8\x03'
2026-04-03 09:00:47,462 - BEE-EPT-UA913 - INFO - Autopilot state: {'connection': True, 'bee_state': 'ATACK', 'roll': 1500, 'pitch': 1600, 'yaw': 1500, 'throttle': 1015, 'last_manual_roll': 1500, 'last_manual_pitch': 1600, 'last_manual_yaw': 1500, 'last_manual_throttle': 1015, 'aux3': 1000, 'aux4': 2000, 'aux5': 1500, 'aux6': 1000, 'aux7': 1000, 'battery': 23.3, 'rssi': 840, 'rssi_msg': 'Strong signal', 'speed': 0.0, 'altitude': 0.26, 'caught': True, 'ready_hold_active': False, 'ready_hold_pending_capture': False, 'ready_hold_roll': 1500, 'ready_hold_pitch': 1500, 'ready_hold_yaw': 1500, 'ready_hold_throttle': 1100, 'target_locked': True, 'tracking_bbox': (312, 231, 17, 17), 'attack_error_x': 0.0015625, 'attack_error_y': -0.1684027777777778, 'target_size': 289.0, 'attack_active': True, 'attack_base_roll': 1500, 'attack_base_pitch': 1550, 'attack_base_yaw': 1500, 'attack_base_throttle': 1002, 'prev_attack_error_x': 0.0, 'prev_attack_time': 64.982700459, 'prev_target_size': 289.0}
2026-04-03 09:00:47,542 - BEE-EPT-UA913 - DEBUG - Executing command: TELEMETRY, Priority: 1, Body: {'target': 'MSP_RC'}
2026-04-03 09:00:47,553 - BEE-EPT-UA913 - DEBUG - Telemetry: b'\xdc\x05@\x06\xdc\x05\xf7\x03\xe8\x03\xd0\x07\xe8\x03\xd0\x07\xe8\x03\xe8\x03\xe8\x03\xfd\x05\xdc\x05\xdc\x05\xe8\x03\xe8\x03'
2026-04-03 09:00:47,554 - BEE-EPT-UA913 - INFO - Autopilot state: {'connection': True, 'bee_state': 'ATACK', 'roll': 1500, 'pitch': 1600, 'yaw': 1500, 'throttle': 1015, 'last_manual_roll': 1500, 'last_manual_pitch': 1600, 'last_manual_yaw': 1500, 'last_manual_throttle': 1015, 'aux3': 1000, 'aux4': 2000, 'aux5': 1500, 'aux6': 1000, 'aux7': 1000, 'battery': 23.3, 'rssi': 840, 'rssi_msg': 'Strong signal', 'speed': 0.0, 'altitude': 0.26, 'caught': True, 'ready_hold_active': False, 'ready_hold_pending_capture': False, 'ready_hold_roll': 1500, 'ready_hold_pitch': 1500, 'ready_hold_yaw': 1500, 'ready_hold_throttle': 1100, 'target_locked': True, 'tracking_bbox': (313, 230, 17, 17), 'attack_error_x': 0.0046875, 'attack_error_y': -0.171875, 'target_size': 289.0, 'attack_active': True, 'attack_base_roll': 1500, 'attack_base_pitch': 1550, 'attack_base_yaw': 1500, 'attack_base_throttle': 1002, 'prev_attack_error_x': 0.0, 'prev_attack_time': 65.035299367, 'prev_target_size': 289.0}
2026-04-03 09:00:47,644 - BEE-EPT-UA913 - DEBUG - Executing command: TELEMETRY, Priority: 1, Body: {'target': 'MSP_RC'}
2026-04-03 09:00:47,652 - BEE-EPT-UA913 - DEBUG - Telemetry: b'\xdc\x05A\x06\xdc\x05\xf7\x03\xe8\x03\xd0\x07\xe8\x03\xd0\x07\xe8\x03\xe8\x03\xe8\x03\xfd\x05\xdc\x05\xdc\x05\xe8\x03\xe8\x03'
2026-04-03 09:00:47,653 - BEE-EPT-UA913 - INFO - Autopilot state: {'connection': True, 'bee_state': 'ATACK', 'roll': 1500, 'pitch': 1601, 'yaw': 1500, 'throttle': 1015, 'last_manual_roll': 1500, 'last_manual_pitch': 1601, 'last_manual_yaw': 1500, 'last_manual_throttle': 1015, 'aux3': 1000, 'aux4': 2000, 'aux5': 1500, 'aux6': 1000, 'aux7': 1000, 'battery': 23.3, 'rssi': 840, 'rssi_msg': 'Strong signal', 'speed': 0.0, 'altitude': 0.26, 'caught': True, 'ready_hold_active': False, 'ready_hold_pending_capture': False, 'ready_hold_roll': 1500, 'ready_hold_pitch': 1500, 'ready_hold_yaw': 1500, 'ready_hold_throttle': 1100, 'target_locked': True, 'tracking_bbox': (313, 230, 17, 17), 'attack_error_x': 0.0046875, 'attack_error_y': -0.171875, 'target_size': 289.0, 'attack_active': True, 'attack_base_roll': 1500, 'attack_base_pitch': 1550, 'attack_base_yaw': 1500, 'attack_base_throttle': 1002, 'prev_attack_error_x': 0.0, 'prev_attack_time': 65.138340422, 'prev_target_size': 289.0}
2026-04-03 09:00:47,744 - BEE-EPT-UA913 - DEBUG - Executing command: TELEMETRY, Priority: 1, Body: {'target': 'MSP_RC'}
2026-04-03 09:00:47,753 - BEE-EPT-UA913 - DEBUG - Telemetry: b'\xdc\x05A\x06\xdc\x05\xf7\x03\xe8\x03\xd0\x07\xe8\x03\xd0\x07\xe8\x03\xe8\x03\xe8\x03\xfd\x05\xdc\x05\xdc\x05\xe8\x03\xe8\x03'
2026-04-03 09:00:47,753 - BEE-EPT-UA913 - INFO - Autopilot state: {'connection': True, 'bee_state': 'ATACK', 'roll': 1500, 'pitch': 1601, 'yaw': 1500, 'throttle': 1015, 'last_manual_roll': 1500, 'last_manual_pitch': 1601, 'last_manual_yaw': 1500, 'last_manual_throttle': 1015, 'aux3': 1000, 'aux4': 2000, 'aux5': 1500, 'aux6': 1000, 'aux7': 1000, 'battery': 23.3, 'rssi': 840, 'rssi_msg': 'Strong signal', 'speed': 0.0, 'altitude': 0.26, 'caught': True, 'ready_hold_active': False, 'ready_hold_pending_capture': False, 'ready_hold_roll': 1500, 'ready_hold_pitch': 1500, 'ready_hold_yaw': 1500, 'ready_hold_throttle': 1100, 'target_locked': True, 'tracking_bbox': (309, 233, 17, 17), 'attack_error_x': -0.0078125, 'attack_error_y': -0.16145833333333334, 'target_size': 289.0, 'attack_active': True, 'attack_base_roll': 1500, 'attack_base_pitch': 1550, 'attack_base_yaw': 1500, 'attack_base_throttle': 1002, 'prev_attack_error_x': 0.0, 'prev_attack_time': 65.238815922, 'prev_target_size': 289.0}
2026-04-03 09:00:47,845 - BEE-EPT-UA913 - DEBUG - Executing command: TELEMETRY, Priority: 1, Body: {'target': 'MSP_RC'}
2026-04-03 09:00:47,853 - BEE-EPT-UA913 - DEBUG - Telemetry: b'\xdc\x05>\x06\xdc\x05\xf6\x03\xe8\x03\xd0\x07\xe8\x03\xd0\x07\xe8\x03\xe8\x03\xe8\x03\xfd\x05\xdc\x05\xdc\x05\xe8\x03\xe8\x03'
2026-04-03 09:00:47,854 - BEE-EPT-UA913 - INFO - Autopilot state: {'connection': True, 'bee_state': 'ATACK', 'roll': 1500, 'pitch': 1598, 'yaw': 1500, 'throttle': 1014, 'last_manual_roll': 1500, 'last_manual_pitch': 1598, 'last_manual_yaw': 1500, 'last_manual_throttle': 1014, 'aux3': 1000, 'aux4': 2000, 'aux5': 1500, 'aux6': 1000, 'aux7': 1000, 'battery': 23.3, 'rssi': 840, 'rssi_msg': 'Strong signal', 'speed': 0.0, 'altitude': 0.26, 'caught': True, 'ready_hold_active': False, 'ready_hold_pending_capture': False, 'ready_hold_roll': 1500, 'ready_hold_pitch': 1500, 'ready_hold_yaw': 1500, 'ready_hold_throttle': 1100, 'target_locked': True, 'tracking_bbox': (311, 231, 17, 17), 'attack_error_x': -0.0015625, 'attack_error_y': -0.1684027777777778, 'target_size': 289.0, 'attack_active': True, 'attack_base_roll': 1500, 'attack_base_pitch': 1550, 'attack_base_yaw': 1500, 'attack_base_throttle': 1002, 'prev_attack_error_x': 0.0, 'prev_attack_time': 65.342326922, 'prev_target_size': 289.0}
2026-04-03 09:00:47,947 - BEE-EPT-UA913 - DEBUG - Executing command: TELEMETRY, Priority: 1, Body: {'target': 'MSP_RC'}
2026-04-03 09:00:47,954 - BEE-EPT-UA913 - DEBUG - Telemetry: b'\xdc\x05@\x06\xdc\x05\xf7\x03\xe8\x03\xd0\x07\xe8\x03\xd0\x07\xe8\x03\xe8\x03\xe8\x03\xfd\x05\xdc\x05\xdc\x05\xe8\x03\xe8\x03'
2026-04-03 09:00:47,954 - BEE-EPT-UA913 - INFO - Autopilot state: {'connection': True, 'bee_state': 'ATACK', 'roll': 1500, 'pitch': 1600, 'yaw': 1500, 'throttle': 1015, 'last_manual_roll': 1500, 'last_manual_pitch': 1600, 'last_manual_yaw': 1500, 'last_manual_throttle': 1015, 'aux3': 1000, 'aux4': 2000, 'aux5': 1500, 'aux6': 1000, 'aux7': 1000, 'battery': 23.3, 'rssi': 840, 'rssi_msg': 'Strong signal', 'speed': 0.0, 'altitude': 0.26, 'caught': True, 'ready_hold_active': False, 'ready_hold_pending_capture': False, 'ready_hold_roll': 1500, 'ready_hold_pitch': 1500, 'ready_hold_yaw': 1500, 'ready_hold_throttle': 1100, 'target_locked': True, 'tracking_bbox': (311, 231, 17, 17), 'attack_error_x': -0.0015625, 'attack_error_y': -0.1684027777777778, 'target_size': 289.0, 'attack_active': True, 'attack_base_roll': 1500, 'attack_base_pitch': 1550, 'attack_base_yaw': 1500, 'attack_base_throttle': 1002, 'prev_attack_error_x': 0.0, 'prev_attack_time': 65.446376866, 'prev_target_size': 289.0}
2026-04-03 09:00:48,051 - BEE-EPT-UA913 - DEBUG - Executing command: TELEMETRY, Priority: 1, Body: {'target': 'MSP_RC'}
2026-04-03 09:00:48,064 - BEE-EPT-UA913 - DEBUG - Telemetry: b'\xdc\x05@\x06\xdc\x05\xf7\x03\xe8\x03\xd0\x07\xe8\x03\xd0\x07\xe8\x03\xe8\x03\xe8\x03\xfd\x05\xdc\x05\xdc\x05\xe8\x03\xe8\x03'
2026-04-03 09:00:48,065 - BEE-EPT-UA913 - INFO - Autopilot state: {'connection': True, 'bee_state': 'ATACK', 'roll': 1500, 'pitch': 1600, 'yaw': 1500, 'throttle': 1015, 'last_manual_roll': 1500, 'last_manual_pitch': 1600, 'last_manual_yaw': 1500, 'last_manual_throttle': 1015, 'aux3': 1000, 'aux4': 2000, 'aux5': 1500, 'aux6': 1000, 'aux7': 1000, 'battery': 23.3, 'rssi': 840, 'rssi_msg': 'Strong signal', 'speed': 0.0, 'altitude': 0.26, 'caught': True, 'ready_hold_active': False, 'ready_hold_pending_capture': False, 'ready_hold_roll': 1500, 'ready_hold_pitch': 1500, 'ready_hold_yaw': 1500, 'ready_hold_throttle': 1100, 'target_locked': True, 'tracking_bbox': (312, 231, 17, 17), 'attack_error_x': 0.0015625, 'attack_error_y': -0.1684027777777778, 'target_size': 289.0, 'attack_active': True, 'attack_base_roll': 1500, 'attack_base_pitch': 1550, 'attack_base_yaw': 1500, 'attack_base_throttle': 1002, 'prev_attack_error_x': 0.0, 'prev_attack_time': 65.546997792, 'prev_target_size': 289.0}
2026-04-03 09:00:48,157 - BEE-EPT-UA913 - DEBUG - Executing command: TELEMETRY, Priority: 1, Body: {'target': 'MSP_RC'}
2026-04-03 09:00:48,165 - BEE-EPT-UA913 - DEBUG - Telemetry: b'\xdc\x05@\x06\xdc\x05\xf7\x03\xe8\x03\xd0\x07\xe8\x03\xd0\x07\xe8\x03\xe8\x03\xe8\x03\xfd\x05\xdc\x05\xdc\x05\xe8\x03\xe8\x03'
2026-04-03 09:00:48,165 - BEE-EPT-UA913 - INFO - Autopilot state: {'connection': True, 'bee_state': 'ATACK', 'roll': 1500, 'pitch': 1600, 'yaw': 1500, 'throttle': 1015, 'last_manual_roll': 1500, 'last_manual_pitch': 1600, 'last_manual_yaw': 1500, 'last_manual_throttle': 1015, 'aux3': 1000, 'aux4': 2000, 'aux5': 1500, 'aux6': 1000, 'aux7': 1000, 'battery': 23.3, 'rssi': 840, 'rssi_msg': 'Strong signal', 'speed': 0.0, 'altitude': 0.26, 'caught': True, 'ready_hold_active': False, 'ready_hold_pending_capture': False, 'ready_hold_roll': 1500, 'ready_hold_pitch': 1500, 'ready_hold_yaw': 1500, 'ready_hold_throttle': 1100, 'target_locked': True, 'tracking_bbox': (311, 231, 17, 17), 'attack_error_x': -0.0015625, 'attack_error_y': -0.1684027777777778, 'target_size': 289.0, 'attack_active': True, 'attack_base_roll': 1500, 'attack_base_pitch': 1550, 'attack_base_yaw': 1500, 'attack_base_throttle': 1002, 'prev_attack_error_x': 0.0, 'prev_attack_time': 65.647666126, 'prev_target_size': 289.0}
2026-04-03 09:00:48,216 - BEE-EPT-UA913 - DEBUG - Executing command: TELEMETRY, Priority: 2, Body: {'target': 'MSP_ALTITUDE'}
2026-04-03 09:00:48,223 - BEE-EPT-UA913 - DEBUG - Telemetry: b'\x1a\x00\x00\x00\x00\x00'
2026-04-03 09:00:48,224 - BEE-EPT-UA913 - INFO - Autopilot state: {'connection': True, 'bee_state': 'ATACK', 'roll': 1500, 'pitch': 1600, 'yaw': 1500, 'throttle': 1015, 'last_manual_roll': 1500, 'last_manual_pitch': 1600, 'last_manual_yaw': 1500, 'last_manual_throttle': 1015, 'aux3': 1000, 'aux4': 2000, 'aux5': 1500, 'aux6': 1000, 'aux7': 1000, 'battery': 23.3, 'rssi': 840, 'rssi_msg': 'Strong signal', 'speed': 0.0, 'altitude': 0.26, 'caught': True, 'ready_hold_active': False, 'ready_hold_pending_capture': False, 'ready_hold_roll': 1500, 'ready_hold_pitch': 1500, 'ready_hold_yaw': 1500, 'ready_hold_throttle': 1100, 'target_locked': True, 'tracking_bbox': (311, 231, 17, 17), 'attack_error_x': -0.0015625, 'attack_error_y': -0.1684027777777778, 'target_size': 289.0, 'attack_active': True, 'attack_base_roll': 1500, 'attack_base_pitch': 1550, 'attack_base_yaw': 1500, 'attack_base_throttle': 1002, 'prev_attack_error_x': 0.0, 'prev_attack_time': 65.700050996, 'prev_target_size': 289.0}
2026-04-03 09:00:48,274 - BEE-EPT-UA913 - DEBUG - Executing command: TELEMETRY, Priority: 1, Body: {'target': 'MSP_RC'}
2026-04-03 09:00:48,286 - BEE-EPT-UA913 - DEBUG - Telemetry: b'\xdc\x05@\x06\xdc\x05\xf7\x03\xe8\x03\xd0\x07\xe8\x03\xd0\x07\xe8\x03\xe8\x03\xe8\x03\xfd\x05\xdc\x05\xdc\x05\xe8\x03\xe8\x03'
2026-04-03 09:00:48,287 - BEE-EPT-UA913 - INFO - Autopilot state: {'connection': True, 'bee_state': 'ATACK', 'roll': 1500, 'pitch': 1600, 'yaw': 1500, 'throttle': 1015, 'last_manual_roll': 1500, 'last_manual_pitch': 1600, 'last_manual_yaw': 1500, 'last_manual_throttle': 1015, 'aux3': 1000, 'aux4': 2000, 'aux5': 1500, 'aux6': 1000, 'aux7': 1000, 'battery': 23.3, 'rssi': 840, 'rssi_msg': 'Strong signal', 'speed': 0.0, 'altitude': 0.26, 'caught': True, 'ready_hold_active': False, 'ready_hold_pending_capture': False, 'ready_hold_roll': 1500, 'ready_hold_pitch': 1500, 'ready_hold_yaw': 1500, 'ready_hold_throttle': 1100, 'target_locked': True, 'tracking_bbox': (310, 232, 17, 17), 'attack_error_x': -0.0046875, 'attack_error_y': -0.16493055555555555, 'target_size': 289.0, 'attack_active': True, 'attack_base_roll': 1500, 'attack_base_pitch': 1550, 'attack_base_yaw': 1500, 'attack_base_throttle': 1002, 'prev_attack_error_x': 0.0, 'prev_attack_time': 65.800746589, 'prev_target_size': 289.0}
2026-04-03 09:00:48,338 - BEE-EPT-UA913 - DEBUG - Executing command: MONITOR, Priority: 2, Body: {'target': 'MSP_ANALOG'}
2026-04-03 09:00:48,344 - BEE-EPT-UA913 - DEBUG - Monitoring: b'\xe9\x00\x00U\x03\x00\x00\x19\t'
2026-04-03 09:00:48,349 - BEE-EPT-UA913 - INFO - RSSI: 853, signal: Strong signal, battery voltage: 23.3V
2026-04-03 09:00:48,399 - BEE-EPT-UA913 - DEBUG - Executing command: TELEMETRY, Priority: 1, Body: {'target': 'MSP_RC'}
2026-04-03 09:00:48,416 - BEE-EPT-UA913 - DEBUG - Telemetry: b'\xdc\x05?\x06\xdc\x05\xf7\x03\xe8\x03\xd0\x07\xe8\x03\xde\x05\xe8\x03\xe8\x03\xe8\x03\xfd\x05\xdc\x05\xdc\x05\xe8\x03\xe8\x03'
2026-04-03 09:00:48,417 - BEE-EPT-UA913 - INFO - Bee state changed to [READY]
2026-04-03 09:00:48,445 - BEE-EPT-UA913 - INFO - [ATACK MODE STOPPED]
2026-04-03 09:00:48,445 - BEE-EPT-UA913 - INFO - Autopilot state: {'connection': True, 'bee_state': 'READY', 'roll': 1500, 'pitch': 1599, 'yaw': 1500, 'throttle': 1015, 'last_manual_roll': 1500, 'last_manual_pitch': 1599, 'last_manual_yaw': 1500, 'last_manual_throttle': 1015, 'aux3': 1000, 'aux4': 1502, 'aux5': 1500, 'aux6': 1000, 'aux7': 1000, 'battery': 23.3, 'rssi': 853, 'rssi_msg': 'Strong signal', 'speed': 0.0, 'altitude': 0.26, 'caught': True, 'ready_hold_active': False, 'ready_hold_pending_capture': False, 'ready_hold_roll': 1500, 'ready_hold_pitch': 1500, 'ready_hold_yaw': 1500, 'ready_hold_throttle': 1100, 'target_locked': True, 'tracking_bbox': (311, 232, 17, 17), 'attack_error_x': -0.0015625, 'attack_error_y': -0.16493055555555555, 'target_size': 289.0, 'attack_active': False, 'attack_base_roll': 1500, 'attack_base_pitch': 1550, 'attack_base_yaw': 1500, 'attack_base_throttle': 1002, 'prev_attack_error_x': 0.0, 'prev_attack_time': 65.917498588, 'prev_target_size': 289.0}
2026-04-03 09:00:48,499 - BEE-EPT-UA913 - DEBUG - Executing command: TELEMETRY, Priority: 1, Body: {'target': 'MSP_RC'}
2026-04-03 09:00:48,507 - BEE-EPT-UA913 - DEBUG - Telemetry: b'\xdc\x05\xdc\x05\xdc\x05\xdd\x03\xe8\x03\xd0\x07\xe8\x03\xde\x05\xe8\x03\xe8\x03\xe8\x03\xfd\x05\xdc\x05\xdc\x05\xe8\x03\xe8\x03'
2026-04-03 09:00:48,507 - BEE-EPT-UA913 - INFO - Autopilot state: {'connection': True, 'bee_state': 'READY', 'roll': 1500, 'pitch': 1500, 'yaw': 1500, 'throttle': 989, 'last_manual_roll': 1500, 'last_manual_pitch': 1500, 'last_manual_yaw': 1500, 'last_manual_throttle': 989, 'aux3': 1000, 'aux4': 1502, 'aux5': 1500, 'aux6': 1000, 'aux7': 1000, 'battery': 23.3, 'rssi': 853, 'rssi_msg': 'Strong signal', 'speed': 0.0, 'altitude': 0.26, 'caught': True, 'ready_hold_active': False, 'ready_hold_pending_capture': False, 'ready_hold_roll': 1500, 'ready_hold_pitch': 1500, 'ready_hold_yaw': 1500, 'ready_hold_throttle': 1100, 'target_locked': False, 'tracking_bbox': (311, 231, 17, 17), 'attack_error_x': 0.0, 'attack_error_y': 0.0, 'target_size': 0.0, 'attack_active': False, 'attack_base_roll': 1500, 'attack_base_pitch': 1550, 'attack_base_yaw': 1500, 'attack_base_throttle': 1002, 'prev_attack_error_x': 0.0, 'prev_attack_time': 65.917498588, 'prev_target_size': 289.0}
2026-04-03 09:00:48,559 - BEE-EPT-UA913 - DEBUG - Executing command: TELEMETRY, Priority: 1, Body: {'target': 'MSP_RC'}
2026-04-03 09:00:48,567 - BEE-EPT-UA913 - DEBUG - Telemetry: b'\xdc\x05\xdc\x05\xdc\x05\xdd\x03\xe8\x03\xd0\x07\xe8\x03\xde\x05\xe8\x03\xe8\x03\xe8\x03\xfd\x05\xdc\x05\xdc\x05\xe8\x03\xe8\x03'
2026-04-03 09:00:48,568 - BEE-EPT-UA913 - INFO - Autopilot state: {'connection': True, 'bee_state': 'READY', 'roll': 1500, 'pitch': 1500, 'yaw': 1500, 'throttle': 989, 'last_manual_roll': 1500, 'last_manual_pitch': 1500, 'last_manual_yaw': 1500, 'last_manual_throttle': 989, 'aux3': 1000, 'aux4': 1502, 'aux5': 1500, 'aux6': 1000, 'aux7': 1000, 'battery': 23.3, 'rssi': 853, 'rssi_msg': 'Strong signal', 'speed': 0.0, 'altitude': 0.26, 'caught': True, 'ready_hold_active': False, 'ready_hold_pending_capture': False, 'ready_hold_roll': 1500, 'ready_hold_pitch': 1500, 'ready_hold_yaw': 1500, 'ready_hold_throttle': 1100, 'target_locked': False, 'tracking_bbox': (311, 231, 17, 17), 'attack_error_x': 0.0, 'attack_error_y': 0.0, 'target_size': 0.0, 'attack_active': False, 'attack_base_roll': 1500, 'attack_base_pitch': 1550, 'attack_base_yaw': 1500, 'attack_base_throttle': 1002, 'prev_attack_error_x': 0.0, 'prev_attack_time': 65.917498588, 'prev_target_size': 289.0}
2026-04-03 09:00:48,619 - BEE-EPT-UA913 - DEBUG - Executing command: TELEMETRY, Priority: 1, Body: {'target': 'MSP_RC'}
2026-04-03 09:00:48,627 - BEE-EPT-UA913 - DEBUG - Telemetry: b'\xdc\x05\xdc\x05\xdc\x05\xdd\x03\xe8\x03\xd0\x07\xe8\x03\xde\x05\xe8\x03\xe8\x03\xe8\x03\xfd\x05\xdc\x05\xdc\x05\xe8\x03\xe8\x03'
2026-04-03 09:00:48,628 - BEE-EPT-UA913 - INFO - Autopilot state: {'connection': True, 'bee_state': 'READY', 'roll': 1500, 'pitch': 1500, 'yaw': 1500, 'throttle': 989, 'last_manual_roll': 1500, 'last_manual_pitch': 1500, 'last_manual_yaw': 1500, 'last_manual_throttle': 989, 'aux3': 1000, 'aux4': 1502, 'aux5': 1500, 'aux6': 1000, 'aux7': 1000, 'battery': 23.3, 'rssi': 853, 'rssi_msg': 'Strong signal', 'speed': 0.0, 'altitude': 0.26, 'caught': True, 'ready_hold_active': False, 'ready_hold_pending_capture': False, 'ready_hold_roll': 1500, 'ready_hold_pitch': 1500, 'ready_hold_yaw': 1500, 'ready_hold_throttle': 1100, 'target_locked': False, 'tracking_bbox': (311, 231, 17, 17), 'attack_error_x': 0.0, 'attack_error_y': 0.0, 'target_size': 0.0, 'attack_active': False, 'attack_base_roll': 1500, 'attack_base_pitch': 1550, 'attack_base_yaw': 1500, 'attack_base_throttle': 1002, 'prev_attack_error_x': 0.0, 'prev_attack_time': 65.917498588, 'prev_target_size': 289.0}
2026-04-03 09:00:48,678 - BEE-EPT-UA913 - DEBUG - Executing command: MONITOR, Priority: 2, Body: {'target': 'MSP_ANALOG'}
2026-04-03 09:00:48,686 - BEE-EPT-UA913 - DEBUG - Monitoring: b'\xe9\x00\x00Y\x03\x04\x00\x19\t'
2026-04-03 09:00:48,686 - BEE-EPT-UA913 - INFO - RSSI: 857, signal: Strong signal, battery voltage: 23.3V
2026-04-03 09:00:48,736 - BEE-EPT-UA913 - DEBUG - Executing command: TELEMETRY, Priority: 1, Body: {'target': 'MSP_RC'}
2026-04-03 09:00:48,748 - BEE-EPT-UA913 - DEBUG - Telemetry: b'\xdc\x05\xdc\x05\xdc\x05\xdd\x03\xe8\x03\xd0\x07\xe8\x03\xe8\x03\xe8\x03\xe8\x03\xe8\x03\xfd\x05\xdc\x05\xdc\x05\xe8\x03\xe8\x03'
2026-04-03 09:00:48,748 - BEE-EPT-UA913 - INFO - Bee state changed to [OFF]
2026-04-03 09:00:48,748 - BEE-EPT-UA913 - INFO - Autopilot state: {'connection': True, 'bee_state': 'OFF', 'roll': 1500, 'pitch': 1500, 'yaw': 1500, 'throttle': 989, 'last_manual_roll': 1500, 'last_manual_pitch': 1500, 'last_manual_yaw': 1500, 'last_manual_throttle': 989, 'aux3': 1000, 'aux4': 1000, 'aux5': 1500, 'aux6': 1000, 'aux7': 1000, 'battery': 23.3, 'rssi': 857, 'rssi_msg': 'Strong signal', 'speed': 0.0, 'altitude': 0.26, 'caught': False, 'ready_hold_active': False, 'ready_hold_pending_capture': False, 'ready_hold_roll': 1500, 'ready_hold_pitch': 1500, 'ready_hold_yaw': 1500, 'ready_hold_throttle': 1100, 'target_locked': False, 'tracking_bbox': None, 'attack_error_x': 0.0, 'attack_error_y': 0.0, 'target_size': 0.0, 'attack_active': False, 'attack_base_roll': 1500, 'attack_base_pitch': 1550, 'attack_base_yaw': 1500, 'attack_base_throttle': 1002, 'prev_attack_error_x': 0.0, 'prev_attack_time': None, 'prev_target_size': 0.0}
2026-04-03 09:00:48,819 - BEE-EPT-UA913 - DEBUG - Executing command: TELEMETRY, Priority: 1, Body: {'target': 'MSP_RC'}
2026-04-03 09:00:48,828 - BEE-EPT-UA913 - DEBUG - Telemetry: b'\xdc\x05\xdc\x05\xdc\x05\xdd\x03\xe8\x03\xd0\x07\xe8\x03\xe8\x03\xe8\x03\xe8\x03\xe8\x03\xfd\x05\xdc\x05\xdc\x05\xe8\x03\xe8\x03'
2026-04-03 09:00:48,828 - BEE-EPT-UA913 - INFO - Autopilot state: {'connection': True, 'bee_state': 'OFF', 'roll': 1500, 'pitch': 1500, 'yaw': 1500, 'throttle': 989, 'last_manual_roll': 1500, 'last_manual_pitch': 1500, 'last_manual_yaw': 1500, 'last_manual_throttle': 989, 'aux3': 1000, 'aux4': 1000, 'aux5': 1500, 'aux6': 1000, 'aux7': 1000, 'battery': 23.3, 'rssi': 857, 'rssi_msg': 'Strong signal', 'speed': 0.0, 'altitude': 0.26, 'caught': False, 'ready_hold_active': False, 'ready_hold_pending_capture': False, 'ready_hold_roll': 1500, 'ready_hold_pitch': 1500, 'ready_hold_yaw': 1500, 'ready_hold_throttle': 1100, 'target_locked': False, 'tracking_bbox': None, 'attack_error_x': 0.0, 'attack_error_y': 0.0, 'target_size': 0.0, 'attack_active': False, 'attack_base_roll': 1500, 'attack_base_pitch': 1550, 'attack_base_yaw': 1500, 'attack_base_throttle': 1002, 'prev_attack_error_x': 0.0, 'prev_attack_time': None, 'prev_target_size': 0.0}
2026-04-03 09:00:48,879 - BEE-EPT-UA913 - DEBUG - Executing command: TELEMETRY, Priority: 2, Body: {'target': 'MSP_ALTITUDE'}
2026-04-03 09:00:48,886 - BEE-EPT-UA913 - DEBUG - Telemetry: b'\x1a\x00\x00\x00\x00\x00'
2026-04-03 09:00:48,886 - BEE-EPT-UA913 - INFO - Autopilot state: {'connection': True, 'bee_state': 'OFF', 'roll': 1500, 'pitch': 1500, 'yaw': 1500, 'throttle': 989, 'last_manual_roll': 1500, 'last_manual_pitch': 1500, 'last_manual_yaw': 1500, 'last_manual_throttle': 989, 'aux3': 1000, 'aux4': 1000, 'aux5': 1500, 'aux6': 1000, 'aux7': 1000, 'battery': 23.3, 'rssi': 857, 'rssi_msg': 'Strong signal', 'speed': 0.0, 'altitude': 0.26, 'caught': False, 'ready_hold_active': False, 'ready_hold_pending_capture': False, 'ready_hold_roll': 1500, 'ready_hold_pitch': 1500, 'ready_hold_yaw': 1500, 'ready_hold_throttle': 1100, 'target_locked': False, 'tracking_bbox': None, 'attack_error_x': 0.0, 'attack_error_y': 0.0, 'target_size': 0.0, 'attack_active': False, 'attack_base_roll': 1500, 'attack_base_pitch': 1550, 'attack_base_yaw': 1500, 'attack_base_throttle': 1002, 'prev_attack_error_x': 0.0, 'prev_attack_time': None, 'prev_target_size': 0.0}
2026-04-03 09:00:48,937 - BEE-EPT-UA913 - DEBUG - Executing command: MONITOR, Priority: 2, Body: {'target': 'MSP_ANALOG'}
2026-04-03 09:00:48,947 - BEE-EPT-UA913 - DEBUG - Monitoring: b'\xe9\x00\x00X\x03\x00\x00\x1a\t'
2026-04-03 09:00:48,947 - BEE-EPT-UA913 - INFO - RSSI: 856, signal: Strong signal, battery voltage: 23.3V
2026-04-03 09:00:49,328 - BEE-EPT-UA913 - INFO - [TRACKING COMPLETED]
2026-04-03 09:00:50,822 - BEE-EPT-UA913 - DEBUG - Executing command: TELEMETRY, Priority: 1, Body: {'target': 'MSP_RC'}
2026-04-03 09:00:50,829 - BEE-EPT-UA913 - DEBUG - Telemetry: b'\xdc\x05?\x06\xdc\x05\xf7\x03\xe8\x03\xd0\x07\xe8\x03\xd0\x07\xe8\x03\xe8\x03\xe8\x03\xfd\x05\xdc\x05\xdc\x05\xe8\x03\xe8\x03'
2026-04-03 09:00:50,829 - BEE-EPT-UA913 - INFO - Bee state changed to [ATACK]
2026-04-03 09:00:50,829 - BEE-EPT-UA913 - INFO - Autopilot state: {'connection': True, 'bee_state': 'ATACK', 'roll': 1500, 'pitch': 1599, 'yaw': 1500, 'throttle': 1015, 'last_manual_roll': 1500, 'last_manual_pitch': 1599, 'last_manual_yaw': 1500, 'last_manual_throttle': 1015, 'aux3': 1000, 'aux4': 2000, 'aux5': 1500, 'aux6': 1000, 'aux7': 1000, 'battery': 23.3, 'rssi': 856, 'rssi_msg': 'Strong signal', 'speed': 0.0, 'altitude': 0.26, 'caught': True, 'ready_hold_active': False, 'ready_hold_pending_capture': False, 'ready_hold_roll': 1500, 'ready_hold_pitch': 1500, 'ready_hold_yaw': 1500, 'ready_hold_throttle': 1100, 'target_locked': False, 'tracking_bbox': None, 'attack_error_x': 0.0, 'attack_error_y': 0.0, 'target_size': 0.0, 'attack_active': False, 'attack_base_roll': 1500, 'attack_base_pitch': 1599, 'attack_base_yaw': 1500, 'attack_base_throttle': 1015, 'prev_attack_error_x': 0.0, 'prev_attack_time': None, 'prev_target_size': 0.0}
2026-04-03 09:00:50,893 - BEE-EPT-UA913 - DEBUG - Executing command: ATACK, Priority: 0, Body: {'previous_mode': 'OFF'}
2026-04-03 09:00:50,894 - BEE-EPT-UA913 - INFO - [ATACK MODE STARTED]
2026-04-03 09:00:50,944 - BEE-EPT-UA913 - DEBUG - Executing command: TELEMETRY, Priority: 1, Body: {'target': 'MSP_RC'}
2026-04-03 09:00:50,969 - BEE-EPT-UA913 - DEBUG - Telemetry: b'\xdc\x05?\x06\xdc\x05\xf7\x03\xe8\x03\xd0\x07\xe8\x03\xd0\x07\xe8\x03\xe8\x03\xe8\x03\xfd\x05\xdc\x05\xdc\x05\xe8\x03\xe8\x03'
2026-04-03 09:00:50,970 - BEE-EPT-UA913 - INFO - Autopilot state: {'connection': True, 'bee_state': 'ATACK', 'roll': 1500, 'pitch': 1599, 'yaw': 1500, 'throttle': 1015, 'last_manual_roll': 1500, 'last_manual_pitch': 1599, 'last_manual_yaw': 1500, 'last_manual_throttle': 1015, 'aux3': 1000, 'aux4': 2000, 'aux5': 1500, 'aux6': 1000, 'aux7': 1000, 'battery': 23.3, 'rssi': 856, 'rssi_msg': 'Strong signal', 'speed': 0.0, 'altitude': 0.26, 'caught': True, 'ready_hold_active': False, 'ready_hold_pending_capture': False, 'ready_hold_roll': 1500, 'ready_hold_pitch': 1500, 'ready_hold_yaw': 1500, 'ready_hold_throttle': 1100, 'target_locked': False, 'tracking_bbox': None, 'attack_error_x': 0.0, 'attack_error_y': 0.0, 'target_size': 0.0, 'attack_active': True, 'attack_base_roll': 1500, 'attack_base_pitch': 1599, 'attack_base_yaw': 1500, 'attack_base_throttle': 1015, 'prev_attack_error_x': 0.0, 'prev_attack_time': 68.467419439, 'prev_target_size': 0.0}
2026-04-03 09:00:51,020 - BEE-EPT-UA913 - DEBUG - Executing command: TELEMETRY, Priority: 2, Body: {'target': 'MSP_ALTITUDE'}
2026-04-03 09:00:51,027 - BEE-EPT-UA913 - DEBUG - Telemetry: b'\x1a\x00\x00\x00\x00\x00'
2026-04-03 09:00:51,028 - BEE-EPT-UA913 - INFO - Autopilot state: {'connection': True, 'bee_state': 'ATACK', 'roll': 1500, 'pitch': 1599, 'yaw': 1500, 'throttle': 1015, 'last_manual_roll': 1500, 'last_manual_pitch': 1599, 'last_manual_yaw': 1500, 'last_manual_throttle': 1015, 'aux3': 1000, 'aux4': 2000, 'aux5': 1500, 'aux6': 1000, 'aux7': 1000, 'battery': 23.3, 'rssi': 856, 'rssi_msg': 'Strong signal', 'speed': 0.0, 'altitude': 0.26, 'caught': True, 'ready_hold_active': False, 'ready_hold_pending_capture': False, 'ready_hold_roll': 1500, 'ready_hold_pitch': 1500, 'ready_hold_yaw': 1500, 'ready_hold_throttle': 1100, 'target_locked': False, 'tracking_bbox': None, 'attack_error_x': 0.0, 'attack_error_y': 0.0, 'target_size': 0.0, 'attack_active': True, 'attack_base_roll': 1500, 'attack_base_pitch': 1599, 'attack_base_yaw': 1500, 'attack_base_throttle': 1015, 'prev_attack_error_x': 0.0, 'prev_attack_time': 68.517699439, 'prev_target_size': 0.0}
2026-04-03 09:00:51,078 - BEE-EPT-UA913 - DEBUG - Executing command: TELEMETRY, Priority: 1, Body: {'target': 'MSP_RC'}
2026-04-03 09:00:51,090 - BEE-EPT-UA913 - DEBUG - Telemetry: b'\xdc\x05?\x06\xdc\x05\xf7\x03\xe8\x03\xd0\x07\xe8\x03\xd0\x07\xe8\x03\xe8\x03\xe8\x03\xfd\x05\xdc\x05\xdc\x05\xe8\x03\xe8\x03'
2026-04-03 09:00:51,090 - BEE-EPT-UA913 - INFO - Autopilot state: {'connection': True, 'bee_state': 'ATACK', 'roll': 1500, 'pitch': 1599, 'yaw': 1500, 'throttle': 1015, 'last_manual_roll': 1500, 'last_manual_pitch': 1599, 'last_manual_yaw': 1500, 'last_manual_throttle': 1015, 'aux3': 1000, 'aux4': 2000, 'aux5': 1500, 'aux6': 1000, 'aux7': 1000, 'battery': 23.3, 'rssi': 856, 'rssi_msg': 'Strong signal', 'speed': 0.0, 'altitude': 0.26, 'caught': True, 'ready_hold_active': False, 'ready_hold_pending_capture': False, 'ready_hold_roll': 1500, 'ready_hold_pitch': 1500, 'ready_hold_yaw': 1500, 'ready_hold_throttle': 1100, 'target_locked': False, 'tracking_bbox': None, 'attack_error_x': 0.0, 'attack_error_y': 0.0, 'target_size': 0.0, 'attack_active': True, 'attack_base_roll': 1500, 'attack_base_pitch': 1599, 'attack_base_yaw': 1500, 'attack_base_throttle': 1015, 'prev_attack_error_x': 0.0, 'prev_attack_time': 68.567918514, 'prev_target_size': 0.0}
2026-04-03 09:00:51,141 - BEE-EPT-UA913 - DEBUG - Executing command: TELEMETRY, Priority: 1, Body: {'target': 'MSP_RC'}
2026-04-03 09:00:51,150 - BEE-EPT-UA913 - DEBUG - Telemetry: b'\xdc\x05?\x06\xdc\x05\xf7\x03\xe8\x03\xd0\x07\xe8\x03\xd0\x07\xe8\x03\xe8\x03\xe8\x03\xfd\x05\xdc\x05\xdc\x05\xe8\x03\xe8\x03'
2026-04-03 09:00:51,150 - BEE-EPT-UA913 - INFO - Autopilot state: {'connection': True, 'bee_state': 'ATACK', 'roll': 1500, 'pitch': 1599, 'yaw': 1500, 'throttle': 1015, 'last_manual_roll': 1500, 'last_manual_pitch': 1599, 'last_manual_yaw': 1500, 'last_manual_throttle': 1015, 'aux3': 1000, 'aux4': 2000, 'aux5': 1500, 'aux6': 1000, 'aux7': 1000, 'battery': 23.3, 'rssi': 856, 'rssi_msg': 'Strong signal', 'speed': 0.0, 'altitude': 0.26, 'caught': True, 'ready_hold_active': False, 'ready_hold_pending_capture': False, 'ready_hold_roll': 1500, 'ready_hold_pitch': 1500, 'ready_hold_yaw': 1500, 'ready_hold_throttle': 1100, 'target_locked': False, 'tracking_bbox': None, 'attack_error_x': 0.0, 'attack_error_y': 0.0, 'target_size': 0.0, 'attack_active': True, 'attack_base_roll': 1500, 'attack_base_pitch': 1599, 'attack_base_yaw': 1500, 'attack_base_throttle': 1015, 'prev_attack_error_x': 0.0, 'prev_attack_time': 68.668356455, 'prev_target_size': 0.0}
2026-04-03 09:00:51,201 - BEE-EPT-UA913 - DEBUG - Executing command: MONITOR, Priority: 2, Body: {'target': 'MSP_ANALOG'}
2026-04-03 09:00:51,218 - BEE-EPT-UA913 - DEBUG - Monitoring: b'\xe9\x00\x007\x03\x00\x00\x19\t'
2026-04-03 09:00:51,219 - BEE-EPT-UA913 - INFO - RSSI: 823, signal: Strong signal, battery voltage: 23.3V
2026-04-03 09:00:51,269 - BEE-EPT-UA913 - DEBUG - Executing command: TELEMETRY, Priority: 1, Body: {'target': 'MSP_RC'}
2026-04-03 09:00:51,281 - BEE-EPT-UA913 - DEBUG - Telemetry: b'\xdc\x05?\x06\xdc\x05\xf7\x03\xe8\x03\xd0\x07\xe8\x03\xd0\x07\xe8\x03\xe8\x03\xe8\x03\xfd\x05\xdc\x05\xdc\x05\xe8\x03\xe8\x03'
2026-04-03 09:00:51,281 - BEE-EPT-UA913 - INFO - Autopilot state: {'connection': True, 'bee_state': 'ATACK', 'roll': 1500, 'pitch': 1599, 'yaw': 1500, 'throttle': 1015, 'last_manual_roll': 1500, 'last_manual_pitch': 1599, 'last_manual_yaw': 1500, 'last_manual_throttle': 1015, 'aux3': 1000, 'aux4': 2000, 'aux5': 1500, 'aux6': 1000, 'aux7': 1000, 'battery': 23.3, 'rssi': 823, 'rssi_msg': 'Strong signal', 'speed': 0.0, 'altitude': 0.26, 'caught': True, 'ready_hold_active': False, 'ready_hold_pending_capture': False, 'ready_hold_roll': 1500, 'ready_hold_pitch': 1500, 'ready_hold_yaw': 1500, 'ready_hold_throttle': 1100, 'target_locked': False, 'tracking_bbox': None, 'attack_error_x': 0.0, 'attack_error_y': 0.0, 'target_size': 0.0, 'attack_active': True, 'attack_base_roll': 1500, 'attack_base_pitch': 1599, 'attack_base_yaw': 1500, 'attack_base_throttle': 1015, 'prev_attack_error_x': 0.0, 'prev_attack_time': 68.774636271, 'prev_target_size': 0.0}
2026-04-03 09:00:51,331 - BEE-EPT-UA913 - DEBUG - Executing command: TELEMETRY, Priority: 1, Body: {'target': 'MSP_RC'}
2026-04-03 09:00:51,345 - BEE-EPT-UA913 - DEBUG - Telemetry: b'\xdc\x05?\x06\xdc\x05\xf7\x03\xe8\x03\xd0\x07\xe8\x03\xd0\x07\xe8\x03\xe8\x03\xe8\x03\xfd\x05\xdc\x05\xdc\x05\xe8\x03\xe8\x03'
2026-04-03 09:00:51,346 - BEE-EPT-UA913 - INFO - Autopilot state: {'connection': True, 'bee_state': 'ATACK', 'roll': 1500, 'pitch': 1599, 'yaw': 1500, 'throttle': 1015, 'last_manual_roll': 1500, 'last_manual_pitch': 1599, 'last_manual_yaw': 1500, 'last_manual_throttle': 1015, 'aux3': 1000, 'aux4': 2000, 'aux5': 1500, 'aux6': 1000, 'aux7': 1000, 'battery': 23.3, 'rssi': 823, 'rssi_msg': 'Strong signal', 'speed': 0.0, 'altitude': 0.26, 'caught': True, 'ready_hold_active': False, 'ready_hold_pending_capture': False, 'ready_hold_roll': 1500, 'ready_hold_pitch': 1500, 'ready_hold_yaw': 1500, 'ready_hold_throttle': 1100, 'target_locked': True, 'tracking_bbox': (311, 231, 17, 17), 'attack_error_x': -0.0015625, 'attack_error_y': -0.1684027777777778, 'target_size': 289.0, 'attack_active': True, 'attack_base_roll': 1500, 'attack_base_pitch': 1599, 'attack_base_yaw': 1500, 'attack_base_throttle': 1015, 'prev_attack_error_x': 0.0, 'prev_attack_time': 68.82489016, 'prev_target_size': 289.0}
2026-04-03 09:00:51,426 - BEE-EPT-UA913 - DEBUG - Executing command: TELEMETRY, Priority: 1, Body: {'target': 'MSP_RC'}
2026-04-03 09:00:51,432 - BEE-EPT-UA913 - DEBUG - Telemetry: b'\xdc\x05q\x06\xdc\x05\x04\x04\xe8\x03\xd0\x07\xe8\x03\xd0\x07\xe8\x03\xe8\x03\xe8\x03\xfd\x05\xdc\x05\xdc\x05\xe8\x03\xe8\x03'
2026-04-03 09:00:51,432 - BEE-EPT-UA913 - INFO - Autopilot state: {'connection': True, 'bee_state': 'ATACK', 'roll': 1500, 'pitch': 1649, 'yaw': 1500, 'throttle': 1028, 'last_manual_roll': 1500, 'last_manual_pitch': 1649, 'last_manual_yaw': 1500, 'last_manual_throttle': 1028, 'aux3': 1000, 'aux4': 2000, 'aux5': 1500, 'aux6': 1000, 'aux7': 1000, 'battery': 23.3, 'rssi': 823, 'rssi_msg': 'Strong signal', 'speed': 0.0, 'altitude': 0.26, 'caught': True, 'ready_hold_active': False, 'ready_hold_pending_capture': False, 'ready_hold_roll': 1500, 'ready_hold_pitch': 1500, 'ready_hold_yaw': 1500, 'ready_hold_throttle': 1100, 'target_locked': True, 'tracking_bbox': (311, 231, 17, 17), 'attack_error_x': -0.0015625, 'attack_error_y': -0.1684027777777778, 'target_size': 289.0, 'attack_active': True, 'attack_base_roll': 1500, 'attack_base_pitch': 1599, 'attack_base_yaw': 1500, 'attack_base_throttle': 1015, 'prev_attack_error_x': 0.0, 'prev_attack_time': 68.928055054, 'prev_target_size': 289.0}
2026-04-03 09:00:51,533 - BEE-EPT-UA913 - DEBUG - Executing command: TELEMETRY, Priority: 1, Body: {'target': 'MSP_RC'}
2026-04-03 09:00:51,542 - BEE-EPT-UA913 - DEBUG - Telemetry: b'\xdc\x05q\x06\xdc\x05\x04\x04\xe8\x03\xd0\x07\xe8\x03\xd0\x07\xe8\x03\xe8\x03\xe8\x03\xfd\x05\xdc\x05\xdc\x05\xe8\x03\xe8\x03'
2026-04-03 09:00:51,542 - BEE-EPT-UA913 - INFO - Autopilot state: {'connection': True, 'bee_state': 'ATACK', 'roll': 1500, 'pitch': 1649, 'yaw': 1500, 'throttle': 1028, 'last_manual_roll': 1500, 'last_manual_pitch': 1649, 'last_manual_yaw': 1500, 'last_manual_throttle': 1028, 'aux3': 1000, 'aux4': 2000, 'aux5': 1500, 'aux6': 1000, 'aux7': 1000, 'battery': 23.3, 'rssi': 823, 'rssi_msg': 'Strong signal', 'speed': 0.0, 'altitude': 0.26, 'caught': True, 'ready_hold_active': False, 'ready_hold_pending_capture': False, 'ready_hold_roll': 1500, 'ready_hold_pitch': 1500, 'ready_hold_yaw': 1500, 'ready_hold_throttle': 1100, 'target_locked': True, 'tracking_bbox': (312, 230, 17, 17), 'attack_error_x': 0.0015625, 'attack_error_y': -0.171875, 'target_size': 289.0, 'attack_active': True, 'attack_base_roll': 1500, 'attack_base_pitch': 1599, 'attack_base_yaw': 1500, 'attack_base_throttle': 1015, 'prev_attack_error_x': 0.0, 'prev_attack_time': 69.032051686, 'prev_target_size': 289.0}
2026-04-03 09:00:51,628 - BEE-EPT-UA913 - DEBUG - Executing command: TELEMETRY, Priority: 1, Body: {'target': 'MSP_RC'}
2026-04-03 09:00:51,643 - BEE-EPT-UA913 - DEBUG - Telemetry: b'\xdc\x05r\x06\xdc\x05\x04\x04\xe8\x03\xd0\x07\xe8\x03\xde\x05\xe8\x03\xe8\x03\xe8\x03\xfd\x05\xdc\x05\xdc\x05\xe8\x03\xe8\x03'
2026-04-03 09:00:51,643 - BEE-EPT-UA913 - INFO - Bee state changed to [READY]
2026-04-03 09:00:51,660 - BEE-EPT-UA913 - INFO - [ATACK MODE STOPPED]
2026-04-03 09:00:51,661 - BEE-EPT-UA913 - INFO - Autopilot state: {'connection': True, 'bee_state': 'READY', 'roll': 1500, 'pitch': 1650, 'yaw': 1500, 'throttle': 1028, 'last_manual_roll': 1500, 'last_manual_pitch': 1650, 'last_manual_yaw': 1500, 'last_manual_throttle': 1028, 'aux3': 1000, 'aux4': 1502, 'aux5': 1500, 'aux6': 1000, 'aux7': 1000, 'battery': 23.3, 'rssi': 823, 'rssi_msg': 'Strong signal', 'speed': 0.0, 'altitude': 0.26, 'caught': True, 'ready_hold_active': False, 'ready_hold_pending_capture': False, 'ready_hold_roll': 1500, 'ready_hold_pitch': 1500, 'ready_hold_yaw': 1500, 'ready_hold_throttle': 1100, 'target_locked': True, 'tracking_bbox': (311, 231, 17, 17), 'attack_error_x': -0.0015625, 'attack_error_y': -0.1684027777777778, 'target_size': 289.0, 'attack_active': False, 'attack_base_roll': 1500, 'attack_base_pitch': 1599, 'attack_base_yaw': 1500, 'attack_base_throttle': 1015, 'prev_attack_error_x': 0.0, 'prev_attack_time': 69.1325