2026-04-03 10:23:30,440 - BEE-EPT-UA913 - INFO - [AUTOPILOT STARTED]
2026-04-03 10:23:32,441 - BEE-EPT-UA913 - INFO - MSP connection is established: '/dev/serial0'
2026-04-03 10:23:32,442 - BEE-EPT-UA913 - DEBUG - Executing command: INIT, Priority: 0, Body: {}
2026-04-03 10:23:32,442 - BEE-EPT-UA913 - INFO - Initializing autopilot
2026-04-03 10:23:35,441 - BEE-EPT-UA913 - INFO - Telemetry: attempting to connect with '/dev/serial0'
2026-04-03 10:23:35,442 - BEE-EPT-UA913 - INFO - Telemetry: connected with '/dev/serial0'
2026-04-03 10:23:35,442 - BEE-EPT-UA913 - DEBUG - Executing command: TELEMETRY, Priority: 1, Body: {'target': 'MSP_RC'}
2026-04-03 10:23:35,450 - BEE-EPT-UA913 - DEBUG - Telemetry: b'\xdc\x05\xdc\x05\xdc\x05\xdd\x03\xe8\x03\xe8\x03\xe8\x03\xe8\x03\xe8\x03\xe8\x03\xe8\x03\xfd\x05\xdc\x05\xdc\x05\xe8\x03\xe8\x03'
2026-04-03 10:23:35,451 - BEE-EPT-UA913 - INFO - Autopilot state: {'connection': True, 'bee_state': 'OFF', 'roll': 1500, 'pitch': 1500, 'yaw': 1500, 'throttle': 989, 'last_manual_roll': 1500, 'last_manual_pitch': 1500, 'last_manual_yaw': 1500, 'last_manual_throttle': 989, 'aux3': 1000, 'aux4': 1000, 'aux5': 1500, 'aux6': 1000, 'aux7': 1000, 'battery': 0, 'rssi': 0, 'rssi_msg': 'No signal', 'speed': 0, 'altitude': 0, 'caught': False, 'ready_hold_active': False, 'ready_hold_pending_capture': False, 'ready_hold_roll': 1500, 'ready_hold_pitch': 1500, 'ready_hold_yaw': 1500, 'ready_hold_throttle': 1100, 'target_locked': False, 'tracking_bbox': None, 'attack_error_x': 0.0, 'attack_error_y': 0.0, 'target_size': 0.0, 'attack_active': False, 'attack_base_roll': 1500, 'attack_base_pitch': 1500, 'attack_base_yaw': 1500, 'attack_base_throttle': 1100, 'prev_attack_error_x': 0.0, 'prev_attack_time': None, 'prev_target_size': 0.0}
2026-04-03 10:23:35,501 - BEE-EPT-UA913 - DEBUG - Executing command: TELEMETRY, Priority: 2, Body: {'target': 'MSP_ALTITUDE'}
2026-04-03 10:23:35,508 - BEE-EPT-UA913 - DEBUG - Telemetry: b'\x00\x00\x00\x00\x00\x00'
2026-04-03 10:23:35,509 - BEE-EPT-UA913 - INFO - Autopilot state: {'connection': True, 'bee_state': 'OFF', 'roll': 1500, 'pitch': 1500, 'yaw': 1500, 'throttle': 989, 'last_manual_roll': 1500, 'last_manual_pitch': 1500, 'last_manual_yaw': 1500, 'last_manual_throttle': 989, 'aux3': 1000, 'aux4': 1000, 'aux5': 1500, 'aux6': 1000, 'aux7': 1000, 'battery': 0, 'rssi': 0, 'rssi_msg': 'No signal', 'speed': 0.0, 'altitude': 0.0, 'caught': False, 'ready_hold_active': False, 'ready_hold_pending_capture': False, 'ready_hold_roll': 1500, 'ready_hold_pitch': 1500, 'ready_hold_yaw': 1500, 'ready_hold_throttle': 1100, 'target_locked': False, 'tracking_bbox': None, 'attack_error_x': 0.0, 'attack_error_y': 0.0, 'target_size': 0.0, 'attack_active': False, 'attack_base_roll': 1500, 'attack_base_pitch': 1500, 'attack_base_yaw': 1500, 'attack_base_throttle': 1100, 'prev_attack_error_x': 0.0, 'prev_attack_time': None, 'prev_target_size': 0.0}
2026-04-03 10:23:35,559 - BEE-EPT-UA913 - DEBUG - Executing command: MONITOR, Priority: 2, Body: {'target': 'MSP_ANALOG'}
2026-04-03 10:23:35,569 - BEE-EPT-UA913 - DEBUG - Monitoring: b'\xee\x00\x00\xcd\x03\x00\x00P\t'
2026-04-03 10:23:35,569 - BEE-EPT-UA913 - INFO - RSSI: 973, signal: Strong signal, battery voltage: 23.8V
2026-04-03 10:23:37,446 - BEE-EPT-UA913 - DEBUG - Executing command: TELEMETRY, Priority: 1, Body: {'target': 'MSP_RC'}
2026-04-03 10:23:37,459 - BEE-EPT-UA913 - DEBUG - Telemetry: b'\xdc\x05\xdc\x05\xdc\x05\xdd\x03\xe8\x03\xe8\x03\xe8\x03\xe8\x03\xe8\x03\xe8\x03\xe8\x03\xfd\x05\xdc\x05\xdc\x05\xe8\x03\xe8\x03'
2026-04-03 10:23:37,460 - BEE-EPT-UA913 - INFO - Autopilot state: {'connection': True, 'bee_state': 'OFF', 'roll': 1500, 'pitch': 1500, 'yaw': 1500, 'throttle': 989, 'last_manual_roll': 1500, 'last_manual_pitch': 1500, 'last_manual_yaw': 1500, 'last_manual_throttle': 989, 'aux3': 1000, 'aux4': 1000, 'aux5': 1500, 'aux6': 1000, 'aux7': 1000, 'battery': 23.8, 'rssi': 973, 'rssi_msg': 'Strong signal', 'speed': 0.0, 'altitude': 0.0, 'caught': False, 'ready_hold_active': False, 'ready_hold_pending_capture': False, 'ready_hold_roll': 1500, 'ready_hold_pitch': 1500, 'ready_hold_yaw': 1500, 'ready_hold_throttle': 1100, 'target_locked': False, 'tracking_bbox': None, 'attack_error_x': 0.0, 'attack_error_y': 0.0, 'target_size': 0.0, 'attack_active': False, 'attack_base_roll': 1500, 'attack_base_pitch': 1500, 'attack_base_yaw': 1500, 'attack_base_throttle': 1100, 'prev_attack_error_x': 0.0, 'prev_attack_time': None, 'prev_target_size': 0.0}
2026-04-03 10:23:37,510 - BEE-EPT-UA913 - DEBUG - Executing command: TELEMETRY, Priority: 2, Body: {'target': 'MSP_ALTITUDE'}
2026-04-03 10:23:37,517 - BEE-EPT-UA913 - DEBUG - Telemetry: b'\x00\x00\x00\x00\x00\x00'
2026-04-03 10:23:37,518 - BEE-EPT-UA913 - INFO - Autopilot state: {'connection': True, 'bee_state': 'OFF', 'roll': 1500, 'pitch': 1500, 'yaw': 1500, 'throttle': 989, 'last_manual_roll': 1500, 'last_manual_pitch': 1500, 'last_manual_yaw': 1500, 'last_manual_throttle': 989, 'aux3': 1000, 'aux4': 1000, 'aux5': 1500, 'aux6': 1000, 'aux7': 1000, 'battery': 23.8, 'rssi': 973, 'rssi_msg': 'Strong signal', 'speed': 0.0, 'altitude': 0.0, 'caught': False, 'ready_hold_active': False, 'ready_hold_pending_capture': False, 'ready_hold_roll': 1500, 'ready_hold_pitch': 1500, 'ready_hold_yaw': 1500, 'ready_hold_throttle': 1100, 'target_locked': False, 'tracking_bbox': None, 'attack_error_x': 0.0, 'attack_error_y': 0.0, 'target_size': 0.0, 'attack_active': False, 'attack_base_roll': 1500, 'attack_base_pitch': 1500, 'attack_base_yaw': 1500, 'attack_base_throttle': 1100, 'prev_attack_error_x': 0.0, 'prev_attack_time': None, 'prev_target_size': 0.0}
2026-04-03 10:23:37,568 - BEE-EPT-UA913 - DEBUG - Executing command: MONITOR, Priority: 2, Body: {'target': 'MSP_ANALOG'}
2026-04-03 10:23:37,578 - BEE-EPT-UA913 - DEBUG - Monitoring: b'\xee\x00\x00\xcb\x03\x00\x00P\t'
2026-04-03 10:23:37,578 - BEE-EPT-UA913 - INFO - RSSI: 971, signal: Strong signal, battery voltage: 23.8V
2026-04-03 10:23:39,449 - BEE-EPT-UA913 - DEBUG - Executing command: TELEMETRY, Priority: 1, Body: {'target': 'MSP_RC'}
2026-04-03 10:23:39,459 - BEE-EPT-UA913 - DEBUG - Telemetry: b'\xdc\x05\xdc\x05\xdc\x05\xdd\x03\xe8\x03\xe8\x03\xe8\x03\xe8\x03\xe8\x03\xe8\x03\xe8\x03\xfd\x05\xdc\x05\xdc\x05\xe8\x03\xe8\x03'
2026-04-03 10:23:39,459 - BEE-EPT-UA913 - INFO - Autopilot state: {'connection': True, 'bee_state': 'OFF', 'roll': 1500, 'pitch': 1500, 'yaw': 1500, 'throttle': 989, 'last_manual_roll': 1500, 'last_manual_pitch': 1500, 'last_manual_yaw': 1500, 'last_manual_throttle': 989, 'aux3': 1000, 'aux4': 1000, 'aux5': 1500, 'aux6': 1000, 'aux7': 1000, 'battery': 23.8, 'rssi': 971, 'rssi_msg': 'Strong signal', 'speed': 0.0, 'altitude': 0.0, 'caught': False, 'ready_hold_active': False, 'ready_hold_pending_capture': False, 'ready_hold_roll': 1500, 'ready_hold_pitch': 1500, 'ready_hold_yaw': 1500, 'ready_hold_throttle': 1100, 'target_locked': False, 'tracking_bbox': None, 'attack_error_x': 0.0, 'attack_error_y': 0.0, 'target_size': 0.0, 'attack_active': False, 'attack_base_roll': 1500, 'attack_base_pitch': 1500, 'attack_base_yaw': 1500, 'attack_base_throttle': 1100, 'prev_attack_error_x': 0.0, 'prev_attack_time': None, 'prev_target_size': 0.0}
2026-04-03 10:23:39,509 - BEE-EPT-UA913 - DEBUG - Executing command: TELEMETRY, Priority: 2, Body: {'target': 'MSP_ALTITUDE'}
2026-04-03 10:23:39,517 - BEE-EPT-UA913 - DEBUG - Telemetry: b'\x00\x00\x00\x00\x00\x00'
2026-04-03 10:23:39,517 - BEE-EPT-UA913 - INFO - Autopilot state: {'connection': True, 'bee_state': 'OFF', 'roll': 1500, 'pitch': 1500, 'yaw': 1500, 'throttle': 989, 'last_manual_roll': 1500, 'last_manual_pitch': 1500, 'last_manual_yaw': 1500, 'last_manual_throttle': 989, 'aux3': 1000, 'aux4': 1000, 'aux5': 1500, 'aux6': 1000, 'aux7': 1000, 'battery': 23.8, 'rssi': 971, 'rssi_msg': 'Strong signal', 'speed': 0.0, 'altitude': 0.0, 'caught': False, 'ready_hold_active': False, 'ready_hold_pending_capture': False, 'ready_hold_roll': 1500, 'ready_hold_pitch': 1500, 'ready_hold_yaw': 1500, 'ready_hold_throttle': 1100, 'target_locked': False, 'tracking_bbox': None, 'attack_error_x': 0.0, 'attack_error_y': 0.0, 'target_size': 0.0, 'attack_active': False, 'attack_base_roll': 1500, 'attack_base_pitch': 1500, 'attack_base_yaw': 1500, 'attack_base_throttle': 1100, 'prev_attack_error_x': 0.0, 'prev_attack_time': None, 'prev_target_size': 0.0}
2026-04-03 10:23:39,567 - BEE-EPT-UA913 - DEBUG - Executing command: MONITOR, Priority: 2, Body: {'target': 'MSP_ANALOG'}
2026-04-03 10:23:39,577 - BEE-EPT-UA913 - DEBUG - Monitoring: b'\xee\x00\x00\xc8\x03\x00\x00P\t'
2026-04-03 10:23:39,577 - BEE-EPT-UA913 - INFO - RSSI: 968, signal: Strong signal, battery voltage: 23.8V
2026-04-03 10:34:52,782 - BEE-EPT-UA913 - DEBUG - Executing command: TELEMETRY, Priority: 1, Body: {'target': 'MSP_RC'}
2026-04-03 10:34:52,788 - BEE-EPT-UA913 - DEBUG - Telemetry: b'\xdc\x05\xdc\x05\xdc\x05\xdd\x03\xe8\x03\xe8\x03\xe8\x03\xe8\x03\xe8\x03\xe8\x03\xe8\x03\xfd\x05\xdc\x05\xdc\x05\xe8\x03\xe8\x03'
2026-04-03 10:34:52,788 - BEE-EPT-UA913 - INFO - Autopilot state: {'connection': True, 'bee_state': 'OFF', 'roll': 1500, 'pitch': 1500, 'yaw': 1500, 'throttle': 989, 'last_manual_roll': 1500, 'last_manual_pitch': 1500, 'last_manual_yaw': 1500, 'last_manual_throttle': 989, 'aux3': 1000, 'aux4': 1000, 'aux5': 1500, 'aux6': 1000, 'aux7': 1000, 'battery': 23.8, 'rssi': 968, 'rssi_msg': 'Strong signal', 'speed': 0.0, 'altitude': 0.0, 'caught': False, 'ready_hold_active': False, 'ready_hold_pending_capture': False, 'ready_hold_roll': 1500, 'ready_hold_pitch': 1500, 'ready_hold_yaw': 1500, 'ready_hold_throttle': 1100, 'target_locked': False, 'tracking_bbox': None, 'attack_error_x': 0.0, 'attack_error_y': 0.0, 'target_size': 0.0, 'attack_active': False, 'attack_base_roll': 1500, 'attack_base_pitch': 1500, 'attack_base_yaw': 1500, 'attack_base_throttle': 1100, 'prev_attack_error_x': 0.0, 'prev_attack_time': None, 'prev_target_size': 0.0}
2026-04-03 10:34:52,839 - BEE-EPT-UA913 - DEBUG - Executing command: TELEMETRY, Priority: 2, Body: {'target': 'MSP_ALTITUDE'}
2026-04-03 10:34:52,846 - BEE-EPT-UA913 - DEBUG - Telemetry: b'\x00\x00\x00\x00\x00\x00'
2026-04-03 10:34:52,846 - BEE-EPT-UA913 - INFO - Autopilot state: {'connection': True, 'bee_state': 'OFF', 'roll': 1500, 'pitch': 1500, 'yaw': 1500, 'throttle': 989, 'last_manual_roll': 1500, 'last_manual_pitch': 1500, 'last_manual_yaw': 1500, 'last_manual_throttle': 989, 'aux3': 1000, 'aux4': 1000, 'aux5': 1500, 'aux6': 1000, 'aux7': 1000, 'battery': 23.8, 'rssi': 968, 'rssi_msg': 'Strong signal', 'speed': 0.0, 'altitude': 0.0, 'caught': False, 'ready_hold_active': False, 'ready_hold_pending_capture': False, 'ready_hold_roll': 1500, 'ready_hold_pitch': 1500, 'ready_hold_yaw': 1500, 'ready_hold_throttle': 1100, 'target_locked': False, 'tracking_bbox': None, 'attack_error_x': 0.0, 'attack_error_y': 0.0, 'target_size': 0.0, 'attack_active': False, 'attack_base_roll': 1500, 'attack_base_pitch': 1500, 'attack_base_yaw': 1500, 'attack_base_throttle': 1100, 'prev_attack_error_x': 0.0, 'prev_attack_time': None, 'prev_target_size': 0.0}
2026-04-03 10:34:52,897 - BEE-EPT-UA913 - DEBUG - Executing command: MONITOR, Priority: 2, Body: {'target': 'MSP_ANALOG'}
2026-04-03 10:34:52,907 - BEE-EPT-UA913 - DEBUG - Monitoring: b'\xee\x00\x00\xc7\x03\x00\x00N\t'
2026-04-03 10:34:52,907 - BEE-EPT-UA913 - INFO - RSSI: 967, signal: Strong signal, battery voltage: 23.8V
2026-04-03 10:34:54,785 - BEE-EPT-UA913 - DEBUG - Executing command: TELEMETRY, Priority: 1, Body: {'target': 'MSP_RC'}
2026-04-03 10:34:54,797 - BEE-EPT-UA913 - DEBUG - Telemetry: b'\xdc\x05\xdc\x05\xdc\x05\xdd\x03\xe8\x03\xe8\x03\xe8\x03\xe8\x03\xe8\x03\xe8\x03\xe8\x03\xfd\x05\xdc\x05\xdc\x05\xe8\x03\xe8\x03'
2026-04-03 10:34:54,797 - BEE-EPT-UA913 - INFO - Autopilot state: {'connection': True, 'bee_state': 'OFF', 'roll': 1500, 'pitch': 1500, 'yaw': 1500, 'throttle': 989, 'last_manual_roll': 1500, 'last_manual_pitch': 1500, 'last_manual_yaw': 1500, 'last_manual_throttle': 989, 'aux3': 1000, 'aux4': 1000, 'aux5': 1500, 'aux6': 1000, 'aux7': 1000, 'battery': 23.8, 'rssi': 967, 'rssi_msg': 'Strong signal', 'speed': 0.0, 'altitude': 0.0, 'caught': False, 'ready_hold_active': False, 'ready_hold_pending_capture': False, 'ready_hold_roll': 1500, 'ready_hold_pitch': 1500, 'ready_hold_yaw': 1500, 'ready_hold_throttle': 1100, 'target_locked': False, 'tracking_bbox': None, 'attack_error_x': 0.0, 'attack_error_y': 0.0, 'target_size': 0.0, 'attack_active': False, 'attack_base_roll': 1500, 'attack_base_pitch': 1500, 'attack_base_yaw': 1500, 'attack_base_throttle': 1100, 'prev_attack_error_x': 0.0, 'prev_attack_time': None, 'prev_target_size': 0.0}
2026-04-03 10:34:54,848 - BEE-EPT-UA913 - DEBUG - Executing command: TELEMETRY, Priority: 2, Body: {'target': 'MSP_ALTITUDE'}
2026-04-03 10:34:54,855 - BEE-EPT-UA913 - DEBUG - Telemetry: b'\x08\x00\x00\x00\x00\x00'
2026-04-03 10:34:54,855 - BEE-EPT-UA913 - INFO - Autopilot state: {'connection': True, 'bee_state': 'OFF', 'roll': 1500, 'pitch': 1500, 'yaw': 1500, 'throttle': 989, 'last_manual_roll': 1500, 'last_manual_pitch': 1500, 'last_manual_yaw': 1500, 'last_manual_throttle': 989, 'aux3': 1000, 'aux4': 1000, 'aux5': 1500, 'aux6': 1000, 'aux7': 1000, 'battery': 23.8, 'rssi': 967, 'rssi_msg': 'Strong signal', 'speed': 0.0, 'altitude': 0.08, 'caught': False, 'ready_hold_active': False, 'ready_hold_pending_capture': False, 'ready_hold_roll': 1500, 'ready_hold_pitch': 1500, 'ready_hold_yaw': 1500, 'ready_hold_throttle': 1100, 'target_locked': False, 'tracking_bbox': None, 'attack_error_x': 0.0, 'attack_error_y': 0.0, 'target_size': 0.0, 'attack_active': False, 'attack_base_roll': 1500, 'attack_base_pitch': 1500, 'attack_base_yaw': 1500, 'attack_base_throttle': 1100, 'prev_attack_error_x': 0.0, 'prev_attack_time': None, 'prev_target_size': 0.0}
2026-04-03 10:34:54,905 - BEE-EPT-UA913 - DEBUG - Executing command: MONITOR, Priority: 2, Body: {'target': 'MSP_ANALOG'}
2026-04-03 10:34:54,916 - BEE-EPT-UA913 - DEBUG - Monitoring: b'\xee\x00\x00\xc7\x03\x00\x00N\t'
2026-04-03 10:34:54,916 - BEE-EPT-UA913 - INFO - RSSI: 967, signal: Strong signal, battery voltage: 23.8V
2026-04-03 10:34:56,788 - BEE-EPT-UA913 - DEBUG - Executing command: TELEMETRY, Priority: 1, Body: {'target': 'MSP_RC'}
2026-04-03 10:34:56,796 - BEE-EPT-UA913 - DEBUG - Telemetry: b'\xdc\x05\xdc\x05\xdc\x05\xdd\x03\xe8\x03\xe8\x03\xe8\x03\xe8\x03\xe8\x03\xe8\x03\xe8\x03\xfd\x05\xdc\x05\xdc\x05\xe8\x03\xe8\x03'
2026-04-03 10:34:56,796 - BEE-EPT-UA913 - INFO - Autopilot state: {'connection': True, 'bee_state': 'OFF', 'roll': 1500, 'pitch': 1500, 'yaw': 1500, 'throttle': 989, 'last_manual_roll': 1500, 'last_manual_pitch': 1500, 'last_manual_yaw': 1500, 'last_manual_throttle': 989, 'aux3': 1000, 'aux4': 1000, 'aux5': 1500, 'aux6': 1000, 'aux7': 1000, 'battery': 23.8, 'rssi': 967, 'rssi_msg': 'Strong signal', 'speed': 0.0, 'altitude': 0.08, 'caught': False, 'ready_hold_active': False, 'ready_hold_pending_capture': False, 'ready_hold_roll': 1500, 'ready_hold_pitch': 1500, 'ready_hold_yaw': 1500, 'ready_hold_throttle': 1100, 'target_locked': False, 'tracking_bbox': None, 'attack_error_x': 0.0, 'attack_error_y': 0.0, 'target_size': 0.0, 'attack_active': False, 'attack_base_roll': 1500, 'attack_base_pitch': 1500, 'attack_base_yaw': 1500, 'attack_base_throttle': 1100, 'prev_attack_error_x': 0.0, 'prev_attack_time': None, 'prev_target_size': 0.0}
2026-04-03 10:34:56,846 - BEE-EPT-UA913 - DEBUG - Executing command: TELEMETRY, Priority: 2, Body: {'target': 'MSP_ALTITUDE'}
2026-04-03 10:34:56,854 - BEE-EPT-UA913 - DEBUG - Telemetry: b'\x00\x00\x00\x00\x00\x00'
2026-04-03 10:34:56,854 - BEE-EPT-UA913 - INFO - Autopilot state: {'connection': True, 'bee_state': 'OFF', 'roll': 1500, 'pitch': 1500, 'yaw': 1500, 'throttle': 989, 'last_manual_roll': 1500, 'last_manual_pitch': 1500, 'last_manual_yaw': 1500, 'last_manual_throttle': 989, 'aux3': 1000, 'aux4': 1000, 'aux5': 1500, 'aux6': 1000, 'aux7': 1000, 'battery': 23.8, 'rssi': 967, 'rssi_msg': 'Strong signal', 'speed': 0.0, 'altitude': 0.0, 'caught': False, 'ready_hold_active': False, 'ready_hold_pending_capture': False, 'ready_hold_roll': 1500, 'ready_hold_pitch': 1500, 'ready_hold_yaw': 1500, 'ready_hold_throttle': 1100, 'target_locked': False, 'tracking_bbox': None, 'attack_error_x': 0.0, 'attack_error_y': 0.0, 'target_size': 0.0, 'attack_active': False, 'attack_base_roll': 1500, 'attack_base_pitch': 1500, 'attack_base_yaw': 1500, 'attack_base_throttle': 1100, 'prev_attack_error_x': 0.0, 'prev_attack_time': None, 'prev_target_size': 0.0}
2026-04-03 10:34:56,904 - BEE-EPT-UA913 - DEBUG - Executing command: MONITOR, Priority: 2, Body: {'target': 'MSP_ANALOG'}
2026-04-03 10:34:56,914 - BEE-EPT-UA913 - DEBUG - Monitoring: b'\xee\x00\x00\xb2\x03\x04\x00P\t'
2026-04-03 10:34:56,915 - BEE-EPT-UA913 - INFO - RSSI: 946, signal: Strong signal, battery voltage: 23.8V
2026-04-03 10:34:58,791 - BEE-EPT-UA913 - DEBUG - Executing command: TELEMETRY, Priority: 1, Body: {'target': 'MSP_RC'}
2026-04-03 10:34:58,805 - BEE-EPT-UA913 - DEBUG - Telemetry: b'\xdc\x05\xdc\x05\xdc\x05\xdd\x03\xe8\x03\xe8\x03\xe8\x03\xe8\x03\xe8\x03\xe8\x03\xe8\x03\xfd\x05\xdc\x05\xdc\x05\xe8\x03\xe8\x03'
2026-04-03 10:34:58,805 - BEE-EPT-UA913 - INFO - Autopilot state: {'connection': True, 'bee_state': 'OFF', 'roll': 1500, 'pitch': 1500, 'yaw': 1500, 'throttle': 989, 'last_manual_roll': 1500, 'last_manual_pitch': 1500, 'last_manual_yaw': 1500, 'last_manual_throttle': 989, 'aux3': 1000, 'aux4': 1000, 'aux5': 1500, 'aux6': 1000, 'aux7': 1000, 'battery': 23.8, 'rssi': 946, 'rssi_msg': 'Strong signal', 'speed': 0.0, 'altitude': 0.0, 'caught': False, 'ready_hold_active': False, 'ready_hold_pending_capture': False, 'ready_hold_roll': 1500, 'ready_hold_pitch': 1500, 'ready_hold_yaw': 1500, 'ready_hold_throttle': 1100, 'target_locked': False, 'tracking_bbox': None, 'attack_error_x': 0.0, 'attack_error_y': 0.0, 'target_size': 0.0, 'attack_active': False, 'attack_base_roll': 1500, 'attack_base_pitch': 1500, 'attack_base_yaw': 1500, 'attack_base_throttle': 1100, 'prev_attack_error_x': 0.0, 'prev_attack_time': None, 'prev_target_size': 0.0}
2026-04-03 10:34:58,855 - BEE-EPT-UA913 - DEBUG - Executing command: TELEMETRY, Priority: 2, Body: {'target': 'MSP_ALTITUDE'}
2026-04-03 10:34:58,863 - BEE-EPT-UA913 - DEBUG - Telemetry: b'\x00\x00\x00\x00\x00\x00'
2026-04-03 10:34:58,863 - BEE-EPT-UA913 - INFO - Autopilot state: {'connection': True, 'bee_state': 'OFF', 'roll': 1500, 'pitch': 1500, 'yaw': 1500, 'throttle': 989, 'last_manual_roll': 1500, 'last_manual_pitch': 1500, 'last_manual_yaw': 1500, 'last_manual_throttle': 989, 'aux3': 1000, 'aux4': 1000, 'aux5': 1500, 'aux6': 1000, 'aux7': 1000, 'battery': 23.8, 'rssi': 946, 'rssi_msg': 'Strong signal', 'speed': 0.0, 'altitude': 0.0, 'caught': False, 'ready_hold_active': False, 'ready_hold_pending_capture': False, 'ready_hold_roll': 1500, 'ready_hold_pitch': 1500, 'ready_hold_yaw': 1500, 'ready_hold_throttle': 1100, 'target_locked': False, 'tracking_bbox': None, 'attack_error_x': 0.0, 'attack_error_y': 0.0, 'target_size': 0.0, 'attack_active': False, 'attack_base_roll': 1500, 'attack_base_pitch': 1500, 'attack_base_yaw': 1500, 'attack_base_throttle': 1100, 'prev_attack_error_x': 0.0, 'prev_attack_time': None, 'prev_target_size': 0.0}
2026-04-03 10:34:58,913 - BEE-EPT-UA913 - DEBUG - Executing command: MONITOR, Priority: 2, Body: {'target': 'MSP_ANALOG'}
2026-04-03 10:34:58,923 - BEE-EPT-UA913 - DEBUG - Monitoring: b'\xee\x00\x00\xb7\x03\x00\x00P\t'
2026-04-03 10:34:58,923 - BEE-EPT-UA913 - INFO - RSSI: 951, signal: Strong signal, battery voltage: 23.8V
2026-04-03 10:35:00,794 - BEE-EPT-UA913 - DEBUG - Executing command: TELEMETRY, Priority: 1, Body: {'target': 'MSP_RC'}
2026-04-03 10:35:00,803 - BEE-EPT-UA913 - DEBUG - Telemetry: b'\xdc\x05\xdc\x05\xdc\x05\xdd\x03\xe8\x03\xe8\x03\xe8\x03\xe8\x03\xe8\x03\xe8\x03\xe8\x03\xfd\x05\xdc\x05\xdc\x05\xe8\x03\xe8\x03'
2026-04-03 10:35:00,804 - BEE-EPT-UA913 - INFO - Autopilot state: {'connection': True, 'bee_state': 'OFF', 'roll': 1500, 'pitch': 1500, 'yaw': 1500, 'throttle': 989, 'last_manual_roll': 1500, 'last_manual_pitch': 1500, 'last_manual_yaw': 1500, 'last_manual_throttle': 989, 'aux3': 1000, 'aux4': 1000, 'aux5': 1500, 'aux6': 1000, 'aux7': 1000, 'battery': 23.8, 'rssi': 951, 'rssi_msg': 'Strong signal', 'speed': 0.0, 'altitude': 0.0, 'caught': False, 'ready_hold_active': False, 'ready_hold_pending_capture': False, 'ready_hold_roll': 1500, 'ready_hold_pitch': 1500, 'ready_hold_yaw': 1500, 'ready_hold_throttle': 1100, 'target_locked': False, 'tracking_bbox': None, 'attack_error_x': 0.0, 'attack_error_y': 0.0, 'target_size': 0.0, 'attack_active': False, 'attack_base_roll': 1500, 'attack_base_pitch': 1500, 'attack_base_yaw': 1500, 'attack_base_throttle': 1100, 'prev_attack_error_x': 0.0, 'prev_attack_time': None, 'prev_target_size': 0.0}
2026-04-03 10:35:00,854 - BEE-EPT-UA913 - DEBUG - Executing command: TELEMETRY, Priority: 2, Body: {'target': 'MSP_ALTITUDE'}
2026-04-03 10:35:00,861 - BEE-EPT-UA913 - DEBUG - Telemetry: b'\x08\x00\x00\x00\x00\x00'
2026-04-03 10:35:00,862 - BEE-EPT-UA913 - INFO - Autopilot state: {'connection': True, 'bee_state': 'OFF', 'roll': 1500, 'pitch': 1500, 'yaw': 1500, 'throttle': 989, 'last_manual_roll': 1500, 'last_manual_pitch': 1500, 'last_manual_yaw': 1500, 'last_manual_throttle': 989, 'aux3': 1000, 'aux4': 1000, 'aux5': 1500, 'aux6': 1000, 'aux7': 1000, 'battery': 23.8, 'rssi': 951, 'rssi_msg': 'Strong signal', 'speed': 0.0, 'altitude': 0.08, 'caught': False, 'ready_hold_active': False, 'ready_hold_pending_capture': False, 'ready_hold_roll': 1500, 'ready_hold_pitch': 1500, 'ready_hold_yaw': 1500, 'ready_hold_throttle': 1100, 'target_locked': False, 'tracking_bbox': None, 'attack_error_x': 0.0, 'attack_error_y': 0.0, 'target_size': 0.0, 'attack_active': False, 'attack_base_roll': 1500, 'attack_base_pitch': 1500, 'attack_base_yaw': 1500, 'attack_base_throttle': 1100, 'prev_attack_error_x': 0.0, 'prev_attack_time': None, 'prev_target_size': 0.0}
2026-04-03 10:35:00,912 - BEE-EPT-UA913 - DEBUG - Executing command: MONITOR, Priority: 2, Body: {'target': 'MSP_ANALOG'}
2026-04-03 10:35:00,922 - BEE-EPT-UA913 - DEBUG - Monitoring: b'\xee\x00\x00\xa7\x03\x04\x00P\t'
2026-04-03 10:35:00,922 - BEE-EPT-UA913 - INFO - RSSI: 935, signal: Strong signal, battery voltage: 23.8V
2026-04-03 10:35:02,797 - BEE-EPT-UA913 - DEBUG - Executing command: TELEMETRY, Priority: 1, Body: {'target': 'MSP_RC'}
2026-04-03 10:35:02,803 - BEE-EPT-UA913 - DEBUG - Telemetry: b'\xdc\x05\xdc\x05\xdc\x05\xdd\x03\xe8\x03\xe8\x03\xe8\x03\xe8\x03\xe8\x03\xe8\x03\xe8\x03\xfd\x05\xdc\x05\xdc\x05\xe8\x03\xe8\x03'
2026-04-03 10:35:02,803 - BEE-EPT-UA913 - INFO - Autopilot state: {'connection': True, 'bee_state': 'OFF', 'roll': 1500, 'pitch': 1500, 'yaw': 1500, 'throttle': 989, 'last_manual_roll': 1500, 'last_manual_pitch': 1500, 'last_manual_yaw': 1500, 'last_manual_throttle': 989, 'aux3': 1000, 'aux4': 1000, 'aux5': 1500, 'aux6': 1000, 'aux7': 1000, 'battery': 23.8, 'rssi': 935, 'rssi_msg': 'Strong signal', 'speed': 0.0, 'altitude': 0.08, 'caught': False, 'ready_hold_active': False, 'ready_hold_pending_capture': False, 'ready_hold_roll': 1500, 'ready_hold_pitch': 1500, 'ready_hold_yaw': 1500, 'ready_hold_throttle': 1100, 'target_locked': False, 'tracking_bbox': None, 'attack_error_x': 0.0, 'attack_error_y': 0.0, 'target_size': 0.0, 'attack_active': False, 'attack_base_roll': 1500, 'attack_base_pitch': 1500, 'attack_base_yaw': 1500, 'attack_base_throttle': 1100, 'prev_attack_error_x': 0.0, 'prev_attack_time': None, 'prev_target_size': 0.0}
2026-04-03 10:35:02,853 - BEE-EPT-UA913 - DEBUG - Executing command: TELEMETRY, Priority: 2, Body: {'target': 'MSP_ALTITUDE'}
2026-04-03 10:35:02,861 - BEE-EPT-UA913 - DEBUG - Telemetry: b'\x11\x00\x00\x00\x00\x00'
2026-04-03 10:35:02,861 - BEE-EPT-UA913 - INFO - Autopilot state: {'connection': True, 'bee_state': 'OFF', 'roll': 1500, 'pitch': 1500, 'yaw': 1500, 'throttle': 989, 'last_manual_roll': 1500, 'last_manual_pitch': 1500, 'last_manual_yaw': 1500, 'last_manual_throttle': 989, 'aux3': 1000, 'aux4': 1000, 'aux5': 1500, 'aux6': 1000, 'aux7': 1000, 'battery': 23.8, 'rssi': 935, 'rssi_msg': 'Strong signal', 'speed': 0.0, 'altitude': 0.17, 'caught': False, 'ready_hold_active': False, 'ready_hold_pending_capture': False, 'ready_hold_roll': 1500, 'ready_hold_pitch': 1500, 'ready_hold_yaw': 1500, 'ready_hold_throttle': 1100, 'target_locked': False, 'tracking_bbox': None, 'attack_error_x': 0.0, 'attack_error_y': 0.0, 'target_size': 0.0, 'attack_active': False, 'attack_base_roll': 1500, 'attack_base_pitch': 1500, 'attack_base_yaw': 1500, 'attack_base_throttle': 1100, 'prev_attack_error_x': 0.0, 'prev_attack_time': None, 'prev_target_size': 0.0}
2026-04-03 10:35:02,911 - BEE-EPT-UA913 - DEBUG - Executing command: MONITOR, Priority: 2, Body: {'target': 'MSP_ANALOG'}
2026-04-03 10:35:02,921 - BEE-EPT-UA913 - DEBUG - Monitoring: b'\xee\x00\x00n\x03\x00\x00P\t'
2026-04-03 10:35:02,921 - BEE-EPT-UA913 - INFO - RSSI: 878, signal: Strong signal, battery voltage: 23.8V
2026-04-03 10:35:04,800 - BEE-EPT-UA913 - DEBUG - Executing command: TELEMETRY, Priority: 1, Body: {'target': 'MSP_RC'}
2026-04-03 10:35:04,812 - BEE-EPT-UA913 - DEBUG - Telemetry: b'\xdc\x05\xdc\x05\xdc\x05\xdd\x03\xe8\x03\xe8\x03\xe8\x03\xe8\x03\xe8\x03\xe8\x03\xe8\x03\xfd\x05\xdc\x05\xdc\x05\xe8\x03\xe8\x03'
2026-04-03 10:35:04,812 - BEE-EPT-UA913 - INFO - Autopilot state: {'connection': True, 'bee_state': 'OFF', 'roll': 1500, 'pitch': 1500, 'yaw': 1500, 'throttle': 989, 'last_manual_roll': 1500, 'last_manual_pitch': 1500, 'last_manual_yaw': 1500, 'last_manual_throttle': 989, 'aux3': 1000, 'aux4': 1000, 'aux5': 1500, 'aux6': 1000, 'aux7': 1000, 'battery': 23.8, 'rssi': 878, 'rssi_msg': 'Strong signal', 'speed': 0.0, 'altitude': 0.17, 'caught': False, 'ready_hold_active': False, 'ready_hold_pending_capture': False, 'ready_hold_roll': 1500, 'ready_hold_pitch': 1500, 'ready_hold_yaw': 1500, 'ready_hold_throttle': 1100, 'target_locked': False, 'tracking_bbox': None, 'attack_error_x': 0.0, 'attack_error_y': 0.0, 'target_size': 0.0, 'attack_active': False, 'attack_base_roll': 1500, 'attack_base_pitch': 1500, 'attack_base_yaw': 1500, 'attack_base_throttle': 1100, 'prev_attack_error_x': 0.0, 'prev_attack_time': None, 'prev_target_size': 0.0}
2026-04-03 10:35:04,862 - BEE-EPT-UA913 - DEBUG - Executing command: TELEMETRY, Priority: 2, Body: {'target': 'MSP_ALTITUDE'}
2026-04-03 10:35:04,870 - BEE-EPT-UA913 - DEBUG - Telemetry: b'\x11\x00\x00\x00\x00\x00'
2026-04-03 10:35:04,870 - BEE-EPT-UA913 - INFO - Autopilot state: {'connection': True, 'bee_state': 'OFF', 'roll': 1500, 'pitch': 1500, 'yaw': 1500, 'throttle': 989, 'last_manual_roll': 1500, 'last_manual_pitch': 1500, 'last_manual_yaw': 1500, 'last_manual_throttle': 989, 'aux3': 1000, 'aux4': 1000, 'aux5': 1500, 'aux6': 1000, 'aux7': 1000, 'battery': 23.8, 'rssi': 878, 'rssi_msg': 'Strong signal', 'speed': 0.0, 'altitude': 0.17, 'caught': False, 'ready_hold_active': False, 'ready_hold_pending_capture': False, 'ready_hold_roll': 1500, 'ready_hold_pitch': 1500, 'ready_hold_yaw': 1500, 'ready_hold_throttle': 1100, 'target_locked': False, 'tracking_bbox': None, 'attack_error_x': 0.0, 'attack_error_y': 0.0, 'target_size': 0.0, 'attack_active': False, 'attack_base_roll': 1500, 'attack_base_pitch': 1500, 'attack_base_yaw': 1500, 'attack_base_throttle': 1100, 'prev_attack_error_x': 0.0, 'prev_attack_time': None, 'prev_target_size': 0.0}
2026-04-03 10:35:04,920 - BEE-EPT-UA913 - DEBUG - Executing command: MONITOR, Priority: 2, Body: {'target': 'MSP_ANALOG'}
2026-04-03 10:35:04,930 - BEE-EPT-UA913 - DEBUG - Monitoring: b'\xee\x00\x00\x82\x03\x00\x00P\t'
2026-04-03 10:35:04,930 - BEE-EPT-UA913 - INFO - RSSI: 898, signal: Strong signal, battery voltage: 23.8V
2026-04-03 10:35:06,802 - BEE-EPT-UA913 - DEBUG - Executing command: TELEMETRY, Priority: 1, Body: {'target': 'MSP_RC'}
2026-04-03 10:35:06,811 - BEE-EPT-UA913 - DEBUG - Telemetry: b'\xdc\x05\xdc\x05\xdc\x05\xdd\x03\xe8\x03\xe8\x03\xe8\x03\xe8\x03\xe8\x03\xe8\x03\xe8\x03\xfd\x05\xdc\x05\xdc\x05\xe8\x03\xe8\x03'
2026-04-03 10:35:06,811 - BEE-EPT-UA913 - INFO - Autopilot state: {'connection': True, 'bee_state': 'OFF', 'roll': 1500, 'pitch': 1500, 'yaw': 1500, 'throttle': 989, 'last_manual_roll': 1500, 'last_manual_pitch': 1500, 'last_manual_yaw': 1500, 'last_manual_throttle': 989, 'aux3': 1000, 'aux4': 1000, 'aux5': 1500, 'aux6': 1000, 'aux7': 1000, 'battery': 23.8, 'rssi': 898, 'rssi_msg': 'Strong signal', 'speed': 0.0, 'altitude': 0.17, 'caught': False, 'ready_hold_active': False, 'ready_hold_pending_capture': False, 'ready_hold_roll': 1500, 'ready_hold_pitch': 1500, 'ready_hold_yaw': 1500, 'ready_hold_throttle': 1100, 'target_locked': False, 'tracking_bbox': None, 'attack_error_x': 0.0, 'attack_error_y': 0.0, 'target_size': 0.0, 'attack_active': False, 'attack_base_roll': 1500, 'attack_base_pitch': 1500, 'attack_base_yaw': 1500, 'attack_base_throttle': 1100, 'prev_attack_error_x': 0.0, 'prev_attack_time': None, 'prev_target_size': 0.0}
2026-04-03 10:35:06,861 - BEE-EPT-UA913 - DEBUG - Executing command: TELEMETRY, Priority: 2, Body: {'target': 'MSP_ALTITUDE'}
2026-04-03 10:35:06,869 - BEE-EPT-UA913 - DEBUG - Telemetry: b'\x08\x00\x00\x00\x00\x00'
2026-04-03 10:35:06,869 - BEE-EPT-UA913 - INFO - Autopilot state: {'connection': True, 'bee_state': 'OFF', 'roll': 1500, 'pitch': 1500, 'yaw': 1500, 'throttle': 989, 'last_manual_roll': 1500, 'last_manual_pitch': 1500, 'last_manual_yaw': 1500, 'last_manual_throttle': 989, 'aux3': 1000, 'aux4': 1000, 'aux5': 1500, 'aux6': 1000, 'aux7': 1000, 'battery': 23.8, 'rssi': 898, 'rssi_msg': 'Strong signal', 'speed': 0.0, 'altitude': 0.08, 'caught': False, 'ready_hold_active': False, 'ready_hold_pending_capture': False, 'ready_hold_roll': 1500, 'ready_hold_pitch': 1500, 'ready_hold_yaw': 1500, 'ready_hold_throttle': 1100, 'target_locked': False, 'tracking_bbox': None, 'attack_error_x': 0.0, 'attack_error_y': 0.0, 'target_size': 0.0, 'attack_active': False, 'attack_base_roll': 1500, 'attack_base_pitch': 1500, 'attack_base_yaw': 1500, 'attack_base_throttle': 1100, 'prev_attack_error_x': 0.0, 'prev_attack_time': None, 'prev_target_size': 0.0}
2026-04-03 10:35:06,919 - BEE-EPT-UA913 - DEBUG - Executing command: MONITOR, Priority: 2, Body: {'target': 'MSP_ANALOG'}
2026-04-03 10:35:06,929 - BEE-EPT-UA913 - DEBUG - Monitoring: b'\xee\x00\x00\xae\x03\x04\x00P\t'
2026-04-03 10:35:06,929 - BEE-EPT-UA913 - INFO - RSSI: 942, signal: Strong signal, battery voltage: 23.8V
2026-04-03 10:35:08,805 - BEE-EPT-UA913 - DEBUG - Executing command: TELEMETRY, Priority: 1, Body: {'target': 'MSP_RC'}
2026-04-03 10:35:08,819 - BEE-EPT-UA913 - DEBUG - Telemetry: b'\xdc\x05\xdc\x05\xdc\x05\xdd\x03\xe8\x03\xe8\x03\xe8\x03\xe8\x03\xe8\x03\xe8\x03\xe8\x03\xfd\x05\xdc\x05\xdc\x05\xe8\x03\xe8\x03'
2026-04-03 10:35:08,819 - BEE-EPT-UA913 - INFO - Autopilot state: {'connection': True, 'bee_state': 'OFF', 'roll': 1500, 'pitch': 1500, 'yaw': 1500, 'throttle': 989, 'last_manual_roll': 1500, 'last_manual_pitch': 1500, 'last_manual_yaw': 1500, 'last_manual_throttle': 989, 'aux3': 1000, 'aux4': 1000, 'aux5': 1500, 'aux6': 1000, 'aux7': 1000, 'battery': 23.8, 'rssi': 942, 'rssi_msg': 'Strong signal', 'speed': 0.0, 'altitude': 0.08, 'caught': False, 'ready_hold_active': False, 'ready_hold_pending_capture': False, 'ready_hold_roll': 1500, 'ready_hold_pitch': 1500, 'ready_hold_yaw': 1500, 'ready_hold_throttle': 1100, 'target_locked': False, 'tracking_bbox': None, 'attack_error_x': 0.0, 'attack_error_y': 0.0, 'target_size': 0.0, 'attack_active': False, 'attack_base_roll': 1500, 'attack_base_pitch': 1500, 'attack_base_yaw': 1500, 'attack_base_throttle': 1100, 'prev_attack_error_x': 0.0, 'prev_attack_time': None, 'prev_target_size': 0.0}
2026-04-03 10:35:08,870 - BEE-EPT-UA913 - DEBUG - Executing command: TELEMETRY, Priority: 2, Body: {'target': 'MSP_ALTITUDE'}
2026-04-03 10:35:08,877 - BEE-EPT-UA913 - DEBUG - Telemetry: b'\x11\x00\x00\x00\x00\x00'
2026-04-03 10:35:08,877 - BEE-EPT-UA913 - INFO - Autopilot state: {'connection': True, 'bee_state': 'OFF', 'roll': 1500, 'pitch': 1500, 'yaw': 1500, 'throttle': 989, 'last_manual_roll': 1500, 'last_manual_pitch': 1500, 'last_manual_yaw': 1500, 'last_manual_throttle': 989, 'aux3': 1000, 'aux4': 1000, 'aux5': 1500, 'aux6': 1000, 'aux7': 1000, 'battery': 23.8, 'rssi': 942, 'rssi_msg': 'Strong signal', 'speed': 0.0, 'altitude': 0.17, 'caught': False, 'ready_hold_active': False, 'ready_hold_pending_capture': False, 'ready_hold_roll': 1500, 'ready_hold_pitch': 1500, 'ready_hold_yaw': 1500, 'ready_hold_throttle': 1100, 'target_locked': False, 'tracking_bbox': None, 'attack_error_x': 0.0, 'attack_error_y': 0.0, 'target_size': 0.0, 'attack_active': False, 'attack_base_roll': 1500, 'attack_base_pitch': 1500, 'attack_base_yaw': 1500, 'attack_base_throttle': 1100, 'prev_attack_error_x': 0.0, 'prev_attack_time': None, 'prev_target_size': 0.0}
2026-04-03 10:35:08,928 - BEE-EPT-UA913 - DEBUG - Executing command: MONITOR, Priority: 2, Body: {'target': 'MSP_ANALOG'}
2026-04-03 10:35:08,938 - BEE-EPT-UA913 - DEBUG - Monitoring: b'\xee\x00\x00\xb7\x03\x04\x00O\t'
2026-04-03 10:35:08,938 - BEE-EPT-UA913 - INFO - RSSI: 951, signal: Strong signal, battery voltage: 23.8V
2026-04-03 10:35:10,808 - BEE-EPT-UA913 - DEBUG - Executing command: TELEMETRY, Priority: 1, Body: {'target': 'MSP_RC'}
2026-04-03 10:35:10,817 - BEE-EPT-UA913 - DEBUG - Telemetry: b'\xdc\x05\xdc\x05\xdc\x05\xdd\x03\xe8\x03\xe8\x03\xe8\x03\xe8\x03\xe8\x03\xe8\x03\xe8\x03\xfd\x05\xdc\x05\xdc\x05\xe8\x03\xe8\x03'
2026-04-03 10:35:10,817 - BEE-EPT-UA913 - INFO - Autopilot state: {'connection': True, 'bee_state': 'OFF', 'roll': 1500, 'pitch': 1500, 'yaw': 1500, 'throttle': 989, 'last_manual_roll': 1500, 'last_manual_pitch': 1500, 'last_manual_yaw': 1500, 'last_manual_throttle': 989, 'aux3': 1000, 'aux4': 1000, 'aux5': 1500, 'aux6': 1000, 'aux7': 1000, 'battery': 23.8, 'rssi': 951, 'rssi_msg': 'Strong signal', 'speed': 0.0, 'altitude': 0.17, 'caught': False, 'ready_hold_active': False, 'ready_hold_pending_capture': False, 'ready_hold_roll': 1500, 'ready_hold_pitch': 1500, 'ready_hold_yaw': 1500, 'ready_hold_throttle': 1100, 'target_locked': False, 'tracking_bbox': None, 'attack_error_x': 0.0, 'attack_error_y': 0.0, 'target_size': 0.0, 'attack_active': False, 'attack_base_roll': 1500, 'attack_base_pitch': 1500, 'attack_base_yaw': 1500, 'attack_base_throttle': 1100, 'prev_attack_error_x': 0.0, 'prev_attack_time': None, 'prev_target_size': 0.0}
2026-04-03 10:35:10,867 - BEE-EPT-UA913 - DEBUG - Executing command: TELEMETRY, Priority: 2, Body: {'target': 'MSP_ALTITUDE'}
2026-04-03 10:35:10,875 - BEE-EPT-UA913 - DEBUG - Telemetry: b'\x08\x00\x00\x00\x00\x00'
2026-04-03 10:35:10,875 - BEE-EPT-UA913 - INFO - Autopilot state: {'connection': True, 'bee_state': 'OFF', 'roll': 1500, 'pitch': 1500, 'yaw': 1500, 'throttle': 989, 'last_manual_roll': 1500, 'last_manual_pitch': 1500, 'last_manual_yaw': 1500, 'last_manual_throttle': 989, 'aux3': 1000, 'aux4': 1000, 'aux5': 1500, 'aux6': 1000, 'aux7': 1000, 'battery': 23.8, 'rssi': 951, 'rssi_msg': 'Strong signal', 'speed': 0.0, 'altitude': 0.08, 'caught': False, 'ready_hold_active': False, 'ready_hold_pending_capture': False, 'ready_hold_roll': 1500, 'ready_hold_pitch': 1500, 'ready_hold_yaw': 1500, 'ready_hold_throttle': 1100, 'target_locked': False, 'tracking_bbox': None, 'attack_error_x': 0.0, 'attack_error_y': 0.0, 'target_size': 0.0, 'attack_active': False, 'attack_base_roll': 1500, 'attack_base_pitch': 1500, 'attack_base_yaw': 1500, 'attack_base_throttle': 1100, 'prev_attack_error_x': 0.0, 'prev_attack_time': None, 'prev_target_size': 0.0}
2026-04-03 10:35:10,925 - BEE-EPT-UA913 - DEBUG - Executing command: MONITOR, Priority: 2, Body: {'target': 'MSP_ANALOG'}
2026-04-03 10:35:10,935 - BEE-EPT-UA913 - DEBUG - Monitoring: b'\xee\x00\x00\xbd\x03\x00\x00P\t'
2026-04-03 10:35:10,936 - BEE-EPT-UA913 - INFO - RSSI: 957, signal: Strong signal, battery voltage: 23.8V
2026-04-03 10:35:12,811 - BEE-EPT-UA913 - DEBUG - Executing command: TELEMETRY, Priority: 1, Body: {'target': 'MSP_RC'}
2026-04-03 10:35:12,816 - BEE-EPT-UA913 - DEBUG - Telemetry: b'\xdc\x05\xdc\x05\xdc\x05\xdd\x03\xd0\x07\xe8\x03\xe8\x03\xe8\x03\xe8\x03\xe8\x03\xe8\x03\xfd\x05\xdc\x05\xdc\x05\xe8\x03\xe8\x03'
2026-04-03 10:35:12,816 - BEE-EPT-UA913 - INFO - Autopilot state: {'connection': True, 'bee_state': 'OFF', 'roll': 1500, 'pitch': 1500, 'yaw': 1500, 'throttle': 989, 'last_manual_roll': 1500, 'last_manual_pitch': 1500, 'last_manual_yaw': 1500, 'last_manual_throttle': 989, 'aux3': 1000, 'aux4': 1000, 'aux5': 1500, 'aux6': 1000, 'aux7': 1000, 'battery': 23.8, 'rssi': 957, 'rssi_msg': 'Strong signal', 'speed': 0.0, 'altitude': 0.08, 'caught': False, 'ready_hold_active': False, 'ready_hold_pending_capture': False, 'ready_hold_roll': 1500, 'ready_hold_pitch': 1500, 'ready_hold_yaw': 1500, 'ready_hold_throttle': 1100, 'target_locked': False, 'tracking_bbox': None, 'attack_error_x': 0.0, 'attack_error_y': 0.0, 'target_size': 0.0, 'attack_active': False, 'attack_base_roll': 1500, 'attack_base_pitch': 1500, 'attack_base_yaw': 1500, 'attack_base_throttle': 1100, 'prev_attack_error_x': 0.0, 'prev_attack_time': None, 'prev_target_size': 0.0}
2026-04-03 10:35:12,866 - BEE-EPT-UA913 - DEBUG - Executing command: TELEMETRY, Priority: 2, Body: {'target': 'MSP_ALTITUDE'}
2026-04-03 10:35:12,874 - BEE-EPT-UA913 - DEBUG - Telemetry: b'\x00\x00\x00\x00\x00\x00'
2026-04-03 10:35:12,874 - BEE-EPT-UA913 - INFO - Autopilot state: {'connection': True, 'bee_state': 'OFF', 'roll': 1500, 'pitch': 1500, 'yaw': 1500, 'throttle': 989, 'last_manual_roll': 1500, 'last_manual_pitch': 1500, 'last_manual_yaw': 1500, 'last_manual_throttle': 989, 'aux3': 1000, 'aux4': 1000, 'aux5': 1500, 'aux6': 1000, 'aux7': 1000, 'battery': 23.8, 'rssi': 957, 'rssi_msg': 'Strong signal', 'speed': 0.0, 'altitude': 0.0, 'caught': False, 'ready_hold_active': False, 'ready_hold_pending_capture': False, 'ready_hold_roll': 1500, 'ready_hold_pitch': 1500, 'ready_hold_yaw': 1500, 'ready_hold_throttle': 1100, 'target_locked': False, 'tracking_bbox': None, 'attack_error_x': 0.0, 'attack_error_y': 0.0, 'target_size': 0.0, 'attack_active': False, 'attack_base_roll': 1500, 'attack_base_pitch': 1500, 'attack_base_yaw': 1500, 'attack_base_throttle': 1100, 'prev_attack_error_x': 0.0, 'prev_attack_time': None, 'prev_target_size': 0.0}
2026-04-03 10:35:12,924 - BEE-EPT-UA913 - DEBUG - Executing command: MONITOR, Priority: 2, Body: {'target': 'MSP_ANALOG'}
2026-04-03 10:35:12,935 - BEE-EPT-UA913 - DEBUG - Monitoring: b'\xee\x00\x00\xa3\x03\x00\x00P\t'
2026-04-03 10:35:12,935 - BEE-EPT-UA913 - INFO - RSSI: 931, signal: Strong signal, battery voltage: 23.8V
2026-04-03 10:35:14,814 - BEE-EPT-UA913 - DEBUG - Executing command: TELEMETRY, Priority: 1, Body: {'target': 'MSP_RC'}
2026-04-03 10:35:14,825 - BEE-EPT-UA913 - DEBUG - Telemetry: b'\xdc\x05\xdc\x05\xdc\x05\xdd\x03\xd0\x07\xe8\x03\xe8\x03\xe8\x03\xe8\x03\xe8\x03\xe8\x03\xfd\x05\xdc\x05\xdc\x05\xe8\x03\xe8\x03'
2026-04-03 10:35:14,825 - BEE-EPT-UA913 - INFO - Autopilot state: {'connection': True, 'bee_state': 'OFF', 'roll': 1500, 'pitch': 1500, 'yaw': 1500, 'throttle': 989, 'last_manual_roll': 1500, 'last_manual_pitch': 1500, 'last_manual_yaw': 1500, 'last_manual_throttle': 989, 'aux3': 1000, 'aux4': 1000, 'aux5': 1500, 'aux6': 1000, 'aux7': 1000, 'battery': 23.8, 'rssi': 931, 'rssi_msg': 'Strong signal', 'speed': 0.0, 'altitude': 0.0, 'caught': False, 'ready_hold_active': False, 'ready_hold_pending_capture': False, 'ready_hold_roll': 1500, 'ready_hold_pitch': 1500, 'ready_hold_yaw': 1500, 'ready_hold_throttle': 1100, 'target_locked': False, 'tracking_bbox': None, 'attack_error_x': 0.0, 'attack_error_y': 0.0, 'target_size': 0.0, 'attack_active': False, 'attack_base_roll': 1500, 'attack_base_pitch': 1500, 'attack_base_yaw': 1500, 'attack_base_throttle': 1100, 'prev_attack_error_x': 0.0, 'prev_attack_time': None, 'prev_target_size': 0.0}
2026-04-03 10:35:14,875 - BEE-EPT-UA913 - DEBUG - Executing command: TELEMETRY, Priority: 2, Body: {'target': 'MSP_ALTITUDE'}
2026-04-03 10:35:14,883 - BEE-EPT-UA913 - DEBUG - Telemetry: b'\x00\x00\x00\x00\x00\x00'
2026-04-03 10:35:14,883 - BEE-EPT-UA913 - INFO - Autopilot state: {'connection': True, 'bee_state': 'OFF', 'roll': 1500, 'pitch': 1500, 'yaw': 1500, 'throttle': 989, 'last_manual_roll': 1500, 'last_manual_pitch': 1500, 'last_manual_yaw': 1500, 'last_manual_throttle': 989, 'aux3': 1000, 'aux4': 1000, 'aux5': 1500, 'aux6': 1000, 'aux7': 1000, 'battery': 23.8, 'rssi': 931, 'rssi_msg': 'Strong signal', 'speed': 0.0, 'altitude': 0.0, 'caught': False, 'ready_hold_active': False, 'ready_hold_pending_capture': False, 'ready_hold_roll': 1500, 'ready_hold_pitch': 1500, 'ready_hold_yaw': 1500, 'ready_hold_throttle': 1100, 'target_locked': False, 'tracking_bbox': None, 'attack_error_x': 0.0, 'attack_error_y': 0.0, 'target_size': 0.0, 'attack_active': False, 'attack_base_roll': 1500, 'attack_base_pitch': 1500, 'attack_base_yaw': 1500, 'attack_base_throttle': 1100, 'prev_attack_error_x': 0.0, 'prev_attack_time': None, 'prev_target_size': 0.0}
2026-04-03 10:35:14,933 - BEE-EPT-UA913 - DEBUG - Executing command: MONITOR, Priority: 2, Body: {'target': 'MSP_ANALOG'}
2026-04-03 10:35:14,944 - BEE-EPT-UA913 - DEBUG - Monitoring: b'\xee\x00\x00\x96\x03\x08\x00M\t'
2026-04-03 10:35:14,944 - BEE-EPT-UA913 - INFO - RSSI: 918, signal: Strong signal, battery voltage: 23.8V
2026-04-03 10:35:16,817 - BEE-EPT-UA913 - DEBUG - Executing command: TELEMETRY, Priority: 1, Body: {'target': 'MSP_RC'}
2026-04-03 10:35:16,824 - BEE-EPT-UA913 - DEBUG - Telemetry: b'\xdc\x05\xdc\x05\xdc\x05\xdd\x03\xe8\x03\xe8\x03\xe8\x03\xe8\x03\xe8\x03\xe8\x03\xe8\x03\xfd\x05\xdc\x05\xdc\x05\xe8\x03\xe8\x03'
2026-04-03 10:35:16,824 - BEE-EPT-UA913 - INFO - Autopilot state: {'connection': True, 'bee_state': 'OFF', 'roll': 1500, 'pitch': 1500, 'yaw': 1500, 'throttle': 989, 'last_manual_roll': 1500, 'last_manual_pitch': 1500, 'last_manual_yaw': 1500, 'last_manual_throttle': 989, 'aux3': 1000, 'aux4': 1000, 'aux5': 1500, 'aux6': 1000, 'aux7': 1000, 'battery': 23.8, 'rssi': 918, 'rssi_msg': 'Strong signal', 'speed': 0.0, 'altitude': 0.0, 'caught': False, 'ready_hold_active': False, 'ready_hold_pending_capture': False, 'ready_hold_roll': 1500, 'ready_hold_pitch': 1500, 'ready_hold_yaw': 1500, 'ready_hold_throttle': 1100, 'target_locked': False, 'tracking_bbox': None, 'attack_error_x': 0.0, 'attack_error_y': 0.0, 'target_size': 0.0, 'attack_active': False, 'attack_base_roll': 1500, 'attack_base_pitch': 1500, 'attack_base_yaw': 1500, 'attack_base_throttle': 1100, 'prev_attack_error_x': 0.0, 'prev_attack_time': None, 'prev_target_size': 0.0}
2026-04-03 10:35:16,875 - BEE-EPT-UA913 - DEBUG - Executing command: TELEMETRY, Priority: 2, Body: {'target': 'MSP_ALTITUDE'}
2026-04-03 10:35:16,882 - BEE-EPT-UA913 - DEBUG - Telemetry: b'\x00\x00\x00\x00\x00\x00'
2026-04-03 10:35:16,882 - BEE-EPT-UA913 - INFO - Autopilot state: {'connection': True, 'bee_state': 'OFF', 'roll': 1500, 'pitch': 1500, 'yaw': 1500, 'throttle': 989, 'last_manual_roll': 1500, 'last_manual_pitch': 1500, 'last_manual_yaw': 1500, 'last_manual_throttle': 989, 'aux3': 1000, 'aux4': 1000, 'aux5': 1500, 'aux6': 1000, 'aux7': 1000, 'battery': 23.8, 'rssi': 918, 'rssi_msg': 'Strong signal', 'speed': 0.0, 'altitude': 0.0, 'caught': False, 'ready_hold_active': False, 'ready_hold_pending_capture': False, 'ready_hold_roll': 1500, 'ready_hold_pitch': 1500, 'ready_hold_yaw': 1500, 'ready_hold_throttle': 1100, 'target_locked': False, 'tracking_bbox': None, 'attack_error_x': 0.0, 'attack_error_y': 0.0, 'target_size': 0.0, 'attack_active': False, 'attack_base_roll': 1500, 'attack_base_pitch': 1500, 'attack_base_yaw': 1500, 'attack_base_throttle': 1100, 'prev_attack_error_x': 0.0, 'prev_attack_time': None, 'prev_target_size': 0.0}
2026-04-03 10:35:16,933 - BEE-EPT-UA913 - DEBUG - Executing command: MONITOR, Priority: 2, Body: {'target': 'MSP_ANALOG'}
2026-04-03 10:35:16,943 - BEE-EPT-UA913 - DEBUG - Monitoring: b'\xee\x00\x00\xab\x03\x08\x00N\t'
2026-04-03 10:35:16,943 - BEE-EPT-UA913 - INFO - RSSI: 939, signal: Strong signal, battery voltage: 23.8V
2026-04-03 10:35:18,821 - BEE-EPT-UA913 - DEBUG - Executing command: TELEMETRY, Priority: 1, Body: {'target': 'MSP_RC'}
2026-04-03 10:35:18,833 - BEE-EPT-UA913 - DEBUG - Telemetry: b'\xdc\x05\xdc\x05\xdc\x05\xdd\x03\xe8\x03\xe8\x03\xe8\x03\xe8\x03\xe8\x03\xe8\x03\xe8\x03\xfd\x05\xdc\x05\xdc\x05\xe8\x03\xe8\x03'
2026-04-03 10:35:18,833 - BEE-EPT-UA913 - INFO - Autopilot state: {'connection': True, 'bee_state': 'OFF', 'roll': 1500, 'pitch': 1500, 'yaw': 1500, 'throttle': 989, 'last_manual_roll': 1500, 'last_manual_pitch': 1500, 'last_manual_yaw': 1500, 'last_manual_throttle': 989, 'aux3': 1000, 'aux4': 1000, 'aux5': 1500, 'aux6': 1000, 'aux7': 1000, 'battery': 23.8, 'rssi': 939, 'rssi_msg': 'Strong signal', 'speed': 0.0, 'altitude': 0.0, 'caught': False, 'ready_hold_active': False, 'ready_hold_pending_capture': False, 'ready_hold_roll': 1500, 'ready_hold_pitch': 1500, 'ready_hold_yaw': 1500, 'ready_hold_throttle': 1100, 'target_locked': False, 'tracking_bbox': None, 'attack_error_x': 0.0, 'attack_error_y': 0.0, 'target_size': 0.0, 'attack_active': False, 'attack_base_roll': 1500, 'attack_base_pitch': 1500, 'attack_base_yaw': 1500, 'attack_base_throttle': 1100, 'prev_attack_error_x': 0.0, 'prev_attack_time': None, 'prev_target_size': 0.0}
2026-04-03 10:35:18,884 - BEE-EPT-UA913 - DEBUG - Executing command: TELEMETRY, Priority: 2, Body: {'target': 'MSP_ALTITUDE'}
2026-04-03 10:35:18,891 - BEE-EPT-UA913 - DEBUG - Telemetry: b'\x08\x00\x00\x00\x00\x00'
2026-04-03 10:35:18,891 - BEE-EPT-UA913 - INFO - Autopilot state: {'connection': True, 'bee_state': 'OFF', 'roll': 1500, 'pitch': 1500, 'yaw': 1500, 'throttle': 989, 'last_manual_roll': 1500, 'last_manual_pitch': 1500, 'last_manual_yaw': 1500, 'last_manual_throttle': 989, 'aux3': 1000, 'aux4': 1000, 'aux5': 1500, 'aux6': 1000, 'aux7': 1000, 'battery': 23.8, 'rssi': 939, 'rssi_msg': 'Strong signal', 'speed': 0.0, 'altitude': 0.08, 'caught': False, 'ready_hold_active': False, 'ready_hold_pending_capture': False, 'ready_hold_roll': 1500, 'ready_hold_pitch': 1500, 'ready_hold_yaw': 1500, 'ready_hold_throttle': 1100, 'target_locked': False, 'tracking_bbox': None, 'attack_error_x': 0.0, 'attack_error_y': 0.0, 'target_size': 0.0, 'attack_active': False, 'attack_base_roll': 1500, 'attack_base_pitch': 1500, 'attack_base_yaw': 1500, 'attack_base_throttle': 1100, 'prev_attack_error_x': 0.0, 'prev_attack_time': None, 'prev_target_size': 0.0}
2026-04-03 10:35:18,941 - BEE-EPT-UA913 - DEBUG - Executing command: MONITOR, Priority: 2, Body: {'target': 'MSP_ANALOG'}
2026-04-03 10:35:18,951 - BEE-EPT-UA913 - DEBUG - Monitoring: b'\xee\x00\x00\xc5\x03\x00\x00P\t'
2026-04-03 10:35:18,951 - BEE-EPT-UA913 - INFO - RSSI: 965, signal: Strong signal, battery voltage: 23.8V
2026-04-03 10:35:20,825 - BEE-EPT-UA913 - DEBUG - Executing command: TELEMETRY, Priority: 1, Body: {'target': 'MSP_RC'}
2026-04-03 10:35:20,830 - BEE-EPT-UA913 - DEBUG - Telemetry: b'\xdc\x05\xdc\x05\xdc\x05\xdd\x03\xe8\x03\xe8\x03\xe8\x03\xe8\x03\xe8\x03\xe8\x03\xe8\x03\xfd\x05\xdc\x05\xdc\x05\xe8\x03\xe8\x03'
2026-04-03 10:35:20,831 - BEE-EPT-UA913 - INFO - Autopilot state: {'connection': True, 'bee_state': 'OFF', 'roll': 1500, 'pitch': 1500, 'yaw': 1500, 'throttle': 989, 'last_manual_roll': 1500, 'last_manual_pitch': 1500, 'last_manual_yaw': 1500, 'last_manual_throttle': 989, 'aux3': 1000, 'aux4': 1000, 'aux5': 1500, 'aux6': 1000, 'aux7': 1000, 'battery': 23.8, 'rssi': 965, 'rssi_msg': 'Strong signal', 'speed': 0.0, 'altitude': 0.08, 'caught': False, 'ready_hold_active': False, 'ready_hold_pending_capture': False, 'ready_hold_roll': 1500, 'ready_hold_pitch': 1500, 'ready_hold_yaw': 1500, 'ready_hold_throttle': 1100, 'target_locked': False, 'tracking_bbox': None, 'attack_error_x': 0.0, 'attack_error_y': 0.0, 'target_size': 0.0, 'attack_active': False, 'attack_base_roll': 1500, 'attack_base_pitch': 1500, 'attack_base_yaw': 1500, 'attack_base_throttle': 1100, 'prev_attack_error_x': 0.0, 'prev_attack_time': None, 'prev_target_size': 0.0}
2026-04-03 10:35:20,882 - BEE-EPT-UA913 - DEBUG - Executing command: TELEMETRY, Priority: 2, Body: {'target': 'MSP_ALTITUDE'}
2026-04-03 10:35:20,889 - BEE-EPT-UA913 - DEBUG - Telemetry: b'\x08\x00\x00\x00\x00\x00'
2026-04-03 10:35:20,889 - BEE-EPT-UA913 - INFO - Autopilot state: {'connection': True, 'bee_state': 'OFF', 'roll': 1500, 'pitch': 1500, 'yaw': 1500, 'throttle': 989, 'last_manual_roll': 1500, 'last_manual_pitch': 1500, 'last_manual_yaw': 1500, 'last_manual_throttle': 989, 'aux3': 1000, 'aux4': 1000, 'aux5': 1500, 'aux6': 1000, 'aux7': 1000, 'battery': 23.8, 'rssi': 965, 'rssi_msg': 'Strong signal', 'speed': 0.0, 'altitude': 0.08, 'caught': False, 'ready_hold_active': False, 'ready_hold_pending_capture': False, 'ready_hold_roll': 1500, 'ready_hold_pitch': 1500, 'ready_hold_yaw': 1500, 'ready_hold_throttle': 1100, 'target_locked': False, 'tracking_bbox': None, 'attack_error_x': 0.0, 'attack_error_y': 0.0, 'target_size': 0.0, 'attack_active': False, 'attack_base_roll': 1500, 'attack_base_pitch': 1500, 'attack_base_yaw': 1500, 'attack_base_throttle': 1100, 'prev_attack_error_x': 0.0, 'prev_attack_time': None, 'prev_target_size': 0.0}
2026-04-03 10:35:20,940 - BEE-EPT-UA913 - DEBUG - Executing command: MONITOR, Priority: 2, Body: {'target': 'MSP_ANALOG'}
2026-04-03 10:35:20,949 - BEE-EPT-UA913 - DEBUG - Monitoring: b'\xee\x00\x00\xc6\x03\x00\x00N\t'
2026-04-03 10:35:20,949 - BEE-EPT-UA913 - INFO - RSSI: 966, signal: Strong signal, battery voltage: 23.8V
2026-04-03 10:35:22,831 - BEE-EPT-UA913 - DEBUG - Executing command: TELEMETRY, Priority: 1, Body: {'target': 'MSP_RC'}
2026-04-03 10:35:22,840 - BEE-EPT-UA913 - DEBUG - Telemetry: b'\xdc\x05\xdc\x05\xdc\x05\xdd\x03\xe8\x03\xe8\x03\xe8\x03\xe8\x03\xe8\x03\xe8\x03\xe8\x03\xfd\x05\xdc\x05\xdc\x05\xe8\x03\xe8\x03'
2026-04-03 10:35:22,840 - BEE-EPT-UA913 - INFO - Autopilot state: {'connection': True, 'bee_state': 'OFF', 'roll': 1500, 'pitch': 1500, 'yaw': 1500, 'throttle': 989, 'last_manual_roll': 1500, 'last_manual_pitch': 1500, 'last_manual_yaw': 1500, 'last_manual_throttle': 989, 'aux3': 1000, 'aux4': 1000, 'aux5': 1500, 'aux6': 1000, 'aux7': 1000, 'battery': 23.8, 'rssi': 966, 'rssi_msg': 'Strong signal', 'speed': 0.0, 'altitude': 0.08, 'caught': False, 'ready_hold_active': False, 'ready_hold_pending_capture': False, 'ready_hold_roll': 1500, 'ready_hold_pitch': 1500, 'ready_hold_yaw': 1500, 'ready_hold_throttle': 1100, 'target_locked': False, 'tracking_bbox': None, 'attack_error_x': 0.0, 'attack_error_y': 0.0, 'target_size': 0.0, 'attack_active': False, 'attack_base_roll': 1500, 'attack_base_pitch': 1500, 'attack_base_yaw': 1500, 'attack_base_throttle': 1100, 'prev_attack_error_x': 0.0, 'prev_attack_time': None, 'prev_target_size': 0.0}
2026-04-03 10:35:22,891 - BEE-EPT-UA913 - DEBUG - Executing command: TELEMETRY, Priority: 2, Body: {'target': 'MSP_ALTITUDE'}
2026-04-03 10:35:22,898 - BEE-EPT-UA913 - DEBUG - Telemetry: b'\x08\x00\x00\x00\x00\x00'
2026-04-03 10:35:22,898 - BEE-EPT-UA913 - INFO - Autopilot state: {'connection': True, 'bee_state': 'OFF', 'roll': 1500, 'pitch': 1500, 'yaw': 1500, 'throttle': 989, 'last_manual_roll': 1500, 'last_manual_pitch': 1500, 'last_manual_yaw': 1500, 'last_manual_throttle': 989, 'aux3': 1000, 'aux4': 1000, 'aux5': 1500, 'aux6': 1000, 'aux7': 1000, 'battery': 23.8, 'rssi': 966, 'rssi_msg': 'Strong signal', 'speed': 0.0, 'altitude': 0.08, 'caught': False, 'ready_hold_active': False, 'ready_hold_pending_capture': False, 'ready_hold_roll': 1500, 'ready_hold_pitch': 1500, 'ready_hold_yaw': 1500, 'ready_hold_throttle': 1100, 'target_locked': False, 'tracking_bbox': None, 'attack_error_x': 0.0, 'attack_error_y': 0.0, 'target_size': 0.0, 'attack_active': False, 'attack_base_roll': 1500, 'attack_base_pitch': 1500, 'attack_base_yaw': 1500, 'attack_base_throttle': 1100, 'prev_attack_error_x': 0.0, 'prev_attack_time': None, 'prev_target_size': 0.0}
2026-04-03 10:35:22,948 - BEE-EPT-UA913 - DEBUG - Executing command: MONITOR, Priority: 2, Body: {'target': 'MSP_ANALOG'}
2026-04-03 10:35:22,958 - BEE-EPT-UA913 - DEBUG - Monitoring: b'\xee\x00\x00y\x03\x00\x00N\t'
2026-04-03 10:35:22,958 - BEE-EPT-UA913 - INFO - RSSI: 889, signal: Strong signal, battery voltage: 23.8V
2026-04-03 10:35:24,835 - BEE-EPT-UA913 - DEBUG - Executing command: TELEMETRY, Priority: 1, Body: {'target': 'MSP_RC'}
2026-04-03 10:35:24,849 - BEE-EPT-UA913 - DEBUG - Telemetry: b'\xdc\x05\xdc\x05\xdc\x05\xdd\x03\xe8\x03\xe8\x03\xe8\x03\xe8\x03\xe8\x03\xe8\x03\xe8\x03\xfd\x05\xdc\x05\xdc\x05\xe8\x03\xe8\x03'
2026-04-03 10:35:24,849 - BEE-EPT-UA913 - INFO - Autopilot state: {'connection': True, 'bee_state': 'OFF', 'roll': 1500, 'pitch': 1500, 'yaw': 1500, 'throttle': 989, 'last_manual_roll': 1500, 'last_manual_pitch': 1500, 'last_manual_yaw': 1500, 'last_manual_throttle': 989, 'aux3': 1000, 'aux4': 1000, 'aux5': 1500, 'aux6': 1000, 'aux7': 1000, 'battery': 23.8, 'rssi': 889, 'rssi_msg': 'Strong signal', 'speed': 0.0, 'altitude': 0.08, 'caught': False, 'ready_hold_active': False, 'ready_hold_pending_capture': False, 'ready_hold_roll': 1500, 'ready_hold_pitch': 1500, 'ready_hold_yaw': 1500, 'ready_hold_throttle': 1100, 'target_locked': False, 'tracking_bbox': None, 'attack_error_x': 0.0, 'attack_error_y': 0.0, 'target_size': 0.0, 'attack_active': False, 'attack_base_roll': 1500, 'attack_base_pitch': 1500, 'attack_base_yaw': 1500, 'attack_base_throttle': 1100, 'prev_attack_error_x': 0.0, 'prev_attack_time': None, 'prev_target_size': 0.0}
2026-04-03 10:35:24,900 - BEE-EPT-UA913 - DEBUG - Executing command: TELEMETRY, Priority: 2, Body: {'target': 'MSP_ALTITUDE'}
2026-04-03 10:35:24,907 - BEE-EPT-UA913 - DEBUG - Telemetry: b'\x11\x00\x00\x00\x00\x00'
2026-04-03 10:35:24,907 - BEE-EPT-UA913 - INFO - Autopilot state: {'connection': True, 'bee_state': 'OFF', 'roll': 1500, 'pitch': 1500, 'yaw': 1500, 'throttle': 989, 'last_manual_roll': 1500, 'last_manual_pitch': 1500, 'last_manual_yaw': 1500, 'last_manual_throttle': 989, 'aux3': 1000, 'aux4': 1000, 'aux5': 1500, 'aux6': 1000, 'aux7': 1000, 'battery': 23.8, 'rssi': 889, 'rssi_msg': 'Strong signal', 'speed': 0.0, 'altitude': 0.17, 'caught': False, 'ready_hold_active': False, 'ready_hold_pending_capture': False, 'ready_hold_roll': 1500, 'ready_hold_pitch': 1500, 'ready_hold_yaw': 1500, 'ready_hold_throttle': 1100, 'target_locked': False, 'tracking_bbox': None, 'attack_error_x': 0.0, 'attack_error_y': 0.0, 'target_size': 0.0, 'attack_active': False, 'attack_base_roll': 1500, 'attack_base_pitch': 1500, 'attack_base_yaw': 1500, 'attack_base_throttle': 1100, 'prev_attack_error_x': 0.0, 'prev_attack_time': None, 'prev_target_size': 0.0}
2026-04-03 10:35:24,958 - BEE-EPT-UA913 - DEBUG - Executing command: MONITOR, Priority: 2, Body: {'target': 'MSP_ANALOG'}
2026-04-03 10:35:24,967 - BEE-EPT-UA913 - DEBUG - Monitoring: b'\xee\x00\x00\xbe\x03\x04\x00N\t'
2026-04-03 10:35:24,967 - BEE-EPT-UA913 - INFO - RSSI: 958, signal: Strong signal, battery voltage: 23.8V
2026-04-03 10:35:26,839 - BEE-EPT-UA913 - DEBUG - Executing command: TELEMETRY, Priority: 1, Body: {'target': 'MSP_RC'}
2026-04-03 10:35:26,847 - BEE-EPT-UA913 - DEBUG - Telemetry: b'\xdc\x05\xdc\x05\xdc\x05\xdd\x03\xe8\x03\xe8\x03\xe8\x03\xe8\x03\xe8\x03\xe8\x03\xe8\x03\xfd\x05\xdc\x05\xdc\x05\xe8\x03\xe8\x03'
2026-04-03 10:35:26,848 - BEE-EPT-UA913 - INFO - Autopilot state: {'connection': True, 'bee_state': 'OFF', 'roll': 1500, 'pitch': 1500, 'yaw': 1500, 'throttle': 989, 'last_manual_roll': 1500, 'last_manual_pitch': 1500, 'last_manual_yaw': 1500, 'last_manual_throttle': 989, 'aux3': 1000, 'aux4': 1000, 'aux5': 1500, 'aux6': 1000, 'aux7': 1000, 'battery': 23.8, 'rssi': 958, 'rssi_msg': 'Strong signal', 'speed': 0.0, 'altitude': 0.17, 'caught': False, 'ready_hold_active': False, 'ready_hold_pending_capture': False, 'ready_hold_roll': 1500, 'ready_hold_pitch': 1500, 'ready_hold_yaw': 1500, 'ready_hold_throttle': 1100, 'target_locked': False, 'tracking_bbox': None, 'attack_error_x': 0.0, 'attack_error_y': 0.0, 'target_size': 0.0, 'attack_active': False, 'attack_base_roll': 1500, 'attack_base_pitch': 1500, 'attack_base_yaw': 1500, 'attack_base_throttle': 1100, 'prev_attack_error_x': 0.0, 'prev_attack_time': None, 'prev_target_size': 0.0}
2026-04-03 10:35:26,898 - BEE-EPT-UA913 - DEBUG - Executing command: TELEMETRY, Priority: 2, Body: {'target': 'MSP_ALTITUDE'}
2026-04-03 10:35:26,905 - BEE-EPT-UA913 - DEBUG - Telemetry: b'\x08\x00\x00\x00\x00\x00'
2026-04-03 10:35:26,906 - BEE-EPT-UA913 - INFO - Autopilot state: {'connection': True, 'bee_state': 'OFF', 'roll': 1500, 'pitch': 1500, 'yaw': 1500, 'throttle': 989, 'last_manual_roll': 1500, 'last_manual_pitch': 1500, 'last_manual_yaw': 1500, 'last_manual_throttle': 989, 'aux3': 1000, 'aux4': 1000, 'aux5': 1500, 'aux6': 1000, 'aux7': 1000, 'battery': 23.8, 'rssi': 958, 'rssi_msg': 'Strong signal', 'speed': 0.0, 'altitude': 0.08, 'caught': False, 'ready_hold_active': False, 'ready_hold_pending_capture': False, 'ready_hold_roll': 1500, 'ready_hold_pitch': 1500, 'ready_hold_yaw': 1500, 'ready_hold_throttle': 1100, 'target_locked': False, 'tracking_bbox': None, 'attack_error_x': 0.0, 'attack_error_y': 0.0, 'target_size': 0.0, 'attack_active': False, 'attack_base_roll': 1500, 'attack_base_pitch': 1500, 'attack_base_yaw': 1500, 'attack_base_throttle': 1100, 'prev_attack_error_x': 0.0, 'prev_attack_time': None, 'prev_target_size': 0.0}
2026-04-03 10:35:26,956 - BEE-EPT-UA913 - DEBUG - Executing command: MONITOR, Priority: 2, Body: {'target': 'MSP_ANALOG'}
2026-04-03 10:35:26,966 - BEE-EPT-UA913 - DEBUG - Monitoring: b'\xee\x00\x00\xc6\x03\x00\x00N\t'
2026-04-03 10:35:26,966 - BEE-EPT-UA913 - INFO - RSSI: 966, signal: Strong signal, battery voltage: 23.8V
2026-04-03 10:35:28,844 - BEE-EPT-UA913 - DEBUG - Executing command: TELEMETRY, Priority: 1, Body: {'target': 'MSP_RC'}
2026-04-03 10:35:28,856 - BEE-EPT-UA913 - DEBUG - Telemetry: b'\xdc\x05\xdc\x05\xdc\x05\xdd\x03\xe8\x03\xe8\x03\xe8\x03\xe8\x03\xe8\x03\xe8\x03\xe8\x03\xfd\x05\xdc\x05\xdc\x05\xe8\x03\xe8\x03'
2026-04-03 10:35:28,857 - BEE-EPT-UA913 - INFO - Autopilot state: {'connection': True, 'bee_state': 'OFF', 'roll': 1500, 'pitch': 1500, 'yaw': 1500, 'throttle': 989, 'last_manual_roll': 1500, 'last_manual_pitch': 1500, 'last_manual_yaw': 1500, 'last_manual_throttle': 989, 'aux3': 1000, 'aux4': 1000, 'aux5': 1500, 'aux6': 1000, 'aux7': 1000, 'battery': 23.8, 'rssi': 966, 'rssi_msg': 'Strong signal', 'speed': 0.0, 'altitude': 0.08, 'caught': False, 'ready_hold_active': False, 'ready_hold_pending_capture': False, 'ready_hold_roll': 1500, 'ready_hold_pitch': 1500, 'ready_hold_yaw': 1500, 'ready_hold_throttle': 1100, 'target_locked': False, 'tracking_bbox': None, 'attack_error_x': 0.0, 'attack_error_y': 0.0, 'target_size': 0.0, 'attack_active': False, 'attack_base_roll': 1500, 'attack_base_pitch': 1500, 'attack_base_yaw': 1500, 'attack_base_throttle': 1100, 'prev_attack_error_x': 0.0, 'prev_attack_time': None, 'prev_target_size': 0.0}
2026-04-03 10:35:28,907 - BEE-EPT-UA913 - DEBUG - Executing command: TELEMETRY, Priority: 2, Body: {'target': 'MSP_ALTITUDE'}
2026-04-03 10:35:28,915 - BEE-EPT-UA913 - DEBUG - Telemetry: b'\x11\x00\x00\x00\x00\x00'
2026-04-03 10:35:28,915 - BEE-EPT-UA913 - INFO - Autopilot state: {'connection': True, 'bee_state': 'OFF', 'roll': 1500, 'pitch': 1500, 'yaw': 1500, 'throttle': 989, 'last_manual_roll': 1500, 'last_manual_pitch': 1500, 'last_manual_yaw': 1500, 'last_manual_throttle': 989, 'aux3': 1000, 'aux4': 1000, 'aux5': 1500, 'aux6': 1000, 'aux7': 1000, 'battery': 23.8, 'rssi': 966, 'rssi_msg': 'Strong signal', 'speed': 0.0, 'altitude': 0.17, 'caught': False, 'ready_hold_active': False, 'ready_hold_pending_capture': False, 'ready_hold_roll': 1500, 'ready_hold_pitch': 1500, 'ready_hold_yaw': 1500, 'ready_hold_throttle': 1100, 'target_locked': False, 'tracking_bbox': None, 'attack_error_x': 0.0, 'attack_error_y': 0.0, 'target_size': 0.0, 'attack_active': False, 'attack_base_roll': 1500, 'attack_base_pitch': 1500, 'attack_base_yaw': 1500, 'attack_base_throttle': 1100, 'prev_attack_error_x': 0.0, 'prev_attack_time': None, 'prev_target_size': 0.0}
2026-04-03 10:35:28,965 - BEE-EPT-UA913 - DEBUG - Executing command: MONITOR, Priority: 2, Body: {'target': 'MSP_ANALOG'}
2026-04-03 10:35:28,975 - BEE-EPT-UA913 - DEBUG - Monitoring: b'\xee\x00\x00\xc6\x03\x00\x00M\t'
2026-04-03 10:35:28,975 - BEE-EPT-UA913 - INFO - RSSI: 966, signal: Strong signal, battery voltage: 23.8V
2026-04-03 10:35:30,848 - BEE-EPT-UA913 - DEBUG - Executing command: TELEMETRY, Priority: 1, Body: {'target': 'MSP_RC'}
2026-04-03 10:35:30,856 - BEE-EPT-UA913 - DEBUG - Telemetry: b'\xdc\x05\xdc\x05\xdc\x05\xdd\x03\xe8\x03\xe8\x03\xe8\x03\xe8\x03\xe8\x03\xe8\x03\xe8\x03\xfd\x05\xdc\x05\xdc\x05\xe8\x03\xe8\x03'
2026-04-03 10:35:30,856 - BEE-EPT-UA913 - INFO - Autopilot state: {'connection': True, 'bee_state': 'OFF', 'roll': 1500, 'pitch': 1500, 'yaw': 1500, 'throttle': 989, 'last_manual_roll': 1500, 'last_manual_pitch': 1500, 'last_manual_yaw': 1500, 'last_manual_throttle': 989, 'aux3': 1000, 'aux4': 1000, 'aux5': 1500, 'aux6': 1000, 'aux7': 1000, 'battery': 23.8, 'rssi': 966, 'rssi_msg': 'Strong signal', 'speed': 0.0, 'altitude': 0.17, 'caught': False, 'ready_hold_active': False, 'ready_hold_pending_capture': False, 'ready_hold_roll': 1500, 'ready_hold_pitch': 1500, 'ready_hold_yaw': 1500, 'ready_hold_throttle': 1100, 'target_locked': False, 'tracking_bbox': None, 'attack_error_x': 0.0, 'attack_error_y': 0.0, 'target_size': 0.0, 'attack_active': False, 'attack_base_roll': 1500, 'attack_base_pitch': 1500, 'attack_base_yaw': 1500, 'attack_base_throttle': 1100, 'prev_attack_error_x': 0.0, 'prev_attack_time': None, 'prev_target_size': 0.0}
2026-04-03 10:35:30,907 - BEE-EPT-UA913 - DEBUG - Executing command: TELEMETRY, Priority: 2, Body: {'target': 'MSP_ALTITUDE'}
2026-04-03 10:35:30,914 - BEE-EPT-UA913 - DEBUG - Telemetry: b'\x11\x00\x00\x00\x00\x00'
2026-04-03 10:35:30,914 - BEE-EPT-UA913 - INFO - Autopilot state: {'connection': True, 'bee_state': 'OFF', 'roll': 1500, 'pitch': 1500, 'yaw': 1500, 'throttle': 989, 'last_manual_roll': 1500, 'last_manual_pitch': 1500, 'last_manual_yaw': 1500, 'last_manual_throttle': 989, 'aux3': 1000, 'aux4': 1000, 'aux5': 1500, 'aux6': 1000, 'aux7': 1000, 'battery': 23.8, 'rssi': 966, 'rssi_msg': 'Strong signal', 'speed': 0.0, 'altitude': 0.17, 'caught': False, 'ready_hold_active': False, 'ready_hold_pending_capture': False, 'ready_hold_roll': 1500, 'ready_hold_pitch': 1500, 'ready_hold_yaw': 1500, 'ready_hold_throttle': 1100, 'target_locked': False, 'tracking_bbox': None, 'attack_error_x': 0.0, 'attack_error_y': 0.0, 'target_size': 0.0, 'attack_active': False, 'attack_base_roll': 1500, 'attack_base_pitch': 1500, 'attack_base_yaw': 1500, 'attack_base_throttle': 1100, 'prev_attack_error_x': 0.0, 'prev_attack_time': None, 'prev_target_size': 0.0}
2026-04-03 10:35:30,965 - BEE-EPT-UA913 - DEBUG - Executing command: MONITOR, Priority: 2, Body: {'target': 'MSP_ANALOG'}
2026-04-03 10:35:30,974 - BEE-EPT-UA913 - DEBUG - Monitoring: b'\xee\x00\x00\xbf\x03\x00\x00M\t'
2026-04-03 10:35:30,975 - BEE-EPT-UA913 - INFO - RSSI: 959, signal: Strong signal, battery voltage: 23.8V
2026-04-03 10:35:32,852 - BEE-EPT-UA913 - DEBUG - Executing command: TELEMETRY, Priority: 1, Body: {'target': 'MSP_RC'}
2026-04-03 10:35:32,865 - BEE-EPT-UA913 - DEBUG - Telemetry: b'\xdc\x05\xdc\x05\xdc\x05\xdd\x03\xd0\x07\xe8\x03\xe8\x03\xe8\x03\xe8\x03\xe8\x03\xe8\x03\xfd\x05\xdc\x05\xdc\x05\xe8\x03\xe8\x03'
2026-04-03 10:35:32,866 - BEE-EPT-UA913 - INFO - Autopilot state: {'connection': True, 'bee_state': 'OFF', 'roll': 1500, 'pitch': 1500, 'yaw': 1500, 'throttle': 989, 'last_manual_roll': 1500, 'last_manual_pitch': 1500, 'last_manual_yaw': 1500, 'last_manual_throttle': 989, 'aux3': 1000, 'aux4': 1000, 'aux5': 1500, 'aux6': 1000, 'aux7': 1000, 'battery': 23.8, 'rssi': 959, 'rssi_msg': 'Strong signal', 'speed': 0.0, 'altitude': 0.17, 'caught': False, 'ready_hold_active': False, 'ready_hold_pending_capture': False, 'ready_hold_roll': 1500, 'ready_hold_pitch': 1500, 'ready_hold_yaw': 1500, 'ready_hold_throttle': 1100, 'target_locked': False, 'tracking_bbox': None, 'attack_error_x': 0.0, 'attack_error_y': 0.0, 'target_size': 0.0, 'attack_active': False, 'attack_base_roll': 1500, 'attack_base_pitch': 1500, 'attack_base_yaw': 1500, 'attack_base_throttle': 1100, 'prev_attack_error_x': 0.0, 'prev_attack_time': None, 'prev_target_size': 0.0}
2026-04-03 10:35:32,916 - BEE-EPT-UA913 - DEBUG - Executing command: TELEMETRY, Priority: 2, Body: {'target': 'MSP_ALTITUDE'}
2026-04-03 10:35:32,923 - BEE-EPT-UA913 - DEBUG - Telemetry: b'\x00\x00\x00\x00\x00\x00'
2026-04-03 10:35:32,924 - BEE-EPT-UA913 - INFO - Autopilot state: {'connection': True, 'bee_state': 'OFF', 'roll': 1500, 'pitch': 1500, 'yaw': 1500, 'throttle': 989, 'last_manual_roll': 1500, 'last_manual_pitch': 1500, 'last_manual_yaw': 1500, 'last_manual_throttle': 989, 'aux3': 1000, 'aux4': 1000, 'aux5': 1500, 'aux6': 1000, 'aux7': 1000, 'battery': 23.8, 'rssi': 959, 'rssi_msg': 'Strong signal', 'speed': 0.0, 'altitude': 0.0, 'caught': False, 'ready_hold_active': False, 'ready_hold_pending_capture': False, 'ready_hold_roll': 1500, 'ready_hold_pitch': 1500, 'ready_hold_yaw': 1500, 'ready_hold_throttle': 1100, 'target_locked': False, 'tracking_bbox': None, 'attack_error_x': 0.0, 'attack_error_y': 0.0, 'target_size': 0.0, 'attack_active': False, 'attack_base_roll': 1500, 'attack_base_pitch': 1500, 'attack_base_yaw': 1500, 'attack_base_throttle': 1100, 'prev_attack_error_x': 0.0, 'prev_attack_time': None, 'prev_target_size': 0.0}
2026-04-03 10:35:32,974 - BEE-EPT-UA913 - DEBUG - Executing command: MONITOR, Priority: 2, Body: {'target': 'MSP_ANALOG'}
2026-04-03 10:35:32,984 - BEE-EPT-UA913 - DEBUG - Monitoring: b'\xee\x00\x00J\x03\x0c\x00K\t'
2026-04-03 10:35:32,984 - BEE-EPT-UA913 - INFO - RSSI: 842, signal: Strong signal, battery voltage: 23.8V
2026-04-03 10:35:34,857 - BEE-EPT-UA913 - DEBUG - Executing command: TELEMETRY, Priority: 1, Body: {'target': 'MSP_RC'}
2026-04-03 10:35:34,864 - BEE-EPT-UA913 - DEBUG - Telemetry: b'\xdc\x05\xdc\x05\xdc\x05\xdd\x03\xd0\x07\xe8\x03\xe8\x03\xde\x05\xe8\x03\xe8\x03\xe8\x03\xfd\x05\xdc\x05\xdc\x05\xe8\x03\xe8\x03'
2026-04-03 10:35:34,865 - BEE-EPT-UA913 - INFO - Bee state changed to [READY]
2026-04-03 10:35:34,866 - BEE-EPT-UA913 - INFO - Autopilot state: {'connection': True, 'bee_state': 'READY', 'roll': 1500, 'pitch': 1500, 'yaw': 1500, 'throttle': 989, 'last_manual_roll': 1500, 'last_manual_pitch': 1500, 'last_manual_yaw': 1500, 'last_manual_throttle': 989, 'aux3': 1000, 'aux4': 1502, 'aux5': 1500, 'aux6': 1000, 'aux7': 1000, 'battery': 23.8, 'rssi': 842, 'rssi_msg': 'Strong signal', 'speed': 0.0, 'altitude': 0.0, 'caught': True, 'ready_hold_active': False, 'ready_hold_pending_capture': False, 'ready_hold_roll': 1500, 'ready_hold_pitch': 1500, 'ready_hold_yaw': 1500, 'ready_hold_throttle': 1100, 'target_locked': False, 'tracking_bbox': None, 'attack_error_x': 0.0, 'attack_error_y': 0.0, 'target_size': 0.0, 'attack_active': False, 'attack_base_roll': 1500, 'attack_base_pitch': 1500, 'attack_base_yaw': 1500, 'attack_base_throttle': 1100, 'prev_attack_error_x': 0.0, 'prev_attack_time': None, 'prev_target_size': 0.0}
2026-04-03 10:35:35,004 - BEE-EPT-UA913 - DEBUG - Executing command: TELEMETRY, Priority: 1, Body: {'target': 'MSP_RC'}
2026-04-03 10:35:35,015 - BEE-EPT-UA913 - DEBUG - Telemetry: b'\xdc\x05\xdc\x05\xdc\x05\xdd\x03\xd0\x07\xe8\x03\xe8\x03\xde\x05\xe8\x03\xe8\x03\xe8\x03\xfd\x05\xdc\x05\xdc\x05\xe8\x03\xe8\x03'
2026-04-03 10:35:35,015 - BEE-EPT-UA913 - INFO - Autopilot state: {'connection': True, 'bee_state': 'READY', 'roll': 1500, 'pitch': 1500, 'yaw': 1500, 'throttle': 989, 'last_manual_roll': 1500, 'last_manual_pitch': 1500, 'last_manual_yaw': 1500, 'last_manual_throttle': 989, 'aux3': 1000, 'aux4': 1502, 'aux5': 1500, 'aux6': 1000, 'aux7': 1000, 'battery': 23.8, 'rssi': 842, 'rssi_msg': 'Strong signal', 'speed': 0.0, 'altitude': 0.0, 'caught': True, 'ready_hold_active': False, 'ready_hold_pending_capture': False, 'ready_hold_roll': 1500, 'ready_hold_pitch': 1500, 'ready_hold_yaw': 1500, 'ready_hold_throttle': 1100, 'target_locked': False, 'tracking_bbox': None, 'attack_error_x': 0.0, 'attack_error_y': 0.0, 'target_size': 0.0, 'attack_active': False, 'attack_base_roll': 1500, 'attack_base_pitch': 1500, 'attack_base_yaw': 1500, 'attack_base_throttle': 1100, 'prev_attack_error_x': 0.0, 'prev_attack_time': None, 'prev_target_size': 0.0}
2026-04-03 10:35:35,066 - BEE-EPT-UA913 - DEBUG - Executing command: TELEMETRY, Priority: 2, Body: {'target': 'MSP_ALTITUDE'}
2026-04-03 10:35:35,073 - BEE-EPT-UA913 - DEBUG - Telemetry: b'\x00\x00\x00\x00\x00\x00'
2026-04-03 10:35:35,073 - BEE-EPT-UA913 - INFO - Autopilot state: {'connection': True, 'bee_state': 'READY', 'roll': 1500, 'pitch': 1500, 'yaw': 1500, 'throttle': 989, 'last_manual_roll': 1500, 'last_manual_pitch': 1500, 'last_manual_yaw': 1500, 'last_manual_throttle': 989, 'aux3': 1000, 'aux4': 1502, 'aux5': 1500, 'aux6': 1000, 'aux7': 1000, 'battery': 23.8, 'rssi': 842, 'rssi_msg': 'Strong signal', 'speed': 0.0, 'altitude': 0.0, 'caught': True, 'ready_hold_active': False, 'ready_hold_pending_capture': False, 'ready_hold_roll': 1500, 'ready_hold_pitch': 1500, 'ready_hold_yaw': 1500, 'ready_hold_throttle': 1100, 'target_locked': False, 'tracking_bbox': None, 'attack_error_x': 0.0, 'attack_error_y': 0.0, 'target_size': 0.0, 'attack_active': False, 'attack_base_roll': 1500, 'attack_base_pitch': 1500, 'attack_base_yaw': 1500, 'attack_base_throttle': 1100, 'prev_attack_error_x': 0.0, 'prev_attack_time': None, 'prev_target_size': 0.0}
2026-04-03 10:35:35,124 - BEE-EPT-UA913 - DEBUG - Executing command: TELEMETRY, Priority: 1, Body: {'target': 'MSP_RC'}
2026-04-03 10:35:35,135 - BEE-EPT-UA913 - DEBUG - Telemetry: b'\xdc\x05\xdc\x05\xdc\x05\xdd\x03\xd0\x07\xe8\x03\xe8\x03\xde\x05\xe8\x03\xe8\x03\xe8\x03\xfd\x05\xdc\x05\xdc\x05\xe8\x03\xe8\x03'
2026-04-03 10:35:35,136 - BEE-EPT-UA913 - INFO - Autopilot state: {'connection': True, 'bee_state': 'READY', 'roll': 1500, 'pitch': 1500, 'yaw': 1500, 'throttle': 989, 'last_manual_roll': 1500, 'last_manual_pitch': 1500, 'last_manual_yaw': 1500, 'last_manual_throttle': 989, 'aux3': 1000, 'aux4': 1502, 'aux5': 1500, 'aux6': 1000, 'aux7': 1000, 'battery': 23.8, 'rssi': 842, 'rssi_msg': 'Strong signal', 'speed': 0.0, 'altitude': 0.0, 'caught': True, 'ready_hold_active': False, 'ready_hold_pending_capture': False, 'ready_hold_roll': 1500, 'ready_hold_pitch': 1500, 'ready_hold_yaw': 1500, 'ready_hold_throttle': 1100, 'target_locked': False, 'tracking_bbox': None, 'attack_error_x': 0.0, 'attack_error_y': 0.0, 'target_size': 0.0, 'attack_active': False, 'attack_base_roll': 1500, 'attack_base_pitch': 1500, 'attack_base_yaw': 1500, 'attack_base_throttle': 1100, 'prev_attack_error_x': 0.0, 'prev_attack_time': None, 'prev_target_size': 0.0}
2026-04-03 10:35:35,186 - BEE-EPT-UA913 - DEBUG - Executing command: MONITOR, Priority: 2, Body: {'target': 'MSP_ANALOG'}
2026-04-03 10:35:35,194 - BEE-EPT-UA913 - DEBUG - Monitoring: b'\xee\x01\x00\xa3\x03\x10\x00K\t'
2026-04-03 10:35:35,194 - BEE-EPT-UA913 - INFO - RSSI: 931, signal: Strong signal, battery voltage: 23.8V
2026-04-03 10:35:35,244 - BEE-EPT-UA913 - DEBUG - Executing command: TELEMETRY, Priority: 1, Body: {'target': 'MSP_RC'}
2026-04-03 10:35:35,256 - BEE-EPT-UA913 - DEBUG - Telemetry: b'\xdc\x05\xdc\x05\xdc\x05\xdd\x03\xd0\x07\xe8\x03\xe8\x03\xde\x05\xe8\x03\xe8\x03\xe8\x03\xfd\x05\xdc\x05\xdc\x05\xe8\x03\xe8\x03'
2026-04-03 10:35:35,256 - BEE-EPT-UA913 - INFO - Autopilot state: {'connection': True, 'bee_state': 'READY', 'roll': 1500, 'pitch': 1500, 'yaw': 1500, 'throttle': 989, 'last_manual_roll': 1500, 'last_manual_pitch': 1500, 'last_manual_yaw': 1500, 'last_manual_throttle': 989, 'aux3': 1000, 'aux4': 1502, 'aux5': 1500, 'aux6': 1000, 'aux7': 1000, 'battery': 23.8, 'rssi': 931, 'rssi_msg': 'Strong signal', 'speed': 0.0, 'altitude': 0.0, 'caught': True, 'ready_hold_active': False, 'ready_hold_pending_capture': False, 'ready_hold_roll': 1500, 'ready_hold_pitch': 1500, 'ready_hold_yaw': 1500, 'ready_hold_throttle': 1100, 'target_locked': False, 'tracking_bbox': None, 'attack_error_x': 0.0, 'attack_error_y': 0.0, 'target_size': 0.0, 'attack_active': False, 'attack_base_roll': 1500, 'attack_base_pitch': 1500, 'attack_base_yaw': 1500, 'attack_base_throttle': 1100, 'prev_attack_error_x': 0.0, 'prev_attack_time': None, 'prev_target_size': 0.0}
2026-04-03 10:35:35,308 - BEE-EPT-UA913 - DEBUG - Executing command: TELEMETRY, Priority: 1, Body: {'target': 'MSP_RC'}
2026-04-03 10:35:35,317 - BEE-EPT-UA913 - DEBUG - Telemetry: b'\xdc\x05\xdc\x05\xdc\x05\xdd\x03\xd0\x07\xe8\x03\xe8\x03\xde\x05\xe8\x03\xe8\x03\xe8\x03\xfd\x05\xdc\x05\xdc\x05\xe8\x03\xe8\x03'
2026-04-03 10:35:35,317 - BEE-EPT-UA913 - INFO - Autopilot state: {'connection': True, 'bee_state': 'READY', 'roll': 1500, 'pitch': 1500, 'yaw': 1500, 'throttle': 989, 'last_manual_roll': 1500, 'last_manual_pitch': 1500, 'last_manual_yaw': 1500, 'last_manual_throttle': 989, 'aux3': 1000, 'aux4': 1502, 'aux5': 1500, 'aux6': 1000, 'aux7': 1000, 'battery': 23.8, 'rssi': 931, 'rssi_msg': 'Strong signal', 'speed': 0.0, 'altitude': 0.0, 'caught': True, 'ready_hold_active': False, 'ready_hold_pending_capture': False, 'ready_hold_roll': 1500, 'ready_hold_pitch': 1500, 'ready_hold_yaw': 1500, 'ready_hold_throttle': 1100, 'target_locked': False, 'tracking_bbox': None, 'attack_error_x': 0.0, 'attack_error_y': 0.0, 'target_size': 0.0, 'attack_active': False, 'attack_base_roll': 1500, 'attack_base_pitch': 1500, 'attack_base_yaw': 1500, 'attack_base_throttle': 1100, 'prev_attack_error_x': 0.0, 'prev_attack_time': None, 'prev_target_size': 0.0}
2026-04-03 10:35:35,405 - BEE-EPT-UA913 - DEBUG - Executing command: TELEMETRY, Priority: 1, Body: {'target': 'MSP_RC'}
2026-04-03 10:35:35,417 - BEE-EPT-UA913 - DEBUG - Telemetry: b'\xdc\x05\xdc\x05\xdc\x05\xdd\x03\xd0\x07\xe8\x03\xe8\x03\xde\x05\xe8\x03\xe8\x03\xe8\x03\xfd\x05\xdc\x05\xdc\x05\xe8\x03\xe8\x03'
2026-04-03 10:35:35,417 - BEE-EPT-UA913 - INFO - Autopilot state: {'connection': True, 'bee_state': 'READY', 'roll': 1500, 'pitch': 1500, 'yaw': 1500, 'throttle': 989, 'last_manual_roll': 1500, 'last_manual_pitch': 1500, 'last_manual_yaw': 1500, 'last_manual_throttle': 989, 'aux3': 1000, 'aux4': 1502, 'aux5': 1500, 'aux6': 1000, 'aux7': 1000, 'battery': 23.8, 'rssi': 931, 'rssi_msg': 'Strong signal', 'speed': 0.0, 'altitude': 0.0, 'caught': True, 'ready_hold_active': False, 'ready_hold_pending_capture': False, 'ready_hold_roll': 1500, 'ready_hold_pitch': 1500, 'ready_hold_yaw': 1500, 'ready_hold_throttle': 1100, 'target_locked': False, 'tracking_bbox': None, 'attack_error_x': 0.0, 'attack_error_y': 0.0, 'target_size': 0.0, 'attack_active': False, 'attack_base_roll': 1500, 'attack_base_pitch': 1500, 'attack_base_yaw': 1500, 'attack_base_throttle': 1100, 'prev_attack_error_x': 0.0, 'prev_attack_time': None, 'prev_target_size': 0.0}
2026-04-03 10:35:35,505 - BEE-EPT-UA913 - DEBUG - Executing command: TELEMETRY, Priority: 1, Body: {'target': 'MSP_RC'}
2026-04-03 10:35:35,517 - BEE-EPT-UA913 - DEBUG - Telemetry: b'\xdc\x05\xdc\x05\xdc\x05\xdd\x03\xd0\x07\xe8\x03\xe8\x03\xe8\x03\xe8\x03\xe8\x03\xe8\x03\xfd\x05\xdc\x05\xdc\x05\xe8\x03\xe8\x03'
2026-04-03 10:35:35,517 - BEE-EPT-UA913 - INFO - Bee state changed to [OFF]
2026-04-03 10:35:35,518 - BEE-EPT-UA913 - INFO - Autopilot state: {'connection': True, 'bee_state': 'OFF', 'roll': 1500, 'pitch': 1500, 'yaw': 1500, 'throttle': 989, 'last_manual_roll': 1500, 'last_manual_pitch': 1500, 'last_manual_yaw': 1500, 'last_manual_throttle': 989, 'aux3': 1000, 'aux4': 1000, 'aux5': 1500, 'aux6': 1000, 'aux7': 1000, 'battery': 23.8, 'rssi': 931, 'rssi_msg': 'Strong signal', 'speed': 0.0, 'altitude': 0.0, 'caught': False, 'ready_hold_active': False, 'ready_hold_pending_capture': False, 'ready_hold_roll': 1500, 'ready_hold_pitch': 1500, 'ready_hold_yaw': 1500, 'ready_hold_throttle': 1100, 'target_locked': False, 'tracking_bbox': None, 'attack_error_x': 0.0, 'attack_error_y': 0.0, 'target_size': 0.0, 'attack_active': False, 'attack_base_roll': 1500, 'attack_base_pitch': 1500, 'attack_base_yaw': 1500, 'attack_base_throttle': 1100, 'prev_attack_error_x': 0.0, 'prev_attack_time': None, 'prev_target_size': 0.0}
2026-04-03 10:35:35,606 - BEE-EPT-UA913 - DEBUG - Executing command: TELEMETRY, Priority: 1, Body: {'target': 'MSP_RC'}
2026-04-03 10:35:35,618 - BEE-EPT-UA913 - DEBUG - Telemetry: b'\xdc\x05\xdc\x05\xdc\x05\xdd\x03\xd0\x07\xe8\x03\xe8\x03\xe8\x03\xe8\x03\xe8\x03\xe8\x03\xfd\x05\xdc\x05\xdc\x05\xe8\x03\xe8\x03'
2026-04-03 10:35:35,618 - BEE-EPT-UA913 - INFO - Autopilot state: {'connection': True, 'bee_state': 'OFF', 'roll': 1500, 'pitch': 1500, 'yaw': 1500, 'throttle': 989, 'last_manual_roll': 1500, 'last_manual_pitch': 1500, 'last_manual_yaw': 1500, 'last_manual_throttle': 989, 'aux3': 1000, 'aux4': 1000, 'aux5': 1500, 'aux6': 1000, 'aux7': 1000, 'battery': 23.8, 'rssi': 931, 'rssi_msg': 'Strong signal', 'speed': 0.0, 'altitude': 0.0, 'caught': False, 'ready_hold_active': False, 'ready_hold_pending_capture': False, 'ready_hold_roll': 1500, 'ready_hold_pitch': 1500, 'ready_hold_yaw': 1500, 'ready_hold_throttle': 1100, 'target_locked': False, 'tracking_bbox': None, 'attack_error_x': 0.0, 'attack_error_y': 0.0, 'target_size': 0.0, 'attack_active': False, 'attack_base_roll': 1500, 'attack_base_pitch': 1500, 'attack_base_yaw': 1500, 'attack_base_throttle': 1100, 'prev_attack_error_x': 0.0, 'prev_attack_time': None, 'prev_target_size': 0.0}
2026-04-03 10:35:35,668 - BEE-EPT-UA913 - DEBUG - Executing command: TELEMETRY, Priority: 2, Body: {'target': 'MSP_ALTITUDE'}
2026-04-03 10:35:35,676 - BEE-EPT-UA913 - DEBUG - Telemetry: b'\x01\x00\x00\x00\x00\x00'
2026-04-03 10:35:35,676 - BEE-EPT-UA913 - INFO - Autopilot state: {'connection': True, 'bee_state': 'OFF', 'roll': 1500, 'pitch': 1500, 'yaw': 1500, 'throttle': 989, 'last_manual_roll': 1500, 'last_manual_pitch': 1500, 'last_manual_yaw': 1500, 'last_manual_throttle': 989, 'aux3': 1000, 'aux4': 1000, 'aux5': 1500, 'aux6': 1000, 'aux7': 1000, 'battery': 23.8, 'rssi': 931, 'rssi_msg': 'Strong signal', 'speed': 0.0, 'altitude': 0.01, 'caught': False, 'ready_hold_active': False, 'ready_hold_pending_capture': False, 'ready_hold_roll': 1500, 'ready_hold_pitch': 1500, 'ready_hold_yaw': 1500, 'ready_hold_throttle': 1100, 'target_locked': False, 'tracking_bbox': None, 'attack_error_x': 0.0, 'attack_error_y': 0.0, 'target_size': 0.0, 'attack_active': False, 'attack_base_roll': 1500, 'attack_base_pitch': 1500, 'attack_base_yaw': 1500, 'attack_base_throttle': 1100, 'prev_attack_error_x': 0.0, 'prev_attack_time': None, 'prev_target_size': 0.0}
2026-04-03 10:35:35,726 - BEE-EPT-UA913 - DEBUG - Executing command: MONITOR, Priority: 2, Body: {'target': 'MSP_ANALOG'}
2026-04-03 10:35:35,736 - BEE-EPT-UA913 - DEBUG - Monitoring: b'\xee\x01\x00\xac\x03\x0c\x00K\t'
2026-04-03 10:35:35,736 - BEE-EPT-UA913 - INFO - RSSI: 940, signal: Strong signal, battery voltage: 23.8V
2026-04-03 10:35:36,331 - BEE-EPT-UA913 - INFO - [TRACKING COMPLETED]
2026-04-03 10:35:37,609 - BEE-EPT-UA913 - DEBUG - Executing command: TELEMETRY, Priority: 1, Body: {'target': 'MSP_RC'}
2026-04-03 10:35:37,617 - BEE-EPT-UA913 - DEBUG - Telemetry: b'\xdc\x05\xdc\x05\xdc\x05\xdd\x03\xd0\x07\xe8\x03\xe8\x03\xde\x05\xe8\x03\xe8\x03\xe8\x03\xfd\x05\xdc\x05\xdc\x05\xe8\x03\xe8\x03'
2026-04-03 10:35:37,617 - BEE-EPT-UA913 - INFO - Bee state changed to [READY]
2026-04-03 10:35:37,617 - BEE-EPT-UA913 - INFO - Autopilot state: {'connection': True, 'bee_state': 'READY', 'roll': 1500, 'pitch': 1500, 'yaw': 1500, 'throttle': 989, 'last_manual_roll': 1500, 'last_manual_pitch': 1500, 'last_manual_yaw': 1500, 'last_manual_throttle': 989, 'aux3': 1000, 'aux4': 1502, 'aux5': 1500, 'aux6': 1000, 'aux7': 1000, 'battery': 23.8, 'rssi': 940, 'rssi_msg': 'Strong signal', 'speed': 0.0, 'altitude': 0.01, 'caught': True, 'ready_hold_active': False, 'ready_hold_pending_capture': False, 'ready_hold_roll': 1500, 'ready_hold_pitch': 1500, 'ready_hold_yaw': 1500, 'ready_hold_throttle': 1100, 'target_locked': False, 'tracking_bbox': None, 'attack_error_x': 0.0, 'attack_error_y': 0.0, 'target_size': 0.0, 'attack_active': False, 'attack_base_roll': 1500, 'attack_base_pitch': 1500, 'attack_base_yaw': 1500, 'attack_base_throttle': 1100, 'prev_attack_error_x': 0.0, 'prev_attack_time': None, 'prev_target_size': 0.0}
2026-04-03 10:35:37,709 - BEE-EPT-UA913 - DEBUG - Executing command: TELEMETRY, Priority: 1, Body: {'target': 'MSP_RC'}
2026-04-03 10:35:37,717 - BEE-EPT-UA913 - DEBUG - Telemetry: b'\xdc\x05\xdc\x05\xdc\x05\xdd\x03\xd0\x07\xe8\x03\xe8\x03\xde\x05\xe8\x03\xe8\x03\xe8\x03\xfd\x05\xdc\x05\xdc\x05\xe8\x03\xe8\x03'
2026-04-03 10:35:37,718 - BEE-EPT-UA913 - INFO - Autopilot state: {'connection': True, 'bee_state': 'READY', 'roll': 1500, 'pitch': 1500, 'yaw': 1500, 'throttle': 989, 'last_manual_roll': 1500, 'last_manual_pitch': 1500, 'last_manual_yaw': 1500, 'last_manual_throttle': 989, 'aux3': 1000, 'aux4': 1502, 'aux5': 1500, 'aux6': 1000, 'aux7': 1000, 'battery': 23.8, 'rssi': 940, 'rssi_msg': 'Strong signal', 'speed': 0.0, 'altitude': 0.01, 'caught': True, 'ready_hold_active': False, 'ready_hold_pending_capture': False, 'ready_hold_roll': 1500, 'ready_hold_pitch': 1500, 'ready_hold_yaw': 1500, 'ready_hold_throttle': 1100, 'target_locked': False, 'tracking_bbox': None, 'attack_error_x': 0.0, 'attack_error_y': 0.0, 'target_size': 0.0, 'attack_active': False, 'attack_base_roll': 1500, 'attack_base_pitch': 1500, 'attack_base_yaw': 1500, 'attack_base_throttle': 1100, 'prev_attack_error_x': 0.0, 'prev_attack_time': None, 'prev_target_size': 0.0}
2026-04-03 10:35:37,769 - BEE-EPT-UA913 - DEBUG - Executing command: TELEMETRY, Priority: 2, Body: {'target': 'MSP_ALTITUDE'}
2026-04-03 10:35:37,775 - BEE-EPT-UA913 - DEBUG - Telemetry: b'\x08\x00\x00\x00\x00\x00'
2026-04-03 10:35:37,775 - BEE-EPT-UA913 - INFO - Autopilot state: {'connection': True, 'bee_state': 'READY', 'roll': 1500, 'pitch': 1500, 'yaw': 1500, 'throttle': 989, 'last_manual_roll': 1500, 'last_manual_pitch': 1500, 'last_manual_yaw': 1500, 'last_manual_throttle': 989, 'aux3': 1000, 'aux4': 1502, 'aux5': 1500, 'aux6': 1000, 'aux7': 1000, 'battery': 23.8, 'rssi': 940, 'rssi_msg': 'Strong signal', 'speed': 0.0, 'altitude': 0.08, 'caught': True, 'ready_hold_active': False, 'ready_hold_pending_capture': False, 'ready_hold_roll': 1500, 'ready_hold_pitch': 1500, 'ready_hold_yaw': 1500, 'ready_hold_throttle': 1100, 'target_locked': False, 'tracking_bbox': None, 'attack_error_x': 0.0, 'attack_error_y': 0.0, 'target_size': 0.0, 'attack_active': False, 'attack_base_roll': 1500, 'attack_base_pitch': 1500, 'attack_base_yaw': 1500, 'attack_base_throttle': 1100, 'prev_attack_error_x': 0.0, 'prev_attack_time': None, 'prev_target_size': 0.0}
2026-04-03 10:35:37,826 - BEE-EPT-UA913 - DEBUG - Executing command: TELEMETRY, Priority: 1, Body: {'target': 'MSP_RC'}
2026-04-03 10:35:37,838 - BEE-EPT-UA913 - DEBUG - Telemetry: b'\xdc\x05\xdc\x05\xdc\x05\xdd\x03\xd0\x07\xe8\x03\xe8\x03\xde\x05\xe8\x03\xe8\x03\xe8\x03\xfd\x05\xdc\x05\xdc\x05\xe8\x03\xe8\x03'
2026-04-03 10:35:37,838 - BEE-EPT-UA913 - INFO - Autopilot state: {'connection': True, 'bee_state': 'READY', 'roll': 1500, 'pitch': 1500, 'yaw': 1500, 'throttle': 989, 'last_manual_roll': 1500, 'last_manual_pitch': 1500, 'last_manual_yaw': 1500, 'last_manual_throttle': 989, 'aux3': 1000, 'aux4': 1502, 'aux5': 1500, 'aux6': 1000, 'aux7': 1000, 'battery': 23.8, 'rssi': 940, 'rssi_msg': 'Strong signal', 'speed': 0.0, 'altitude': 0.08, 'caught': True, 'ready_hold_active': False, 'ready_hold_pending_capture': False, 'ready_hold_roll': 1500, 'ready_hold_pitch': 1500, 'ready_hold_yaw': 1500, 'ready_hold_throttle': 1100, 'target_locked': False, 'tracking_bbox': None, 'attack_error_x': 0.0, 'attack_error_y': 0.0, 'target_size': 0.0, 'attack_active': False, 'attack_base_roll': 1500, 'attack_base_pitch': 1500, 'attack_base_yaw': 1500, 'attack_base_throttle': 1100, 'prev_attack_error_x': 0.0, 'prev_attack_time': None, 'prev_target_size': 0.0}
2026-04-03 10:35:37,888 - BEE-EPT-UA913 - DEBUG - Executing command: MONITOR, Priority: 2, Body: {'target': 'MSP_ANALOG'}
2026-04-03 10:35:37,896 - BEE-EPT-UA913 - DEBUG - Monitoring: b'\xee\x01\x00\xa5\x03\x0c\x00K\t'
2026-04-03 10:35:37,896 - BEE-EPT-UA913 - INFO - RSSI: 933, signal: Strong signal, battery voltage: 23.8V
2026-04-03 10:35:37,947 - BEE-EPT-UA913 - DEBUG - Executing command: TELEMETRY, Priority: 1, Body: {'target': 'MSP_RC'}
2026-04-03 10:35:37,958 - BEE-EPT-UA913 - DEBUG - Telemetry: b'\xdc\x05\xdc\x05\xdc\x05\xdd\x03\xd0\x07\xe8\x03\xe8\x03\xde\x05\xe8\x03\xe8\x03\xe8\x03\xfd\x05\xdc\x05\xdc\x05\xe8\x03\xe8\x03'
2026-04-03 10:35:37,959 - BEE-EPT-UA913 - INFO - Autopilot state: {'connection': True, 'bee_state': 'READY', 'roll': 1500, 'pitch': 1500, 'yaw': 1500, 'throttle': 989, 'last_manual_roll': 1500, 'last_manual_pitch': 1500, 'last_manual_yaw': 1500, 'last_manual_throttle': 989, 'aux3': 1000, 'aux4': 1502, 'aux5': 1500, 'aux6': 1000, 'aux7': 1000, 'battery': 23.8, 'rssi': 933, 'rssi_msg': 'Strong signal', 'speed': 0.0, 'altitude': 0.08, 'caught': True, 'ready_hold_active': False, 'ready_hold_pending_capture': False, 'ready_hold_roll': 1500, 'ready_hold_pitch': 1500, 'ready_hold_yaw': 1500, 'ready_hold_throttle': 1100, 'target_locked': False, 'tracking_bbox': None, 'attack_error_x': 0.0, 'attack_error_y': 0.0, 'target_size': 0.0, 'attack_active': False, 'attack_base_roll': 1500, 'attack_base_pitch': 1500, 'attack_base_yaw': 1500, 'attack_base_throttle': 1100, 'prev_attack_error_x': 0.0, 'prev_attack_time': None, 'prev_target_size': 0.0}
2026-04-03 10:35:38,010 - BEE-EPT-UA913 - DEBUG - Executing command: TELEMETRY, Priority: 1, Body: {'target': 'MSP_RC'}
2026-04-03 10:35:38,019 - BEE-EPT-UA913 - DEBUG - Telemetry: b'\xdc\x05\xdc\x05\xdc\x05\xdd\x03\xd0\x07\xe8\x03\xe8\x03\xde\x05\xe8\x03\xe8\x03\xe8\x03\xfd\x05\xdc\x05\xdc\x05\xe8\x03\xe8\x03'
2026-04-03 10:35:38,019 - BEE-EPT-UA913 - INFO - Autopilot state: {'connection': True, 'bee_state': 'READY', 'roll': 1500, 'pitch': 1500, 'yaw': 1500, 'throttle': 989, 'last_manual_roll': 1500, 'last_manual_pitch': 1500, 'last_manual_yaw': 1500, 'last_manual_throttle': 989, 'aux3': 1000, 'aux4': 1502, 'aux5': 1500, 'aux6': 1000, 'aux7': 1000, 'battery': 23.8, 'rssi': 933, 'rssi_msg': 'Strong signal', 'speed': 0.0, 'altitude': 0.08, 'caught': True, 'ready_hold_active': False, 'ready_hold_pending_capture': False, 'ready_hold_roll': 1500, 'ready_hold_pitch': 1500, 'ready_hold_yaw': 1500, 'ready_hold_throttle': 1100, 'target_locked': False, 'tracking_bbox': (311, 231, 17, 17), 'attack_error_x': 0.0, 'attack_error_y': 0.0, 'target_size': 0.0, 'attack_active': False, 'attack_base_roll': 1500, 'attack_base_pitch': 1500, 'attack_base_yaw': 1500, 'attack_base_throttle': 1100, 'prev_attack_error_x': 0.0, 'prev_attack_time': None, 'prev_target_size': 0.0}
2026-04-03 10:35:38,110 - BEE-EPT-UA913 - DEBUG - Executing command: TELEMETRY, Priority: 1, Body: {'target': 'MSP_RC'}
2026-04-03 10:35:38,119 - BEE-EPT-UA913 - DEBUG - Telemetry: b'\xdc\x05\xdc\x05\xdc\x05\xdd\x03\xd0\x07\xe8\x03\xe8\x03\xde\x05\xe8\x03\xe8\x03\xe8\x03\xfd\x05\xdc\x05\xdc\x05\xe8\x03\xe8\x03'
2026-04-03 10:35:38,119 - BEE-EPT-UA913 - INFO - Autopilot state: {'connection': True, 'bee_state': 'READY', 'roll': 1500, 'pitch': 1500, 'yaw': 1500, 'throttle': 989, 'last_manual_roll': 1500, 'last_manual_pitch': 1500, 'last_manual_yaw': 1500, 'last_manual_throttle': 989, 'aux3': 1000, 'aux4': 1502, 'aux5': 1500, 'aux6': 1000, 'aux7': 1000, 'battery': 23.8, 'rssi': 933, 'rssi_msg': 'Strong signal', 'speed': 0.0, 'altitude': 0.08, 'caught': True, 'ready_hold_active': False, 'ready_hold_pending_capture': False, 'ready_hold_roll': 1500, 'ready_hold_pitch': 1500, 'ready_hold_yaw': 1500, 'ready_hold_throttle': 1100, 'target_locked': False, 'tracking_bbox': (311, 231, 17, 17), 'attack_error_x': 0.0, 'attack_error_y': 0.0, 'target_size': 0.0, 'attack_active': False, 'attack_base_roll': 1500, 'attack_base_pitch': 1500, 'attack_base_yaw': 1500, 'attack_base_throttle': 1100, 'prev_attack_error_x': 0.0, 'prev_attack_time': None, 'prev_target_size': 0.0}
2026-04-03 10:35:38,210 - BEE-EPT-UA913 - DEBUG - Executing command: TELEMETRY, Priority: 1, Body: {'target': 'MSP_RC'}
2026-04-03 10:35:38,220 - BEE-EPT-UA913 - DEBUG - Telemetry: b'\xdc\x05\xdc\x05\xdc\x05\xdd\x03\xd0\x07\xe8\x03\xe8\x03\xde\x05\xe8\x03\xe8\x03\xe8\x03\xfd\x05\xdc\x05\xdc\x05\xe8\x03\xe8\x03'
2026-04-03 10:35:38,220 - BEE-EPT-UA913 - INFO - Autopilot state: {'connection': True, 'bee_state': 'READY', 'roll': 1500, 'pitch': 1500, 'yaw': 1500, 'throttle': 989, 'last_manual_roll': 1500, 'last_manual_pitch': 1500, 'last_manual_yaw': 1500, 'last_manual_throttle': 989, 'aux3': 1000, 'aux4': 1502, 'aux5': 1500, 'aux6': 1000, 'aux7': 1000, 'battery': 23.8, 'rssi': 933, 'rssi_msg': 'Strong signal', 'speed': 0.0, 'altitude': 0.08, 'caught': True, 'ready_hold_active': False, 'ready_hold_pending_capture': False, 'ready_hold_roll': 1500, 'ready_hold_pitch': 1500, 'ready_hold_yaw': 1500, 'ready_hold_throttle': 1100, 'target_locked': False, 'tracking_bbox': (311, 231, 17, 17), 'attack_error_x': 0.0, 'attack_error_y': 0.0, 'target_size': 0.0, 'attack_active': False, 'attack_base_roll': 1500, 'attack_base_pitch': 1500, 'attack_base_yaw': 1500, 'attack_base_throttle': 1100, 'prev_attack_error_x': 0.0, 'prev_attack_time': None, 'prev_target_size': 0.0}
2026-04-03 10:35:38,311 - BEE-EPT-UA913 - DEBUG - Executing command: TELEMETRY, Priority: 1, Body: {'target': 'MSP_RC'}
2026-04-03 10:35:38,320 - BEE-EPT-UA913 - DEBUG - Telemetry: b'\xdc\x05\xdc\x05\xdc\x05\xdd\x03\xd0\x07\xe8\x03\xe8\x03\xde\x05\xe8\x03\xe8\x03\xe8\x03\xfd\x05\xdc\x05\xdc\x05\xe8\x03\xe8\x03'
2026-04-03 10:35:38,320 - BEE-EPT-UA913 - INFO - Autopilot state: {'connection': True, 'bee_state': 'READY', 'roll': 1500, 'pitch': 1500, 'yaw': 1500, 'throttle': 989, 'last_manual_roll': 1500, 'last_manual_pitch': 1500, 'last_manual_yaw': 1500, 'last_manual_throttle': 989, 'aux3': 1000, 'aux4': 1502, 'aux5': 1500, 'aux6': 1000, 'aux7': 1000, 'battery': 23.8, 'rssi': 933, 'rssi_msg': 'Strong signal', 'speed': 0.0, 'altitude': 0.08, 'caught': True, 'ready_hold_active': False, 'ready_hold_pending_capture': False, 'ready_hold_roll': 1500, 'ready_hold_pitch': 1500, 'ready_hold_yaw': 1500, 'ready_hold_throttle': 1100, 'target_locked': False, 'tracking_bbox': (311, 231, 17, 17), 'attack_error_x': 0.0, 'attack_error_y': 0.0, 'target_size': 0.0, 'attack_active': False, 'attack_base_roll': 1500, 'attack_base_pitch': 1500, 'attack_base_yaw': 1500, 'attack_base_throttle': 1100, 'prev_attack_error_x': 0.0, 'prev_attack_time': None, 'prev_target_size': 0.0}
2026-04-03 10:35:38,411 - BEE-EPT-UA913 - DEBUG - Executing command: TELEMETRY, Priority: 1, Body: {'target': 'MSP_RC'}
2026-04-03 10:35:38,421 - BEE-EPT-UA913 - DEBUG - Telemetry: b'\xdc\x05\xdc\x05\xdc\x05\xdd\x03\xd0\x07\xe8\x03\xe8\x03\xde\x05\xe8\x03\xe8\x03\xe8\x03\xfd\x05\xdc\x05\xdc\x05\xe8\x03\xe8\x03'
2026-04-03 10:35:38,421 - BEE-EPT-UA913 - INFO - Autopilot state: {'connection': True, 'bee_state': 'READY', 'roll': 1500, 'pitch': 1500, 'yaw': 1500, 'throttle': 989, 'last_manual_roll': 1500, 'last_manual_pitch': 1500, 'last_manual_yaw': 1500, 'last_manual_throttle': 989, 'aux3': 1000, 'aux4': 1502, 'aux5': 1500, 'aux6': 1000, 'aux7': 1000, 'battery': 23.8, 'rssi': 933, 'rssi_msg': 'Strong signal', 'speed': 0.0, 'altitude': 0.08, 'caught': True, 'ready_hold_active': False, 'ready_hold_pending_capture': False, 'ready_hold_roll': 1500, 'ready_hold_pitch': 1500, 'ready_hold_yaw': 1500, 'ready_hold_throttle': 1100, 'target_locked': False, 'tracking_bbox': (311, 231, 17, 17), 'attack_error_x': 0.0, 'attack_error_y': 0.0, 'target_size': 0.0, 'attack_active': False, 'attack_base_roll': 1500, 'attack_base_pitch': 1500, 'attack_base_yaw': 1500, 'attack_base_throttle': 1100, 'prev_attack_error_x': 0.0, 'prev_attack_time': None, 'prev_target_size': 0.0}
2026-04-03 10:35:38,511 - BEE-EPT-UA913 - DEBUG - Executing command: TELEMETRY, Priority: 1, Body: {'target': 'MSP_RC'}
2026-04-03 10:35:38,521 - BEE-EPT-UA913 - DEBUG - Telemetry: b'\xdc\x05\xdc\x05\xdc\x05\xdd\x03\xd0\x07\xe8\x03\xe8\x03\xde\x05\xe8\x03\xe8\x03\xe8\x03\xfd\x05\xdc\x05\xdc\x05\xe8\x03\xe8\x03'
2026-04-03 10:35:38,521 - BEE-EPT-UA913 - INFO - Autopilot state: {'connection': True, 'bee_state': 'READY', 'roll': 1500, 'pitch': 1500, 'yaw': 1500, 'throttle': 989, 'last_manual_roll': 1500, 'last_manual_pitch': 1500, 'last_manual_yaw': 1500, 'last_manual_throttle': 989, 'aux3': 1000, 'aux4': 1502, 'aux5': 1500, 'aux6': 1000, 'aux7': 1000, 'battery': 23.8, 'rssi': 933, 'rssi_msg': 'Strong signal', 'speed': 0.0, 'altitude': 0.08, 'caught': True, 'ready_hold_active': False, 'ready_hold_pending_capture': False, 'ready_hold_roll': 1500, 'ready_hold_pitch': 1500, 'ready_hold_yaw': 1500, 'ready_hold_throttle': 1100, 'target_locked': False, 'tracking_bbox': (311, 231, 17, 17), 'attack_error_x': 0.0, 'attack_error_y': 0.0, 'target_size': 0.0, 'attack_active': False, 'attack_base_roll': 1500, 'attack_base_pitch': 1500, 'attack_base_yaw': 1500, 'attack_base_throttle': 1100, 'prev_attack_error_x': 0.0, 'prev_attack_time': None, 'prev_target_size': 0.0}
2026-04-03 10:35:38,612 - BEE-EPT-UA913 - DEBUG - Executing command: TELEMETRY, Priority: 1, Body: {'target': 'MSP_RC'}
2026-04-03 10:35:38,621 - BEE-EPT-UA913 - DEBUG - Telemetry: b'\xdc\x05\xdc\x05\xdc\x05\xdd\x03\xd0\x07\xe8\x03\xe8\x03\xde\x05\xe8\x03\xe8\x03\xe8\x03\xfd\x05\xdc\x05\xdc\x05\xe8\x03\xe8\x03'
2026-04-03 10:35:38,622 - BEE-EPT-UA913 - INFO - Autopilot state: {'connection': True, 'bee_state': 'READY', 'roll': 1500, 'pitch': 1500, 'yaw': 1500, 'throttle': 989, 'last_manual_roll': 1500, 'last_manual_pitch': 1500, 'last_manual_yaw': 1500, 'last_manual_throttle': 989, 'aux3': 1000, 'aux4': 1502, 'aux5': 1500, 'aux6': 1000, 'aux7': 1000, 'battery': 23.8, 'rssi': 933, 'rssi_msg': 'Strong signal', 'speed': 0.0, 'altitude': 0.08, 'caught': True, 'ready_hold_active': False, 'ready_hold_pending_capture': False, 'ready_hold_roll': 1500, 'ready_hold_pitch': 1500, 'ready_hold_yaw': 1500, 'ready_hold_throttle': 1100, 'target_locked': False, 'tracking_bbox': (311, 231, 17, 17), 'attack_error_x': 0.0, 'attack_error_y': 0.0, 'target_size': 0.0, 'attack_active': False, 'attack_base_roll': 1500, 'attack_base_pitch': 1500, 'attack_base_yaw': 1500, 'attack_base_throttle': 1100, 'prev_attack_error_x': 0.0, 'prev_attack_time': None, 'prev_target_size': 0.0}
2026-04-03 10:35:38,712 - BEE-EPT-UA913 - DEBUG - Executing command: TELEMETRY, Priority: 1, Body: {'target': 'MSP_RC'}
2026-04-03 10:35:38,723 - BEE-EPT-UA913 - DEBUG - Telemetry: b'\xdc\x05\xdc\x05\xdc\x05\xdd\x03\xd0\x07\xe8\x03\xe8\x03\xde\x05\xe8\x03\xe8\x03\xe8\x03\xfd\x05\xdc\x05\xdc\x05\xe8\x03\xe8\x03'
2026-04-03 10:35:38,723 - BEE-EPT-UA913 - INFO - Autopilot state: {'connection': True, 'bee_state': 'READY', 'roll': 1500, 'pitch': 1500, 'yaw': 1500, 'throttle': 989, 'last_manual_roll': 1500, 'last_manual_pitch': 1500, 'last_manual_yaw': 1500, 'last_manual_throttle': 989, 'aux3': 1000, 'aux4': 1502, 'aux5': 1500, 'aux6': 1000, 'aux7': 1000, 'battery': 23.8, 'rssi': 933, 'rssi_msg': 'Strong signal', 'speed': 0.0, 'altitude': 0.08, 'caught': True, 'ready_hold_active': False, 'ready_hold_pending_capture': False, 'ready_hold_roll': 1500, 'ready_hold_pitch': 1500, 'ready_hold_yaw': 1500, 'ready_hold_throttle': 1100, 'target_locked': False, 'tracking_bbox': (311, 231, 17, 17), 'attack_error_x': 0.0, 'attack_error_y': 0.0, 'target_size': 0.0, 'attack_active': False, 'attack_base_roll': 1500, 'attack_base_pitch': 1500, 'attack_base_yaw': 1500, 'attack_base_throttle': 1100, 'prev_attack_error_x': 0.0, 'prev_attack_time': None, 'prev_target_size': 0.0}
2026-04-03 10:35:38,774 - BEE-EPT-UA913 - DEBUG - Executing command: TELEMETRY, Priority: 2, Body: {'target': 'MSP_ALTITUDE'}
2026-04-03 10:35:38,780 - BEE-EPT-UA913 - DEBUG - Telemetry: b'\x08\x00\x00\x00\x00\x00'
2026-04-03 10:35:38,780 - BEE-EPT-UA913 - INFO - Autopilot state: {'connection': True, 'bee_state': 'READY', 'roll': 1500, 'pitch': 1500, 'yaw': 1500, 'throttle': 989, 'last_manual_roll': 1500, 'last_manual_pitch': 1500, 'last_manual_yaw': 1500, 'last_manual_throttle': 989, 'aux3': 1000, 'aux4': 1502, 'aux5': 1500, 'aux6': 1000, 'aux7': 1000, 'battery': 23.8, 'rssi': 933, 'rssi_msg': 'Strong signal', 'speed': 0.0, 'altitude': 0.08, 'caught': True, 'ready_hold_active': False, 'ready_hold_pending_capture': False, 'ready_hold_roll': 1500, 'ready_hold_pitch': 1500, 'ready_hold_yaw': 1500, 'ready_hold_throttle': 1100, 'target_locked': False, 'tracking_bbox': (311, 231, 17, 17), 'attack_error_x': 0.0, 'attack_error_y': 0.0, 'target_size': 0.0, 'attack_active': False, 'attack_base_roll': 1500, 'attack_base_pitch': 1500, 'attack_base_yaw': 1500, 'attack_base_throttle': 1100, 'prev_attack_error_x': 0.0, 'prev_attack_time': None, 'prev_target_size': 0.0}
2026-04-03 10:35:38,831 - BEE-EPT-UA913 - DEBUG - Executing command: TELEMETRY, Priority: 1, Body: {'target': 'MSP_RC'}
2026-04-03 10:35:38,843 - BEE-EPT-UA913 - DEBUG - Telemetry: b'\xdc\x05\xdc\x05\xdc\x05\xdd\x03\xd0\x07\xe8\x03\xe8\x03\xde\x05\xe8\x03\xe8\x03\xe8\x03\xfd\x05\xdc\x05\xdc\x05\xe8\x03\xe8\x03'
2026-04-03 10:35:38,843 - BEE-EPT-UA913 - INFO - Autopilot state: {'connection': True, 'bee_state': 'READY', 'roll': 1500, 'pitch': 1500, 'yaw': 1500, 'throttle': 989, 'last_manual_roll': 1500, 'last_manual_pitch': 1500, 'last_manual_yaw': 1500, 'last_manual_throttle': 989, 'aux3': 1000, 'aux4': 1502, 'aux5': 1500, 'aux6': 1000, 'aux7': 1000, 'battery': 23.8, 'rssi': 933, 'rssi_msg': 'Strong signal', 'speed': 0.0, 'altitude': 0.08, 'caught': True, 'ready_hold_active': False, 'ready_hold_pending_capture': False, 'ready_hold_roll': 1500, 'ready_hold_pitch': 1500, 'ready_hold_yaw': 1500, 'ready_hold_throttle': 1100, 'target_locked': False, 'tracking_bbox': (311, 231, 17, 17), 'attack_error_x': 0.0, 'attack_error_y': 0.0, 'target_size': 0.0, 'attack_active': False, 'attack_base_roll': 1500, 'attack_base_pitch': 1500, 'attack_base_yaw': 1500, 'attack_base_throttle': 1100, 'prev_attack_error_x': 0.0, 'prev_attack_time': None, 'prev_target_size': 0.0}
2026-04-03 10:35:38,894 - BEE-EPT-UA913 - DEBUG - Executing command: MONITOR, Priority: 2, Body: {'target': 'MSP_ANALOG'}
2026-04-03 10:35:38,901 - BEE-EPT-UA913 - DEBUG - Monitoring: b'\xee\x01\x00\x9f\x03\x0c\x00J\t'
2026-04-03 10:35:38,903 - BEE-EPT-UA913 - INFO - RSSI: 927, signal: Strong signal, battery voltage: 23.8V
2026-04-03 10:35:38,953 - BEE-EPT-UA913 - DEBUG - Executing command: TELEMETRY, Priority: 1, Body: {'target': 'MSP_RC'}
2026-04-03 10:35:38,963 - BEE-EPT-UA913 - DEBUG - Telemetry: b'\xdc\x05\xdc\x05\xdc\x05\xdd\x03\xd0\x07\xe8\x03\xe8\x03\xde\x05\xe8\x03\xe8\x03\xe8\x03\xfd\x05\xdc\x05\xdc\x05\xe8\x03\xe8\x03'
2026-04-03 10:35:38,964 - BEE-EPT-UA913 - INFO - Autopilot state: {'connection': True, 'bee_state': 'READY', 'roll': 1500, 'pitch': 1500, 'yaw': 1500, 'throttle': 989, 'last_manual_roll': 1500, 'last_manual_pitch': 1500, 'last_manual_yaw': 1500, 'last_manual_throttle': 989, 'aux3': 1000, 'aux4': 1502, 'aux5': 1500, 'aux6': 1000, 'aux7': 1000, 'battery': 23.8, 'rssi': 927, 'rssi_msg': 'Strong signal', 'speed': 0.0, 'altitude': 0.08, 'caught': True, 'ready_hold_active': False, 'ready_hold_pending_capture': False, 'ready_hold_roll': 1500, 'ready_hold_pitch': 1500, 'ready_hold_yaw': 1500, 'ready_hold_throttle': 1100, 'target_locked': False, 'tracking_bbox': (311, 231, 17, 17), 'attack_error_x': 0.0, 'attack_error_y': 0.0, 'target_size': 0.0, 'attack_active': False, 'attack_base_roll': 1500, 'attack_base_pitch': 1500, 'attack_base_yaw': 1500, 'attack_base_throttle': 1100, 'prev_attack_error_x': 0.0, 'prev_attack_time': None, 'prev_target_size': 0.0}
2026-04-03 10:35:39,014 - BEE-EPT-UA913 - DEBUG - Executing command: TELEMETRY, Priority: 1, Body: {'target': 'MSP_RC'}
2026-04-03 10:35:39,024 - BEE-EPT-UA913 - DEBUG - Telemetry: b'\xdc\x05\xdc\x05\xdc\x05\xdd\x03\xd0\x07\xe8\x03\xe8\x03\xde\x05\xe8\x03\xe8\x03\xe8\x03\xfd\x05\xdc\x05\xdc\x05\xe8\x03\xe8\x03'
2026-04-03 10:35:39,024 - BEE-EPT-UA913 - INFO - Autopilot state: {'connection': True, 'bee_state': 'READY', 'roll': 1500, 'pitch': 1500, 'yaw': 1500, 'throttle': 989, 'last_manual_roll': 1500, 'last_manual_pitch': 1500, 'last_manual_yaw': 1500, 'last_manual_throttle': 989, 'aux3': 1000, 'aux4': 1502, 'aux5': 1500, 'aux6': 1000, 'aux7': 1000, 'battery': 23.8, 'rssi': 927, 'rssi_msg': 'Strong signal', 'speed': 0.0, 'altitude': 0.08, 'caught': True, 'ready_hold_active': False, 'ready_hold_pending_capture': False, 'ready_hold_roll': 1500, 'ready_hold_pitch': 1500, 'ready_hold_yaw': 1500, 'ready_hold_throttle': 1100, 'target_locked': False, 'tracking_bbox': (311, 231, 17, 17), 'attack_error_x': 0.0, 'attack_error_y': 0.0, 'target_size': 0.0, 'attack_active': False, 'attack_base_roll': 1500, 'attack_base_pitch': 1500, 'attack_base_yaw': 1500, 'attack_base_throttle': 1100, 'prev_attack_error_x': 0.0, 'prev_attack_time': None, 'prev_target_size': 0.0}
2026-04-03 10:35:39,113 - BEE-EPT-UA913 - DEBUG - Executing command: TELEMETRY, Priority: 1, Body: {'target': 'MSP_RC'}
2026-04-03 10:35:39,124 - BEE-EPT-UA913 - DEBUG - Telemetry: b'\xdc\x05\xdc\x05\xdc\x05\xdd\x03\xd0\x07\xe8\x03\xe8\x03\xde\x05\xe8\x03\xe8\x03\xe8\x03\xfd\x05\xdc\x05\xdc\x05\xe8\x03\xe8\x03'
2026-04-03 10:35:39,124 - BEE-EPT-UA913 - INFO - Autopilot state: {'connection': True, 'bee_state': 'READY', 'roll': 1500, 'pitch': 1500, 'yaw': 1500, 'throttle': 989, 'last_manual_roll': 1500, 'last_manual_pitch': 1500, 'last_manual_yaw': 1500, 'last_manual_throttle': 989, 'aux3': 1000, 'aux4': 1502, 'aux5': 1500, 'aux6': 1000, 'aux7': 1000, 'battery': 23.8, 'rssi': 927, 'rssi_msg': 'Strong signal', 'speed': 0.0, 'altitude': 0.08, 'caught': True, 'ready_hold_active': False, 'ready_hold_pending_capture': False, 'ready_hold_roll': 1500, 'ready_hold_pitch': 1500, 'ready_hold_yaw': 1500, 'ready_hold_throttle': 1100, 'target_locked': False, 'tracking_bbox': (311, 231, 17, 17), 'attack_error_x': 0.0, 'attack_error_y': 0.0, 'target_size': 0.0, 'attack_active': False, 'attack_base_roll': 1500, 'attack_base_pitch': 1500, 'attack_base_yaw': 1500, 'attack_base_throttle': 1100, 'prev_attack_error_x': 0.0, 'prev_attack_time': None, 'prev_target_size': 0.0}
2026-04-03 10:35:39,213 - BEE-EPT-UA913 - DEBUG - Executing command: TELEMETRY, Priority: 1, Body: {'target': 'MSP_RC'}
2026-04-03 10:35:39,225 - BEE-EPT-UA913 - DEBUG - Telemetry: b'\xdc\x05\xdc\x05\xdc\x05\xdd\x03\xd0\x07\xe8\x03\xe8\x03\xde\x05\xe8\x03\xe8\x03\xe8\x03\xfd\x05\xdc\x05\xdc\x05\xe8\x03\xe8\x03'
2026-04-03 10:35:39,225 - BEE-EPT-UA913 - INFO - Autopilot state: {'connection': True, 'bee_state': 'READY', 'roll': 1500, 'pitch': 1500, 'yaw': 1500, 'throttle': 989, 'last_manual_roll': 1500, 'last_manual_pitch': 1500, 'last_manual_yaw': 1500, 'last_manual_throttle': 989, 'aux3': 1000, 'aux4': 1502, 'aux5': 1500, 'aux6': 1000, 'aux7': 1000, 'battery': 23.8, 'rssi': 927, 'rssi_msg': 'Strong signal', 'speed': 0.0, 'altitude': 0.08, 'caught': True, 'ready_hold_active': False, 'ready_hold_pending_capture': False, 'ready_hold_roll': 1500, 'ready_hold_pitch': 1500, 'ready_hold_yaw': 1500, 'ready_hold_throttle': 1100, 'target_locked': False, 'tracking_bbox': (311, 231, 17, 17), 'attack_error_x': 0.0, 'attack_error_y': 0.0, 'target_size': 0.0, 'attack_active': False, 'attack_base_roll': 1500, 'attack_base_pitch': 1500, 'attack_base_yaw': 1500, 'attack_base_throttle': 1100, 'prev_attack_error_x': 0.0, 'prev_attack_time': None, 'prev_target_size': 0.0}
2026-04-03 10:35:39,313 - BEE-EPT-UA913 - DEBUG - Executing command: TELEMETRY, Priority: 1, Body: {'target': 'MSP_RC'}
2026-04-03 10:35:39,325 - BEE-EPT-UA913 - DEBUG - Telemetry: b'\xdc\x05\xdc\x05\xdc\x05\xdd\x03\xd0\x07\xe8\x03\xe8\x03\xde\x05\xe8\x03\xe8\x03\xe8\x03\xfd\x05\xdc\x05\xdc\x05\xe8\x03\xe8\x03'
2026-04-03 10:35:39,326 - BEE-EPT-UA913 - INFO - Autopilot state: {'connection': True, 'bee_state': 'READY', 'roll': 1500, 'pitch': 1500, 'yaw': 1500, 'throttle': 989, 'last_manual_roll': 1500, 'last_manual_pitch': 1500, 'last_manual_yaw': 1500, 'last_manual_throttle': 989, 'aux3': 1000, 'aux4': 1502, 'aux5': 1500, 'aux6': 1000, 'aux7': 1000, 'battery': 23.8, 'rssi': 927, 'rssi_msg': 'Strong signal', 'speed': 0.0, 'altitude': 0.08, 'caught': True, 'ready_hold_active': False, 'ready_hold_pending_capture': False, 'ready_hold_roll': 1500, 'ready_hold_pitch': 1500, 'ready_hold_yaw': 1500, 'ready_hold_throttle': 1100, 'target_locked': False, 'tracking_bbox': (311, 231, 17, 17), 'attack_error_x': 0.0, 'attack_error_y': 0.0, 'target_size': 0.0, 'attack_active': False, 'attack_base_roll': 1500, 'attack_base_pitch': 1500, 'attack_base_yaw': 1500, 'attack_base_throttle': 1100, 'prev_attack_error_x': 0.0, 'prev_attack_time': None, 'prev_target_size': 0.0}
2026-04-03 10:35:39,413 - BEE-EPT-UA913 - DEBUG - Executing command: TELEMETRY, Priority: 1, Body: {'target': 'MSP_RC'}
2026-04-03 10:35:39,426 - BEE-EPT-UA913 - DEBUG - Telemetry: b'\xdc\x05\xdc\x05\xdc\x05\xdd\x03\xd0\x07\xe8\x03\xe8\x03\xde\x05\xe8\x03\xe8\x03\xe8\x03\xfd\x05\xdc\x05\xdc\x05\xe8\x03\xe8\x03'
2026-04-03 10:35:39,426 - BEE-EPT-UA913 - INFO - Autopilot state: {'connection': True, 'bee_state': 'READY', 'roll': 1500, 'pitch': 1500, 'yaw': 1500, 'throttle': 989, 'last_manual_roll': 1500, 'last_manual_pitch': 1500, 'last_manual_yaw': 1500, 'last_manual_throttle': 989, 'aux3': 1000, 'aux4': 1502, 'aux5': 1500, 'aux6': 1000, 'aux7': 1000, 'battery': 23.8, 'rssi': 927, 'rssi_msg': 'Strong signal', 'speed': 0.0, 'altitude': 0.08, 'caught': True, 'ready_hold_active': False, 'ready_hold_pending_capture': False, 'ready_hold_roll': 1500, 'ready_hold_pitch': 1500, 'ready_hold_yaw': 1500, 'ready_hold_throttle': 1100, 'target_locked': False, 'tracking_bbox': (311, 231, 17, 17), 'attack_error_x': 0.0, 'attack_error_y': 0.0, 'target_size': 0.0, 'attack_active': False, 'attack_base_roll': 1500, 'attack_base_pitch': 1500, 'attack_base_yaw': 1500, 'attack_base_throttle': 1100, 'prev_attack_error_x': 0.0, 'prev_attack_time': None, 'prev_target_size': 0.0}
2026-04-03 10:35:39,514 - BEE-EPT-UA913 - DEBUG - Executing command: TELEMETRY, Priority: 1, Body: {'target': 'MSP_RC'}
2026-04-03 10:35:39,526 - BEE-EPT-UA913 - DEBUG - Telemetry: b'\xdc\x05\xdc\x05\xdc\x05\xdd\x03\xd0\x07\xe8\x03\xe8\x03\xde\x05\xe8\x03\xe8\x03\xe8\x03\xfd\x05\xdc\x05\xdc\x05\xe8\x03\xe8\x03'
2026-04-03 10:35:39,526 - BEE-EPT-UA913 - INFO - Autopilot state: {'connection': True, 'bee_state': 'READY', 'roll': 1500, 'pitch': 1500, 'yaw': 1500, 'throttle': 989, 'last_manual_roll': 1500, 'last_manual_pitch': 1500, 'last_manual_yaw': 1500, 'last_manual_throttle': 989, 'aux3': 1000, 'aux4': 1502, 'aux5': 1500, 'aux6': 1000, 'aux7': 1000, 'battery': 23.8, 'rssi': 927, 'rssi_msg': 'Strong signal', 'speed': 0.0, 'altitude': 0.08, 'caught': True, 'ready_hold_active': False, 'ready_hold_pending_capture': False, 'ready_hold_roll': 1500, 'ready_hold_pitch': 1500, 'ready_hold_yaw': 1500, 'ready_hold_throttle': 1100, 'target_locked': False, 'tracking_bbox': (311, 231, 17, 17), 'attack_error_x': 0.0, 'attack_error_y': 0.0, 'target_size': 0.0, 'attack_active': False, 'attack_base_roll': 1500, 'attack_base_pitch': 1500, 'attack_base_yaw': 1500, 'attack_base_throttle': 1100, 'prev_attack_error_x': 0.0, 'prev_attack_time': None, 'prev_target_size': 0.0}
2026-04-03 10:35:39,614 - BEE-EPT-UA913 - DEBUG - Executing command: TELEMETRY, Priority: 1, Body: {'target': 'MSP_RC'}
2026-04-03 10:35:39,627 - BEE-EPT-UA913 - DEBUG - Telemetry: b'\xdc\x05\xdc\x05\xdc\x05\xdd\x03\xd0\x07\xe8\x03\xe8\x03\xde\x05\xe8\x03\xe8\x03\xe8\x03\xfd\x05\xdc\x05\xdc\x05\xe8\x03\xe8\x03'
2026-04-03 10:35:39,627 - BEE-EPT-UA913 - INFO - Autopilot state: {'connection': True, 'bee_state': 'READY', 'roll': 1500, 'pitch': 1500, 'yaw': 1500, 'throttle': 989, 'last_manual_roll': 1500, 'last_manual_pitch': 1500, 'last_manual_yaw': 1500, 'last_manual_throttle': 989, 'aux3': 1000, 'aux4': 1502, 'aux5': 1500, 'aux6': 1000, 'aux7': 1000, 'battery': 23.8, 'rssi': 927, 'rssi_msg': 'Strong signal', 'speed': 0.0, 'altitude': 0.08, 'caught': True, 'ready_hold_active': False, 'ready_hold_pending_capture': False, 'ready_hold_roll': 1500, 'ready_hold_pitch': 1500, 'ready_hold_yaw': 1500, 'ready_hold_throttle': 1100, 'target_locked': False, 'tracking_bbox': (311, 231, 17, 17), 'attack_error_x': 0.0, 'attack_error_y': 0.0, 'target_size': 0.0, 'attack_active': False, 'attack_base_roll': 1500, 'attack_base_pitch': 1500, 'attack_base_yaw': 1500, 'attack_base_throttle': 1100, 'prev_attack_error_x': 0.0, 'prev_attack_time': None, 'prev_target_size': 0.0}
2026-04-03 10:35:39,714 - BEE-EPT-UA913 - DEBUG - Executing command: TELEMETRY, Priority: 1, Body: {'target': 'MSP_RC'}
2026-04-03 10:35:39,727 - BEE-EPT-UA913 - DEBUG - Telemetry: b'\xdc\x05\xdc\x05\xdc\x05\xdd\x03\xd0\x07\xe8\x03\xe8\x03\xde\x05\xe8\x03\xe8\x03\xe8\x03\xfd\x05\xdc\x05\xdc\x05\xe8\x03\xe8\x03'
2026-04-03 10:35:39,727 - BEE-EPT-UA913 - INFO - Autopilot state: {'connection': True, 'bee_state': 'READY', 'roll': 1500, 'pitch': 1500, 'yaw': 1500, 'throttle': 989, 'last_manual_roll': 1500, 'last_manual_pitch': 1500, 'last_manual_yaw': 1500, 'last_manual_throttle': 989, 'aux3': 1000, 'aux4': 1502, 'aux5': 1500, 'aux6': 1000, 'aux7': 1000, 'battery': 23.8, 'rssi': 927, 'rssi_msg': 'Strong signal', 'speed': 0.0, 'altitude': 0.08, 'caught': True, 'ready_hold_active': False, 'ready_hold_pending_capture': False, 'ready_hold_roll': 1500, 'ready_hold_pitch': 1500, 'ready_hold_yaw': 1500, 'ready_hold_throttle': 1100, 'target_locked': False, 'tracking_bbox': (311, 231, 17, 17), 'attack_error_x': 0.0, 'attack_error_y': 0.0, 'target_size': 0.0, 'attack_active': False, 'attack_base_roll': 1500, 'attack_base_pitch': 1500, 'attack_base_yaw': 1500, 'attack_base_throttle': 1100, 'prev_attack_error_x': 0.0, 'prev_attack_time': None, 'prev_target_size': 0.0}
2026-04-03 10:35:39,777 - BEE-EPT-UA913 - DEBUG - Executing command: TELEMETRY, Priority: 2, Body: {'target': 'MSP_ALTITUDE'}
2026-04-03 10:35:39,785 - BEE-EPT-UA913 - DEBUG - Telemetry: b'\x08\x00\x00\x00\x00\x00'
2026-04-03 10:35:39,785 - BEE-EPT-UA913 - INFO - Autopilot state: {'connection': True, 'bee_state': 'READY', 'roll': 1500, 'pitch': 1500, 'yaw': 1500, 'throttle': 989, 'last_manual_roll': 1500, 'last_manual_pitch': 1500, 'last_manual_yaw': 1500, 'last_manual_throttle': 989, 'aux3': 1000, 'aux4': 1502, 'aux5': 1500, 'aux6': 1000, 'aux7': 1000, 'battery': 23.8, 'rssi': 927, 'rssi_msg': 'Strong signal', 'speed': 0.0, 'altitude': 0.08, 'caught': True, 'ready_hold_active': False, 'ready_hold_pending_capture': False, 'ready_hold_roll': 1500, 'ready_hold_pitch': 1500, 'ready_hold_yaw': 1500, 'ready_hold_throttle': 1100, 'target_locked': False, 'tracking_bbox': (311, 231, 17, 17), 'attack_error_x': 0.0, 'attack_error_y': 0.0, 'target_size': 0.0, 'attack_active': False, 'attack_base_roll': 1500, 'attack_base_pitch': 1500, 'attack_base_yaw': 1500, 'attack_base_throttle': 1100, 'prev_attack_error_x': 0.0, 'prev_attack_time': None, 'prev_target_size': 0.0}
2026-04-03 10:35:39,835 - BEE-EPT-UA913 - DEBUG - Executing command: TELEMETRY, Priority: 1, Body: {'target': 'MSP_RC'}
2026-04-03 10:35:39,847 - BEE-EPT-UA913 - DEBUG - Telemetry: b'\xdc\x05\xdc\x05\xdc\x05\xdd\x03\xd0\x07\xe8\x03\xe8\x03\xde\x05\xe8\x03\xe8\x03\xe8\x03\xfd\x05\xdc\x05\xdc\x05\xe8\x03\xe8\x03'
2026-04-03 10:35:39,848 - BEE-EPT-UA913 - INFO - Autopilot state: {'connection': True, 'bee_state': 'READY', 'roll': 1500, 'pitch': 1500, 'yaw': 1500, 'throttle': 989, 'last_manual_roll': 1500, 'last_manual_pitch': 1500, 'last_manual_yaw': 1500, 'last_manual_throttle': 989, 'aux3': 1000, 'aux4': 1502, 'aux5': 1500, 'aux6': 1000, 'aux7': 1000, 'battery': 23.8, 'rssi': 927, 'rssi_msg': 'Strong signal', 'speed': 0.0, 'altitude': 0.08, 'caught': True, 'ready_hold_active': False, 'ready_hold_pending_capture': False, 'ready_hold_roll': 1500, 'ready_hold_pitch': 1500, 'ready_hold_yaw': 1500, 'ready_hold_throttle': 1100, 'target_locked': False, 'tracking_bbox': (311, 231, 17, 17), 'attack_error_x': 0.0, 'attack_error_y': 0.0, 'target_size': 0.0, 'attack_active': False, 'attack_base_roll': 1500, 'attack_base_pitch': 1500, 'attack_base_yaw': 1500, 'attack_base_throttle': 1100, 'prev_attack_error_x': 0.0, 'prev_attack_time': None, 'prev_target_size': 0.0}
2026-04-03 10:35:39,898 - BEE-EPT-UA913 - DEBUG - Executing command: MONITOR, Priority: 2, Body: {'target': 'MSP_ANALOG'}
2026-04-03 10:35:39,906 - BEE-EPT-UA913 - DEBUG - Monitoring: b'\xee\x01\x00\xa7\x03\x0c\x00L\t'
2026-04-03 10:35:39,906 - BEE-EPT-UA913 - INFO - RSSI: 935, signal: Strong signal, battery voltage: 23.8V
2026-04-03 10:35:39,956 - BEE-EPT-UA913 - DEBUG - Executing command: TELEMETRY, Priority: 1, Body: {'target': 'MSP_RC'}
2026-04-03 10:35:39,968 - BEE-EPT-UA913 - DEBUG - Telemetry: b'\xdc\x05\xdc\x05\xdc\x05\xdd\x03\xd0\x07\xe8\x03\xe8\x03\xde\x05\xe8\x03\xe8\x03\xe8\x03\xfd\x05\xdc\x05\xdc\x05\xe8\x03\xe8\x03'
2026-04-03 10:35:39,968 - BEE-EPT-UA913 - INFO - Autopilot state: {'connection': True, 'bee_state': 'READY', 'roll': 1500, 'pitch': 1500, 'yaw': 1500, 'throttle': 989, 'last_manual_roll': 1500, 'last_manual_pitch': 1500, 'last_manual_yaw': 1500, 'last_manual_throttle': 989, 'aux3': 1000, 'aux4': 1502, 'aux5': 1500, 'aux6': 1000, 'aux7': 1000, 'battery': 23.8, 'rssi': 935, 'rssi_msg': 'Strong signal', 'speed': 0.0, 'altitude': 0.08, 'caught': True, 'ready_hold_active': False, 'ready_hold_pending_capture': False, 'ready_hold_roll': 1500, 'ready_hold_pitch': 1500, 'ready_hold_yaw': 1500, 'ready_hold_throttle': 1100, 'target_locked': False, 'tracking_bbox': (311, 231, 17, 17), 'attack_error_x': 0.0, 'attack_error_y': 0.0, 'target_size': 0.0, 'attack_active': False, 'attack_base_roll': 1500, 'attack_base_pitch': 1500, 'attack_base_yaw': 1500, 'attack_base_throttle': 1100, 'prev_attack_error_x': 0.0, 'prev_attack_time': None, 'prev_target_size': 0.0}
2026-04-03 10:35:40,019 - BEE-EPT-UA913 - DEBUG - Executing command: TELEMETRY, Priority: 1, Body: {'target': 'MSP_RC'}
2026-04-03 10:35:40,028 - BEE-EPT-UA913 - DEBUG - Telemetry: b'\xdc\x05\xdc\x05\xdc\x05\xdd\x03\xd0\x07\xe8\x03\xe8\x03\xde\x05\xe8\x03\xe8\x03\xe8\x03\xfd\x05\xdc\x05\xdc\x05\xe8\x03\xe8\x03'
2026-04-03 10:35:40,029 - BEE-EPT-UA913 - INFO - Autopilot state: {'connection': True, 'bee_state': 'READY', 'roll': 1500, 'pitch': 1500, 'yaw': 1500, 'throttle': 989, 'last_manual_roll': 1500, 'last_manual_pitch': 1500, 'last_manual_yaw': 1500, 'last_manual_throttle': 989, 'aux3': 1000, 'aux4': 1502, 'aux5': 1500, 'aux6': 1000, 'aux7': 1000, 'battery': 23.8, 'rssi': 935, 'rssi_msg': 'Strong signal', 'speed': 0.0, 'altitude': 0.08, 'caught': True, 'ready_hold_active': False, 'ready_hold_pending_capture': False, 'ready_hold_roll': 1500, 'ready_hold_pitch': 1500, 'ready_hold_yaw': 1500, 'ready_hold_throttle': 1100, 'target_locked': False, 'tracking_bbox': (311, 231, 17, 17), 'attack_error_x': 0.0, 'attack_error_y': 0.0, 'target_size': 0.0, 'attack_active': False, 'attack_base_roll': 1500, 'attack_base_pitch': 1500, 'attack_base_yaw': 1500, 'attack_base_throttle': 1100, 'prev_attack_error_x': 0.0, 'prev_attack_time': None, 'prev_target_size': 0.0}
2026-04-03 10:35:40,116 - BEE-EPT-UA913 - DEBUG - Executing command: TELEMETRY, Priority: 1, Body: {'target': 'MSP_RC'}
2026-04-03 10:35:40,129 - BEE-EPT-UA913 - DEBUG - Telemetry: b'\xdc\x05\xdc\x05\xdc\x05\xdd\x03\xd0\x07\xe8\x03\xe8\x03\xde\x05\xe8\x03\xe8\x03\xe8\x03\xfd\x05\xdc\x05\xdc\x05\xe8\x03\xe8\x03'
2026-04-03 10:35:40,129 - BEE-EPT-UA913 - INFO - Autopilot state: {'connection': True, 'bee_state': 'READY', 'roll': 1500, 'pitch': 1500, 'yaw': 1500, 'throttle': 989, 'last_manual_roll': 1500, 'last_manual_pitch': 1500, 'last_manual_yaw': 1500, 'last_manual_throttle': 989, 'aux3': 1000, 'aux4': 1502, 'aux5': 1500, 'aux6': 1000, 'aux7': 1000, 'battery': 23.8, 'rssi': 935, 'rssi_msg': 'Strong signal', 'speed': 0.0, 'altitude': 0.08, 'caught': True, 'ready_hold_active': False, 'ready_hold_pending_capture': False, 'ready_hold_roll': 1500, 'ready_hold_pitch': 1500, 'ready_hold_yaw': 1500, 'ready_hold_throttle': 1100, 'target_locked': False, 'tracking_bbox': (311, 231, 17, 17), 'attack_error_x': 0.0, 'attack_error_y': 0.0, 'target_size': 0.0, 'attack_active': False, 'attack_base_roll': 1500, 'attack_base_pitch': 1500, 'attack_base_yaw': 1500, 'attack_base_throttle': 1100, 'prev_attack_error_x': 0.0, 'prev_attack_time': None, 'prev_target_size': 0.0}
2026-04-03 10:35:40,216 - BEE-EPT-UA913 - DEBUG - Executing command: TELEMETRY, Priority: 1, Body: {'target': 'MSP_RC'}
2026-04-03 10:35:40,231 - BEE-EPT-UA913 - DEBUG - Telemetry: b'\xdc\x05\xdc\x05\xdc\x05\xdd\x03\xd0\x07\xe8\x03\xe8\x03\xde\x05\xe8\x03\xe8\x03\xe8\x03\xfd\x05\xdc\x05\xdc\x05\xe8\x03\xe8\x03'
2026-04-03 10:35:40,232 - BEE-EPT-UA913 - INFO - Autopilot state: {'connection': True, 'bee_state': 'READY', 'roll': 1500, 'pitch': 1500, 'yaw': 1500, 'throttle': 989, 'last_manual_roll': 1500, 'last_manual_pitch': 1500, 'last_manual_yaw': 1500, 'last_manual_throttle': 989, 'aux3': 1000, 'aux4': 1502, 'aux5': 1500, 'aux6': 1000, 'aux7': 1000, 'battery': 23.8, 'rssi': 935, 'rssi_msg': 'Strong signal', 'speed': 0.0, 'altitude': 0.08, 'caught': True, 'ready_hold_active': False, 'ready_hold_pending_capture': False, 'ready_hold_roll': 1500, 'ready_hold_pitch': 1500, 'ready_hold_yaw': 1500, 'ready_hold_throttle': 1100, 'target_locked': False, 'tracking_bbox': (311, 231, 17, 17), 'attack_error_x': 0.0, 'attack_error_y': 0.0, 'target_size': 0.0, 'attack_active': False, 'attack_base_roll': 1500, 'attack_base_pitch': 1500, 'attack_base_yaw': 1500, 'attack_base_throttle': 1100, 'prev_attack_error_x': 0.0, 'prev_attack_time': None, 'prev_target_size': 0.0}
2026-04-03 10:35:40,316 - BEE-EPT-UA913 - DEBUG - Executing command: TELEMETRY, Priority: 1, Body: {'target': 'MSP_RC'}
2026-04-03 10:35:40,330 - BEE-EPT-UA913 - DEBUG - Telemetry: b'\xdc\x05\xdc\x05\xdc\x05\xdd\x03\xd0\x07\xe8\x03\xe8\x03\xde\x05\xe8\x03\xe8\x03\xe8\x03\xfd\x05\xdc\x05\xdc\x05\xe8\x03\xe8\x03'
2026-04-03 10:35:40,330 - BEE-EPT-UA913 - INFO - Autopilot state: {'connection': True, 'bee_state': 'READY', 'roll': 1500, 'pitch': 1500, 'yaw': 1500, 'throttle': 989, 'last_manual_roll': 1500, 'last_manual_pitch': 1500, 'last_manual_yaw': 1500, 'last_manual_throttle': 989, 'aux3': 1000, 'aux4': 1502, 'aux5': 1500, 'aux6': 1000, 'aux7': 1000, 'battery': 23.8, 'rssi': 935, 'rssi_msg': 'Strong signal', 'speed': 0.0, 'altitude': 0.08, 'caught': True, 'ready_hold_active': False, 'ready_hold_pending_capture': False, 'ready_hold_roll': 1500, 'ready_hold_pitch': 1500, 'ready_hold_yaw': 1500, 'ready_hold_throttle': 1100, 'target_locked': False, 'tracking_bbox': (311, 231, 17, 17), 'attack_error_x': 0.0, 'attack_error_y': 0.0, 'target_size': 0.0, 'attack_active': False, 'attack_base_roll': 1500, 'attack_base_pitch': 1500, 'attack_base_yaw': 1500, 'attack_base_throttle': 1100, 'prev_attack_error_x': 0.0, 'prev_attack_time': None, 'prev_target_size': 0.0}
2026-04-03 10:35:40,417 - BEE-EPT-UA913 - DEBUG - Executing command: TELEMETRY, Priority: 1, Body: {'target': 'MSP_RC'}
2026-04-03 10:35:40,430 - BEE-EPT-UA913 - DEBUG - Telemetry: b'\xdc\x05\xdc\x05\xdc\x05\xdd\x03\xd0\x07\xe8\x03\xe8\x03\xde\x05\xe8\x03\xe8\x03\xe8\x03\xfd\x05\xdc\x05\xdc\x05\xe8\x03\xe8\x03'
2026-04-03 10:35:40,431 - BEE-EPT-UA913 - INFO - Autopilot state: {'connection': True, 'bee_state': 'READY', 'roll': 1500, 'pitch': 1500, 'yaw': 1500, 'throttle': 989, 'last_manual_roll': 1500, 'last_manual_pitch': 1500, 'last_manual_yaw': 1500, 'last_manual_throttle': 989, 'aux3': 1000, 'aux4': 1502, 'aux5': 1500, 'aux6': 1000, 'aux7': 1000, 'battery': 23.8, 'rssi': 935, 'rssi_msg': 'Strong signal', 'speed': 0.0, 'altitude': 0.08, 'caught': True, 'ready_hold_active': False, 'ready_hold_pending_capture': False, 'ready_hold_roll': 1500, 'ready_hold_pitch': 1500, 'ready_hold_yaw': 1500, 'ready_hold_throttle': 1100, 'target_locked': False, 'tracking_bbox': (311, 231, 17, 17), 'attack_error_x': 0.0, 'attack_error_y': 0.0, 'target_size': 0.0, 'attack_active': False, 'attack_base_roll': 1500, 'attack_base_pitch': 1500, 'attack_base_yaw': 1500, 'attack_base_throttle': 1100, 'prev_attack_error_x': 0.0, 'prev_attack_time': None, 'prev_target_size': 0.0}
2026-04-03 10:35:40,518 - BEE-EPT-UA913 - DEBUG - Executing command: TELEMETRY, Priority: 1, Body: {'target': 'MSP_RC'}
2026-04-03 10:35:40,532 - BEE-EPT-UA913 - DEBUG - Telemetry: b'\xdc\x05\xdc\x05\xdc\x05\xdd\x03\xd0\x07\xe8\x03\xe8\x03\xde\x05\xe8\x03\xe8\x03\xe8\x03\xfd\x05\xdc\x05\xdc\x05\xe8\x03\xe8\x03'
2026-04-03 10:35:40,533 - BEE-EPT-UA913 - INFO - Autopilot state: {'connection': True, 'bee_state': 'READY', 'roll': 1500, 'pitch': 1500, 'yaw': 1500, 'throttle': 989, 'last_manual_roll': 1500, 'last_manual_pitch': 1500, 'last_manual_yaw': 1500, 'last_manual_throttle': 989, 'aux3': 1000, 'aux4': 1502, 'aux5': 1500, 'aux6': 1000, 'aux7': 1000, 'battery': 23.8, 'rssi': 935, 'rssi_msg': 'Strong signal', 'speed': 0.0, 'altitude': 0.08, 'caught': True, 'ready_hold_active': False, 'ready_hold_pending_capture': False, 'ready_hold_roll': 1500, 'ready_hold_pitch': 1500, 'ready_hold_yaw': 1500, 'ready_hold_throttle': 1100, 'target_locked': False, 'tracking_bbox': (311, 231, 17, 17), 'attack_error_x': 0.0, 'attack_error_y': 0.0, 'target_size': 0.0, 'attack_active': False, 'attack_base_roll': 1500, 'attack_base_pitch': 1500, 'attack_base_yaw': 1500, 'attack_base_throttle': 1100, 'prev_attack_error_x': 0.0, 'prev_attack_time': None, 'prev_target_size': 0.0}
2026-04-03 10:35:40,618 - BEE-EPT-UA913 - DEBUG - Executing command: TELEMETRY, Priority: 1, Body: {'target': 'MSP_RC'}
2026-04-03 10:35:40,631 - BEE-EPT-UA913 - DEBUG - Telemetry: b'\xdc\x05\xdc\x05\xdc\x05\xdd\x03\xd0\x07\xe8\x03\xe8\x03\xde\x05\xe8\x03\xe8\x03\xe8\x03\xfd\x05\xdc\x05\xdc\x05\xe8\x03\xe8\x03'
2026-04-03 10:35:40,631 - BEE-EPT-UA913 - INFO - Autopilot state: {'connection': True, 'bee_state': 'READY', 'roll': 1500, 'pitch': 1500, 'yaw': 1500, 'throttle': 989, 'last_manual_roll': 1500, 'last_manual_pitch': 1500, 'last_manual_yaw': 1500, 'last_manual_throttle': 989, 'aux3': 1000, 'aux4': 1502, 'aux5': 1500, 'aux6': 1000, 'aux7': 1000, 'battery': 23.8, 'rssi': 935, 'rssi_msg': 'Strong signal', 'speed': 0.0, 'altitude': 0.08, 'caught': True, 'ready_hold_active': False, 'ready_hold_pending_capture': False, 'ready_hold_roll': 1500, 'ready_hold_pitch': 1500, 'ready_hold_yaw': 1500, 'ready_hold_throttle': 1100, 'target_locked': False, 'tracking_bbox': (311, 231, 17, 17), 'attack_error_x': 0.0, 'attack_error_y': 0.0, 'target_size': 0.0, 'attack_active': False, 'attack_base_roll': 1500, 'attack_base_pitch': 1500, 'attack_base_yaw': 1500, 'attack_base_throttle': 1100, 'prev_attack_error_x': 0.0, 'prev_attack_time': None, 'prev_target_size': 0.0}
2026-04-03 10:35:40,718 - BEE-EPT-UA913 - DEBUG - Executing command: TELEMETRY, Priority: 1, Body: {'target': 'MSP_RC'}
2026-04-03 10:35:40,732 - BEE-EPT-UA913 - DEBUG - Telemetry: b'\xdc\x05\xdc\x05\xdc\x05\xdd\x03\xd0\x07\xe8\x03\xe8\x03\xde\x05\xe8\x03\xe8\x03\xe8\x03\xfd\x05\xdc\x05\xdc\x05\xe8\x03\xe8\x03'
2026-04-03 10:35:40,732 - BEE-EPT-UA913 - INFO - Autopilot state: {'connection': True, 'bee_state': 'READY', 'roll': 1500, 'pitch': 1500, 'yaw': 1500, 'throttle': 989, 'last_manual_roll': 1500, 'last_manual_pitch': 1500, 'last_manual_yaw': 1500, 'last_manual_throttle': 989, 'aux3': 1000, 'aux4': 1502, 'aux5': 1500, 'aux6': 1000, 'aux7': 1000, 'battery': 23.8, 'rssi': 935, 'rssi_msg': 'Strong signal', 'speed': 0.0, 'altitude': 0.08, 'caught': True, 'ready_hold_active': False, 'ready_hold_pending_capture': False, 'ready_hold_roll': 1500, 'ready_hold_pitch': 1500, 'ready_hold_yaw': 1500, 'ready_hold_throttle': 1100, 'target_locked': False, 'tracking_bbox': (311, 231, 17, 17), 'attack_error_x': 0.0, 'attack_error_y': 0.0, 'target_size': 0.0, 'attack_active': False, 'attack_base_roll': 1500, 'attack_base_pitch': 1500, 'attack_base_yaw': 1500, 'attack_base_throttle': 1100, 'prev_attack_error_x': 0.0, 'prev_attack_time': None, 'prev_target_size': 0.0}
2026-04-03 10:35:40,783 - BEE-EPT-UA913 - DEBUG - Executing command: TELEMETRY, Priority: 2, Body: {'target': 'MSP_ALTITUDE'}
2026-04-03 10:35:40,790 - BEE-EPT-UA913 - DEBUG - Telemetry: b'\x08\x00\x00\x00\x00\x00'
2026-04-03 10:35:40,790 - BEE-EPT-UA913 - INFO - Autopilot state: {'connection': True, 'bee_state': 'READY', 'roll': 1500, 'pitch': 1500, 'yaw': 1500, 'throttle': 989, 'last_manual_roll': 1500, 'last_manual_pitch': 1500, 'last_manual_yaw': 1500, 'last_manual_throttle': 989, 'aux3': 1000, 'aux4': 1502, 'aux5': 1500, 'aux6': 1000, 'aux7': 1000, 'battery': 23.8, 'rssi': 935, 'rssi_msg': 'Strong signal', 'speed': 0.0, 'altitude': 0.08, 'caught': True, 'ready_hold_active': False, 'ready_hold_pending_capture': False, 'ready_hold_roll': 1500, 'ready_hold_pitch': 1500, 'ready_hold_yaw': 1500, 'ready_hold_throttle': 1100, 'target_locked': False, 'tracking_bbox': (311, 231, 17, 17), 'attack_error_x': 0.0, 'attack_error_y': 0.0, 'target_size': 0.0, 'attack_active': False, 'attack_base_roll': 1500, 'attack_base_pitch': 1500, 'attack_base_yaw': 1500, 'attack_base_throttle': 1100, 'prev_attack_error_x': 0.0, 'prev_attack_time': None, 'prev_target_size': 0.0}
2026-04-03 10:35:40,841 - BEE-EPT-UA913 - DEBUG - Executing command: TELEMETRY, Priority: 1, Body: {'target': 'MSP_RC'}
2026-04-03 10:35:40,852 - BEE-EPT-UA913 - DEBUG - Telemetry: b'\xdc\x05\xdc\x05\xdc\x05\xdd\x03\xd0\x07\xe8\x03\xe8\x03\xde\x05\xe8\x03\xe8\x03\xe8\x03\xfd\x05\xdc\x05\xdc\x05\xe8\x03\xe8\x03'
2026-04-03 10:35:40,853 - BEE-EPT-UA913 - INFO - Autopilot state: {'connection': True, 'bee_state': 'READY', 'roll': 1500, 'pitch': 1500, 'yaw': 1500, 'throttle': 989, 'last_manual_roll': 1500, 'last_manual_pitch': 1500, 'last_manual_yaw': 1500, 'last_manual_throttle': 989, 'aux3': 1000, 'aux4': 1502, 'aux5': 1500, 'aux6': 1000, 'aux7': 1000, 'battery': 23.8, 'rssi': 935, 'rssi_msg': 'Strong signal', 'speed': 0.0, 'altitude': 0.08, 'caught': True, 'ready_hold_active': False, 'ready_hold_pending_capture': False, 'ready_hold_roll': 1500, 'ready_hold_pitch': 1500, 'ready_hold_yaw': 1500, 'ready_hold_throttle': 1100, 'target_locked': False, 'tracking_bbox': (311, 231, 17, 17), 'attack_error_x': 0.0, 'attack_error_y': 0.0, 'target_size': 0.0, 'attack_active': False, 'attack_base_roll': 1500, 'attack_base_pitch': 1500, 'attack_base_yaw': 1500, 'attack_base_throttle': 1100, 'prev_attack_error_x': 0.0, 'prev_attack_time': None, 'prev_target_size': 0.0}
2026-04-03 10:35:40,903 - BEE-EPT-UA913 - DEBUG - Executing command: MONITOR, Priority: 2, Body: {'target': 'MSP_ANALOG'}
2026-04-03 10:35:40,910 - BEE-EPT-UA913 - DEBUG - Monitoring: b'\xee\x01\x00\xb4\x03\x0c\x00K\t'
2026-04-03 10:35:40,911 - BEE-EPT-UA913 - INFO - RSSI: 948, signal: Strong signal, battery voltage: 23.8V
2026-04-03 10:35:40,961 - BEE-EPT-UA913 - DEBUG - Executing command: TELEMETRY, Priority: 1, Body: {'target': 'MSP_RC'}
2026-04-03 10:35:40,973 - BEE-EPT-UA913 - DEBUG - Telemetry: b'\xdc\x05\xdc\x05\xdc\x05\xdd\x03\xd0\x07\xe8\x03\xe8\x03\xde\x05\xe8\x03\xe8\x03\xe8\x03\xfd\x05\xdc\x05\xdc\x05\xe8\x03\xe8\x03'
2026-04-03 10:35:40,973 - BEE-EPT-UA913 - INFO - Autopilot state: {'connection': True, 'bee_state': 'READY', 'roll': 1500, 'pitch': 1500, 'yaw': 1500, 'throttle': 989, 'last_manual_roll': 1500, 'last_manual_pitch': 1500, 'last_manual_yaw': 1500, 'last_manual_throttle': 989, 'aux3': 1000, 'aux4': 1502, 'aux5': 1500, 'aux6': 1000, 'aux7': 1000, 'battery': 23.8, 'rssi': 948, 'rssi_msg': 'Strong signal', 'speed': 0.0, 'altitude': 0.08, 'caught': True, 'ready_hold_active': False, 'ready_hold_pending_capture': False, 'ready_hold_roll': 1500, 'ready_hold_pitch': 1500, 'ready_hold_yaw': 1500, 'ready_hold_throttle': 1100, 'target_locked': False, 'tracking_bbox': (311, 231, 17, 17), 'attack_error_x': 0.0, 'attack_error_y': 0.0, 'target_size': 0.0, 'attack_active': False, 'attack_base_roll': 1500, 'attack_base_pitch': 1500, 'attack_base_yaw': 1500, 'attack_base_throttle': 1100, 'prev_attack_error_x': 0.0, 'prev_attack_time': None, 'prev_target_size': 0.0}
2026-04-03 10:35:41,024 - BEE-EPT-UA913 - DEBUG - Executing command: TELEMETRY, Priority: 1, Body: {'target': 'MSP_RC'}
2026-04-03 10:35:41,033 - BEE-EPT-UA913 - DEBUG - Telemetry: b'\xdc\x05\xdc\x05\xdc\x05\xdd\x03\xd0\x07\xe8\x03\xe8\x03\xde\x05\xe8\x03\xe8\x03\xe8\x03\xfd\x05\xdc\x05\xdc\x05\xe8\x03\xe8\x03'
2026-04-03 10:35:41,033 - BEE-EPT-UA913 - INFO - Autopilot state: {'connection': True, 'bee_state': 'READY', 'roll': 1500, 'pitch': 1500, 'yaw': 1500, 'throttle': 989, 'last_manual_roll': 1500, 'last_manual_pitch': 1500, 'last_manual_yaw': 1500, 'last_manual_throttle': 989, 'aux3': 1000, 'aux4': 1502, 'aux5': 1500, 'aux6': 1000, 'aux7': 1000, 'battery': 23.8, 'rssi': 948, 'rssi_msg': 'Strong signal', 'speed': 0.0, 'altitude': 0.08, 'caught': True, 'ready_hold_active': False, 'ready_hold_pending_capture': False, 'ready_hold_roll': 1500, 'ready_hold_pitch': 1500, 'ready_hold_yaw': 1500, 'ready_hold_throttle': 1100, 'target_locked': False, 'tracking_bbox': (311, 231, 17, 17), 'attack_error_x': 0.0, 'attack_error_y': 0.0, 'target_size': 0.0, 'attack_active': False, 'attack_base_roll': 1500, 'attack_base_pitch': 1500, 'attack_base_yaw': 1500, 'attack_base_throttle': 1100, 'prev_attack_error_x': 0.0, 'prev_attack_time': None, 'prev_target_size': 0.0}
2026-04-03 10:35:41,120 - BEE-EPT-UA913 - DEBUG - Executing command: TELEMETRY, Priority: 1, Body: {'target': 'MSP_RC'}
2026-04-03 10:35:41,133 - BEE-EPT-UA913 - DEBUG - Telemetry: b'\xdc\x05\xdc\x05\xdc\x05\xdd\x03\xd0\x07\xe8\x03\xe8\x03\xde\x05\xe8\x03\xe8\x03\xe8\x03\xfd\x05\xdc\x05\xdc\x05\xe8\x03\xe8\x03'
2026-04-03 10:35:41,134 - BEE-EPT-UA913 - INFO - Autopilot state: {'connection': True, 'bee_state': 'READY', 'roll': 1500, 'pitch': 1500, 'yaw': 1500, 'throttle': 989, 'last_manual_roll': 1500, 'last_manual_pitch': 1500, 'last_manual_yaw': 1500, 'last_manual_throttle': 989, 'aux3': 1000, 'aux4': 1502, 'aux5': 1500, 'aux6': 1000, 'aux7': 1000, 'battery': 23.8, 'rssi': 948, 'rssi_msg': 'Strong signal', 'speed': 0.0, 'altitude': 0.08, 'caught': True, 'ready_hold_active': False, 'ready_hold_pending_capture': False, 'ready_hold_roll': 1500, 'ready_hold_pitch': 1500, 'ready_hold_yaw': 1500, 'ready_hold_throttle': 1100, 'target_locked': False, 'tracking_bbox': (311, 231, 17, 17), 'attack_error_x': 0.0, 'attack_error_y': 0.0, 'target_size': 0.0, 'attack_active': False, 'attack_base_roll': 1500, 'attack_base_pitch': 1500, 'attack_base_yaw': 1500, 'attack_base_throttle': 1100, 'prev_attack_error_x': 0.0, 'prev_attack_time': None, 'prev_target_size': 0.0}
2026-04-03 10:35:41,220 - BEE-EPT-UA913 - DEBUG - Executing command: TELEMETRY, Priority: 1, Body: {'target': 'MSP_RC'}
2026-04-03 10:35:41,234 - BEE-EPT-UA913 - DEBUG - Telemetry: b'\xdc\x05\xdc\x05\xdc\x05\xdd\x03\xd0\x07\xe8\x03\xe8\x03\xde\x05\xe8\x03\xe8\x03\xe8\x03\xfd\x05\xdc\x05\xdc\x05\xe8\x03\xe8\x03'
2026-04-03 10:35:41,234 - BEE-EPT-UA913 - INFO - Autopilot state: {'connection': True, 'bee_state': 'READY', 'roll': 1500, 'pitch': 1500, 'yaw': 1500, 'throttle': 989, 'last_manual_roll': 1500, 'last_manual_pitch': 1500, 'last_manual_yaw': 1500, 'last_manual_throttle': 989, 'aux3': 1000, 'aux4': 1502, 'aux5': 1500, 'aux6': 1000, 'aux7': 1000, 'battery': 23.8, 'rssi': 948, 'rssi_msg': 'Strong signal', 'speed': 0.0, 'altitude': 0.08, 'caught': True, 'ready_hold_active': False, 'ready_hold_pending_capture': False, 'ready_hold_roll': 1500, 'ready_hold_pitch': 1500, 'ready_hold_yaw': 1500, 'ready_hold_throttle': 1100, 'target_locked': False, 'tracking_bbox': (311, 231, 17, 17), 'attack_error_x': 0.0, 'attack_error_y': 0.0, 'target_size': 0.0, 'attack_active': False, 'attack_base_roll': 1500, 'attack_base_pitch': 1500, 'attack_base_yaw': 1500, 'attack_base_throttle': 1100, 'prev_attack_error_x': 0.0, 'prev_attack_time': None, 'prev_target_size': 0.0}
2026-04-03 10:35:41,320 - BEE-EPT-UA913 - DEBUG - Executing command: TELEMETRY, Priority: 1, Body: {'target': 'MSP_RC'}
2026-04-03 10:35:41,334 - BEE-EPT-UA913 - DEBUG - Telemetry: b'\xdc\x05\xdc\x05\xdc\x05\xdd\x03\xd0\x07\xe8\x03\xe8\x03\xde\x05\xe8\x03\xe8\x03\xe8\x03\xfd\x05\xdc\x05\xdc\x05\xe8\x03\xe8\x03'
2026-04-03 10:35:41,335 - BEE-EPT-UA913 - INFO - Autopilot state: {'connection': True, 'bee_state': 'READY', 'roll': 1500, 'pitch': 1500, 'yaw': 1500, 'throttle': 989, 'last_manual_roll': 1500, 'last_manual_pitch': 1500, 'last_manual_yaw': 1500, 'last_manual_throttle': 989, 'aux3': 1000, 'aux4': 1502, 'aux5': 1500, 'aux6': 1000, 'aux7': 1000, 'battery': 23.8, 'rssi': 948, 'rssi_msg': 'Strong signal', 'speed': 0.0, 'altitude': 0.08, 'caught': True, 'ready_hold_active': False, 'ready_hold_pending_capture': False, 'ready_hold_roll': 1500, 'ready_hold_pitch': 1500, 'ready_hold_yaw': 1500, 'ready_hold_throttle': 1100, 'target_locked': False, 'tracking_bbox': (311, 231, 17, 17), 'attack_error_x': 0.0, 'attack_error_y': 0.0, 'target_size': 0.0, 'attack_active': False, 'attack_base_roll': 1500, 'attack_base_pitch': 1500, 'attack_base_yaw': 1500, 'attack_base_throttle': 1100, 'prev_attack_error_x': 0.0, 'prev_attack_time': None, 'prev_target_size': 0.0}
2026-04-03 10:35:41,421 - BEE-EPT-UA913 - DEBUG - Executing command: TELEMETRY, Priority: 1, Body: {'target': 'MSP_RC'}
2026-04-03 10:35:41,435 - BEE-EPT-UA913 - DEBUG - Telemetry: b'\xdc\x05\xdc\x05\xdc\x05\xdd\x03\xd0\x07\xe8\x03\xe8\x03\xde\x05\xe8\x03\xe8\x03\xe8\x03\xfd\x05\xdc\x05\xdc\x05\xe8\x03\xe8\x03'
2026-04-03 10:35:41,436 - BEE-EPT-UA913 - INFO - Autopilot state: {'connection': True, 'bee_state': 'READY', 'roll': 1500, 'pitch': 1500, 'yaw': 1500, 'throttle': 989, 'last_manual_roll': 1500, 'last_manual_pitch': 1500, 'last_manual_yaw': 1500, 'last_manual_throttle': 989, 'aux3': 1000, 'aux4': 1502, 'aux5': 1500, 'aux6': 1000, 'aux7': 1000, 'battery': 23.8, 'rssi': 948, 'rssi_msg': 'Strong signal', 'speed': 0.0, 'altitude': 0.08, 'caught': True, 'ready_hold_active': False, 'ready_hold_pending_capture': False, 'ready_hold_roll': 1500, 'ready_hold_pitch': 1500, 'ready_hold_yaw': 1500, 'ready_hold_throttle': 1100, 'target_locked': False, 'tracking_bbox': (311, 231, 17, 17), 'attack_error_x': 0.0, 'attack_error_y': 0.0, 'target_size': 0.0, 'attack_active': False, 'attack_base_roll': 1500, 'attack_base_pitch': 1500, 'attack_base_yaw': 1500, 'attack_base_throttle': 1100, 'prev_attack_error_x': 0.0, 'prev_attack_time': None, 'prev_target_size': 0.0}
2026-04-03 10:35:41,521 - BEE-EPT-UA913 - DEBUG - Executing command: TELEMETRY, Priority: 1, Body: {'target': 'MSP_RC'}
2026-04-03 10:35:41,535 - BEE-EPT-UA913 - DEBUG - Telemetry: b'\xdc\x05\xdc\x05\xdc\x05\xdd\x03\xd0\x07\xe8\x03\xe8\x03\xde\x05\xe8\x03\xe8\x03\xe8\x03\xfd\x05\xdc\x05\xdc\x05\xe8\x03\xe8\x03'
2026-04-03 10:35:41,536 - BEE-EPT-UA913 - INFO - Autopilot state: {'connection': True, 'bee_state': 'READY', 'roll': 1500, 'pitch': 1500, 'yaw': 1500, 'throttle': 989, 'last_manual_roll': 1500, 'last_manual_pitch': 1500, 'last_manual_yaw': 1500, 'last_manual_throttle': 989, 'aux3': 1000, 'aux4': 1502, 'aux5': 1500, 'aux6': 1000, 'aux7': 1000, 'battery': 23.8, 'rssi': 948, 'rssi_msg': 'Strong signal', 'speed': 0.0, 'altitude': 0.08, 'caught': True, 'ready_hold_active': False, 'ready_hold_pending_capture': False, 'ready_hold_roll': 1500, 'ready_hold_pitch': 1500, 'ready_hold_yaw': 1500, 'ready_hold_throttle': 1100, 'target_locked': False, 'tracking_bbox': (311, 231, 17, 17), 'attack_error_x': 0.0, 'attack_error_y': 0.0, 'target_size': 0.0, 'attack_active': False, 'attack_base_roll': 1500, 'attack_base_pitch': 1500, 'attack_base_yaw': 1500, 'attack_base_throttle': 1100, 'prev_attack_error_x': 0.0, 'prev_attack_time': None, 'prev_target_size': 0.0}
2026-04-03 10:35:41,621 - BEE-EPT-UA913 - DEBUG - Executing command: TELEMETRY, Priority: 1, Body: {'target': 'MSP_RC'}
2026-04-03 10:35:41,636 - BEE-EPT-UA913 - DEBUG - Telemetry: b'\xdc\x05\xdc\x05\xdc\x05\xdd\x03\xd0\x07\xe8\x03\xe8\x03\xde\x05\xe8\x03\xe8\x03\xe8\x03\xfd\x05\xdc\x05\xdc\x05\xe8\x03\xe8\x03'
2026-04-03 10:35:41,636 - BEE-EPT-UA913 - INFO - Autopilot state: {'connection': True, 'bee_state': 'READY', 'roll': 1500, 'pitch': 1500, 'yaw': 1500, 'throttle': 989, 'last_manual_roll': 1500, 'last_manual_pitch': 1500, 'last_manual_yaw': 1500, 'last_manual_throttle': 989, 'aux3': 1000, 'aux4': 1502, 'aux5': 1500, 'aux6': 1000, 'aux7': 1000, 'battery': 23.8, 'rssi': 948, 'rssi_msg': 'Strong signal', 'speed': 0.0, 'altitude': 0.08, 'caught': True, 'ready_hold_active': False, 'ready_hold_pending_capture': False, 'ready_hold_roll': 1500, 'ready_hold_pitch': 1500, 'ready_hold_yaw': 1500, 'ready_hold_throttle': 1100, 'target_locked': False, 'tracking_bbox': (311, 231, 17, 17), 'attack_error_x': 0.0, 'attack_error_y': 0.0, 'target_size': 0.0, 'attack_active': False, 'attack_base_roll': 1500, 'attack_base_pitch': 1500, 'attack_base_yaw': 1500, 'attack_base_throttle': 1100, 'prev_attack_error_x': 0.0, 'prev_attack_time': None, 'prev_target_size': 0.0}
2026-04-03 10:35:41,722 - BEE-EPT-UA913 - DEBUG - Executing command: TELEMETRY, Priority: 1, Body: {'target': 'MSP_RC'}
2026-04-03 10:35:41,736 - BEE-EPT-UA913 - DEBUG - Telemetry: b'\xdc\x05\xdc\x05\xdc\x05\xdd\x03\xd0\x07\xe8\x03\xe8\x03\xde\x05\xe8\x03\xe8\x03\xe8\x03\xfd\x05\xdc\x05\xdc\x05\xe8\x03\xe8\x03'
2026-04-03 10:35:41,737 - BEE-EPT-UA913 - INFO - Autopilot state: {'connection': True, 'bee_state': 'READY', 'roll': 1500, 'pitch': 1500, 'yaw': 1500, 'throttle': 989, 'last_manual_roll': 1500, 'last_manual_pitch': 1500, 'last_manual_yaw': 1500, 'last_manual_throttle': 989, 'aux3': 1000, 'aux4': 1502, 'aux5': 1500, 'aux6': 1000, 'aux7': 1000, 'battery': 23.8, 'rssi': 948, 'rssi_msg': 'Strong signal', 'speed': 0.0, 'altitude': 0.08, 'caught': True, 'ready_hold_active': False, 'ready_hold_pending_capture': False, 'ready_hold_roll': 1500, 'ready_hold_pitch': 1500, 'ready_hold_yaw': 1500, 'ready_hold_throttle': 1100, 'target_locked': False, 'tracking_bbox': (311, 231, 17, 17), 'attack_error_x': 0.0, 'attack_error_y': 0.0, 'target_size': 0.0, 'attack_active': False, 'attack_base_roll': 1500, 'attack_base_pitch': 1500, 'attack_base_yaw': 1500, 'attack_base_throttle': 1100, 'prev_attack_error_x': 0.0, 'prev_attack_time': None, 'prev_target_size': 0.0}
2026-04-03 10:35:41,787 - BEE-EPT-UA913 - DEBUG - Executing command: TELEMETRY, Priority: 2, Body: {'target': 'MSP_ALTITUDE'}
2026-04-03 10:35:41,794 - BEE-EPT-UA913 - DEBUG - Telemetry: b'\x08\x00\x00\x00\x00\x00'
2026-04-03 10:35:41,795 - BEE-EPT-UA913 - INFO - Autopilot state: {'connection': True, 'bee_state': 'READY', 'roll': 1500, 'pitch': 1500, 'yaw': 1500, 'throttle': 989, 'last_manual_roll': 1500, 'last_manual_pitch': 1500, 'last_manual_yaw': 1500, 'last_manual_throttle': 989, 'aux3': 1000, 'aux4': 1502, 'aux5': 1500, 'aux6': 1000, 'aux7': 1000, 'battery': 23.8, 'rssi': 948, 'rssi_msg': 'Strong signal', 'speed': 0.0, 'altitude': 0.08, 'caught': True, 'ready_hold_active': False, 'ready_hold_pending_capture': False, 'ready_hold_roll': 1500, 'ready_hold_pitch': 1500, 'ready_hold_yaw': 1500, 'ready_hold_throttle': 1100, 'target_locked': False, 'tracking_bbox': (311, 231, 17, 17), 'attack_error_x': 0.0, 'attack_error_y': 0.0, 'target_size': 0.0, 'attack_active': False, 'attack_base_roll': 1500, 'attack_base_pitch': 1500, 'attack_base_yaw': 1500, 'attack_base_throttle': 1100, 'prev_attack_error_x': 0.0, 'prev_attack_time': None, 'prev_target_size': 0.0}
2026-04-03 10:35:41,846 - BEE-EPT-UA913 - DEBUG - Executing command: TELEMETRY, Priority: 1, Body: {'target': 'MSP_RC'}
2026-04-03 10:35:41,857 - BEE-EPT-UA913 - DEBUG - Telemetry: b'\xdc\x05\xdc\x05\xdc\x05\xdd\x03\xd0\x07\xe8\x03\xe8\x03\xde\x05\xe8\x03\xe8\x03\xe8\x03\xfd\x05\xdc\x05\xdc\x05\xe8\x03\xe8\x03'
2026-04-03 10:35:41,857 - BEE-EPT-UA913 - INFO - Autopilot state: {'connection': True, 'bee_state': 'READY', 'roll': 1500, 'pitch': 1500, 'yaw': 1500, 'throttle': 989, 'last_manual_roll': 1500, 'last_manual_pitch': 1500, 'last_manual_yaw': 1500, 'last_manual_throttle': 989, 'aux3': 1000, 'aux4': 1502, 'aux5': 1500, 'aux6': 1000, 'aux7': 1000, 'battery': 23.8, 'rssi': 948, 'rssi_msg': 'Strong signal', 'speed': 0.0, 'altitude': 0.08, 'caught': True, 'ready_hold_active': False, 'ready_hold_pending_capture': False, 'ready_hold_roll': 1500, 'ready_hold_pitch': 1500, 'ready_hold_yaw': 1500, 'ready_hold_throttle': 1100, 'target_locked': False, 'tracking_bbox': (311, 231, 17, 17), 'attack_error_x': 0.0, 'attack_error_y': 0.0, 'target_size': 0.0, 'attack_active': False, 'attack_base_roll': 1500, 'attack_base_pitch': 1500, 'attack_base_yaw': 1500, 'attack_base_throttle': 1100, 'prev_attack_error_x': 0.0, 'prev_attack_time': None, 'prev_target_size': 0.0}
2026-04-03 10:35:41,908 - BEE-EPT-UA913 - DEBUG - Executing command: MONITOR, Priority: 2, Body: {'target': 'MSP_ANALOG'}
2026-04-03 10:35:41,915 - BEE-EPT-UA913 - DEBUG - Monitoring: b'\xee\x01\x00\xb7\x03\x10\x00L\t'
2026-04-03 10:35:41,916 - BEE-EPT-UA913 - INFO - RSSI: 951, signal: Strong signal, battery voltage: 23.8V
2026-04-03 10:35:41,966 - BEE-EPT-UA913 - DEBUG - Executing command: TELEMETRY, Priority: 1, Body: {'target': 'MSP_RC'}
2026-04-03 10:35:41,978 - BEE-EPT-UA913 - DEBUG - Telemetry: b'\xdc\x05\xdc\x05\xdc\x05\xdd\x03\xd0\x07\xe8\x03\xe8\x03\xde\x05\xe8\x03\xe8\x03\xe8\x03\xfd\x05\xdc\x05\xdc\x05\xe8\x03\xe8\x03'
2026-04-03 10:35:41,978 - BEE-EPT-UA913 - INFO - Autopilot state: {'connection': True, 'bee_state': 'READY', 'roll': 1500, 'pitch': 1500, 'yaw': 1500, 'throttle': 989, 'last_manual_roll': 1500, 'last_manual_pitch': 1500, 'last_manual_yaw': 1500, 'last_manual_throttle': 989, 'aux3': 1000, 'aux4': 1502, 'aux5': 1500, 'aux6': 1000, 'aux7': 1000, 'battery': 23.8, 'rssi': 951, 'rssi_msg': 'Strong signal', 'speed': 0.0, 'altitude': 0.08, 'caught': True, 'ready_hold_active': False, 'ready_hold_pending_capture': False, 'ready_hold_roll': 1500, 'ready_hold_pitch': 1500, 'ready_hold_yaw': 1500, 'ready_hold_throttle': 1100, 'target_locked': False, 'tracking_bbox': (311, 231, 17, 17), 'attack_error_x': 0.0, 'attack_error_y': 0.0, 'target_size': 0.0, 'attack_active': False, 'attack_base_roll': 1500, 'attack_base_pitch': 1500, 'attack_base_yaw': 1500, 'attack_base_throttle': 1100, 'prev_attack_error_x': 0.0, 'prev_attack_time': None, 'prev_target_size': 0.0}
2026-04-03 10:35:42,029 - BEE-EPT-UA913 - DEBUG - Executing command: TELEMETRY, Priority: 1, Body: {'target': 'MSP_RC'}
2026-04-03 10:35:42,038 - BEE-EPT-UA913 - DEBUG - Telemetry: b'\xdc\x05\xdc\x05\xdc\x05\xdd\x03\xd0\x07\xe8\x03\xe8\x03\xde\x05\xe8\x03\xe8\x03\xe8\x03\xfd\x05\xdc\x05\xdc\x05\xe8\x03\xe8\x03'
2026-04-03 10:35:42,039 - BEE-EPT-UA913 - INFO - Autopilot state: {'connection': True, 'bee_state': 'READY', 'roll': 1500, 'pitch': 1500, 'yaw': 1500, 'throttle': 989, 'last_manual_roll': 1500, 'last_manual_pitch': 1500, 'last_manual_yaw': 1500, 'last_manual_throttle': 989, 'aux3': 1000, 'aux4': 1502, 'aux5': 1500, 'aux6': 1000, 'aux7': 1000, 'battery': 23.8, 'rssi': 951, 'rssi_msg': 'Strong signal', 'speed': 0.0, 'altitude': 0.08, 'caught': True, 'ready_hold_active': False, 'ready_hold_pending_capture': False, 'ready_hold_roll': 1500, 'ready_hold_pitch': 1500, 'ready_hold_yaw': 1500, 'ready_hold_throttle': 1100, 'target_locked': False, 'tracking_bbox': (311, 231, 17, 17), 'attack_error_x': 0.0, 'attack_error_y': 0.0, 'target_size': 0.0, 'attack_active': False, 'attack_base_roll': 1500, 'attack_base_pitch': 1500, 'attack_base_yaw': 1500, 'attack_base_throttle': 1100, 'prev_attack_error_x': 0.0, 'prev_attack_time': None, 'prev_target_size': 0.0}
2026-04-03 10:35:42,123 - BEE-EPT-UA913 - DEBUG - Executing command: TELEMETRY, Priority: 1, Body: {'target': 'MSP_RC'}
2026-04-03 10:35:42,128 - BEE-EPT-UA913 - DEBUG - Telemetry: b'\xdc\x05\xdc\x05\xdc\x05\xdd\x03\xd0\x07\xe8\x03\xe8\x03\xde\x05\xe8\x03\xe8\x03\xe8\x03\xfd\x05\xdc\x05\xdc\x05\xe8\x03\xe8\x03'
2026-04-03 10:35:42,129 - BEE-EPT-UA913 - INFO - Autopilot state: {'connection': True, 'bee_state': 'READY', 'roll': 1500, 'pitch': 1500, 'yaw': 1500, 'throttle': 989, 'last_manual_roll': 1500, 'last_manual_pitch': 1500, 'last_manual_yaw': 1500, 'last_manual_throttle': 989, 'aux3': 1000, 'aux4': 1502, 'aux5': 1500, 'aux6': 1000, 'aux7': 1000, 'battery': 23.8, 'rssi': 951, 'rssi_msg': 'Strong signal', 'speed': 0.0, 'altitude': 0.08, 'caught': True, 'ready_hold_active': False, 'ready_hold_pending_capture': False, 'ready_hold_roll': 1500, 'ready_hold_pitch': 1500, 'ready_hold_yaw': 1500, 'ready_hold_throttle': 1100, 'target_locked': False, 'tracking_bbox': (311, 231, 17, 17), 'attack_error_x': 0.0, 'attack_error_y': 0.0, 'target_size': 0.0, 'attack_active': False, 'attack_base_roll': 1500, 'attack_base_pitch': 1500, 'attack_base_yaw': 1500, 'attack_base_throttle': 1100, 'prev_attack_error_x': 0.0, 'prev_attack_time': None, 'prev_target_size': 0.0}
2026-04-03 10:35:42,224 - BEE-EPT-UA913 - DEBUG - Executing command: TELEMETRY, Priority: 1, Body: {'target': 'MSP_RC'}
2026-04-03 10:35:42,229 - BEE-EPT-UA913 - DEBUG - Telemetry: b'\xdc\x05\xdc\x05\xdc\x05\xdd\x03\xd0\x07\xe8\x03\xe8\x03\xde\x05\xe8\x03\xe8\x03\xe8\x03\xfd\x05\xdc\x05\xdc\x05\xe8\x03\xe8\x03'
2026-04-03 10:35:42,230 - BEE-EPT-UA913 - INFO - Autopilot state: {'connection': True, 'bee_state': 'READY', 'roll': 1500, 'pitch': 1500, 'yaw': 1500, 'throttle': 989, 'last_manual_roll': 1500, 'last_manual_pitch': 1500, 'last_manual_yaw': 1500, 'last_manual_throttle': 989, 'aux3': 1000, 'aux4': 1502, 'aux5': 1500, 'aux6': 1000, 'aux7': 1000, 'battery': 23.8, 'rssi': 951, 'rssi_msg': 'Strong signal', 'speed': 0.0, 'altitude': 0.08, 'caught': True, 'ready_hold_active': False, 'ready_hold_pending_capture': False, 'ready_hold_roll': 1500, 'ready_hold_pitch': 1500, 'ready_hold_yaw': 1500, 'ready_hold_throttle': 1100, 'target_locked': False, 'tracking_bbox': (311, 231, 17, 17), 'attack_error_x': 0.0, 'attack_error_y': 0.0, 'target_size': 0.0, 'attack_active': False, 'attack_base_roll': 1500, 'attack_base_pitch': 1500, 'attack_base_yaw': 1500, 'attack_base_throttle': 1100, 'prev_attack_error_x': 0.0, 'prev_attack_time': None, 'prev_target_size': 0.0}
2026-04-03 10:35:42,324 - BEE-EPT-UA913 - DEBUG - Executing command: TELEMETRY, Priority: 1, Body: {'target': 'MSP_RC'}
2026-04-03 10:35:42,330 - BEE-EPT-UA913 - DEBUG - Telemetry: b'\xdc\x05\xdc\x05\xdc\x05\xdd\x03\xd0\x07\xe8\x03\xe8\x03\xde\x05\xe8\x03\xe8\x03\xe8\x03\xfd\x05\xdc\x05\xdc\x05\xe8\x03\xe8\x03'
2026-04-03 10:35:42,330 - BEE-EPT-UA913 - INFO - Autopilot state: {'connection': True, 'bee_state': 'READY', 'roll': 1500, 'pitch': 1500, 'yaw': 1500, 'throttle': 989, 'last_manual_roll': 1500, 'last_manual_pitch': 1500, 'last_manual_yaw': 1500, 'last_manual_throttle': 989, 'aux3': 1000, 'aux4': 1502, 'aux5': 1500, 'aux6': 1000, 'aux7': 1000, 'battery': 23.8, 'rssi': 951, 'rssi_msg': 'Strong signal', 'speed': 0.0, 'altitude': 0.08, 'caught': True, 'ready_hold_active': False, 'ready_hold_pending_capture': False, 'ready_hold_roll': 1500, 'ready_hold_pitch': 1500, 'ready_hold_yaw': 1500, 'ready_hold_throttle': 1100, 'target_locked': False, 'tracking_bbox': (311, 231, 17, 17), 'attack_error_x': 0.0, 'attack_error_y': 0.0, 'target_size': 0.0, 'attack_active': False, 'attack_base_roll': 1500, 'attack_base_pitch': 1500, 'attack_base_yaw': 1500, 'attack_base_throttle': 1100, 'prev_attack_error_x': 0.0, 'prev_attack_time': None, 'prev_target_size': 0.0}
2026-04-03 10:35:42,424 - BEE-EPT-UA913 - DEBUG - Executing command: TELEMETRY, Priority: 1, Body: {'target': 'MSP_RC'}
2026-04-03 10:35:42,430 - BEE-EPT-UA913 - DEBUG - Telemetry: b'\xdc\x05\xdc\x05\xdc\x05\xdd\x03\xd0\x07\xe8\x03\xe8\x03\xde\x05\xe8\x03\xe8\x03\xe8\x03\xfd\x05\xdc\x05\xdc\x05\xe8\x03\xe8\x03'
2026-04-03 10:35:42,431 - BEE-EPT-UA913 - INFO - Autopilot state: {'connection': True, 'bee_state': 'READY', 'roll': 1500, 'pitch': 1500, 'yaw': 1500, 'throttle': 989, 'last_manual_roll': 1500, 'last_manual_pitch': 1500, 'last_manual_yaw': 1500, 'last_manual_throttle': 989, 'aux3': 1000, 'aux4': 1502, 'aux5': 1500, 'aux6': 1000, 'aux7': 1000, 'battery': 23.8, 'rssi': 951, 'rssi_msg': 'Strong signal', 'speed': 0.0, 'altitude': 0.08, 'caught': True, 'ready_hold_active': False, 'ready_hold_pending_capture': False, 'ready_hold_roll': 1500, 'ready_hold_pitch': 1500, 'ready_hold_yaw': 1500, 'ready_hold_throttle': 1100, 'target_locked': False, 'tracking_bbox': (311, 231, 17, 17), 'attack_error_x': 0.0, 'attack_error_y': 0.0, 'target_size': 0.0, 'attack_active': False, 'attack_base_roll': 1500, 'attack_base_pitch': 1500, 'attack_base_yaw': 1500, 'attack_base_throttle': 1100, 'prev_attack_error_x': 0.0, 'prev_attack_time': None, 'prev_target_size': 0.0}
2026-04-03 10:35:42,525 - BEE-EPT-UA913 - DEBUG - Executing command: TELEMETRY, Priority: 1, Body: {'target': 'MSP_RC'}
2026-04-03 10:35:42,531 - BEE-EPT-UA913 - DEBUG - Telemetry: b'\xdc\x05\xdc\x05\xdc\x05\xdd\x03\xd0\x07\xe8\x03\xe8\x03\xde\x05\xe8\x03\xe8\x03\xe8\x03\xfd\x05\xdc\x05\xdc\x05\xe8\x03\xe8\x03'
2026-04-03 10:35:42,532 - BEE-EPT-UA913 - INFO - Autopilot state: {'connection': True, 'bee_state': 'READY', 'roll': 1500, 'pitch': 1500, 'yaw': 1500, 'throttle': 989, 'last_manual_roll': 1500, 'last_manual_pitch': 1500, 'last_manual_yaw': 1500, 'last_manual_throttle': 989, 'aux3': 1000, 'aux4': 1502, 'aux5': 1500, 'aux6': 1000, 'aux7': 1000, 'battery': 23.8, 'rssi': 951, 'rssi_msg': 'Strong signal', 'speed': 0.0, 'altitude': 0.08, 'caught': True, 'ready_hold_active': False, 'ready_hold_pending_capture': False, 'ready_hold_roll': 1500, 'ready_hold_pitch': 1500, 'ready_hold_yaw': 1500, 'ready_hold_throttle': 1100, 'target_locked': False, 'tracking_bbox': (311, 231, 17, 17), 'attack_error_x': 0.0, 'attack_error_y': 0.0, 'target_size': 0.0, 'attack_active': False, 'attack_base_roll': 1500, 'attack_base_pitch': 1500, 'attack_base_yaw': 1500, 'attack_base_throttle': 1100, 'prev_attack_error_x': 0.0, 'prev_attack_time': None, 'prev_target_size': 0.0}
2026-04-03 10:35:42,625 - BEE-EPT-UA913 - DEBUG - Executing command: TELEMETRY, Priority: 1, Body: {'target': 'MSP_RC'}
2026-04-03 10:35:42,632 - BEE-EPT-UA913 - DEBUG - Telemetry: b'\xdc\x05\xdc\x05\xdc\x05\xdd\x03\xd0\x07\xe8\x03\xe8\x03\xde\x05\xe8\x03\xe8\x03\xe8\x03\xfd\x05\xdc\x05\xdc\x05\xe8\x03\xe8\x03'
2026-04-03 10:35:42,633 - BEE-EPT-UA913 - INFO - Autopilot state: {'connection': True, 'bee_state': 'READY', 'roll': 1500, 'pitch': 1500, 'yaw': 1500, 'throttle': 989, 'last_manual_roll': 1500, 'last_manual_pitch': 1500, 'last_manual_yaw': 1500, 'last_manual_throttle': 989, 'aux3': 1000, 'aux4': 1502, 'aux5': 1500, 'aux6': 1000, 'aux7': 1000, 'battery': 23.8, 'rssi': 951, 'rssi_msg': 'Strong signal', 'speed': 0.0, 'altitude': 0.08, 'caught': True, 'ready_hold_active': False, 'ready_hold_pending_capture': False, 'ready_hold_roll': 1500, 'ready_hold_pitch': 1500, 'ready_hold_yaw': 1500, 'ready_hold_throttle': 1100, 'target_locked': False, 'tracking_bbox': (311, 231, 17, 17), 'attack_error_x': 0.0, 'attack_error_y': 0.0, 'target_size': 0.0, 'attack_active': False, 'attack_base_roll': 1500, 'attack_base_pitch': 1500, 'attack_base_yaw': 1500, 'attack_base_throttle': 1100, 'prev_attack_error_x': 0.0, 'prev_attack_time': None, 'prev_target_size': 0.0}
2026-04-03 10:35:42,725 - BEE-EPT-UA913 - DEBUG - Executing command: TELEMETRY, Priority: 1, Body: {'target': 'MSP_RC'}
2026-04-03 10:35:42,732 - BEE-EPT-UA913 - DEBUG - Telemetry: b'\xdc\x05\xdc\x05\xdc\x05\xdd\x03\xd0\x07\xe8\x03\xe8\x03\xde\x05\xe8\x03\xe8\x03\xe8\x03\xfd\x05\xdc\x05\xdc\x05\xe8\x03\xe8\x03'
2026-04-03 10:35:42,733 - BEE-EPT-UA913 - INFO - Autopilot state: {'connection': True, 'bee_state': 'READY', 'roll': 1500, 'pitch': 1500, 'yaw': 1500, 'throttle': 989, 'last_manual_roll': 1500, 'last_manual_pitch': 1500, 'last_manual_yaw': 1500, 'last_manual_throttle': 989, 'aux3': 1000, 'aux4': 1502, 'aux5': 1500, 'aux6': 1000, 'aux7': 1000, 'battery': 23.8, 'rssi': 951, 'rssi_msg': 'Strong signal', 'speed': 0.0, 'altitude': 0.08, 'caught': True, 'ready_hold_active': False, 'ready_hold_pending_capture': False, 'ready_hold_roll': 1500, 'ready_hold_pitch': 1500, 'ready_hold_yaw': 1500, 'ready_hold_throttle': 1100, 'target_locked': False, 'tracking_bbox': (311, 231, 17, 17), 'attack_error_x': 0.0, 'attack_error_y': 0.0, 'target_size': 0.0, 'attack_active': False, 'attack_base_roll': 1500, 'attack_base_pitch': 1500, 'attack_base_yaw': 1500, 'attack_base_throttle': 1100, 'prev_attack_error_x': 0.0, 'prev_attack_time': None, 'prev_target_size': 0.0}
2026-04-03 10:35:42,783 - BEE-EPT-UA913 - DEBUG - Executing command: TELEMETRY, Priority: 2, Body: {'target': 'MSP_ALTITUDE'}
2026-04-03 10:35:42,791 - BEE-EPT-UA913 - DEBUG - Telemetry: b'\x04\x00\x00\x00\xfe\xff'
2026-04-03 10:35:42,791 - BEE-EPT-UA913 - INFO - Current speed [655.34 m/s]
2026-04-03 10:35:42,791 - BEE-EPT-UA913 - INFO - Autopilot state: {'connection': True, 'bee_state': 'READY', 'roll': 1500, 'pitch': 1500, 'yaw': 1500, 'throttle': 989, 'last_manual_roll': 1500, 'last_manual_pitch': 1500, 'last_manual_yaw': 1500, 'last_manual_throttle': 989, 'aux3': 1000, 'aux4': 1502, 'aux5': 1500, 'aux6': 1000, 'aux7': 1000, 'battery': 23.8, 'rssi': 951, 'rssi_msg': 'Strong signal', 'speed': 655.34, 'altitude': 0.04, 'caught': True, 'ready_hold_active': False, 'ready_hold_pending_capture': False, 'ready_hold_roll': 1500, 'ready_hold_pitch': 1500, 'ready_hold_yaw': 1500, 'ready_hold_throttle': 1100, 'target_locked': False, 'tracking_bbox': (311, 231, 17, 17), 'attack_error_x': 0.0, 'attack_error_y': 0.0, 'target_size': 0.0, 'attack_active': False, 'attack_base_roll': 1500, 'attack_base_pitch': 1500, 'attack_base_yaw': 1500, 'attack_base_throttle': 1100, 'prev_attack_error_x': 0.0, 'prev_attack_time': None, 'prev_target_size': 0.0}
2026-04-03 10:35:42,841 - BEE-EPT-UA913 - DEBUG - Executing command: TELEMETRY, Priority: 1, Body: {'target': 'MSP_RC'}
2026-04-03 10:35:42,854 - BEE-EPT-UA913 - DEBUG - Telemetry: b'\xdc\x05\xdc\x05\xdc\x05\xdd\x03\xd0\x07\xe8\x03\xe8\x03\xde\x05\xe8\x03\xe8\x03\xe8\x03\xfd\x05\xdc\x05\xdc\x05\xe8\x03\xe8\x03'
2026-04-03 10:35:42,854 - BEE-EPT-UA913 - INFO - Autopilot state: {'connection': True, 'bee_state': 'READY', 'roll': 1500, 'pitch': 1500, 'yaw': 1500, 'throttle': 989, 'last_manual_roll': 1500, 'last_manual_pitch': 1500, 'last_manual_yaw': 1500, 'last_manual_throttle': 989, 'aux3': 1000, 'aux4': 1502, 'aux5': 1500, 'aux6': 1000, 'aux7': 1000, 'battery': 23.8, 'rssi': 951, 'rssi_msg': 'Strong signal', 'speed': 655.34, 'altitude': 0.04, 'caught': True, 'ready_hold_active': False, 'ready_hold_pending_capture': False, 'ready_hold_roll': 1500, 'ready_hold_pitch': 1500, 'ready_hold_yaw': 1500, 'ready_hold_throttle': 1100, 'target_locked': False, 'tracking_bbox': (311, 231, 17, 17), 'attack_error_x': 0.0, 'attack_error_y': 0.0, 'target_size': 0.0, 'attack_active': False, 'attack_base_roll': 1500, 'attack_base_pitch': 1500, 'attack_base_yaw': 1500, 'attack_base_throttle': 1100, 'prev_attack_error_x': 0.0, 'prev_attack_time': None, 'prev_target_size': 0.0}
2026-04-03 10:35:42,904 - BEE-EPT-UA913 - DEBUG - Executing command: MONITOR, Priority: 2, Body: {'target': 'MSP_ANALOG'}
2026-04-03 10:35:42,912 - BEE-EPT-UA913 - DEBUG - Monitoring: b'\xee\x01\x00\xb3\x03\x10\x00K\t'
2026-04-03 10:35:42,912 - BEE-EPT-UA913 - INFO - RSSI: 947, signal: Strong signal, battery voltage: 23.8V
2026-04-03 10:35:42,962 - BEE-EPT-UA913 - DEBUG - Executing command: TELEMETRY, Priority: 1, Body: {'target': 'MSP_RC'}
2026-04-03 10:35:42,974 - BEE-EPT-UA913 - DEBUG - Telemetry: b'\xdc\x05\xdc\x05\xdc\x05\xdd\x03\xd0\x07\xe8\x03\xe8\x03\xde\x05\xe8\x03\xe8\x03\xe8\x03\xfd\x05\xdc\x05\xdc\x05\xe8\x03\xe8\x03'
2026-04-03 10:35:42,975 - BEE-EPT-UA913 - INFO - Autopilot state: {'connection': True, 'bee_state': 'READY', 'roll': 1500, 'pitch': 1500, 'yaw': 1500, 'throttle': 989, 'last_manual_roll': 1500, 'last_manual_pitch': 1500, 'last_manual_yaw': 1500, 'last_manual_throttle': 989, 'aux3': 1000, 'aux4': 1502, 'aux5': 1500, 'aux6': 1000, 'aux7': 1000, 'battery': 23.8, 'rssi': 947, 'rssi_msg': 'Strong signal', 'speed': 655.34, 'altitude': 0.04, 'caught': True, 'ready_hold_active': False, 'ready_hold_pending_capture': False, 'ready_hold_roll': 1500, 'ready_hold_pitch': 1500, 'ready_hold_yaw': 1500, 'ready_hold_throttle': 1100, 'target_locked': False, 'tracking_bbox': (311, 231, 17, 17), 'attack_error_x': 0.0, 'attack_error_y': 0.0, 'target_size': 0.0, 'attack_active': False, 'attack_base_roll': 1500, 'attack_base_pitch': 1500, 'attack_base_yaw': 1500, 'attack_base_throttle': 1100, 'prev_attack_error_x': 0.0, 'prev_attack_time': None, 'prev_target_size': 0.0}
2026-04-03 10:35:43,027 - BEE-EPT-UA913 - DEBUG - Executing command: TELEMETRY, Priority: 1, Body: {'target': 'MSP_RC'}
2026-04-03 10:35:43,035 - BEE-EPT-UA913 - DEBUG - Telemetry: b'\xdc\x05\xdc\x05\xdc\x05\xdd\x03\xd0\x07\xe8\x03\xe8\x03\xde\x05\xe8\x03\xe8\x03\xe8\x03\xfd\x05\xdc\x05\xdc\x05\xe8\x03\xe8\x03'
2026-04-03 10:35:43,035 - BEE-EPT-UA913 - INFO - Autopilot state: {'connection': True, 'bee_state': 'READY', 'roll': 1500, 'pitch': 1500, 'yaw': 1500, 'throttle': 989, 'last_manual_roll': 1500, 'last_manual_pitch': 1500, 'last_manual_yaw': 1500, 'last_manual_throttle': 989, 'aux3': 1000, 'aux4': 1502, 'aux5': 1500, 'aux6': 1000, 'aux7': 1000, 'battery': 23.8, 'rssi': 947, 'rssi_msg': 'Strong signal', 'speed': 655.34, 'altitude': 0.04, 'caught': True, 'ready_hold_active': False, 'ready_hold_pending_capture': False, 'ready_hold_roll': 1500, 'ready_hold_pitch': 1500, 'ready_hold_yaw': 1500, 'ready_hold_throttle': 1100, 'target_locked': False, 'tracking_bbox': (311, 231, 17, 17), 'attack_error_x': 0.0, 'attack_error_y': 0.0, 'target_size': 0.0, 'attack_active': False, 'attack_base_roll': 1500, 'attack_base_pitch': 1500, 'attack_base_yaw': 1500, 'attack_base_throttle': 1100, 'prev_attack_error_x': 0.0, 'prev_attack_time': None, 'prev_target_size': 0.0}
2026-04-03 10:35:43,127 - BEE-EPT-UA913 - DEBUG - Executing command: TELEMETRY, Priority: 1, Body: {'target': 'MSP_RC'}
2026-04-03 10:35:43,136 - BEE-EPT-UA913 - DEBUG - Telemetry: b'\xdc\x05\xdc\x05\xdc\x05\xdd\x03\xd0\x07\xe8\x03\xe8\x03\xde\x05\xe8\x03\xe8\x03\xe8\x03\xfd\x05\xdc\x05\xdc\x05\xe8\x03\xe8\x03'
2026-04-03 10:35:43,136 - BEE-EPT-UA913 - INFO - Autopilot state: {'connection': True, 'bee_state': 'READY', 'roll': 1500, 'pitch': 1500, 'yaw': 1500, 'throttle': 989, 'last_manual_roll': 1500, 'last_manual_pitch': 1500, 'last_manual_yaw': 1500, 'last_manual_throttle': 989, 'aux3': 1000, 'aux4': 1502, 'aux5': 1500, 'aux6': 1000, 'aux7': 1000, 'battery': 23.8, 'rssi': 947, 'rssi_msg': 'Strong signal', 'speed': 655.34, 'altitude': 0.04, 'caught': True, 'ready_hold_active': False, 'ready_hold_pending_capture': False, 'ready_hold_roll': 1500, 'ready_hold_pitch': 1500, 'ready_hold_yaw': 1500, 'ready_hold_throttle': 1100, 'target_locked': False, 'tracking_bbox': (311, 231, 17, 17), 'attack_error_x': 0.0, 'attack_error_y': 0.0, 'target_size': 0.0, 'attack_active': False, 'attack_base_roll': 1500, 'attack_base_pitch': 1500, 'attack_base_yaw': 1500, 'attack_base_throttle': 1100, 'prev_attack_error_x': 0.0, 'prev_attack_time': None, 'prev_target_size': 0.0}
2026-04-03 10:35:43,227 - BEE-EPT-UA913 - DEBUG - Executing command: TELEMETRY, Priority: 1, Body: {'target': 'MSP_RC'}
2026-04-03 10:35:43,236 - BEE-EPT-UA913 - DEBUG - Telemetry: b'\xdc\x05\xdc\x05\xdc\x05\xdd\x03\xd0\x07\xe8\x03\xe8\x03\xde\x05\xe8\x03\xe8\x03\xe8\x03\xfd\x05\xdc\x05\xdc\x05\xe8\x03\xe8\x03'
2026-04-03 10:35:43,237 - BEE-EPT-UA913 - INFO - Autopilot state: {'connection': True, 'bee_state': 'READY', 'roll': 1500, 'pitch': 1500, 'yaw': 1500, 'throttle': 989, 'last_manual_roll': 1500, 'last_manual_pitch': 1500, 'last_manual_yaw': 1500, 'last_manual_throttle': 989, 'aux3': 1000, 'aux4': 1502, 'aux5': 1500, 'aux6': 1000, 'aux7': 1000, 'battery': 23.8, 'rssi': 947, 'rssi_msg': 'Strong signal', 'speed': 655.34, 'altitude': 0.04, 'caught': True, 'ready_hold_active': False, 'ready_hold_pending_capture': False, 'ready_hold_roll': 1500, 'ready_hold_pitch': 1500, 'ready_hold_yaw': 1500, 'ready_hold_throttle': 1100, 'target_locked': False, 'tracking_bbox': (311, 231, 17, 17), 'attack_error_x': 0.0, 'attack_error_y': 0.0, 'target_size': 0.0, 'attack_active': False, 'attack_base_roll': 1500, 'attack_base_pitch': 1500, 'attack_base_yaw': 1500, 'attack_base_throttle': 1100, 'prev_attack_error_x': 0.0, 'prev_attack_time': None, 'prev_target_size': 0.0}
2026-04-03 10:35:43,328 - BEE-EPT-UA913 - DEBUG - Executing command: TELEMETRY, Priority: 1, Body: {'target': 'MSP_RC'}
2026-04-03 10:35:43,337 - BEE-EPT-UA913 - DEBUG - Telemetry: b'\xdc\x05\xdc\x05\xdc\x05\xdd\x03\xd0\x07\xe8\x03\xe8\x03\xde\x05\xe8\x03\xe8\x03\xe8\x03\xfd\x05\xdc\x05\xdc\x05\xe8\x03\xe8\x03'
2026-04-03 10:35:43,338 - BEE-EPT-UA913 - INFO - Autopilot state: {'connection': True, 'bee_state': 'READY', 'roll': 1500, 'pitch': 1500, 'yaw': 1500, 'throttle': 989, 'last_manual_roll': 1500, 'last_manual_pitch': 1500, 'last_manual_yaw': 1500, 'last_manual_throttle': 989, 'aux3': 1000, 'aux4': 1502, 'aux5': 1500, 'aux6': 1000, 'aux7': 1000, 'battery': 23.8, 'rssi': 947, 'rssi_msg': 'Strong signal', 'speed': 655.34, 'altitude': 0.04, 'caught': True, 'ready_hold_active': False, 'ready_hold_pending_capture': False, 'ready_hold_roll': 1500, 'ready_hold_pitch': 1500, 'ready_hold_yaw': 1500, 'ready_hold_throttle': 1100, 'target_locked': False, 'tracking_bbox': (311, 231, 17, 17), 'attack_error_x': 0.0, 'attack_error_y': 0.0, 'target_size': 0.0, 'attack_active': False, 'attack_base_roll': 1500, 'attack_base_pitch': 1500, 'attack_base_yaw': 1500, 'attack_base_throttle': 1100, 'prev_attack_error_x': 0.0, 'prev_attack_time': None, 'prev_target_size': 0.0}
2026-04-03 10:35:43,428 - BEE-EPT-UA913 - DEBUG - Executing command: TELEMETRY, Priority: 1, Body: {'target': 'MSP_RC'}
2026-04-03 10:35:43,438 - BEE-EPT-UA913 - DEBUG - Telemetry: b'\xdc\x05\xdc\x05\xdc\x05\xdd\x03\xd0\x07\xe8\x03\xe8\x03\xde\x05\xe8\x03\xe8\x03\xe8\x03\xfd\x05\xdc\x05\xdc\x05\xe8\x03\xe8\x03'
2026-04-03 10:35:43,438 - BEE-EPT-UA913 - INFO - Autopilot state: {'connection': True, 'bee_state': 'READY', 'roll': 1500, 'pitch': 1500, 'yaw': 1500, 'throttle': 989, 'last_manual_roll': 1500, 'last_manual_pitch': 1500, 'last_manual_yaw': 1500, 'last_manual_throttle': 989, 'aux3': 1000, 'aux4': 1502, 'aux5': 1500, 'aux6': 1000, 'aux7': 1000, 'battery': 23.8, 'rssi': 947, 'rssi_msg': 'Strong signal', 'speed': 655.34, 'altitude': 0.04, 'caught': True, 'ready_hold_active': False, 'ready_hold_pending_capture': False, 'ready_hold_roll': 1500, 'ready_hold_pitch': 1500, 'ready_hold_yaw': 1500, 'ready_hold_throttle': 1100, 'target_locked': False, 'tracking_bbox': (311, 231, 17, 17), 'attack_error_x': 0.0, 'attack_error_y': 0.0, 'target_size': 0.0, 'attack_active': False, 'attack_base_roll': 1500, 'attack_base_pitch': 1500, 'attack_base_yaw': 1500, 'attack_base_throttle': 1100, 'prev_attack_error_x': 0.0, 'prev_attack_time': None, 'prev_target_size': 0.0}
2026-04-03 10:35:43,528 - BEE-EPT-UA913 - DEBUG - Executing command: TELEMETRY, Priority: 1, Body: {'target': 'MSP_RC'}
2026-04-03 10:35:43,539 - BEE-EPT-UA913 - DEBUG - Telemetry: b'\xdc\x05\xdc\x05\xdc\x05\xdd\x03\xd0\x07\xe8\x03\xe8\x03\xde\x05\xe8\x03\xe8\x03\xe8\x03\xfd\x05\xdc\x05\xdc\x05\xe8\x03\xe8\x03'
2026-04-03 10:35:43,540 - BEE-EPT-UA913 - INFO - Autopilot state: {'connection': True, 'bee_state': 'READY', 'roll': 1500, 'pitch': 1500, 'yaw': 1500, 'throttle': 989, 'last_manual_roll': 1500, 'last_manual_pitch': 1500, 'last_manual_yaw': 1500, 'last_manual_throttle': 989, 'aux3': 1000, 'aux4': 1502, 'aux5': 1500, 'aux6': 1000, 'aux7': 1000, 'battery': 23.8, 'rssi': 947, 'rssi_msg': 'Strong signal', 'speed': 655.34, 'altitude': 0.04, 'caught': True, 'ready_hold_active': False, 'ready_hold_pending_capture': False, 'ready_hold_roll': 1500, 'ready_hold_pitch': 1500, 'ready_hold_yaw': 1500, 'ready_hold_throttle': 1100, 'target_locked': False, 'tracking_bbox': (311, 231, 17, 17), 'attack_error_x': 0.0, 'attack_error_y': 0.0, 'target_size': 0.0, 'attack_active': False, 'attack_base_roll': 1500, 'attack_base_pitch': 1500, 'attack_base_yaw': 1500, 'attack_base_throttle': 1100, 'prev_attack_error_x': 0.0, 'prev_attack_time': None, 'prev_target_size': 0.0}
2026-04-03 10:35:43,629 - BEE-EPT-UA913 - DEBUG - Executing command: TELEMETRY, Priority: 1, Body: {'target': 'MSP_RC'}
2026-04-03 10:35:43,640 - BEE-EPT-UA913 - DEBUG - Telemetry: b'\xdc\x05\xdc\x05\xdc\x05\xdd\x03\xd0\x07\xe8\x03\xe8\x03\xde\x05\xe8\x03\xe8\x03\xe8\x03\xfd\x05\xdc\x05\xdc\x05\xe8\x03\xe8\x03'
2026-04-03 10:35:43,640 - BEE-EPT-UA913 - INFO - Autopilot state: {'connection': True, 'bee_state': 'READY', 'roll': 1500, 'pitch': 1500, 'yaw': 1500, 'throttle': 989, 'last_manual_roll': 1500, 'last_manual_pitch': 1500, 'last_manual_yaw': 1500, 'last_manual_throttle': 989, 'aux3': 1000, 'aux4': 1502, 'aux5': 1500, 'aux6': 1000, 'aux7': 1000, 'battery': 23.8, 'rssi': 947, 'rssi_msg': 'Strong signal', 'speed': 655.34, 'altitude': 0.04, 'caught': True, 'ready_hold_active': False, 'ready_hold_pending_capture': False, 'ready_hold_roll': 1500, 'ready_hold_pitch': 1500, 'ready_hold_yaw': 1500, 'ready_hold_throttle': 1100, 'target_locked': False, 'tracking_bbox': (311, 231, 17, 17), 'attack_error_x': 0.0, 'attack_error_y': 0.0, 'target_size': 0.0, 'attack_active': False, 'attack_base_roll': 1500, 'attack_base_pitch': 1500, 'attack_base_yaw': 1500, 'attack_base_throttle': 1100, 'prev_attack_error_x': 0.0, 'prev_attack_time': None, 'prev_target_size': 0.0}
2026-04-03 10:35:43,729 - BEE-EPT-UA913 - DEBUG - Executing command: TELEMETRY, Priority: 1, Body: {'target': 'MSP_RC'}
2026-04-03 10:35:43,740 - BEE-EPT-UA913 - DEBUG - Telemetry: b'\xdc\x05\xdc\x05\xdc\x05\xdd\x03\xd0\x07\xe8\x03\xe8\x03\xde\x05\xe8\x03\xe8\x03\xe8\x03\xfd\x05\xdc\x05\xdc\x05\xe8\x03\xe8\x03'
2026-04-03 10:35:43,741 - BEE-EPT-UA913 - INFO - Autopilot state: {'connection': True, 'bee_state': 'READY', 'roll': 1500, 'pitch': 1500, 'yaw': 1500, 'throttle': 989, 'last_manual_roll': 1500, 'last_manual_pitch': 1500, 'last_manual_yaw': 1500, 'last_manual_throttle': 989, 'aux3': 1000, 'aux4': 1502, 'aux5': 1500, 'aux6': 1000, 'aux7': 1000, 'battery': 23.8, 'rssi': 947, 'rssi_msg': 'Strong signal', 'speed': 655.34, 'altitude': 0.04, 'caught': True, 'ready_hold_active': False, 'ready_hold_pending_capture': False, 'ready_hold_roll': 1500, 'ready_hold_pitch': 1500, 'ready_hold_yaw': 1500, 'ready_hold_throttle': 1100, 'target_locked': False, 'tracking_bbox': (311, 231, 17, 17), 'attack_error_x': 0.0, 'attack_error_y': 0.0, 'target_size': 0.0, 'attack_active': False, 'attack_base_roll': 1500, 'attack_base_pitch': 1500, 'attack_base_yaw': 1500, 'attack_base_throttle': 1100, 'prev_attack_error_x': 0.0, 'prev_attack_time': None, 'prev_target_size': 0.0}
2026-04-03 10:35:43,791 - BEE-EPT-UA913 - DEBUG - Executing command: TELEMETRY, Priority: 2, Body: {'target': 'MSP_ALTITUDE'}
2026-04-03 10:35:43,799 - BEE-EPT-UA913 - DEBUG - Telemetry: b'\x08\x00\x00\x00\x00\x00'
2026-04-03 10:35:43,799 - BEE-EPT-UA913 - INFO - Autopilot state: {'connection': True, 'bee_state': 'READY', 'roll': 1500, 'pitch': 1500, 'yaw': 1500, 'throttle': 989, 'last_manual_roll': 1500, 'last_manual_pitch': 1500, 'last_manual_yaw': 1500, 'last_manual_throttle': 989, 'aux3': 1000, 'aux4': 1502, 'aux5': 1500, 'aux6': 1000, 'aux7': 1000, 'battery': 23.8, 'rssi': 947, 'rssi_msg': 'Strong signal', 'speed': 0.0, 'altitude': 0.08, 'caught': True, 'ready_hold_active': False, 'ready_hold_pending_capture': False, 'ready_hold_roll': 1500, 'ready_hold_pitch': 1500, 'ready_hold_yaw': 1500, 'ready_hold_throttle': 1100, 'target_locked': False, 'tracking_bbox': (311, 231, 17, 17), 'attack_error_x': 0.0, 'attack_error_y': 0.0, 'target_size': 0.0, 'attack_active': False, 'attack_base_roll': 1500, 'attack_base_pitch': 1500, 'attack_base_yaw': 1500, 'attack_base_throttle': 1100, 'prev_attack_error_x': 0.0, 'prev_attack_time': None, 'prev_target_size': 0.0}
2026-04-03 10:35:43,849 - BEE-EPT-UA913 - DEBUG - Executing command: TELEMETRY, Priority: 1, Body: {'target': 'MSP_RC'}
2026-04-03 10:35:43,861 - BEE-EPT-UA913 - DEBUG - Telemetry: b'\xdc\x05\xdc\x05\xdc\x05\xdd\x03\xd0\x07\xe8\x03\xe8\x03\xde\x05\xe8\x03\xe8\x03\xe8\x03\xfd\x05\xdc\x05\xdc\x05\xe8\x03\xe8\x03'
2026-04-03 10:35:43,862 - BEE-EPT-UA913 - INFO - Autopilot state: {'connection': True, 'bee_state': 'READY', 'roll': 1500, 'pitch': 1500, 'yaw': 1500, 'throttle': 989, 'last_manual_roll': 1500, 'last_manual_pitch': 1500, 'last_manual_yaw': 1500, 'last_manual_throttle': 989, 'aux3': 1000, 'aux4': 1502, 'aux5': 1500, 'aux6': 1000, 'aux7': 1000, 'battery': 23.8, 'rssi': 947, 'rssi_msg': 'Strong signal', 'speed': 0.0, 'altitude': 0.08, 'caught': True, 'ready_hold_active': False, 'ready_hold_pending_capture': False, 'ready_hold_roll': 1500, 'ready_hold_pitch': 1500, 'ready_hold_yaw': 1500, 'ready_hold_throttle': 1100, 'target_locked': False, 'tracking_bbox': (311, 231, 17, 17), 'attack_error_x': 0.0, 'attack_error_y': 0.0, 'target_size': 0.0, 'attack_active': False, 'attack_base_roll': 1500, 'attack_base_pitch': 1500, 'attack_base_yaw': 1500, 'attack_base_throttle': 1100, 'prev_attack_error_x': 0.0, 'prev_attack_time': None, 'prev_target_size': 0.0}
2026-04-03 10:35:43,912 - BEE-EPT-UA913 - DEBUG - Executing command: MONITOR, Priority: 2, Body: {'target': 'MSP_ANALOG'}
2026-04-03 10:35:43,920 - BEE-EPT-UA913 - DEBUG - Monitoring: b'\xee\x01\x00\x91\x03\x14\x00J\t'
2026-04-03 10:35:43,920 - BEE-EPT-UA913 - INFO - RSSI: 913, signal: Strong signal, battery voltage: 23.8V
2026-04-03 10:35:43,971 - BEE-EPT-UA913 - DEBUG - Executing command: TELEMETRY, Priority: 1, Body: {'target': 'MSP_RC'}
2026-04-03 10:35:43,982 - BEE-EPT-UA913 - DEBUG - Telemetry: b'\xdc\x05\xdc\x05\xdc\x05\xdd\x03\xd0\x07\xe8\x03\xe8\x03\xde\x05\xe8\x03\xe8\x03\xe8\x03\xfd\x05\xdc\x05\xdc\x05\xe8\x03\xe8\x03'
2026-04-03 10:35:43,983 - BEE-EPT-UA913 - INFO - Autopilot state: {'connection': True, 'bee_state': 'READY', 'roll': 1500, 'pitch': 1500, 'yaw': 1500, 'throttle': 989, 'last_manual_roll': 1500, 'last_manual_pitch': 1500, 'last_manual_yaw': 1500, 'last_manual_throttle': 989, 'aux3': 1000, 'aux4': 1502, 'aux5': 1500, 'aux6': 1000, 'aux7': 1000, 'battery': 23.8, 'rssi': 913, 'rssi_msg': 'Strong signal', 'speed': 0.0, 'altitude': 0.08, 'caught': True, 'ready_hold_active': False, 'ready_hold_pending_capture': False, 'ready_hold_roll': 1500, 'ready_hold_pitch': 1500, 'ready_hold_yaw': 1500, 'ready_hold_throttle': 1100, 'target_locked': False, 'tracking_bbox': (311, 231, 17, 17), 'attack_error_x': 0.0, 'attack_error_y': 0.0, 'target_size': 0.0, 'attack_active': False, 'attack_base_roll': 1500, 'attack_base_pitch': 1500, 'attack_base_yaw': 1500, 'attack_base_throttle': 1100, 'prev_attack_error_x': 0.0, 'prev_attack_time': None, 'prev_target_size': 0.0}
2026-04-03 10:35:44,033 - BEE-EPT-UA913 - DEBUG - Executing command: TELEMETRY, Priority: 1, Body: {'target': 'MSP_RC'}
2026-04-03 10:35:44,043 - BEE-EPT-UA913 - DEBUG - Telemetry: b'\xdc\x05\xdc\x05\xdc\x05\xdd\x03\xd0\x07\xe8\x03\xe8\x03\xde\x05\xe8\x03\xe8\x03\xe8\x03\xfd\x05\xdc\x05\xdc\x05\xe8\x03\xe8\x03'
2026-04-03 10:35:44,043 - BEE-EPT-UA913 - INFO - Autopilot state: {'connection': True, 'bee_state': 'READY', 'roll': 1500, 'pitch': 1500, 'yaw': 1500, 'throttle': 989, 'last_manual_roll': 1500, 'last_manual_pitch': 1500, 'last_manual_yaw': 1500, 'last_manual_throttle': 989, 'aux3': 1000, 'aux4': 1502, 'aux5': 1500, 'aux6': 1000, 'aux7': 1000, 'battery': 23.8, 'rssi': 913, 'rssi_msg': 'Strong signal', 'speed': 0.0, 'altitude': 0.08, 'caught': True, 'ready_hold_active': False, 'ready_hold_pending_capture': False, 'ready_hold_roll': 1500, 'ready_hold_pitch': 1500, 'ready_hold_yaw': 1500, 'ready_hold_throttle': 1100, 'target_locked': False, 'tracking_bbox': (311, 231, 17, 17), 'attack_error_x': 0.0, 'attack_error_y': 0.0, 'target_size': 0.0, 'attack_active': False, 'attack_base_roll': 1500, 'attack_base_pitch': 1500, 'attack_base_yaw': 1500, 'attack_base_throttle': 1100, 'prev_attack_error_x': 0.0, 'prev_attack_time': None, 'prev_target_size': 0.0}
2026-04-03 10:35:44,131 - BEE-EPT-UA913 - DEBUG - Executing command: TELEMETRY, Priority: 1, Body: {'target': 'MSP_RC'}
2026-04-03 10:35:44,144 - BEE-EPT-UA913 - DEBUG - Telemetry: b'\xdc\x05\xdc\x05\xdc\x05\xdd\x03\xd0\x07\xe8\x03\xe8\x03\xde\x05\xe8\x03\xe8\x03\xe8\x03\xfd\x05\xdc\x05\xdc\x05\xe8\x03\xe8\x03'
2026-04-03 10:35:44,144 - BEE-EPT-UA913 - INFO - Autopilot state: {'connection': True, 'bee_state': 'READY', 'roll': 1500, 'pitch': 1500, 'yaw': 1500, 'throttle': 989, 'last_manual_roll': 1500, 'last_manual_pitch': 1500, 'last_manual_yaw': 1500, 'last_manual_throttle': 989, 'aux3': 1000, 'aux4': 1502, 'aux5': 1500, 'aux6': 1000, 'aux7': 1000, 'battery': 23.8, 'rssi': 913, 'rssi_msg': 'Strong signal', 'speed': 0.0, 'altitude': 0.08, 'caught': True, 'ready_hold_active': False, 'ready_hold_pending_capture': False, 'ready_hold_roll': 1500, 'ready_hold_pitch': 1500, 'ready_hold_yaw': 1500, 'ready_hold_throttle': 1100, 'target_locked': False, 'tracking_bbox': (311, 231, 17, 17), 'attack_error_x': 0.0, 'attack_error_y': 0.0, 'target_size': 0.0, 'attack_active': False, 'attack_base_roll': 1500, 'attack_base_pitch': 1500, 'attack_base_yaw': 1500, 'attack_base_throttle': 1100, 'prev_attack_error_x': 0.0, 'prev_attack_time': None, 'prev_target_size': 0.0}
2026-04-03 10:35:44,231 - BEE-EPT-UA913 - DEBUG - Executing command: TELEMETRY, Priority: 1, Body: {'target': 'MSP_RC'}
2026-04-03 10:35:44,244 - BEE-EPT-UA913 - DEBUG - Telemetry: b'\xdc\x05\xdc\x05\xdc\x05\xdd\x03\xd0\x07\xe8\x03\xe8\x03\xde\x05\xe8\x03\xe8\x03\xe8\x03\xfd\x05\xdc\x05\xdc\x05\xe8\x03\xe8\x03'
2026-04-03 10:35:44,245 - BEE-EPT-UA913 - INFO - Autopilot state: {'connection': True, 'bee_state': 'READY', 'roll': 1500, 'pitch': 1500, 'yaw': 1500, 'throttle': 989, 'last_manual_roll': 1500, 'last_manual_pitch': 1500, 'last_manual_yaw': 1500, 'last_manual_throttle': 989, 'aux3': 1000, 'aux4': 1502, 'aux5': 1500, 'aux6': 1000, 'aux7': 1000, 'battery': 23.8, 'rssi': 913, 'rssi_msg': 'Strong signal', 'speed': 0.0, 'altitude': 0.08, 'caught': True, 'ready_hold_active': False, 'ready_hold_pending_capture': False, 'ready_hold_roll': 1500, 'ready_hold_pitch': 1500, 'ready_hold_yaw': 1500, 'ready_hold_throttle': 1100, 'target_locked': False, 'tracking_bbox': (311, 231, 17, 17), 'attack_error_x': 0.0, 'attack_error_y': 0.0, 'target_size': 0.0, 'attack_active': False, 'attack_base_roll': 1500, 'attack_base_pitch': 1500, 'attack_base_yaw': 1500, 'attack_base_throttle': 1100, 'prev_attack_error_x': 0.0, 'prev_attack_time': None, 'prev_target_size': 0.0}
2026-04-03 10:35:44,331 - BEE-EPT-UA913 - DEBUG - Executing command: TELEMETRY, Priority: 1, Body: {'target': 'MSP_RC'}
2026-04-03 10:35:44,345 - BEE-EPT-UA913 - DEBUG - Telemetry: b'\xdc\x05\xdc\x05\xdc\x05\xdd\x03\xd0\x07\xe8\x03\xe8\x03\xde\x05\xe8\x03\xe8\x03\xe8\x03\xfd\x05\xdc\x05\xdc\x05\xe8\x03\xe8\x03'
2026-04-03 10:35:44,345 - BEE-EPT-UA913 - INFO - Autopilot state: {'connection': True, 'bee_state': 'READY', 'roll': 1500, 'pitch': 1500, 'yaw': 1500, 'throttle': 989, 'last_manual_roll': 1500, 'last_manual_pitch': 1500, 'last_manual_yaw': 1500, 'last_manual_throttle': 989, 'aux3': 1000, 'aux4': 1502, 'aux5': 1500, 'aux6': 1000, 'aux7': 1000, 'battery': 23.8, 'rssi': 913, 'rssi_msg': 'Strong signal', 'speed': 0.0, 'altitude': 0.08, 'caught': True, 'ready_hold_active': False, 'ready_hold_pending_capture': False, 'ready_hold_roll': 1500, 'ready_hold_pitch': 1500, 'ready_hold_yaw': 1500, 'ready_hold_throttle': 1100, 'target_locked': False, 'tracking_bbox': (311, 231, 17, 17), 'attack_error_x': 0.0, 'attack_error_y': 0.0, 'target_size': 0.0, 'attack_active': False, 'attack_base_roll': 1500, 'attack_base_pitch': 1500, 'attack_base_yaw': 1500, 'attack_base_throttle': 1100, 'prev_attack_error_x': 0.0, 'prev_attack_time': None, 'prev_target_size': 0.0}
2026-04-03 10:35:44,432 - BEE-EPT-UA913 - DEBUG - Executing command: TELEMETRY, Priority: 1, Body: {'target': 'MSP_RC'}
2026-04-03 10:35:44,446 - BEE-EPT-UA913 - DEBUG - Telemetry: b'\xdc\x05\xdc\x05\xdc\x05\xdd\x03\xd0\x07\xe8\x03\xe8\x03\xde\x05\xe8\x03\xe8\x03\xe8\x03\xfd\x05\xdc\x05\xdc\x05\xe8\x03\xe8\x03'
2026-04-03 10:35:44,446 - BEE-EPT-UA913 - INFO - Autopilot state: {'connection': True, 'bee_state': 'READY', 'roll': 1500, 'pitch': 1500, 'yaw': 1500, 'throttle': 989, 'last_manual_roll': 1500, 'last_manual_pitch': 1500, 'last_manual_yaw': 1500, 'last_manual_throttle': 989, 'aux3': 1000, 'aux4': 1502, 'aux5': 1500, 'aux6': 1000, 'aux7': 1000, 'battery': 23.8, 'rssi': 913, 'rssi_msg': 'Strong signal', 'speed': 0.0, 'altitude': 0.08, 'caught': True, 'ready_hold_active': False, 'ready_hold_pending_capture': False, 'ready_hold_roll': 1500, 'ready_hold_pitch': 1500, 'ready_hold_yaw': 1500, 'ready_hold_throttle': 1100, 'target_locked': False, 'tracking_bbox': (311, 231, 17, 17), 'attack_error_x': 0.0, 'attack_error_y': 0.0, 'target_size': 0.0, 'attack_active': False, 'attack_base_roll': 1500, 'attack_base_pitch': 1500, 'attack_base_yaw': 1500, 'attack_base_throttle': 1100, 'prev_attack_error_x': 0.0, 'prev_attack_time': None, 'prev_target_size': 0.0}
2026-04-03 10:35:44,532 - BEE-EPT-UA913 - DEBUG - Executing command: TELEMETRY, Priority: 1, Body: {'target': 'MSP_RC'}
2026-04-03 10:35:44,546 - BEE-EPT-UA913 - DEBUG - Telemetry: b'\xdc\x05\xdc\x05\xdc\x05\xdd\x03\xd0\x07\xe8\x03\xe8\x03\xde\x05\xe8\x03\xe8\x03\xe8\x03\xfd\x05\xdc\x05\xdc\x05\xe8\x03\xe8\x03'
2026-04-03 10:35:44,547 - BEE-EPT-UA913 - INFO - Autopilot state: {'connection': True, 'bee_state': 'READY', 'roll': 1500, 'pitch': 1500, 'yaw': 1500, 'throttle': 989, 'last_manual_roll': 1500, 'last_manual_pitch': 1500, 'last_manual_yaw': 1500, 'last_manual_throttle': 989, 'aux3': 1000, 'aux4': 1502, 'aux5': 1500, 'aux6': 1000, 'aux7': 1000, 'battery': 23.8, 'rssi': 913, 'rssi_msg': 'Strong signal', 'speed': 0.0, 'altitude': 0.08, 'caught': True, 'ready_hold_active': False, 'ready_hold_pending_capture': False, 'ready_hold_roll': 1500, 'ready_hold_pitch': 1500, 'ready_hold_yaw': 1500, 'ready_hold_throttle': 1100, 'target_locked': False, 'tracking_bbox': (311, 231, 17, 17), 'attack_error_x': 0.0, 'attack_error_y': 0.0, 'target_size': 0.0, 'attack_active': False, 'attack_base_roll': 1500, 'attack_base_pitch': 1500, 'attack_base_yaw': 1500, 'attack_base_throttle': 1100, 'prev_attack_error_x': 0.0, 'prev_attack_time': None, 'prev_target_size': 0.0}
2026-04-03 10:35:44,632 - BEE-EPT-UA913 - DEBUG - Executing command: TELEMETRY, Priority: 1, Body: {'target': 'MSP_RC'}
2026-04-03 10:35:44,647 - BEE-EPT-UA913 - DEBUG - Telemetry: b'\xdc\x05\xdc\x05\xdc\x05\xdd\x03\xd0\x07\xe8\x03\xe8\x03\xde\x05\xe8\x03\xe8\x03\xe8\x03\xfd\x05\xdc\x05\xdc\x05\xe8\x03\xe8\x03'
2026-04-03 10:35:44,647 - BEE-EPT-UA913 - INFO - Autopilot state: {'connection': True, 'bee_state': 'READY', 'roll': 1500, 'pitch': 1500, 'yaw': 1500, 'throttle': 989, 'last_manual_roll': 1500, 'last_manual_pitch': 1500, 'last_manual_yaw': 1500, 'last_manual_throttle': 989, 'aux3': 1000, 'aux4': 1502, 'aux5': 1500, 'aux6': 1000, 'aux7': 1000, 'battery': 23.8, 'rssi': 913, 'rssi_msg': 'Strong signal', 'speed': 0.0, 'altitude': 0.08, 'caught': True, 'ready_hold_active': False, 'ready_hold_pending_capture': False, 'ready_hold_roll': 1500, 'ready_hold_pitch': 1500, 'ready_hold_yaw': 1500, 'ready_hold_throttle': 1100, 'target_locked': False, 'tracking_bbox': (311, 231, 17, 17), 'attack_error_x': 0.0, 'attack_error_y': 0.0, 'target_size': 0.0, 'attack_active': False, 'attack_base_roll': 1500, 'attack_base_pitch': 1500, 'attack_base_yaw': 1500, 'attack_base_throttle': 1100, 'prev_attack_error_x': 0.0, 'prev_attack_time': None, 'prev_target_size': 0.0}
2026-04-03 10:35:44,735 - BEE-EPT-UA913 - DEBUG - Executing command: TELEMETRY, Priority: 1, Body: {'target': 'MSP_RC'}
2026-04-03 10:35:44,748 - BEE-EPT-UA913 - DEBUG - Telemetry: b'\xdc\x05\xdc\x05\xdc\x05\xdd\x03\xd0\x07\xe8\x03\xe8\x03\xde\x05\xe8\x03\xe8\x03\xe8\x03\xfd\x05\xdc\x05\xdc\x05\xe8\x03\xe8\x03'
2026-04-03 10:35:44,748 - BEE-EPT-UA913 - INFO - Autopilot state: {'connection': True, 'bee_state': 'READY', 'roll': 1500, 'pitch': 1500, 'yaw': 1500, 'throttle': 989, 'last_manual_roll': 1500, 'last_manual_pitch': 1500, 'last_manual_yaw': 1500, 'last_manual_throttle': 989, 'aux3': 1000, 'aux4': 1502, 'aux5': 1500, 'aux6': 1000, 'aux7': 1000, 'battery': 23.8, 'rssi': 913, 'rssi_msg': 'Strong signal', 'speed': 0.0, 'altitude': 0.08, 'caught': True, 'ready_hold_active': False, 'ready_hold_pending_capture': False, 'ready_hold_roll': 1500, 'ready_hold_pitch': 1500, 'ready_hold_yaw': 1500, 'ready_hold_throttle': 1100, 'target_locked': False, 'tracking_bbox': (311, 231, 17, 17), 'attack_error_x': 0.0, 'attack_error_y': 0.0, 'target_size': 0.0, 'attack_active': False, 'attack_base_roll': 1500, 'attack_base_pitch': 1500, 'attack_base_yaw': 1500, 'attack_base_throttle': 1100, 'prev_attack_error_x': 0.0, 'prev_attack_time': None, 'prev_target_size': 0.0}
2026-04-03 10:35:44,799 - BEE-EPT-UA913 - DEBUG - Executing command: TELEMETRY, Priority: 2, Body: {'target': 'MSP_ALTITUDE'}
2026-04-03 10:35:44,806 - BEE-EPT-UA913 - DEBUG - Telemetry: b'\x05\x00\x00\x00\x00\x00'
2026-04-03 10:35:44,806 - BEE-EPT-UA913 - INFO - Autopilot state: {'connection': True, 'bee_state': 'READY', 'roll': 1500, 'pitch': 1500, 'yaw': 1500, 'throttle': 989, 'last_manual_roll': 1500, 'last_manual_pitch': 1500, 'last_manual_yaw': 1500, 'last_manual_throttle': 989, 'aux3': 1000, 'aux4': 1502, 'aux5': 1500, 'aux6': 1000, 'aux7': 1000, 'battery': 23.8, 'rssi': 913, 'rssi_msg': 'Strong signal', 'speed': 0.0, 'altitude': 0.05, 'caught': True, 'ready_hold_active': False, 'ready_hold_pending_capture': False, 'ready_hold_roll': 1500, 'ready_hold_pitch': 1500, 'ready_hold_yaw': 1500, 'ready_hold_throttle': 1100, 'target_locked': False, 'tracking_bbox': (311, 231, 17, 17), 'attack_error_x': 0.0, 'attack_error_y': 0.0, 'target_size': 0.0, 'attack_active': False, 'attack_base_roll': 1500, 'attack_base_pitch': 1500, 'attack_base_yaw': 1500, 'attack_base_throttle': 1100, 'prev_attack_error_x': 0.0, 'prev_attack_time': None, 'prev_target_size': 0.0}
2026-04-03 10:35:44,857 - BEE-EPT-UA913 - DEBUG - Executing command: TELEMETRY, Priority: 1, Body: {'target': 'MSP_RC'}
2026-04-03 10:35:44,868 - BEE-EPT-UA913 - DEBUG - Telemetry: b'\xdc\x05\xdc\x05\xdc\x05\xdd\x03\xd0\x07\xe8\x03\xe8\x03\xde\x05\xe8\x03\xe8\x03\xe8\x03\xfd\x05\xdc\x05\xdc\x05\xe8\x03\xe8\x03'
2026-04-03 10:35:44,869 - BEE-EPT-UA913 - INFO - Autopilot state: {'connection': True, 'bee_state': 'READY', 'roll': 1500, 'pitch': 1500, 'yaw': 1500, 'throttle': 989, 'last_manual_roll': 1500, 'last_manual_pitch': 1500, 'last_manual_yaw': 1500, 'last_manual_throttle': 989, 'aux3': 1000, 'aux4': 1502, 'aux5': 1500, 'aux6': 1000, 'aux7': 1000, 'battery': 23.8, 'rssi': 913, 'rssi_msg': 'Strong signal', 'speed': 0.0, 'altitude': 0.05, 'caught': True, 'ready_hold_active': False, 'ready_hold_pending_capture': False, 'ready_hold_roll': 1500, 'ready_hold_pitch': 1500, 'ready_hold_yaw': 1500, 'ready_hold_throttle': 1100, 'target_locked': False, 'tracking_bbox': (311, 231, 17, 17), 'attack_error_x': 0.0, 'attack_error_y': 0.0, 'target_size': 0.0, 'attack_active': False, 'attack_base_roll': 1500, 'attack_base_pitch': 1500, 'attack_base_yaw': 1500, 'attack_base_throttle': 1100, 'prev_attack_error_x': 0.0, 'prev_attack_time': None, 'prev_target_size': 0.0}
2026-04-03 10:35:44,920 - BEE-EPT-UA913 - DEBUG - Executing command: MONITOR, Priority: 2, Body: {'target': 'MSP_ANALOG'}
2026-04-03 10:35:44,927 - BEE-EPT-UA913 - DEBUG - Monitoring: b'\xee\x01\x00\x8d\x03\x0c\x00J\t'
2026-04-03 10:35:44,927 - BEE-EPT-UA913 - INFO - RSSI: 909, signal: Strong signal, battery voltage: 23.8V
2026-04-03 10:35:44,978 - BEE-EPT-UA913 - DEBUG - Executing command: TELEMETRY, Priority: 1, Body: {'target': 'MSP_RC'}
2026-04-03 10:35:44,989 - BEE-EPT-UA913 - DEBUG - Telemetry: b'\xdc\x05\xdc\x05\xdc\x05\xdd\x03\xd0\x07\xe8\x03\xe8\x03\xde\x05\xe8\x03\xe8\x03\xe8\x03\xfd\x05\xdc\x05\xdc\x05\xe8\x03\xe8\x03'
2026-04-03 10:35:44,990 - BEE-EPT-UA913 - INFO - Autopilot state: {'connection': True, 'bee_state': 'READY', 'roll': 1500, 'pitch': 1500, 'yaw': 1500, 'throttle': 989, 'last_manual_roll': 1500, 'last_manual_pitch': 1500, 'last_manual_yaw': 1500, 'last_manual_throttle': 989, 'aux3': 1000, 'aux4': 1502, 'aux5': 1500, 'aux6': 1000, 'aux7': 1000, 'battery': 23.8, 'rssi': 909, 'rssi_msg': 'Strong signal', 'speed': 0.0, 'altitude': 0.05, 'caught': True, 'ready_hold_active': False, 'ready_hold_pending_capture': False, 'ready_hold_roll': 1500, 'ready_hold_pitch': 1500, 'ready_hold_yaw': 1500, 'ready_hold_throttle': 1100, 'target_locked': False, 'tracking_bbox': (311, 231, 17, 17), 'attack_error_x': 0.0, 'attack_error_y': 0.0, 'target_size': 0.0, 'attack_active': False, 'attack_base_roll': 1500, 'attack_base_pitch': 1500, 'attack_base_yaw': 1500, 'attack_base_throttle': 1100, 'prev_attack_error_x': 0.0, 'prev_attack_time': None, 'prev_target_size': 0.0}
2026-04-03 10:35:45,041 - BEE-EPT-UA913 - DEBUG - Executing command: TELEMETRY, Priority: 1, Body: {'target': 'MSP_RC'}
2026-04-03 10:35:45,050 - BEE-EPT-UA913 - DEBUG - Telemetry: b'\xdc\x05\xdc\x05\xdc\x05\xdd\x03\xd0\x07\xe8\x03\xe8\x03\xde\x05\xe8\x03\xe8\x03\xe8\x03\xfd\x05\xdc\x05\xdc\x05\xe8\x03\xe8\x03'
2026-04-03 10:35:45,050 - BEE-EPT-UA913 - INFO - Autopilot state: {'connection': True, 'bee_state': 'READY', 'roll': 1500, 'pitch': 1500, 'yaw': 1500, 'throttle': 989, 'last_manual_roll': 1500, 'last_manual_pitch': 1500, 'last_manual_yaw': 1500, 'last_manual_throttle': 989, 'aux3': 1000, 'aux4': 1502, 'aux5': 1500, 'aux6': 1000, 'aux7': 1000, 'battery': 23.8, 'rssi': 909, 'rssi_msg': 'Strong signal', 'speed': 0.0, 'altitude': 0.05, 'caught': True, 'ready_hold_active': False, 'ready_hold_pending_capture': False, 'ready_hold_roll': 1500, 'ready_hold_pitch': 1500, 'ready_hold_yaw': 1500, 'ready_hold_throttle': 1100, 'target_locked': False, 'tracking_bbox': (311, 231, 17, 17), 'attack_error_x': 0.0, 'attack_error_y': 0.0, 'target_size': 0.0, 'attack_active': False, 'attack_base_roll': 1500, 'attack_base_pitch': 1500, 'attack_base_yaw': 1500, 'attack_base_throttle': 1100, 'prev_attack_error_x': 0.0, 'prev_attack_time': None, 'prev_target_size': 0.0}
2026-04-03 10:35:45,136 - BEE-EPT-UA913 - DEBUG - Executing command: TELEMETRY, Priority: 1, Body: {'target': 'MSP_RC'}
2026-04-03 10:35:45,150 - BEE-EPT-UA913 - DEBUG - Telemetry: b'\xdc\x05\xdc\x05\xdc\x05\xdd\x03\xd0\x07\xe8\x03\xe8\x03\xde\x05\xe8\x03\xe8\x03\xe8\x03\xfd\x05\xdc\x05\xdc\x05\xe8\x03\xe8\x03'
2026-04-03 10:35:45,150 - BEE-EPT-UA913 - INFO - Autopilot state: {'connection': True, 'bee_state': 'READY', 'roll': 1500, 'pitch': 1500, 'yaw': 1500, 'throttle': 989, 'last_manual_roll': 1500, 'last_manual_pitch': 1500, 'last_manual_yaw': 1500, 'last_manual_throttle': 989, 'aux3': 1000, 'aux4': 1502, 'aux5': 1500, 'aux6': 1000, 'aux7': 1000, 'battery': 23.8, 'rssi': 909, 'rssi_msg': 'Strong signal', 'speed': 0.0, 'altitude': 0.05, 'caught': True, 'ready_hold_active': False, 'ready_hold_pending_capture': False, 'ready_hold_roll': 1500, 'ready_hold_pitch': 1500, 'ready_hold_yaw': 1500, 'ready_hold_throttle': 1100, 'target_locked': False, 'tracking_bbox': (311, 231, 17, 17), 'attack_error_x': 0.0, 'attack_error_y': 0.0, 'target_size': 0.0, 'attack_active': False, 'attack_base_roll': 1500, 'attack_base_pitch': 1500, 'attack_base_yaw': 1500, 'attack_base_throttle': 1100, 'prev_attack_error_x': 0.0, 'prev_attack_time': None, 'prev_target_size': 0.0}
2026-04-03 10:35:45,237 - BEE-EPT-UA913 - DEBUG - Executing command: TELEMETRY, Priority: 1, Body: {'target': 'MSP_RC'}
2026-04-03 10:35:45,250 - BEE-EPT-UA913 - DEBUG - Telemetry: b'\xdc\x05\xdc\x05\xdc\x05\xdd\x03\xd0\x07\xe8\x03\xe8\x03\xde\x05\xe8\x03\xe8\x03\xe8\x03\xfd\x05\xdc\x05\xdc\x05\xe8\x03\xe8\x03'
2026-04-03 10:35:45,251 - BEE-EPT-UA913 - INFO - Autopilot state: {'connection': True, 'bee_state': 'READY', 'roll': 1500, 'pitch': 1500, 'yaw': 1500, 'throttle': 989, 'last_manual_roll': 1500, 'last_manual_pitch': 1500, 'last_manual_yaw': 1500, 'last_manual_throttle': 989, 'aux3': 1000, 'aux4': 1502, 'aux5': 1500, 'aux6': 1000, 'aux7': 1000, 'battery': 23.8, 'rssi': 909, 'rssi_msg': 'Strong signal', 'speed': 0.0, 'altitude': 0.05, 'caught': True, 'ready_hold_active': False, 'ready_hold_pending_capture': False, 'ready_hold_roll': 1500, 'ready_hold_pitch': 1500, 'ready_hold_yaw': 1500, 'ready_hold_throttle': 1100, 'target_locked': False, 'tracking_bbox': (311, 231, 17, 17), 'attack_error_x': 0.0, 'attack_error_y': 0.0, 'target_size': 0.0, 'attack_active': False, 'attack_base_roll': 1500, 'attack_base_pitch': 1500, 'attack_base_yaw': 1500, 'attack_base_throttle': 1100, 'prev_attack_error_x': 0.0, 'prev_attack_time': None, 'prev_target_size': 0.0}
2026-04-03 10:35:45,337 - BEE-EPT-UA913 - DEBUG - Executing command: TELEMETRY, Priority: 1, Body: {'target': 'MSP_RC'}
2026-04-03 10:35:45,351 - BEE-EPT-UA913 - DEBUG - Telemetry: b'\xdc\x05\xdc\x05\xdc\x05\xdd\x03\xd0\x07\xe8\x03\xe8\x03\xde\x05\xe8\x03\xe8\x03\xe8\x03\xfd\x05\xdc\x05\xdc\x05\xe8\x03\xe8\x03'
2026-04-03 10:35:45,351 - BEE-EPT-UA913 - INFO - Autopilot state: {'connection': True, 'bee_state': 'READY', 'roll': 1500, 'pitch': 1500, 'yaw': 1500, 'throttle': 989, 'last_manual_roll': 1500, 'last_manual_pitch': 1500, 'last_manual_yaw': 1500, 'last_manual_throttle': 989, 'aux3': 1000, 'aux4': 1502, 'aux5': 1500, 'aux6': 1000, 'aux7': 1000, 'battery': 23.8, 'rssi': 909, 'rssi_msg': 'Strong signal', 'speed': 0.0, 'altitude': 0.05, 'caught': True, 'ready_hold_active': False, 'ready_hold_pending_capture': False, 'ready_hold_roll': 1500, 'ready_hold_pitch': 1500, 'ready_hold_yaw': 1500, 'ready_hold_throttle': 1100, 'target_locked': False, 'tracking_bbox': (311, 231, 17, 17), 'attack_error_x': 0.0, 'attack_error_y': 0.0, 'target_size': 0.0, 'attack_active': False, 'attack_base_roll': 1500, 'attack_base_pitch': 1500, 'attack_base_yaw': 1500, 'attack_base_throttle': 1100, 'prev_attack_error_x': 0.0, 'prev_attack_time': None, 'prev_target_size': 0.0}
2026-04-03 10:35:45,438 - BEE-EPT-UA913 - DEBUG - Executing command: TELEMETRY, Priority: 1, Body: {'target': 'MSP_RC'}
2026-04-03 10:35:45,452 - BEE-EPT-UA913 - DEBUG - Telemetry: b'\xdc\x05\xdc\x05\xdc\x05\xdd\x03\xd0\x07\xe8\x03\xe8\x03\xde\x05\xe8\x03\xe8\x03\xe8\x03\xfd\x05\xdc\x05\xdc\x05\xe8\x03\xe8\x03'
2026-04-03 10:35:45,452 - BEE-EPT-UA913 - INFO - Autopilot state: {'connection': True, 'bee_state': 'READY', 'roll': 1500, 'pitch': 1500, 'yaw': 1500, 'throttle': 989, 'last_manual_roll': 1500, 'last_manual_pitch': 1500, 'last_manual_yaw': 1500, 'last_manual_throttle': 989, 'aux3': 1000, 'aux4': 1502, 'aux5': 1500, 'aux6': 1000, 'aux7': 1000, 'battery': 23.8, 'rssi': 909, 'rssi_msg': 'Strong signal', 'speed': 0.0, 'altitude': 0.05, 'caught': True, 'ready_hold_active': False, 'ready_hold_pending_capture': False, 'ready_hold_roll': 1500, 'ready_hold_pitch': 1500, 'ready_hold_yaw': 1500, 'ready_hold_throttle': 1100, 'target_locked': False, 'tracking_bbox': (311, 231, 17, 17), 'attack_error_x': 0.0, 'attack_error_y': 0.0, 'target_size': 0.0, 'attack_active': False, 'attack_base_roll': 1500, 'attack_base_pitch': 1500, 'attack_base_yaw': 1500, 'attack_base_throttle': 1100, 'prev_attack_error_x': 0.0, 'prev_attack_time': None, 'prev_target_size': 0.0}
2026-04-03 10:35:45,538 - BEE-EPT-UA913 - DEBUG - Executing command: TELEMETRY, Priority: 1, Body: {'target': 'MSP_RC'}
2026-04-03 10:35:45,552 - BEE-EPT-UA913 - DEBUG - Telemetry: b'\xdc\x05\xdc\x05\xdc\x05\xdd\x03\xd0\x07\xe8\x03\xe8\x03\xde\x05\xe8\x03\xe8\x03\xe8\x03\xfd\x05\xdc\x05\xdc\x05\xe8\x03\xe8\x03'
2026-04-03 10:35:45,552 - BEE-EPT-UA913 - INFO - Autopilot state: {'connection': True, 'bee_state': 'READY', 'roll': 1500, 'pitch': 1500, 'yaw': 1500, 'throttle': 989, 'last_manual_roll': 1500, 'last_manual_pitch': 1500, 'last_manual_yaw': 1500, 'last_manual_throttle': 989, 'aux3': 1000, 'aux4': 1502, 'aux5': 1500, 'aux6': 1000, 'aux7': 1000, 'battery': 23.8, 'rssi': 909, 'rssi_msg': 'Strong signal', 'speed': 0.0, 'altitude': 0.05, 'caught': True, 'ready_hold_active': False, 'ready_hold_pending_capture': False, 'ready_hold_roll': 1500, 'ready_hold_pitch': 1500, 'ready_hold_yaw': 1500, 'ready_hold_throttle': 1100, 'target_locked': False, 'tracking_bbox': (311, 231, 17, 17), 'attack_error_x': 0.0, 'attack_error_y': 0.0, 'target_size': 0.0, 'attack_active': False, 'attack_base_roll': 1500, 'attack_base_pitch': 1500, 'attack_base_yaw': 1500, 'attack_base_throttle': 1100, 'prev_attack_error_x': 0.0, 'prev_attack_time': None, 'prev_target_size': 0.0}
2026-04-03 10:35:45,638 - BEE-EPT-UA913 - DEBUG - Executing command: TELEMETRY, Priority: 1, Body: {'target': 'MSP_RC'}
2026-04-03 10:35:45,653 - BEE-EPT-UA913 - DEBUG - Telemetry: b'\xdc\x05\xdc\x05\xdc\x05\xdd\x03\xd0\x07\xe8\x03\xe8\x03\xde\x05\xe8\x03\xe8\x03\xe8\x03\xfd\x05\xdc\x05\xdc\x05\xe8\x03\xe8\x03'
2026-04-03 10:35:45,654 - BEE-EPT-UA913 - INFO - Autopilot state: {'connection': True, 'bee_state': 'READY', 'roll': 1500, 'pitch': 1500, 'yaw': 1500, 'throttle': 989, 'last_manual_roll': 1500, 'last_manual_pitch': 1500, 'last_manual_yaw': 1500, 'last_manual_throttle': 989, 'aux3': 1000, 'aux4': 1502, 'aux5': 1500, 'aux6': 1000, 'aux7': 1000, 'battery': 23.8, 'rssi': 909, 'rssi_msg': 'Strong signal', 'speed': 0.0, 'altitude': 0.05, 'caught': True, 'ready_hold_active': False, 'ready_hold_pending_capture': False, 'ready_hold_roll': 1500, 'ready_hold_pitch': 1500, 'ready_hold_yaw': 1500, 'ready_hold_throttle': 1100, 'target_locked': False, 'tracking_bbox': (311, 231, 17, 17), 'attack_error_x': 0.0, 'attack_error_y': 0.0, 'target_size': 0.0, 'attack_active': False, 'attack_base_roll': 1500, 'attack_base_pitch': 1500, 'attack_base_yaw': 1500, 'attack_base_throttle': 1100, 'prev_attack_error_x': 0.0, 'prev_attack_time': None, 'prev_target_size': 0.0}
2026-04-03 10:35:45,739 - BEE-EPT-UA913 - DEBUG - Executing command: TELEMETRY, Priority: 1, Body: {'target': 'MSP_RC'}
2026-04-03 10:35:45,754 - BEE-EPT-UA913 - DEBUG - Telemetry: b'\xdc\x05\xdc\x05\xdc\x05\xdd\x03\xd0\x07\xe8\x03\xe8\x03\xde\x05\xe8\x03\xe8\x03\xe8\x03\xfd\x05\xdc\x05\xdc\x05\xe8\x03\xe8\x03'
2026-04-03 10:35:45,754 - BEE-EPT-UA913 - INFO - Autopilot state: {'connection': True, 'bee_state': 'READY', 'roll': 1500, 'pitch': 1500, 'yaw': 1500, 'throttle': 989, 'last_manual_roll': 1500, 'last_manual_pitch': 1500, 'last_manual_yaw': 1500, 'last_manual_throttle': 989, 'aux3': 1000, 'aux4': 1502, 'aux5': 1500, 'aux6': 1000, 'aux7': 1000, 'battery': 23.8, 'rssi': 909, 'rssi_msg': 'Strong signal', 'speed': 0.0, 'altitude': 0.05, 'caught': True, 'ready_hold_active': False, 'ready_hold_pending_capture': False, 'ready_hold_roll': 1500, 'ready_hold_pitch': 1500, 'ready_hold_yaw': 1500, 'ready_hold_throttle': 1100, 'target_locked': False, 'tracking_bbox': (311, 231, 17, 17), 'attack_error_x': 0.0, 'attack_error_y': 0.0, 'target_size': 0.0, 'attack_active': False, 'attack_base_roll': 1500, 'attack_base_pitch': 1500, 'attack_base_yaw': 1500, 'attack_base_throttle': 1100, 'prev_attack_error_x': 0.0, 'prev_attack_time': None, 'prev_target_size': 0.0}
2026-04-03 10:35:45,805 - BEE-EPT-UA913 - DEBUG - Executing command: TELEMETRY, Priority: 2, Body: {'target': 'MSP_ALTITUDE'}
2026-04-03 10:35:45,812 - BEE-EPT-UA913 - DEBUG - Telemetry: b'\x01\x00\x00\x00\x00\x00'
2026-04-03 10:35:45,812 - BEE-EPT-UA913 - INFO - Autopilot state: {'connection': True, 'bee_state': 'READY', 'roll': 1500, 'pitch': 1500, 'yaw': 1500, 'throttle': 989, 'last_manual_roll': 1500, 'last_manual_pitch': 1500, 'last_manual_yaw': 1500, 'last_manual_throttle': 989, 'aux3': 1000, 'aux4': 1502, 'aux5': 1500, 'aux6': 1000, 'aux7': 1000, 'battery': 23.8, 'rssi': 909, 'rssi_msg': 'Strong signal', 'speed': 0.0, 'altitude': 0.01, 'caught': True, 'ready_hold_active': False, 'ready_hold_pending_capture': False, 'ready_hold_roll': 1500, 'ready_hold_pitch': 1500, 'ready_hold_yaw': 1500, 'ready_hold_throttle': 1100, 'target_locked': False, 'tracking_bbox': (311, 231, 17, 17), 'attack_error_x': 0.0, 'attack_error_y': 0.0, 'target_size': 0.0, 'attack_active': False, 'attack_base_roll': 1500, 'attack_base_pitch': 1500, 'attack_base_yaw': 1500, 'attack_base_throttle': 1100, 'prev_attack_error_x': 0.0, 'prev_attack_time': None, 'prev_target_size': 0.0}
2026-04-03 10:35:45,863 - BEE-EPT-UA913 - DEBUG - Executing command: TELEMETRY, Priority: 1, Body: {'target': 'MSP_RC'}
2026-04-03 10:35:45,874 - BEE-EPT-UA913 - DEBUG - Telemetry: b'\xdc\x05\xdc\x05\xdc\x05\xdd\x03\xd0\x07\xe8\x03\xe8\x03\xde\x05\xe8\x03\xe8\x03\xe8\x03\xfd\x05\xdc\x05\xdc\x05\xe8\x03\xe8\x03'
2026-04-03 10:35:45,875 - BEE-EPT-UA913 - INFO - Autopilot state: {'connection': True, 'bee_state': 'READY', 'roll': 1500, 'pitch': 1500, 'yaw': 1500, 'throttle': 989, 'last_manual_roll': 1500, 'last_manual_pitch': 1500, 'last_manual_yaw': 1500, 'last_manual_throttle': 989, 'aux3': 1000, 'aux4': 1502, 'aux5': 1500, 'aux6': 1000, 'aux7': 1000, 'battery': 23.8, 'rssi': 909, 'rssi_msg': 'Strong signal', 'speed': 0.0, 'altitude': 0.01, 'caught': True, 'ready_hold_active': False, 'ready_hold_pending_capture': False, 'ready_hold_roll': 1500, 'ready_hold_pitch': 1500, 'ready_hold_yaw': 1500, 'ready_hold_throttle': 1100, 'target_locked': False, 'tracking_bbox': (311, 231, 17, 17), 'attack_error_x': 0.0, 'attack_error_y': 0.0, 'target_size': 0.0, 'attack_active': False, 'attack_base_roll': 1500, 'attack_base_pitch': 1500, 'attack_base_yaw': 1500, 'attack_base_throttle': 1100, 'prev_attack_error_x': 0.0, 'prev_attack_time': None, 'prev_target_size': 0.0}
2026-04-03 10:35:45,925 - BEE-EPT-UA913 - DEBUG - Executing command: MONITOR, Priority: 2, Body: {'target': 'MSP_ANALOG'}
2026-04-03 10:35:45,933 - BEE-EPT-UA913 - DEBUG - Monitoring: b'\xee\x01\x00\x8f\x03\x0c\x00K\t'
2026-04-03 10:35:45,933 - BEE-EPT-UA913 - INFO - RSSI: 911, signal: Strong signal, battery voltage: 23.8V
2026-04-03 10:35:45,984 - BEE-EPT-UA913 - DEBUG - Executing command: TELEMETRY, Priority: 1, Body: {'target': 'MSP_RC'}
2026-04-03 10:35:45,995 - BEE-EPT-UA913 - DEBUG - Telemetry: b'\xdc\x05\xdc\x05\xdc\x05\xdd\x03\xd0\x07\xe8\x03\xe8\x03\xde\x05\xe8\x03\xe8\x03\xe8\x03\xfd\x05\xdc\x05\xdc\x05\xe8\x03\xe8\x03'
2026-04-03 10:35:45,995 - BEE-EPT-UA913 - INFO - Autopilot state: {'connection': True, 'bee_state': 'READY', 'roll': 1500, 'pitch': 1500, 'yaw': 1500, 'throttle': 989, 'last_manual_roll': 1500, 'last_manual_pitch': 1500, 'last_manual_yaw': 1500, 'last_manual_throttle': 989, 'aux3': 1000, 'aux4': 1502, 'aux5': 1500, 'aux6': 1000, 'aux7': 1000, 'battery': 23.8, 'rssi': 911, 'rssi_msg': 'Strong signal', 'speed': 0.0, 'altitude': 0.01, 'caught': True, 'ready_hold_active': False, 'ready_hold_pending_capture': False, 'ready_hold_roll': 1500, 'ready_hold_pitch': 1500, 'ready_hold_yaw': 1500, 'ready_hold_throttle': 1100, 'target_locked': False, 'tracking_bbox': (311, 231, 17, 17), 'attack_error_x': 0.0, 'attack_error_y': 0.0, 'target_size': 0.0, 'attack_active': False, 'attack_base_roll': 1500, 'attack_base_pitch': 1500, 'attack_base_yaw': 1500, 'attack_base_throttle': 1100, 'prev_attack_error_x': 0.0, 'prev_attack_time': None, 'prev_target_size': 0.0}
2026-04-03 10:35:46,046 - BEE-EPT-UA913 - DEBUG - Executing command: TELEMETRY, Priority: 1, Body: {'target': 'MSP_RC'}
2026-04-03 10:35:46,055 - BEE-EPT-UA913 - DEBUG - Telemetry: b'\xdc\x05\xdc\x05\xdc\x05\xdd\x03\xd0\x07\xe8\x03\xe8\x03\xde\x05\xe8\x03\xe8\x03\xe8\x03\xfd\x05\xdc\x05\xdc\x05\xe8\x03\xe8\x03'
2026-04-03 10:35:46,056 - BEE-EPT-UA913 - INFO - Autopilot state: {'connection': True, 'bee_state': 'READY', 'roll': 1500, 'pitch': 1500, 'yaw': 1500, 'throttle': 989, 'last_manual_roll': 1500, 'last_manual_pitch': 1500, 'last_manual_yaw': 1500, 'last_manual_throttle': 989, 'aux3': 1000, 'aux4': 1502, 'aux5': 1500, 'aux6': 1000, 'aux7': 1000, 'battery': 23.8, 'rssi': 911, 'rssi_msg': 'Strong signal', 'speed': 0.0, 'altitude': 0.01, 'caught': True, 'ready_hold_active': False, 'ready_hold_pending_capture': False, 'ready_hold_roll': 1500, 'ready_hold_pitch': 1500, 'ready_hold_yaw': 1500, 'ready_hold_throttle': 1100, 'target_locked': False, 'tracking_bbox': (311, 231, 17, 17), 'attack_error_x': 0.0, 'attack_error_y': 0.0, 'target_size': 0.0, 'attack_active': False, 'attack_base_roll': 1500, 'attack_base_pitch': 1500, 'attack_base_yaw': 1500, 'attack_base_throttle': 1100, 'prev_attack_error_x': 0.0, 'prev_attack_time': None, 'prev_target_size': 0.0}
2026-04-03 10:35:46,140 - BEE-EPT-UA913 - DEBUG - Executing command: TELEMETRY, Priority: 1, Body: {'target': 'MSP_RC'}
2026-04-03 10:35:46,146 - BEE-EPT-UA913 - DEBUG - Telemetry: b'\xdc\x05\xdc\x05\xdc\x05\xdd\x03\xd0\x07\xe8\x03\xe8\x03\xde\x05\xe8\x03\xe8\x03\xe8\x03\xfd\x05\xdc\x05\xdc\x05\xe8\x03\xe8\x03'
2026-04-03 10:35:46,146 - BEE-EPT-UA913 - INFO - Autopilot state: {'connection': True, 'bee_state': 'READY', 'roll': 1500, 'pitch': 1500, 'yaw': 1500, 'throttle': 989, 'last_manual_roll': 1500, 'last_manual_pitch': 1500, 'last_manual_yaw': 1500, 'last_manual_throttle': 989, 'aux3': 1000, 'aux4': 1502, 'aux5': 1500, 'aux6': 1000, 'aux7': 1000, 'battery': 23.8, 'rssi': 911, 'rssi_msg': 'Strong signal', 'speed': 0.0, 'altitude': 0.01, 'caught': True, 'ready_hold_active': False, 'ready_hold_pending_capture': False, 'ready_hold_roll': 1500, 'ready_hold_pitch': 1500, 'ready_hold_yaw': 1500, 'ready_hold_throttle': 1100, 'target_locked': False, 'tracking_bbox': (311, 231, 17, 17), 'attack_error_x': 0.0, 'attack_error_y': 0.0, 'target_size': 0.0, 'attack_active': False, 'attack_base_roll': 1500, 'attack_base_pitch': 1500, 'attack_base_yaw': 1500, 'attack_base_throttle': 1100, 'prev_attack_error_x': 0.0, 'prev_attack_time': None, 'prev_target_size': 0.0}
2026-04-03 10:35:46,241 - BEE-EPT-UA913 - DEBUG - Executing command: TELEMETRY, Priority: 1, Body: {'target': 'MSP_RC'}
2026-04-03 10:35:46,246 - BEE-EPT-UA913 - DEBUG - Telemetry: b'\xdc\x05\xdc\x05\xdc\x05\xdd\x03\xd0\x07\xe8\x03\xe8\x03\xde\x05\xe8\x03\xe8\x03\xe8\x03\xfd\x05\xdc\x05\xdc\x05\xe8\x03\xe8\x03'
2026-04-03 10:35:46,247 - BEE-EPT-UA913 - INFO - Autopilot state: {'connection': True, 'bee_state': 'READY', 'roll': 1500, 'pitch': 1500, 'yaw': 1500, 'throttle': 989, 'last_manual_roll': 1500, 'last_manual_pitch': 1500, 'last_manual_yaw': 1500, 'last_manual_throttle': 989, 'aux3': 1000, 'aux4': 1502, 'aux5': 1500, 'aux6': 1000, 'aux7': 1000, 'battery': 23.8, 'rssi': 911, 'rssi_msg': 'Strong signal', 'speed': 0.0, 'altitude': 0.01, 'caught': True, 'ready_hold_active': False, 'ready_hold_pending_capture': False, 'ready_hold_roll': 1500, 'ready_hold_pitch': 1500, 'ready_hold_yaw': 1500, 'ready_hold_throttle': 1100, 'target_locked': False, 'tracking_bbox': (311, 231, 17, 17), 'attack_error_x': 0.0, 'attack_error_y': 0.0, 'target_size': 0.0, 'attack_active': False, 'attack_base_roll': 1500, 'attack_base_pitch': 1500, 'attack_base_yaw': 1500, 'attack_base_throttle': 1100, 'prev_attack_error_x': 0.0, 'prev_attack_time': None, 'prev_target_size': 0.0}
2026-04-03 10:35:46,341 - BEE-EPT-UA913 - DEBUG - Executing command: TELEMETRY, Priority: 1, Body: {'target': 'MSP_RC'}
2026-04-03 10:35:46,347 - BEE-EPT-UA913 - DEBUG - Telemetry: b'\xdc\x05\xdc\x05\xdc\x05\xdd\x03\xd0\x07\xe8\x03\xe8\x03\xde\x05\xe8\x03\xe8\x03\xe8\x03\xfd\x05\xdc\x05\xdc\x05\xe8\x03\xe8\x03'
2026-04-03 10:35:46,347 - BEE-EPT-UA913 - INFO - Autopilot state: {'connection': True, 'bee_state': 'READY', 'roll': 1500, 'pitch': 1500, 'yaw': 1500, 'throttle': 989, 'last_manual_roll': 1500, 'last_manual_pitch': 1500, 'last_manual_yaw': 1500, 'last_manual_throttle': 989, 'aux3': 1000, 'aux4': 1502, 'aux5': 1500, 'aux6': 1000, 'aux7': 1000, 'battery': 23.8, 'rssi': 911, 'rssi_msg': 'Strong signal', 'speed': 0.0, 'altitude': 0.01, 'caught': True, 'ready_hold_active': False, 'ready_hold_pending_capture': False, 'ready_hold_roll': 1500, 'ready_hold_pitch': 1500, 'ready_hold_yaw': 1500, 'ready_hold_throttle': 1100, 'target_locked': False, 'tracking_bbox': (311, 231, 17, 17), 'attack_error_x': 0.0, 'attack_error_y': 0.0, 'target_size': 0.0, 'attack_active': False, 'attack_base_roll': 1500, 'attack_base_pitch': 1500, 'attack_base_yaw': 1500, 'attack_base_throttle': 1100, 'prev_attack_error_x': 0.0, 'prev_attack_time': None, 'prev_target_size': 0.0}
2026-04-03 10:35:46,441 - BEE-EPT-UA913 - DEBUG - Executing command: TELEMETRY, Priority: 1, Body: {'target': 'MSP_RC'}
2026-04-03 10:35:46,447 - BEE-EPT-UA913 - DEBUG - Telemetry: b'\xdc\x05\xdc\x05\xdc\x05\xdd\x03\xd0\x07\xe8\x03\xe8\x03\xde\x05\xe8\x03\xe8\x03\xe8\x03\xfd\x05\xdc\x05\xdc\x05\xe8\x03\xe8\x03'
2026-04-03 10:35:46,448 - BEE-EPT-UA913 - INFO - Autopilot state: {'connection': True, 'bee_state': 'READY', 'roll': 1500, 'pitch': 1500, 'yaw': 1500, 'throttle': 989, 'last_manual_roll': 1500, 'last_manual_pitch': 1500, 'last_manual_yaw': 1500, 'last_manual_throttle': 989, 'aux3': 1000, 'aux4': 1502, 'aux5': 1500, 'aux6': 1000, 'aux7': 1000, 'battery': 23.8, 'rssi': 911, 'rssi_msg': 'Strong signal', 'speed': 0.0, 'altitude': 0.01, 'caught': True, 'ready_hold_active': False, 'ready_hold_pending_capture': False, 'ready_hold_roll': 1500, 'ready_hold_pitch': 1500, 'ready_hold_yaw': 1500, 'ready_hold_throttle': 1100, 'target_locked': False, 'tracking_bbox': (311, 231, 17, 17), 'attack_error_x': 0.0, 'attack_error_y': 0.0, 'target_size': 0.0, 'attack_active': False, 'attack_base_roll': 1500, 'attack_base_pitch': 1500, 'attack_base_yaw': 1500, 'attack_base_throttle': 1100, 'prev_attack_error_x': 0.0, 'prev_attack_time': None, 'prev_target_size': 0.0}
2026-04-03 10:35:46,544 - BEE-EPT-UA913 - DEBUG - Executing command: TELEMETRY, Priority: 1, Body: {'target': 'MSP_RC'}
2026-04-03 10:35:46,558 - BEE-EPT-UA913 - DEBUG - Telemetry: b'\xdc\x05\xdc\x05\xdc\x05\xdd\x03\xd0\x07\xe8\x03\xe8\x03\xde\x05\xe8\x03\xe8\x03\xe8\x03\xfd\x05\xdc\x05\xdc\x05\xe8\x03\xe8\x03'
2026-04-03 10:35:46,559 - BEE-EPT-UA913 - INFO - Autopilot state: {'connection': True, 'bee_state': 'READY', 'roll': 1500, 'pitch': 1500, 'yaw': 1500, 'throttle': 989, 'last_manual_roll': 1500, 'last_manual_pitch': 1500, 'last_manual_yaw': 1500, 'last_manual_throttle': 989, 'aux3': 1000, 'aux4': 1502, 'aux5': 1500, 'aux6': 1000, 'aux7': 1000, 'battery': 23.8, 'rssi': 911, 'rssi_msg': 'Strong signal', 'speed': 0.0, 'altitude': 0.01, 'caught': True, 'ready_hold_active': False, 'ready_hold_pending_capture': False, 'ready_hold_roll': 1500, 'ready_hold_pitch': 1500, 'ready_hold_yaw': 1500, 'ready_hold_throttle': 1100, 'target_locked': False, 'tracking_bbox': (311, 231, 17, 17), 'attack_error_x': 0.0, 'attack_error_y': 0.0, 'target_size': 0.0, 'attack_active': False, 'attack_base_roll': 1500, 'attack_base_pitch': 1500, 'attack_base_yaw': 1500, 'attack_base_throttle': 1100, 'prev_attack_error_x': 0.0, 'prev_attack_time': None, 'prev_target_size': 0.0}
2026-04-03 10:35:46,644 - BEE-EPT-UA913 - DEBUG - Executing command: TELEMETRY, Priority: 1, Body: {'target': 'MSP_RC'}
2026-04-03 10:35:46,659 - BEE-EPT-UA913 - DEBUG - Telemetry: b'\xdc\x05\xdc\x05\xdc\x05\xdd\x03\xd0\x07\xe8\x03\xe8\x03\xde\x05\xe8\x03\xe8\x03\xe8\x03\xfd\x05\xdc\x05\xdc\x05\xe8\x03\xe8\x03'
2026-04-03 10:35:46,660 - BEE-EPT-UA913 - INFO - Autopilot state: {'connection': True, 'bee_state': 'READY', 'roll': 1500, 'pitch': 1500, 'yaw': 1500, 'throttle': 989, 'last_manual_roll': 1500, 'last_manual_pitch': 1500, 'last_manual_yaw': 1500, 'last_manual_throttle': 989, 'aux3': 1000, 'aux4': 1502, 'aux5': 1500, 'aux6': 1000, 'aux7': 1000, 'battery': 23.8, 'rssi': 911, 'rssi_msg': 'Strong signal', 'speed': 0.0, 'altitude': 0.01, 'caught': True, 'ready_hold_active': False, 'ready_hold_pending_capture': False, 'ready_hold_roll': 1500, 'ready_hold_pitch': 1500, 'ready_hold_yaw': 1500, 'ready_hold_throttle': 1100, 'target_locked': False, 'tracking_bbox': (311, 231, 17, 17), 'attack_error_x': 0.0, 'attack_error_y': 0.0, 'target_size': 0.0, 'attack_active': False, 'attack_base_roll': 1500, 'attack_base_pitch': 1500, 'attack_base_yaw': 1500, 'attack_base_throttle': 1100, 'prev_attack_error_x': 0.0, 'prev_attack_time': None, 'prev_target_size': 0.0}
2026-04-03 10:35:46,744 - BEE-EPT-UA913 - DEBUG - Executing command: TELEMETRY, Priority: 1, Body: {'target': 'MSP_RC'}
2026-04-03 10:35:46,749 - BEE-EPT-UA913 - DEBUG - Telemetry: b'\xdc\x05\xdc\x05\xdc\x05\xdd\x03\xd0\x07\xe8\x03\xe8\x03\xde\x05\xe8\x03\xe8\x03\xe8\x03\xfd\x05\xdc\x05\xdc\x05\xe8\x03\xe8\x03'
2026-04-03 10:35:46,749 - BEE-EPT-UA913 - INFO - Autopilot state: {'connection': True, 'bee_state': 'READY', 'roll': 1500, 'pitch': 1500, 'yaw': 1500, 'throttle': 989, 'last_manual_roll': 1500, 'last_manual_pitch': 1500, 'last_manual_yaw': 1500, 'last_manual_throttle': 989, 'aux3': 1000, 'aux4': 1502, 'aux5': 1500, 'aux6': 1000, 'aux7': 1000, 'battery': 23.8, 'rssi': 911, 'rssi_msg': 'Strong signal', 'speed': 0.0, 'altitude': 0.01, 'caught': True, 'ready_hold_active': False, 'ready_hold_pending_capture': False, 'ready_hold_roll': 1500, 'ready_hold_pitch': 1500, 'ready_hold_yaw': 1500, 'ready_hold_throttle': 1100, 'target_locked': False, 'tracking_bbox': (311, 231, 17, 17), 'attack_error_x': 0.0, 'attack_error_y': 0.0, 'target_size': 0.0, 'attack_active': False, 'attack_base_roll': 1500, 'attack_base_pitch': 1500, 'attack_base_yaw': 1500, 'attack_base_throttle': 1100, 'prev_attack_error_x': 0.0, 'prev_attack_time': None, 'prev_target_size': 0.0}
2026-04-03 10:35:46,800 - BEE-EPT-UA913 - DEBUG - Executing command: TELEMETRY, Priority: 2, Body: {'target': 'MSP_ALTITUDE'}
2026-04-03 10:35:46,807 - BEE-EPT-UA913 - DEBUG - Telemetry: b'\x05\x00\x00\x00\x05\x00'
2026-04-03 10:35:46,807 - BEE-EPT-UA913 - INFO - Autopilot state: {'connection': True, 'bee_state': 'READY', 'roll': 1500, 'pitch': 1500, 'yaw': 1500, 'throttle': 989, 'last_manual_roll': 1500, 'last_manual_pitch': 1500, 'last_manual_yaw': 1500, 'last_manual_throttle': 989, 'aux3': 1000, 'aux4': 1502, 'aux5': 1500, 'aux6': 1000, 'aux7': 1000, 'battery': 23.8, 'rssi': 911, 'rssi_msg': 'Strong signal', 'speed': 0.05, 'altitude': 0.05, 'caught': True, 'ready_hold_active': False, 'ready_hold_pending_capture': False, 'ready_hold_roll': 1500, 'ready_hold_pitch': 1500, 'ready_hold_yaw': 1500, 'ready_hold_throttle': 1100, 'target_locked': False, 'tracking_bbox': (311, 231, 17, 17), 'attack_error_x': 0.0, 'attack_error_y': 0.0, 'target_size': 0.0, 'attack_active': False, 'attack_base_roll': 1500, 'attack_base_pitch': 1500, 'attack_base_yaw': 1500, 'attack_base_throttle': 1100, 'prev_attack_error_x': 0.0, 'prev_attack_time': None, 'prev_target_size': 0.0}
2026-04-03 10:35:46,858 - BEE-EPT-UA913 - DEBUG - Executing command: TELEMETRY, Priority: 1, Body: {'target': 'MSP_RC'}
2026-04-03 10:35:46,870 - BEE-EPT-UA913 - DEBUG - Telemetry: b'\xdc\x05\xdc\x05\xdc\x05\xdd\x03\xd0\x07\xe8\x03\xe8\x03\xde\x05\xe8\x03\xe8\x03\xe8\x03\xfd\x05\xdc\x05\xdc\x05\xe8\x03\xe8\x03'
2026-04-03 10:35:46,870 - BEE-EPT-UA913 - INFO - Autopilot state: {'connection': True, 'bee_state': 'READY', 'roll': 1500, 'pitch': 1500, 'yaw': 1500, 'throttle': 989, 'last_manual_roll': 1500, 'last_manual_pitch': 1500, 'last_manual_yaw': 1500, 'last_manual_throttle': 989, 'aux3': 1000, 'aux4': 1502, 'aux5': 1500, 'aux6': 1000, 'aux7': 1000, 'battery': 23.8, 'rssi': 911, 'rssi_msg': 'Strong signal', 'speed': 0.05, 'altitude': 0.05, 'caught': True, 'ready_hold_active': False, 'ready_hold_pending_capture': False, 'ready_hold_roll': 1500, 'ready_hold_pitch': 1500, 'ready_hold_yaw': 1500, 'ready_hold_throttle': 1100, 'target_locked': False, 'tracking_bbox': (311, 231, 17, 17), 'attack_error_x': 0.0, 'attack_error_y': 0.0, 'target_size': 0.0, 'attack_active': False, 'attack_base_roll': 1500, 'attack_base_pitch': 1500, 'attack_base_yaw': 1500, 'attack_base_throttle': 1100, 'prev_attack_error_x': 0.0, 'prev_attack_time': None, 'prev_target_size': 0.0}
2026-04-03 10:35:46,920 - BEE-EPT-UA913 - DEBUG - Executing command: MONITOR, Priority: 2, Body: {'target': 'MSP_ANALOG'}
2026-04-03 10:35:46,928 - BEE-EPT-UA913 - DEBUG - Monitoring: b'\xee\x01\x00\x97\x03\x10\x00J\t'
2026-04-03 10:35:46,928 - BEE-EPT-UA913 - INFO - RSSI: 919, signal: Strong signal, battery voltage: 23.8V
2026-04-03 10:35:46,979 - BEE-EPT-UA913 - DEBUG - Executing command: TELEMETRY, Priority: 1, Body: {'target': 'MSP_RC'}
2026-04-03 10:35:46,990 - BEE-EPT-UA913 - DEBUG - Telemetry: b'\xdc\x05\xdc\x05\xdc\x05\xdd\x03\xd0\x07\xe8\x03\xe8\x03\xde\x05\xe8\x03\xe8\x03\xe8\x03\xfd\x05\xdc\x05\xdc\x05\xe8\x03\xe8\x03'
2026-04-03 10:35:46,991 - BEE-EPT-UA913 - INFO - Autopilot state: {'connection': True, 'bee_state': 'READY', 'roll': 1500, 'pitch': 1500, 'yaw': 1500, 'throttle': 989, 'last_manual_roll': 1500, 'last_manual_pitch': 1500, 'last_manual_yaw': 1500, 'last_manual_throttle': 989, 'aux3': 1000, 'aux4': 1502, 'aux5': 1500, 'aux6': 1000, 'aux7': 1000, 'battery': 23.8, 'rssi': 919, 'rssi_msg': 'Strong signal', 'speed': 0.05, 'altitude': 0.05, 'caught': True, 'ready_hold_active': False, 'ready_hold_pending_capture': False, 'ready_hold_roll': 1500, 'ready_hold_pitch': 1500, 'ready_hold_yaw': 1500, 'ready_hold_throttle': 1100, 'target_locked': False, 'tracking_bbox': (311, 231, 17, 17), 'attack_error_x': 0.0, 'attack_error_y': 0.0, 'target_size': 0.0, 'attack_active': False, 'attack_base_roll': 1500, 'attack_base_pitch': 1500, 'attack_base_yaw': 1500, 'attack_base_throttle': 1100, 'prev_attack_error_x': 0.0, 'prev_attack_time': None, 'prev_target_size': 0.0}
2026-04-03 10:35:47,049 - BEE-EPT-UA913 - DEBUG - Executing command: TELEMETRY, Priority: 1, Body: {'target': 'MSP_RC'}
2026-04-03 10:35:47,061 - BEE-EPT-UA913 - DEBUG - Telemetry: b'\xdc\x05\xdc\x05\xdc\x05\xdd\x03\xd0\x07\xe8\x03\xe8\x03\xde\x05\xe8\x03\xe8\x03\xe8\x03\xfd\x05\xdc\x05\xdc\x05\xe8\x03\xe8\x03'
2026-04-03 10:35:47,061 - BEE-EPT-UA913 - INFO - Autopilot state: {'connection': True, 'bee_state': 'READY', 'roll': 1500, 'pitch': 1500, 'yaw': 1500, 'throttle': 989, 'last_manual_roll': 1500, 'last_manual_pitch': 1500, 'last_manual_yaw': 1500, 'last_manual_throttle': 989, 'aux3': 1000, 'aux4': 1502, 'aux5': 1500, 'aux6': 1000, 'aux7': 1000, 'battery': 23.8, 'rssi': 919, 'rssi_msg': 'Strong signal', 'speed': 0.05, 'altitude': 0.05, 'caught': True, 'ready_hold_active': False, 'ready_hold_pending_capture': False, 'ready_hold_roll': 1500, 'ready_hold_pitch': 1500, 'ready_hold_yaw': 1500, 'ready_hold_throttle': 1100, 'target_locked': False, 'tracking_bbox': (311, 231, 17, 17), 'attack_error_x': 0.0, 'attack_error_y': 0.0, 'target_size': 0.0, 'attack_active': False, 'attack_base_roll': 1500, 'attack_base_pitch': 1500, 'attack_base_yaw': 1500, 'attack_base_throttle': 1100, 'prev_attack_error_x': 0.0, 'prev_attack_time': None, 'prev_target_size': 0.0}
2026-04-03 10:35:47,152 - BEE-EPT-UA913 - DEBUG - Executing command: TELEMETRY, Priority: 1, Body: {'target': 'MSP_RC'}
2026-04-03 10:35:47,161 - BEE-EPT-UA913 - DEBUG - Telemetry: b'\xdc\x05\xdc\x05\xdc\x05\xdd\x03\xd0\x07\xe8\x03\xe8\x03\xde\x05\xe8\x03\xe8\x03\xe8\x03\xfd\x05\xdc\x05\xdc\x05\xe8\x03\xe8\x03'
2026-04-03 10:35:47,162 - BEE-EPT-UA913 - INFO - Autopilot state: {'connection': True, 'bee_state': 'READY', 'roll': 1500, 'pitch': 1500, 'yaw': 1500, 'throttle': 989, 'last_manual_roll': 1500, 'last_manual_pitch': 1500, 'last_manual_yaw': 1500, 'last_manual_throttle': 989, 'aux3': 1000, 'aux4': 1502, 'aux5': 1500, 'aux6': 1000, 'aux7': 1000, 'battery': 23.8, 'rssi': 919, 'rssi_msg': 'Strong signal', 'speed': 0.05, 'altitude': 0.05, 'caught': True, 'ready_hold_active': False, 'ready_hold_pending_capture': False, 'ready_hold_roll': 1500, 'ready_hold_pitch': 1500, 'ready_hold_yaw': 1500, 'ready_hold_throttle': 1100, 'target_locked': False, 'tracking_bbox': (311, 231, 17, 17), 'attack_error_x': 0.0, 'attack_error_y': 0.0, 'target_size': 0.0, 'attack_active': False, 'attack_base_roll': 1500, 'attack_base_pitch': 1500, 'attack_base_yaw': 1500, 'attack_base_throttle': 1100, 'prev_attack_error_x': 0.0, 'prev_attack_time': None, 'prev_target_size': 0.0}
2026-04-03 10:35:47,252 - BEE-EPT-UA913 - DEBUG - Executing command: TELEMETRY, Priority: 1, Body: {'target': 'MSP_RC'}
2026-04-03 10:35:47,262 - BEE-EPT-UA913 - DEBUG - Telemetry: b'\xdc\x05\xdc\x05\xdc\x05\xdd\x03\xd0\x07\xe8\x03\xe8\x03\xde\x05\xe8\x03\xe8\x03\xe8\x03\xfd\x05\xdc\x05\xdc\x05\xe8\x03\xe8\x03'
2026-04-03 10:35:47,262 - BEE-EPT-UA913 - INFO - Autopilot state: {'connection': True, 'bee_state': 'READY', 'roll': 1500, 'pitch': 1500, 'yaw': 1500, 'throttle': 989, 'last_manual_roll': 1500, 'last_manual_pitch': 1500, 'last_manual_yaw': 1500, 'last_manual_throttle': 989, 'aux3': 1000, 'aux4': 1502, 'aux5': 1500, 'aux6': 1000, 'aux7': 1000, 'battery': 23.8, 'rssi': 919, 'rssi_msg': 'Strong signal', 'speed': 0.05, 'altitude': 0.05, 'caught': True, 'ready_hold_active': False, 'ready_hold_pending_capture': False, 'ready_hold_roll': 1500, 'ready_hold_pitch': 1500, 'ready_hold_yaw': 1500, 'ready_hold_throttle': 1100, 'target_locked': False, 'tracking_bbox': (311, 231, 17, 17), 'attack_error_x': 0.0, 'attack_error_y': 0.0, 'target_size': 0.0, 'attack_active': False, 'attack_base_roll': 1500, 'attack_base_pitch': 1500, 'attack_base_yaw': 1500, 'attack_base_throttle': 1100, 'prev_attack_error_x': 0.0, 'prev_attack_time': None, 'prev_target_size': 0.0}
2026-04-03 10:35:47,352 - BEE-EPT-UA913 - DEBUG - Executing command: TELEMETRY, Priority: 1, Body: {'target': 'MSP_RC'}
2026-04-03 10:35:47,362 - BEE-EPT-UA913 - DEBUG - Telemetry: b'\xdc\x05\xdc\x05\xdc\x05\xdd\x03\xd0\x07\xe8\x03\xe8\x03\xde\x05\xe8\x03\xe8\x03\xe8\x03\xfd\x05\xdc\x05\xdc\x05\xe8\x03\xe8\x03'
2026-04-03 10:35:47,363 - BEE-EPT-UA913 - INFO - Autopilot state: {'connection': True, 'bee_state': 'READY', 'roll': 1500, 'pitch': 1500, 'yaw': 1500, 'throttle': 989, 'last_manual_roll': 1500, 'last_manual_pitch': 1500, 'last_manual_yaw': 1500, 'last_manual_throttle': 989, 'aux3': 1000, 'aux4': 1502, 'aux5': 1500, 'aux6': 1000, 'aux7': 1000, 'battery': 23.8, 'rssi': 919, 'rssi_msg': 'Strong signal', 'speed': 0.05, 'altitude': 0.05, 'caught': True, 'ready_hold_active': False, 'ready_hold_pending_capture': False, 'ready_hold_roll': 1500, 'ready_hold_pitch': 1500, 'ready_hold_yaw': 1500, 'ready_hold_throttle': 1100, 'target_locked': False, 'tracking_bbox': (311, 231, 17, 17), 'attack_error_x': 0.0, 'attack_error_y': 0.0, 'target_size': 0.0, 'attack_active': False, 'attack_base_roll': 1500, 'attack_base_pitch': 1500, 'attack_base_yaw': 1500, 'attack_base_throttle': 1100, 'prev_attack_error_x': 0.0, 'prev_attack_time': None, 'prev_target_size': 0.0}
2026-04-03 10:35:47,453 - BEE-EPT-UA913 - DEBUG - Executing command: TELEMETRY, Priority: 1, Body: {'target': 'MSP_RC'}
2026-04-03 10:35:47,463 - BEE-EPT-UA913 - DEBUG - Telemetry: b'\xdc\x05\xdc\x05\xdc\x05\xdd\x03\xd0\x07\xe8\x03\xe8\x03\xde\x05\xe8\x03\xe8\x03\xe8\x03\xfd\x05\xdc\x05\xdc\x05\xe8\x03\xe8\x03'
2026-04-03 10:35:47,463 - BEE-EPT-UA913 - INFO - Autopilot state: {'connection': True, 'bee_state': 'READY', 'roll': 1500, 'pitch': 1500, 'yaw': 1500, 'throttle': 989, 'last_manual_roll': 1500, 'last_manual_pitch': 1500, 'last_manual_yaw': 1500, 'last_manual_throttle': 989, 'aux3': 1000, 'aux4': 1502, 'aux5': 1500, 'aux6': 1000, 'aux7': 1000, 'battery': 23.8, 'rssi': 919, 'rssi_msg': 'Strong signal', 'speed': 0.05, 'altitude': 0.05, 'caught': True, 'ready_hold_active': False, 'ready_hold_pending_capture': False, 'ready_hold_roll': 1500, 'ready_hold_pitch': 1500, 'ready_hold_yaw': 1500, 'ready_hold_throttle': 1100, 'target_locked': False, 'tracking_bbox': (311, 231, 17, 17), 'attack_error_x': 0.0, 'attack_error_y': 0.0, 'target_size': 0.0, 'attack_active': False, 'attack_base_roll': 1500, 'attack_base_pitch': 1500, 'attack_base_yaw': 1500, 'attack_base_throttle': 1100, 'prev_attack_error_x': 0.0, 'prev_attack_time': None, 'prev_target_size': 0.0}
2026-04-03 10:35:47,553 - BEE-EPT-UA913 - DEBUG - Executing command: TELEMETRY, Priority: 1, Body: {'target': 'MSP_RC'}
2026-04-03 10:35:47,564 - BEE-EPT-UA913 - DEBUG - Telemetry: b'\xdc\x05\xdc\x05\xdc\x05\xdd\x03\xd0\x07\xe8\x03\xe8\x03\xde\x05\xe8\x03\xe8\x03\xe8\x03\xfd\x05\xdc\x05\xdc\x05\xe8\x03\xe8\x03'
2026-04-03 10:35:47,564 - BEE-EPT-UA913 - INFO - Autopilot state: {'connection': True, 'bee_state': 'READY', 'roll': 1500, 'pitch': 1500, 'yaw': 1500, 'throttle': 989, 'last_manual_roll': 1500, 'last_manual_pitch': 1500, 'last_manual_yaw': 1500, 'last_manual_throttle': 989, 'aux3': 1000, 'aux4': 1502, 'aux5': 1500, 'aux6': 1000, 'aux7': 1000, 'battery': 23.8, 'rssi': 919, 'rssi_msg': 'Strong signal', 'speed': 0.05, 'altitude': 0.05, 'caught': True, 'ready_hold_active': False, 'ready_hold_pending_capture': False, 'ready_hold_roll': 1500, 'ready_hold_pitch': 1500, 'ready_hold_yaw': 1500, 'ready_hold_throttle': 1100, 'target_locked': False, 'tracking_bbox': (311, 231, 17, 17), 'attack_error_x': 0.0, 'attack_error_y': 0.0, 'target_size': 0.0, 'attack_active': False, 'attack_base_roll': 1500, 'attack_base_pitch': 1500, 'attack_base_yaw': 1500, 'attack_base_throttle': 1100, 'prev_attack_error_x': 0.0, 'prev_attack_time': None, 'prev_target_size': 0.0}
2026-04-03 10:35:47,653 - BEE-EPT-UA913 - DEBUG - Executing command: TELEMETRY, Priority: 1, Body: {'target': 'MSP_RC'}
2026-04-03 10:35:47,664 - BEE-EPT-UA913 - DEBUG - Telemetry: b'\xdc\x05\xdc\x05\xdc\x05\xdd\x03\xd0\x07\xe8\x03\xe8\x03\xde\x05\xe8\x03\xe8\x03\xe8\x03\xfd\x05\xdc\x05\xdc\x05\xe8\x03\xe8\x03'
2026-04-03 10:35:47,665 - BEE-EPT-UA913 - INFO - Autopilot state: {'connection': True, 'bee_state': 'READY', 'roll': 1500, 'pitch': 1500, 'yaw': 1500, 'throttle': 989, 'last_manual_roll': 1500, 'last_manual_pitch': 1500, 'last_manual_yaw': 1500, 'last_manual_throttle': 989, 'aux3': 1000, 'aux4': 1502, 'aux5': 1500, 'aux6': 1000, 'aux7': 1000, 'battery': 23.8, 'rssi': 919, 'rssi_msg': 'Strong signal', 'speed': 0.05, 'altitude': 0.05, 'caught': True, 'ready_hold_active': False, 'ready_hold_pending_capture': False, 'ready_hold_roll': 1500, 'ready_hold_pitch': 1500, 'ready_hold_yaw': 1500, 'ready_hold_throttle': 1100, 'target_locked': False, 'tracking_bbox': (311, 231, 17, 17), 'attack_error_x': 0.0, 'attack_error_y': 0.0, 'target_size': 0.0, 'attack_active': False, 'attack_base_roll': 1500, 'attack_base_pitch': 1500, 'attack_base_yaw': 1500, 'attack_base_throttle': 1100, 'prev_attack_error_x': 0.0, 'prev_attack_time': None, 'prev_target_size': 0.0}
2026-04-03 10:35:47,754 - BEE-EPT-UA913 - DEBUG - Executing command: TELEMETRY, Priority: 1, Body: {'target': 'MSP_RC'}
2026-04-03 10:35:47,765 - BEE-EPT-UA913 - DEBUG - Telemetry: b'\xdc\x05\xdc\x05\xdc\x05\xdd\x03\xd0\x07\xe8\x03\xe8\x03\xde\x05\xe8\x03\xe8\x03\xe8\x03\xfd\x05\xdc\x05\xdc\x05\xe8\x03\xe8\x03'
2026-04-03 10:35:47,765 - BEE-EPT-UA913 - INFO - Autopilot state: {'connection': True, 'bee_state': 'READY', 'roll': 1500, 'pitch': 1500, 'yaw': 1500, 'throttle': 989, 'last_manual_roll': 1500, 'last_manual_pitch': 1500, 'last_manual_yaw': 1500, 'last_manual_throttle': 989, 'aux3': 1000, 'aux4': 1502, 'aux5': 1500, 'aux6': 1000, 'aux7': 1000, 'battery': 23.8, 'rssi': 919, 'rssi_msg': 'Strong signal', 'speed': 0.05, 'altitude': 0.05, 'caught': True, 'ready_hold_active': False, 'ready_hold_pending_capture': False, 'ready_hold_roll': 1500, 'ready_hold_pitch': 1500, 'ready_hold_yaw': 1500, 'ready_hold_throttle': 1100, 'target_locked': False, 'tracking_bbox': (311, 231, 17, 17), 'attack_error_x': 0.0, 'attack_error_y': 0.0, 'target_size': 0.0, 'attack_active': False, 'attack_base_roll': 1500, 'attack_base_pitch': 1500, 'attack_base_yaw': 1500, 'attack_base_throttle': 1100, 'prev_attack_error_x': 0.0, 'prev_attack_time': None, 'prev_target_size': 0.0}
2026-04-03 10:35:47,815 - BEE-EPT-UA913 - DEBUG - Executing command: TELEMETRY, Priority: 2, Body: {'target': 'MSP_ALTITUDE'}
2026-04-03 10:35:47,823 - BEE-EPT-UA913 - DEBUG - Telemetry: b'\x03\x00\x00\x00\x00\x00'
2026-04-03 10:35:47,823 - BEE-EPT-UA913 - INFO - Autopilot state: {'connection': True, 'bee_state': 'READY', 'roll': 1500, 'pitch': 1500, 'yaw': 1500, 'throttle': 989, 'last_manual_roll': 1500, 'last_manual_pitch': 1500, 'last_manual_yaw': 1500, 'last_manual_throttle': 989, 'aux3': 1000, 'aux4': 1502, 'aux5': 1500, 'aux6': 1000, 'aux7': 1000, 'battery': 23.8, 'rssi': 919, 'rssi_msg': 'Strong signal', 'speed': 0.0, 'altitude': 0.03, 'caught': True, 'ready_hold_active': False, 'ready_hold_pending_capture': False, 'ready_hold_roll': 1500, 'ready_hold_pitch': 1500, 'ready_hold_yaw': 1500, 'ready_hold_throttle': 1100, 'target_locked': False, 'tracking_bbox': (311, 231, 17, 17), 'attack_error_x': 0.0, 'attack_error_y': 0.0, 'target_size': 0.0, 'attack_active': False, 'attack_base_roll': 1500, 'attack_base_pitch': 1500, 'attack_base_yaw': 1500, 'attack_base_throttle': 1100, 'prev_attack_error_x': 0.0, 'prev_attack_time': None, 'prev_target_size': 0.0}
2026-04-03 10:35:47,874 - BEE-EPT-UA913 - DEBUG - Executing command: TELEMETRY, Priority: 1, Body: {'target': 'MSP_RC'}
2026-04-03 10:35:47,885 - BEE-EPT-UA913 - DEBUG - Telemetry: b'\xdc\x05\xdc\x05\xdc\x05\xdd\x03\xd0\x07\xe8\x03\xe8\x03\xde\x05\xe8\x03\xe8\x03\xe8\x03\xfd\x05\xdc\x05\xdc\x05\xe8\x03\xe8\x03'
2026-04-03 10:35:47,886 - BEE-EPT-UA913 - INFO - Autopilot state: {'connection': True, 'bee_state': 'READY', 'roll': 1500, 'pitch': 1500, 'yaw': 1500, 'throttle': 989, 'last_manual_roll': 1500, 'last_manual_pitch': 1500, 'last_manual_yaw': 1500, 'last_manual_throttle': 989, 'aux3': 1000, 'aux4': 1502, 'aux5': 1500, 'aux6': 1000, 'aux7': 1000, 'battery': 23.8, 'rssi': 919, 'rssi_msg': 'Strong signal', 'speed': 0.0, 'altitude': 0.03, 'caught': True, 'ready_hold_active': False, 'ready_hold_pending_capture': False, 'ready_hold_roll': 1500, 'ready_hold_pitch': 1500, 'ready_hold_yaw': 1500, 'ready_hold_throttle': 1100, 'target_locked': False, 'tracking_bbox': (311, 231, 17, 17), 'attack_error_x': 0.0, 'attack_error_y': 0.0, 'target_size': 0.0, 'attack_active': False, 'attack_base_roll': 1500, 'attack_base_pitch': 1500, 'attack_base_yaw': 1500, 'attack_base_throttle': 1100, 'prev_attack_error_x': 0.0, 'prev_attack_time': None, 'prev_target_size': 0.0}
2026-04-03 10:35:47,936 - BEE-EPT-UA913 - DEBUG - Executing command: MONITOR, Priority: 2, Body: {'target': 'MSP_ANALOG'}
2026-04-03 10:35:47,944 - BEE-EPT-UA913 - DEBUG - Monitoring: b'\xee\x01\x00\xa4\x03\x0c\x00J\t'
2026-04-03 10:35:47,944 - BEE-EPT-UA913 - INFO - RSSI: 932, signal: Strong signal, battery voltage: 23.8V
2026-04-03 10:35:47,994 - BEE-EPT-UA913 - DEBUG - Executing command: TELEMETRY, Priority: 1, Body: {'target': 'MSP_RC'}
2026-04-03 10:35:48,006 - BEE-EPT-UA913 - DEBUG - Telemetry: b'\xdc\x05\xdc\x05\xdc\x05\xdd\x03\xd0\x07\xe8\x03\xe8\x03\xde\x05\xe8\x03\xe8\x03\xe8\x03\xfd\x05\xdc\x05\xdc\x05\xe8\x03\xe8\x03'
2026-04-03 10:35:48,006 - BEE-EPT-UA913 - INFO - Autopilot state: {'connection': True, 'bee_state': 'READY', 'roll': 1500, 'pitch': 1500, 'yaw': 1500, 'throttle': 989, 'last_manual_roll': 1500, 'last_manual_pitch': 1500, 'last_manual_yaw': 1500, 'last_manual_throttle': 989, 'aux3': 1000, 'aux4': 1502, 'aux5': 1500, 'aux6': 1000, 'aux7': 1000, 'battery': 23.8, 'rssi': 932, 'rssi_msg': 'Strong signal', 'speed': 0.0, 'altitude': 0.03, 'caught': True, 'ready_hold_active': False, 'ready_hold_pending_capture': False, 'ready_hold_roll': 1500, 'ready_hold_pitch': 1500, 'ready_hold_yaw': 1500, 'ready_hold_throttle': 1100, 'target_locked': False, 'tracking_bbox': (311, 231, 17, 17), 'attack_error_x': 0.0, 'attack_error_y': 0.0, 'target_size': 0.0, 'attack_active': False, 'attack_base_roll': 1500, 'attack_base_pitch': 1500, 'attack_base_yaw': 1500, 'attack_base_throttle': 1100, 'prev_attack_error_x': 0.0, 'prev_attack_time': None, 'prev_target_size': 0.0}
2026-04-03 10:35:48,057 - BEE-EPT-UA913 - DEBUG - Executing command: TELEMETRY, Priority: 1, Body: {'target': 'MSP_RC'}
2026-04-03 10:35:48,066 - BEE-EPT-UA913 - DEBUG - Telemetry: b'\xdc\x05\xdc\x05\xdc\x05\xdd\x03\xd0\x07\xe8\x03\xe8\x03\xde\x05\xe8\x03\xe8\x03\xe8\x03\xfd\x05\xdc\x05\xdc\x05\xe8\x03\xe8\x03'
2026-04-03 10:35:48,066 - BEE-EPT-UA913 - INFO - Autopilot state: {'connection': True, 'bee_state': 'READY', 'roll': 1500, 'pitch': 1500, 'yaw': 1500, 'throttle': 989, 'last_manual_roll': 1500, 'last_manual_pitch': 1500, 'last_manual_yaw': 1500, 'last_manual_throttle': 989, 'aux3': 1000, 'aux4': 1502, 'aux5': 1500, 'aux6': 1000, 'aux7': 1000, 'battery': 23.8, 'rssi': 932, 'rssi_msg': 'Strong signal', 'speed': 0.0, 'altitude': 0.03, 'caught': True, 'ready_hold_active': False, 'ready_hold_pending_capture': False, 'ready_hold_roll': 1500, 'ready_hold_pitch': 1500, 'ready_hold_yaw': 1500, 'ready_hold_throttle': 1100, 'target_locked': False, 'tracking_bbox': (311, 231, 17, 17), 'attack_error_x': 0.0, 'attack_error_y': 0.0, 'target_size': 0.0, 'attack_active': False, 'attack_base_roll': 1500, 'attack_base_pitch': 1500, 'attack_base_yaw': 1500, 'attack_base_throttle': 1100, 'prev_attack_error_x': 0.0, 'prev_attack_time': None, 'prev_target_size': 0.0}
2026-04-03 10:35:48,155 - BEE-EPT-UA913 - DEBUG - Executing command: TELEMETRY, Priority: 1, Body: {'target': 'MSP_RC'}
2026-04-03 10:35:48,167 - BEE-EPT-UA913 - DEBUG - Telemetry: b'\xdc\x05\xdc\x05\xdc\x05\xdd\x03\xd0\x07\xe8\x03\xe8\x03\xde\x05\xe8\x03\xe8\x03\xe8\x03\xfd\x05\xdc\x05\xdc\x05\xe8\x03\xe8\x03'
2026-04-03 10:35:48,167 - BEE-EPT-UA913 - INFO - Autopilot state: {'connection': True, 'bee_state': 'READY', 'roll': 1500, 'pitch': 1500, 'yaw': 1500, 'throttle': 989, 'last_manual_roll': 1500, 'last_manual_pitch': 1500, 'last_manual_yaw': 1500, 'last_manual_throttle': 989, 'aux3': 1000, 'aux4': 1502, 'aux5': 1500, 'aux6': 1000, 'aux7': 1000, 'battery': 23.8, 'rssi': 932, 'rssi_msg': 'Strong signal', 'speed': 0.0, 'altitude': 0.03, 'caught': True, 'ready_hold_active': False, 'ready_hold_pending_capture': False, 'ready_hold_roll': 1500, 'ready_hold_pitch': 1500, 'ready_hold_yaw': 1500, 'ready_hold_throttle': 1100, 'target_locked': False, 'tracking_bbox': (311, 231, 17, 17), 'attack_error_x': 0.0, 'attack_error_y': 0.0, 'target_size': 0.0, 'attack_active': False, 'attack_base_roll': 1500, 'attack_base_pitch': 1500, 'attack_base_yaw': 1500, 'attack_base_throttle': 1100, 'prev_attack_error_x': 0.0, 'prev_attack_time': None, 'prev_target_size': 0.0}
2026-04-03 10:35:48,256 - BEE-EPT-UA913 - DEBUG - Executing command: TELEMETRY, Priority: 1, Body: {'target': 'MSP_RC'}
2026-04-03 10:35:48,267 - BEE-EPT-UA913 - DEBUG - Telemetry: b'\xdc\x05\xdc\x05\xdc\x05\xdd\x03\xd0\x07\xe8\x03\xe8\x03\xde\x05\xe8\x03\xe8\x03\xe8\x03\xfd\x05\xdc\x05\xdc\x05\xe8\x03\xe8\x03'
2026-04-03 10:35:48,268 - BEE-EPT-UA913 - INFO - Autopilot state: {'connection': True, 'bee_state': 'READY', 'roll': 1500, 'pitch': 1500, 'yaw': 1500, 'throttle': 989, 'last_manual_roll': 1500, 'last_manual_pitch': 1500, 'last_manual_yaw': 1500, 'last_manual_throttle': 989, 'aux3': 1000, 'aux4': 1502, 'aux5': 1500, 'aux6': 1000, 'aux7': 1000, 'battery': 23.8, 'rssi': 932, 'rssi_msg': 'Strong signal', 'speed': 0.0, 'altitude': 0.03, 'caught': True, 'ready_hold_active': False, 'ready_hold_pending_capture': False, 'ready_hold_roll': 1500, 'ready_hold_pitch': 1500, 'ready_hold_yaw': 1500, 'ready_hold_throttle': 1100, 'target_locked': False, 'tracking_bbox': (311, 231, 17, 17), 'attack_error_x': 0.0, 'attack_error_y': 0.0, 'target_size': 0.0, 'attack_active': False, 'attack_base_roll': 1500, 'attack_base_pitch': 1500, 'attack_base_yaw': 1500, 'attack_base_throttle': 1100, 'prev_attack_error_x': 0.0, 'prev_attack_time': None, 'prev_target_size': 0.0}
2026-04-03 10:35:48,356 - BEE-EPT-UA913 - DEBUG - Executing command: TELEMETRY, Priority: 1, Body: {'target': 'MSP_RC'}
2026-04-03 10:35:48,368 - BEE-EPT-UA913 - DEBUG - Telemetry: b'\xdc\x05\xdc\x05\xdc\x05\xdd\x03\xd0\x07\xe8\x03\xe8\x03\xde\x05\xe8\x03\xe8\x03\xe8\x03\xfd\x05\xdc\x05\xdc\x05\xe8\x03\xe8\x03'
2026-04-03 10:35:48,368 - BEE-EPT-UA913 - INFO - Autopilot state: {'connection': True, 'bee_state': 'READY', 'roll': 1500, 'pitch': 1500, 'yaw': 1500, 'throttle': 989, 'last_manual_roll': 1500, 'last_manual_pitch': 1500, 'last_manual_yaw': 1500, 'last_manual_throttle': 989, 'aux3': 1000, 'aux4': 1502, 'aux5': 1500, 'aux6': 1000, 'aux7': 1000, 'battery': 23.8, 'rssi': 932, 'rssi_msg': 'Strong signal', 'speed': 0.0, 'altitude': 0.03, 'caught': True, 'ready_hold_active': False, 'ready_hold_pending_capture': False, 'ready_hold_roll': 1500, 'ready_hold_pitch': 1500, 'ready_hold_yaw': 1500, 'ready_hold_throttle': 1100, 'target_locked': False, 'tracking_bbox': (311, 231, 17, 17), 'attack_error_x': 0.0, 'attack_error_y': 0.0, 'target_size': 0.0, 'attack_active': False, 'attack_base_roll': 1500, 'attack_base_pitch': 1500, 'attack_base_yaw': 1500, 'attack_base_throttle': 1100, 'prev_attack_error_x': 0.0, 'prev_attack_time': None, 'prev_target_size': 0.0}
2026-04-03 10:35:48,457 - BEE-EPT-UA913 - DEBUG - Executing command: TELEMETRY, Priority: 1, Body: {'target': 'MSP_RC'}
2026-04-03 10:35:48,468 - BEE-EPT-UA913 - DEBUG - Telemetry: b'\xdc\x05\xdc\x05\xdc\x05\xdd\x03\xd0\x07\xe8\x03\xe8\x03\xde\x05\xe8\x03\xe8\x03\xe8\x03\xfd\x05\xdc\x05\xdc\x05\xe8\x03\xe8\x03'
2026-04-03 10:35:48,469 - BEE-EPT-UA913 - INFO - Autopilot state: {'connection': True, 'bee_state': 'READY', 'roll': 1500, 'pitch': 1500, 'yaw': 1500, 'throttle': 989, 'last_manual_roll': 1500, 'last_manual_pitch': 1500, 'last_manual_yaw': 1500, 'last_manual_throttle': 989, 'aux3': 1000, 'aux4': 1502, 'aux5': 1500, 'aux6': 1000, 'aux7': 1000, 'battery': 23.8, 'rssi': 932, 'rssi_msg': 'Strong signal', 'speed': 0.0, 'altitude': 0.03, 'caught': True, 'ready_hold_active': False, 'ready_hold_pending_capture': False, 'ready_hold_roll': 1500, 'ready_hold_pitch': 1500, 'ready_hold_yaw': 1500, 'ready_hold_throttle': 1100, 'target_locked': False, 'tracking_bbox': (311, 231, 17, 17), 'attack_error_x': 0.0, 'attack_error_y': 0.0, 'target_size': 0.0, 'attack_active': False, 'attack_base_roll': 1500, 'attack_base_pitch': 1500, 'attack_base_yaw': 1500, 'attack_base_throttle': 1100, 'prev_attack_error_x': 0.0, 'prev_attack_time': None, 'prev_target_size': 0.0}
2026-04-03 10:35:48,557 - BEE-EPT-UA913 - DEBUG - Executing command: TELEMETRY, Priority: 1, Body: {'target': 'MSP_RC'}
2026-04-03 10:35:48,569 - BEE-EPT-UA913 - DEBUG - Telemetry: b'\xdc\x05\xdc\x05\xdc\x05\xdd\x03\xd0\x07\xe8\x03\xe8\x03\xde\x05\xe8\x03\xe8\x03\xe8\x03\xfd\x05\xdc\x05\xdc\x05\xe8\x03\xe8\x03'
2026-04-03 10:35:48,569 - BEE-EPT-UA913 - INFO - Autopilot state: {'connection': True, 'bee_state': 'READY', 'roll': 1500, 'pitch': 1500, 'yaw': 1500, 'throttle': 989, 'last_manual_roll': 1500, 'last_manual_pitch': 1500, 'last_manual_yaw': 1500, 'last_manual_throttle': 989, 'aux3': 1000, 'aux4': 1502, 'aux5': 1500, 'aux6': 1000, 'aux7': 1000, 'battery': 23.8, 'rssi': 932, 'rssi_msg': 'Strong signal', 'speed': 0.0, 'altitude': 0.03, 'caught': True, 'ready_hold_active': False, 'ready_hold_pending_capture': False, 'ready_hold_roll': 1500, 'ready_hold_pitch': 1500, 'ready_hold_yaw': 1500, 'ready_hold_throttle': 1100, 'target_locked': False, 'tracking_bbox': (311, 231, 17, 17), 'attack_error_x': 0.0, 'attack_error_y': 0.0, 'target_size': 0.0, 'attack_active': False, 'attack_base_roll': 1500, 'attack_base_pitch': 1500, 'attack_base_yaw': 1500, 'attack_base_throttle': 1100, 'prev_attack_error_x': 0.0, 'prev_attack_time': None, 'prev_target_size': 0.0}
2026-04-03 10:35:48,657 - BEE-EPT-UA913 - DEBUG - Executing command: TELEMETRY, Priority: 1, Body: {'target': 'MSP_RC'}
2026-04-03 10:35:48,669 - BEE-EPT-UA913 - DEBUG - Telemetry: b'\xdc\x05\xdc\x05\xdc\x05\xdd\x03\xd0\x07\xe8\x03\xe8\x03\xde\x05\xe8\x03\xe8\x03\xe8\x03\xfd\x05\xdc\x05\xdc\x05\xe8\x03\xe8\x03'
2026-04-03 10:35:48,670 - BEE-EPT-UA913 - INFO - Autopilot state: {'connection': True, 'bee_state': 'READY', 'roll': 1500, 'pitch': 1500, 'yaw': 1500, 'throttle': 989, 'last_manual_roll': 1500, 'last_manual_pitch': 1500, 'last_manual_yaw': 1500, 'last_manual_throttle': 989, 'aux3': 1000, 'aux4': 1502, 'aux5': 1500, 'aux6': 1000, 'aux7': 1000, 'battery': 23.8, 'rssi': 932, 'rssi_msg': 'Strong signal', 'speed': 0.0, 'altitude': 0.03, 'caught': True, 'ready_hold_active': False, 'ready_hold_pending_capture': False, 'ready_hold_roll': 1500, 'ready_hold_pitch': 1500, 'ready_hold_yaw': 1500, 'ready_hold_throttle': 1100, 'target_locked': False, 'tracking_bbox': (311, 231, 17, 17), 'attack_error_x': 0.0, 'attack_error_y': 0.0, 'target_size': 0.0, 'attack_active': False, 'attack_base_roll': 1500, 'attack_base_pitch': 1500, 'attack_base_yaw': 1500, 'attack_base_throttle': 1100, 'prev_attack_error_x': 0.0, 'prev_attack_time': None, 'prev_target_size': 0.0}
2026-04-03 10:35:48,758 - BEE-EPT-UA913 - DEBUG - Executing command: TELEMETRY, Priority: 1, Body: {'target': 'MSP_RC'}
2026-04-03 10:35:48,770 - BEE-EPT-UA913 - DEBUG - Telemetry: b'\xdc\x05\xdc\x05\xdc\x05\xdd\x03\xd0\x07\xe8\x03\xe8\x03\xde\x05\xe8\x03\xe8\x03\xe8\x03\xfd\x05\xdc\x05\xdc\x05\xe8\x03\xe8\x03'
2026-04-03 10:35:48,770 - BEE-EPT-UA913 - INFO - Autopilot state: {'connection': True, 'bee_state': 'READY', 'roll': 1500, 'pitch': 1500, 'yaw': 1500, 'throttle': 989, 'last_manual_roll': 1500, 'last_manual_pitch': 1500, 'last_manual_yaw': 1500, 'last_manual_throttle': 989, 'aux3': 1000, 'aux4': 1502, 'aux5': 1500, 'aux6': 1000, 'aux7': 1000, 'battery': 23.8, 'rssi': 932, 'rssi_msg': 'Strong signal', 'speed': 0.0, 'altitude': 0.03, 'caught': True, 'ready_hold_active': False, 'ready_hold_pending_capture': False, 'ready_hold_roll': 1500, 'ready_hold_pitch': 1500, 'ready_hold_yaw': 1500, 'ready_hold_throttle': 1100, 'target_locked': False, 'tracking_bbox': (311, 231, 17, 17), 'attack_error_x': 0.0, 'attack_error_y': 0.0, 'target_size': 0.0, 'attack_active': False, 'attack_base_roll': 1500, 'attack_base_pitch': 1500, 'attack_base_yaw': 1500, 'attack_base_throttle': 1100, 'prev_attack_error_x': 0.0, 'prev_attack_time': None, 'prev_target_size': 0.0}
2026-04-03 10:35:48,821 - BEE-EPT-UA913 - DEBUG - Executing command: TELEMETRY, Priority: 2, Body: {'target': 'MSP_ALTITUDE'}
2026-04-03 10:35:48,828 - BEE-EPT-UA913 - DEBUG - Telemetry: b'\x07\x00\x00\x00\x00\x00'
2026-04-03 10:35:48,829 - BEE-EPT-UA913 - INFO - Autopilot state: {'connection': True, 'bee_state': 'READY', 'roll': 1500, 'pitch': 1500, 'yaw': 1500, 'throttle': 989, 'last_manual_roll': 1500, 'last_manual_pitch': 1500, 'last_manual_yaw': 1500, 'last_manual_throttle': 989, 'aux3': 1000, 'aux4': 1502, 'aux5': 1500, 'aux6': 1000, 'aux7': 1000, 'battery': 23.8, 'rssi': 932, 'rssi_msg': 'Strong signal', 'speed': 0.0, 'altitude': 0.07, 'caught': True, 'ready_hold_active': False, 'ready_hold_pending_capture': False, 'ready_hold_roll': 1500, 'ready_hold_pitch': 1500, 'ready_hold_yaw': 1500, 'ready_hold_throttle': 1100, 'target_locked': False, 'tracking_bbox': (311, 231, 17, 17), 'attack_error_x': 0.0, 'attack_error_y': 0.0, 'target_size': 0.0, 'attack_active': False, 'attack_base_roll': 1500, 'attack_base_pitch': 1500, 'attack_base_yaw': 1500, 'attack_base_throttle': 1100, 'prev_attack_error_x': 0.0, 'prev_attack_time': None, 'prev_target_size': 0.0}
2026-04-03 10:35:48,879 - BEE-EPT-UA913 - DEBUG - Executing command: TELEMETRY, Priority: 1, Body: {'target': 'MSP_RC'}
2026-04-03 10:35:48,891 - BEE-EPT-UA913 - DEBUG - Telemetry: b'\xdc\x05\xdc\x05\xdc\x05\xdd\x03\xd0\x07\xe8\x03\xe8\x03\xde\x05\xe8\x03\xe8\x03\xe8\x03\xfd\x05\xdc\x05\xdc\x05\xe8\x03\xe8\x03'
2026-04-03 10:35:48,892 - BEE-EPT-UA913 - INFO - Autopilot state: {'connection': True, 'bee_state': 'READY', 'roll': 1500, 'pitch': 1500, 'yaw': 1500, 'throttle': 989, 'last_manual_roll': 1500, 'last_manual_pitch': 1500, 'last_manual_yaw': 1500, 'last_manual_throttle': 989, 'aux3': 1000, 'aux4': 1502, 'aux5': 1500, 'aux6': 1000, 'aux7': 1000, 'battery': 23.8, 'rssi': 932, 'rssi_msg': 'Strong signal', 'speed': 0.0, 'altitude': 0.07, 'caught': True, 'ready_hold_active': False, 'ready_hold_pending_capture': False, 'ready_hold_roll': 1500, 'ready_hold_pitch': 1500, 'ready_hold_yaw': 1500, 'ready_hold_throttle': 1100, 'target_locked': False, 'tracking_bbox': (311, 231, 17, 17), 'attack_error_x': 0.0, 'attack_error_y': 0.0, 'target_size': 0.0, 'attack_active': False, 'attack_base_roll': 1500, 'attack_base_pitch': 1500, 'attack_base_yaw': 1500, 'attack_base_throttle': 1100, 'prev_attack_error_x': 0.0, 'prev_attack_time': None, 'prev_target_size': 0.0}
2026-04-03 10:35:48,942 - BEE-EPT-UA913 - DEBUG - Executing command: MONITOR, Priority: 2, Body: {'target': 'MSP_ANALOG'}
2026-04-03 10:35:48,949 - BEE-EPT-UA913 - DEBUG - Monitoring: b'\xee\x01\x00\xb6\x03\x14\x00J\t'
2026-04-03 10:35:48,950 - BEE-EPT-UA913 - INFO - RSSI: 950, signal: Strong signal, battery voltage: 23.8V
2026-04-03 10:35:49,000 - BEE-EPT-UA913 - DEBUG - Executing command: TELEMETRY, Priority: 1, Body: {'target': 'MSP_RC'}
2026-04-03 10:35:49,012 - BEE-EPT-UA913 - DEBUG - Telemetry: b'\xdc\x05\xdc\x05\xdc\x05\xdd\x03\xd0\x07\xe8\x03\xe8\x03\xde\x05\xe8\x03\xe8\x03\xe8\x03\xfd\x05\xdc\x05\xdc\x05\xe8\x03\xe8\x03'
2026-04-03 10:35:49,013 - BEE-EPT-UA913 - INFO - Autopilot state: {'connection': True, 'bee_state': 'READY', 'roll': 1500, 'pitch': 1500, 'yaw': 1500, 'throttle': 989, 'last_manual_roll': 1500, 'last_manual_pitch': 1500, 'last_manual_yaw': 1500, 'last_manual_throttle': 989, 'aux3': 1000, 'aux4': 1502, 'aux5': 1500, 'aux6': 1000, 'aux7': 1000, 'battery': 23.8, 'rssi': 950, 'rssi_msg': 'Strong signal', 'speed': 0.0, 'altitude': 0.07, 'caught': True, 'ready_hold_active': False, 'ready_hold_pending_capture': False, 'ready_hold_roll': 1500, 'ready_hold_pitch': 1500, 'ready_hold_yaw': 1500, 'ready_hold_throttle': 1100, 'target_locked': False, 'tracking_bbox': (311, 231, 17, 17), 'attack_error_x': 0.0, 'attack_error_y': 0.0, 'target_size': 0.0, 'attack_active': False, 'attack_base_roll': 1500, 'attack_base_pitch': 1500, 'attack_base_yaw': 1500, 'attack_base_throttle': 1100, 'prev_attack_error_x': 0.0, 'prev_attack_time': None, 'prev_target_size': 0.0}
2026-04-03 10:35:49,063 - BEE-EPT-UA913 - DEBUG - Executing command: TELEMETRY, Priority: 1, Body: {'target': 'MSP_RC'}
2026-04-03 10:35:49,072 - BEE-EPT-UA913 - DEBUG - Telemetry: b'\xdc\x05\xdc\x05\xdc\x05\xdd\x03\xd0\x07\xe8\x03\xe8\x03\xde\x05\xe8\x03\xe8\x03\xe8\x03\xfd\x05\xdc\x05\xdc\x05\xe8\x03\xe8\x03'
2026-04-03 10:35:49,073 - BEE-EPT-UA913 - INFO - Autopilot state: {'connection': True, 'bee_state': 'READY', 'roll': 1500, 'pitch': 1500, 'yaw': 1500, 'throttle': 989, 'last_manual_roll': 1500, 'last_manual_pitch': 1500, 'last_manual_yaw': 1500, 'last_manual_throttle': 989, 'aux3': 1000, 'aux4': 1502, 'aux5': 1500, 'aux6': 1000, 'aux7': 1000, 'battery': 23.8, 'rssi': 950, 'rssi_msg': 'Strong signal', 'speed': 0.0, 'altitude': 0.07, 'caught': True, 'ready_hold_active': False, 'ready_hold_pending_capture': False, 'ready_hold_roll': 1500, 'ready_hold_pitch': 1500, 'ready_hold_yaw': 1500, 'ready_hold_throttle': 1100, 'target_locked': False, 'tracking_bbox': (311, 231, 17, 17), 'attack_error_x': 0.0, 'attack_error_y': 0.0, 'target_size': 0.0, 'attack_active': False, 'attack_base_roll': 1500, 'attack_base_pitch': 1500, 'attack_base_yaw': 1500, 'attack_base_throttle': 1100, 'prev_attack_error_x': 0.0, 'prev_attack_time': None, 'prev_target_size': 0.0}
2026-04-03 10:35:49,163 - BEE-EPT-UA913 - DEBUG - Executing command: TELEMETRY, Priority: 1, Body: {'target': 'MSP_RC'}
2026-04-03 10:35:49,173 - BEE-EPT-UA913 - DEBUG - Telemetry: b'\xdc\x05\xdc\x05\xdc\x05\xdd\x03\xd0\x07\xe8\x03\xe8\x03\xde\x05\xe8\x03\xe8\x03\xe8\x03\xfd\x05\xdc\x05\xdc\x05\xe8\x03\xe8\x03'
2026-04-03 10:35:49,173 - BEE-EPT-UA913 - INFO - Autopilot state: {'connection': True, 'bee_state': 'READY', 'roll': 1500, 'pitch': 1500, 'yaw': 1500, 'throttle': 989, 'last_manual_roll': 1500, 'last_manual_pitch': 1500, 'last_manual_yaw': 1500, 'last_manual_throttle': 989, 'aux3': 1000, 'aux4': 1502, 'aux5': 1500, 'aux6': 1000, 'aux7': 1000, 'battery': 23.8, 'rssi': 950, 'rssi_msg': 'Strong signal', 'speed': 0.0, 'altitude': 0.07, 'caught': True, 'ready_hold_active': False, 'ready_hold_pending_capture': False, 'ready_hold_roll': 1500, 'ready_hold_pitch': 1500, 'ready_hold_yaw': 1500, 'ready_hold_throttle': 1100, 'target_locked': False, 'tracking_bbox': (311, 231, 17, 17), 'attack_error_x': 0.0, 'attack_error_y': 0.0, 'target_size': 0.0, 'attack_active': False, 'attack_base_roll': 1500, 'attack_base_pitch': 1500, 'attack_base_yaw': 1500, 'attack_base_throttle': 1100, 'prev_attack_error_x': 0.0, 'prev_attack_time': None, 'prev_target_size': 0.0}
2026-04-03 10:35:49,263 - BEE-EPT-UA913 - DEBUG - Executing command: TELEMETRY, Priority: 1, Body: {'target': 'MSP_RC'}
2026-04-03 10:35:49,274 - BEE-EPT-UA913 - DEBUG - Telemetry: b'\xdc\x05\xdc\x05\xdc\x05\xdd\x03\xd0\x07\xe8\x03\xe8\x03\xde\x05\xe8\x03\xe8\x03\xe8\x03\xfd\x05\xdc\x05\xdc\x05\xe8\x03\xe8\x03'
2026-04-03 10:35:49,274 - BEE-EPT-UA913 - INFO - Autopilot state: {'connection': True, 'bee_state': 'READY', 'roll': 1500, 'pitch': 1500, 'yaw': 1500, 'throttle': 989, 'last_manual_roll': 1500, 'last_manual_pitch': 1500, 'last_manual_yaw': 1500, 'last_manual_throttle': 989, 'aux3': 1000, 'aux4': 1502, 'aux5': 1500, 'aux6': 1000, 'aux7': 1000, 'battery': 23.8, 'rssi': 950, 'rssi_msg': 'Strong signal', 'speed': 0.0, 'altitude': 0.07, 'caught': True, 'ready_hold_active': False, 'ready_hold_pending_capture': False, 'ready_hold_roll': 1500, 'ready_hold_pitch': 1500, 'ready_hold_yaw': 1500, 'ready_hold_throttle': 1100, 'target_locked': False, 'tracking_bbox': (311, 231, 17, 17), 'attack_error_x': 0.0, 'attack_error_y': 0.0, 'target_size': 0.0, 'attack_active': False, 'attack_base_roll': 1500, 'attack_base_pitch': 1500, 'attack_base_yaw': 1500, 'attack_base_throttle': 1100, 'prev_attack_error_x': 0.0, 'prev_attack_time': None, 'prev_target_size': 0.0}
2026-04-03 10:35:49,364 - BEE-EPT-UA913 - DEBUG - Executing command: TELEMETRY, Priority: 1, Body: {'target': 'MSP_RC'}
2026-04-03 10:35:49,375 - BEE-EPT-UA913 - DEBUG - Telemetry: b'\xdc\x05\xdc\x05\xdc\x05\xdd\x03\xd0\x07\xe8\x03\xe8\x03\xde\x05\xe8\x03\xe8\x03\xe8\x03\xfd\x05\xdc\x05\xdc\x05\xe8\x03\xe8\x03'
2026-04-03 10:35:49,375 - BEE-EPT-UA913 - INFO - Autopilot state: {'connection': True, 'bee_state': 'READY', 'roll': 1500, 'pitch': 1500, 'yaw': 1500, 'throttle': 989, 'last_manual_roll': 1500, 'last_manual_pitch': 1500, 'last_manual_yaw': 1500, 'last_manual_throttle': 989, 'aux3': 1000, 'aux4': 1502, 'aux5': 1500, 'aux6': 1000, 'aux7': 1000, 'battery': 23.8, 'rssi': 950, 'rssi_msg': 'Strong signal', 'speed': 0.0, 'altitude': 0.07, 'caught': True, 'ready_hold_active': False, 'ready_hold_pending_capture': False, 'ready_hold_roll': 1500, 'ready_hold_pitch': 1500, 'ready_hold_yaw': 1500, 'ready_hold_throttle': 1100, 'target_locked': False, 'tracking_bbox': (311, 231, 17, 17), 'attack_error_x': 0.0, 'attack_error_y': 0.0, 'target_size': 0.0, 'attack_active': False, 'attack_base_roll': 1500, 'attack_base_pitch': 1500, 'attack_base_yaw': 1500, 'attack_base_throttle': 1100, 'prev_attack_error_x': 0.0, 'prev_attack_time': None, 'prev_target_size': 0.0}
2026-04-03 10:35:49,464 - BEE-EPT-UA913 - DEBUG - Executing command: TELEMETRY, Priority: 1, Body: {'target': 'MSP_RC'}
2026-04-03 10:35:49,475 - BEE-EPT-UA913 - DEBUG - Telemetry: b'\xdc\x05\xdc\x05\xdc\x05\xdd\x03\xd0\x07\xe8\x03\xe8\x03\xde\x05\xe8\x03\xe8\x03\xe8\x03\xfd\x05\xdc\x05\xdc\x05\xe8\x03\xe8\x03'
2026-04-03 10:35:49,476 - BEE-EPT-UA913 - INFO - Autopilot state: {'connection': True, 'bee_state': 'READY', 'roll': 1500, 'pitch': 1500, 'yaw': 1500, 'throttle': 989, 'last_manual_roll': 1500, 'last_manual_pitch': 1500, 'last_manual_yaw': 1500, 'last_manual_throttle': 989, 'aux3': 1000, 'aux4': 1502, 'aux5': 1500, 'aux6': 1000, 'aux7': 1000, 'battery': 23.8, 'rssi': 950, 'rssi_msg': 'Strong signal', 'speed': 0.0, 'altitude': 0.07, 'caught': True, 'ready_hold_active': False, 'ready_hold_pending_capture': False, 'ready_hold_roll': 1500, 'ready_hold_pitch': 1500, 'ready_hold_yaw': 1500, 'ready_hold_throttle': 1100, 'target_locked': False, 'tracking_bbox': (311, 231, 17, 17), 'attack_error_x': 0.0, 'attack_error_y': 0.0, 'target_size': 0.0, 'attack_active': False, 'attack_base_roll': 1500, 'attack_base_pitch': 1500, 'attack_base_yaw': 1500, 'attack_base_throttle': 1100, 'prev_attack_error_x': 0.0, 'prev_attack_time': None, 'prev_target_size': 0.0}
2026-04-03 10:35:49,564 - BEE-EPT-UA913 - DEBUG - Executing command: TELEMETRY, Priority: 1, Body: {'target': 'MSP_RC'}
2026-04-03 10:35:49,576 - BEE-EPT-UA913 - DEBUG - Telemetry: b'\xdc\x05\xdc\x05\xdc\x05\xdd\x03\xd0\x07\xe8\x03\xe8\x03\xde\x05\xe8\x03\xe8\x03\xe8\x03\xfd\x05\xdc\x05\xdc\x05\xe8\x03\xe8\x03'
2026-04-03 10:35:49,576 - BEE-EPT-UA913 - INFO - Autopilot state: {'connection': True, 'bee_state': 'READY', 'roll': 1500, 'pitch': 1500, 'yaw': 1500, 'throttle': 989, 'last_manual_roll': 1500, 'last_manual_pitch': 1500, 'last_manual_yaw': 1500, 'last_manual_throttle': 989, 'aux3': 1000, 'aux4': 1502, 'aux5': 1500, 'aux6': 1000, 'aux7': 1000, 'battery': 23.8, 'rssi': 950, 'rssi_msg': 'Strong signal', 'speed': 0.0, 'altitude': 0.07, 'caught': True, 'ready_hold_active': False, 'ready_hold_pending_capture': False, 'ready_hold_roll': 1500, 'ready_hold_pitch': 1500, 'ready_hold_yaw': 1500, 'ready_hold_throttle': 1100, 'target_locked': False, 'tracking_bbox': (311, 231, 17, 17), 'attack_error_x': 0.0, 'attack_error_y': 0.0, 'target_size': 0.0, 'attack_active': False, 'attack_base_roll': 1500, 'attack_base_pitch': 1500, 'attack_base_yaw': 1500, 'attack_base_throttle': 1100, 'prev_attack_error_x': 0.0, 'prev_attack_time': None, 'prev_target_size': 0.0}
2026-04-03 10:35:49,665 - BEE-EPT-UA913 - DEBUG - Executing command: TELEMETRY, Priority: 1, Body: {'target': 'MSP_RC'}
2026-04-03 10:35:49,677 - BEE-EPT-UA913 - DEBUG - Telemetry: b'\xdc\x05\xdc\x05\xdc\x05\xdd\x03\xd0\x07\xe8\x03\xe8\x03\xde\x05\xe8\x03\xe8\x03\xe8\x03\xfd\x05\xdc\x05\xdc\x05\xe8\x03\xe8\x03'
2026-04-03 10:35:49,678 - BEE-EPT-UA913 - INFO - Autopilot state: {'connection': True, 'bee_state': 'READY', 'roll': 1500, 'pitch': 1500, 'yaw': 1500, 'throttle': 989, 'last_manual_roll': 1500, 'last_manual_pitch': 1500, 'last_manual_yaw': 1500, 'last_manual_throttle': 989, 'aux3': 1000, 'aux4': 1502, 'aux5': 1500, 'aux6': 1000, 'aux7': 1000, 'battery': 23.8, 'rssi': 950, 'rssi_msg': 'Strong signal', 'speed': 0.0, 'altitude': 0.07, 'caught': True, 'ready_hold_active': False, 'ready_hold_pending_capture': False, 'ready_hold_roll': 1500, 'ready_hold_pitch': 1500, 'ready_hold_yaw': 1500, 'ready_hold_throttle': 1100, 'target_locked': False, 'tracking_bbox': (311, 231, 17, 17), 'attack_error_x': 0.0, 'attack_error_y': 0.0, 'target_size': 0.0, 'attack_active': False, 'attack_base_roll': 1500, 'attack_base_pitch': 1500, 'attack_base_yaw': 1500, 'attack_base_throttle': 1100, 'prev_attack_error_x': 0.0, 'prev_attack_time': None, 'prev_target_size': 0.0}
2026-04-03 10:35:49,765 - BEE-EPT-UA913 - DEBUG - Executing command: TELEMETRY, Priority: 1, Body: {'target': 'MSP_RC'}
2026-04-03 10:35:49,777 - BEE-EPT-UA913 - DEBUG - Telemetry: b'\xdc\x05\xdc\x05\xdc\x05\xdd\x03\xd0\x07\xe8\x03\xe8\x03\xde\x05\xe8\x03\xe8\x03\xe8\x03\xfd\x05\xdc\x05\xdc\x05\xe8\x03\xe8\x03'
2026-04-03 10:35:49,777 - BEE-EPT-UA913 - INFO - Autopilot state: {'connection': True, 'bee_state': 'READY', 'roll': 1500, 'pitch': 1500, 'yaw': 1500, 'throttle': 989, 'last_manual_roll': 1500, 'last_manual_pitch': 1500, 'last_manual_yaw': 1500, 'last_manual_throttle': 989, 'aux3': 1000, 'aux4': 1502, 'aux5': 1500, 'aux6': 1000, 'aux7': 1000, 'battery': 23.8, 'rssi': 950, 'rssi_msg': 'Strong signal', 'speed': 0.0, 'altitude': 0.07, 'caught': True, 'ready_hold_active': False, 'ready_hold_pending_capture': False, 'ready_hold_roll': 1500, 'ready_hold_pitch': 1500, 'ready_hold_yaw': 1500, 'ready_hold_throttle': 1100, 'target_locked': False, 'tracking_bbox': (311, 231, 17, 17), 'attack_error_x': 0.0, 'attack_error_y': 0.0, 'target_size': 0.0, 'attack_active': False, 'attack_base_roll': 1500, 'attack_base_pitch': 1500, 'attack_base_yaw': 1500, 'attack_base_throttle': 1100, 'prev_attack_error_x': 0.0, 'prev_attack_time': None, 'prev_target_size': 0.0}
2026-04-03 10:35:49,828 - BEE-EPT-UA913 - DEBUG - Executing command: TELEMETRY, Priority: 2, Body: {'target': 'MSP_ALTITUDE'}
2026-04-03 10:35:49,835 - BEE-EPT-UA913 - DEBUG - Telemetry: b'\x05\x00\x00\x00\x00\x00'
2026-04-03 10:35:49,835 - BEE-EPT-UA913 - INFO - Autopilot state: {'connection': True, 'bee_state': 'READY', 'roll': 1500, 'pitch': 1500, 'yaw': 1500, 'throttle': 989, 'last_manual_roll': 1500, 'last_manual_pitch': 1500, 'last_manual_yaw': 1500, 'last_manual_throttle': 989, 'aux3': 1000, 'aux4': 1502, 'aux5': 1500, 'aux6': 1000, 'aux7': 1000, 'battery': 23.8, 'rssi': 950, 'rssi_msg': 'Strong signal', 'speed': 0.0, 'altitude': 0.05, 'caught': True, 'ready_hold_active': False, 'ready_hold_pending_capture': False, 'ready_hold_roll': 1500, 'ready_hold_pitch': 1500, 'ready_hold_yaw': 1500, 'ready_hold_throttle': 1100, 'target_locked': False, 'tracking_bbox': (311, 231, 17, 17), 'attack_error_x': 0.0, 'attack_error_y': 0.0, 'target_size': 0.0, 'attack_active': False, 'attack_base_roll': 1500, 'attack_base_pitch': 1500, 'attack_base_yaw': 1500, 'attack_base_throttle': 1100, 'prev_attack_error_x': 0.0, 'prev_attack_time': None, 'prev_target_size': 0.0}
2026-04-03 10:35:49,886 - BEE-EPT-UA913 - DEBUG - Executing command: TELEMETRY, Priority: 1, Body: {'target': 'MSP_RC'}
2026-04-03 10:35:49,898 - BEE-EPT-UA913 - DEBUG - Telemetry: b'\xdc\x05\xdc\x05\xdc\x05\xdd\x03\xd0\x07\xe8\x03\xe8\x03\xde\x05\xe8\x03\xe8\x03\xe8\x03\xfd\x05\xdc\x05\xdc\x05\xe8\x03\xe8\x03'
2026-04-03 10:35:49,899 - BEE-EPT-UA913 - INFO - Autopilot state: {'connection': True, 'bee_state': 'READY', 'roll': 1500, 'pitch': 1500, 'yaw': 1500, 'throttle': 989, 'last_manual_roll': 1500, 'last_manual_pitch': 1500, 'last_manual_yaw': 1500, 'last_manual_throttle': 989, 'aux3': 1000, 'aux4': 1502, 'aux5': 1500, 'aux6': 1000, 'aux7': 1000, 'battery': 23.8, 'rssi': 950, 'rssi_msg': 'Strong signal', 'speed': 0.0, 'altitude': 0.05, 'caught': True, 'ready_hold_active': False, 'ready_hold_pending_capture': False, 'ready_hold_roll': 1500, 'ready_hold_pitch': 1500, 'ready_hold_yaw': 1500, 'ready_hold_throttle': 1100, 'target_locked': False, 'tracking_bbox': (311, 231, 17, 17), 'attack_error_x': 0.0, 'attack_error_y': 0.0, 'target_size': 0.0, 'attack_active': False, 'attack_base_roll': 1500, 'attack_base_pitch': 1500, 'attack_base_yaw': 1500, 'attack_base_throttle': 1100, 'prev_attack_error_x': 0.0, 'prev_attack_time': None, 'prev_target_size': 0.0}
2026-04-03 10:35:49,949 - BEE-EPT-UA913 - DEBUG - Executing command: MONITOR, Priority: 2, Body: {'target': 'MSP_ANALOG'}
2026-04-03 10:35:49,956 - BEE-EPT-UA913 - DEBUG - Monitoring: b'\xee\x01\x00\xc6\x03\x0c\x00J\t'
2026-04-03 10:35:49,957 - BEE-EPT-UA913 - INFO - RSSI: 966, signal: Strong signal, battery voltage: 23.8V
2026-04-03 10:35:50,007 - BEE-EPT-UA913 - DEBUG - Executing command: TELEMETRY, Priority: 1, Body: {'target': 'MSP_RC'}
2026-04-03 10:35:50,019 - BEE-EPT-UA913 - DEBUG - Telemetry: b'\xdc\x05\xdc\x05\xdc\x05\xdd\x03\xd0\x07\xe8\x03\xe8\x03\xde\x05\xe8\x03\xe8\x03\xe8\x03\xfd\x05\xdc\x05\xdc\x05\xe8\x03\xe8\x03'
2026-04-03 10:35:50,019 - BEE-EPT-UA913 - INFO - Autopilot state: {'connection': True, 'bee_state': 'READY', 'roll': 1500, 'pitch': 1500, 'yaw': 1500, 'throttle': 989, 'last_manual_roll': 1500, 'last_manual_pitch': 1500, 'last_manual_yaw': 1500, 'last_manual_throttle': 989, 'aux3': 1000, 'aux4': 1502, 'aux5': 1500, 'aux6': 1000, 'aux7': 1000, 'battery': 23.8, 'rssi': 966, 'rssi_msg': 'Strong signal', 'speed': 0.0, 'altitude': 0.05, 'caught': True, 'ready_hold_active': False, 'ready_hold_pending_capture': False, 'ready_hold_roll': 1500, 'ready_hold_pitch': 1500, 'ready_hold_yaw': 1500, 'ready_hold_throttle': 1100, 'target_locked': False, 'tracking_bbox': (311, 231, 17, 17), 'attack_error_x': 0.0, 'attack_error_y': 0.0, 'target_size': 0.0, 'attack_active': False, 'attack_base_roll': 1500, 'attack_base_pitch': 1500, 'attack_base_yaw': 1500, 'attack_base_throttle': 1100, 'prev_attack_error_x': 0.0, 'prev_attack_time': None, 'prev_target_size': 0.0}
2026-04-03 10:35:50,069 - BEE-EPT-UA913 - DEBUG - Executing command: TELEMETRY, Priority: 1, Body: {'target': 'MSP_RC'}
2026-04-03 10:35:50,079 - BEE-EPT-UA913 - DEBUG - Telemetry: b'\xdc\x05\xdc\x05\xdc\x05\xdd\x03\xd0\x07\xe8\x03\xe8\x03\xde\x05\xe8\x03\xe8\x03\xe8\x03\xfd\x05\xdc\x05\xdc\x05\xe8\x03\xe8\x03'
2026-04-03 10:35:50,079 - BEE-EPT-UA913 - INFO - Autopilot state: {'connection': True, 'bee_state': 'READY', 'roll': 1500, 'pitch': 1500, 'yaw': 1500, 'throttle': 989, 'last_manual_roll': 1500, 'last_manual_pitch': 1500, 'last_manual_yaw': 1500, 'last_manual_throttle': 989, 'aux3': 1000, 'aux4': 1502, 'aux5': 1500, 'aux6': 1000, 'aux7': 1000, 'battery': 23.8, 'rssi': 966, 'rssi_msg': 'Strong signal', 'speed': 0.0, 'altitude': 0.05, 'caught': True, 'ready_hold_active': False, 'ready_hold_pending_capture': False, 'ready_hold_roll': 1500, 'ready_hold_pitch': 1500, 'ready_hold_yaw': 1500, 'ready_hold_throttle': 1100, 'target_locked': False, 'tracking_bbox': (311, 231, 17, 17), 'attack_error_x': 0.0, 'attack_error_y': 0.0, 'target_size': 0.0, 'attack_active': False, 'attack_base_roll': 1500, 'attack_base_pitch': 1500, 'attack_base_yaw': 1500, 'attack_base_throttle': 1100, 'prev_attack_error_x': 0.0, 'prev_attack_time': None, 'prev_target_size': 0.0}
2026-04-03 10:35:50,167 - BEE-EPT-UA913 - DEBUG - Executing command: TELEMETRY, Priority: 1, Body: {'target': 'MSP_RC'}
2026-04-03 10:35:50,179 - BEE-EPT-UA913 - DEBUG - Telemetry: b'\xdc\x05\xdc\x05\xdc\x05\xdd\x03\xd0\x07\xe8\x03\xe8\x03\xde\x05\xe8\x03\xe8\x03\xe8\x03\xfd\x05\xdc\x05\xdc\x05\xe8\x03\xe8\x03'
2026-04-03 10:35:50,180 - BEE-EPT-UA913 - INFO - Autopilot state: {'connection': True, 'bee_state': 'READY', 'roll': 1500, 'pitch': 1500, 'yaw': 1500, 'throttle': 989, 'last_manual_roll': 1500, 'last_manual_pitch': 1500, 'last_manual_yaw': 1500, 'last_manual_throttle': 989, 'aux3': 1000, 'aux4': 1502, 'aux5': 1500, 'aux6': 1000, 'aux7': 1000, 'battery': 23.8, 'rssi': 966, 'rssi_msg': 'Strong signal', 'speed': 0.0, 'altitude': 0.05, 'caught': True, 'ready_hold_active': False, 'ready_hold_pending_capture': False, 'ready_hold_roll': 1500, 'ready_hold_pitch': 1500, 'ready_hold_yaw': 1500, 'ready_hold_throttle': 1100, 'target_locked': False, 'tracking_bbox': (311, 231, 17, 17), 'attack_error_x': 0.0, 'attack_error_y': 0.0, 'target_size': 0.0, 'attack_active': False, 'attack_base_roll': 1500, 'attack_base_pitch': 1500, 'attack_base_yaw': 1500, 'attack_base_throttle': 1100, 'prev_attack_error_x': 0.0, 'prev_attack_time': None, 'prev_target_size': 0.0}
2026-04-03 10:35:50,267 - BEE-EPT-UA913 - DEBUG - Executing command: TELEMETRY, Priority: 1, Body: {'target': 'MSP_RC'}
2026-04-03 10:35:50,280 - BEE-EPT-UA913 - DEBUG - Telemetry: b'\xdc\x05\xdc\x05\xdc\x05\xdd\x03\xd0\x07\xe8\x03\xe8\x03\xde\x05\xe8\x03\xe8\x03\xe8\x03\xfd\x05\xdc\x05\xdc\x05\xe8\x03\xe8\x03'
2026-04-03 10:35:50,280 - BEE-EPT-UA913 - INFO - Autopilot state: {'connection': True, 'bee_state': 'READY', 'roll': 1500, 'pitch': 1500, 'yaw': 1500, 'throttle': 989, 'last_manual_roll': 1500, 'last_manual_pitch': 1500, 'last_manual_yaw': 1500, 'last_manual_throttle': 989, 'aux3': 1000, 'aux4': 1502, 'aux5': 1500, 'aux6': 1000, 'aux7': 1000, 'battery': 23.8, 'rssi': 966, 'rssi_msg': 'Strong signal', 'speed': 0.0, 'altitude': 0.05, 'caught': True, 'ready_hold_active': False, 'ready_hold_pending_capture': False, 'ready_hold_roll': 1500, 'ready_hold_pitch': 1500, 'ready_hold_yaw': 1500, 'ready_hold_throttle': 1100, 'target_locked': False, 'tracking_bbox': (311, 231, 17, 17), 'attack_error_x': 0.0, 'attack_error_y': 0.0, 'target_size': 0.0, 'attack_active': False, 'attack_base_roll': 1500, 'attack_base_pitch': 1500, 'attack_base_yaw': 1500, 'attack_base_throttle': 1100, 'prev_attack_error_x': 0.0, 'prev_attack_time': None, 'prev_target_size': 0.0}
2026-04-03 10:35:50,368 - BEE-EPT-UA913 - DEBUG - Executing command: TELEMETRY, Priority: 1, Body: {'target': 'MSP_RC'}
2026-04-03 10:35:50,381 - BEE-EPT-UA913 - DEBUG - Telemetry: b'\xdc\x05\xdc\x05\xdc\x05\xdd\x03\xd0\x07\xe8\x03\xe8\x03\xde\x05\xe8\x03\xe8\x03\xe8\x03\xfd\x05\xdc\x05\xdc\x05\xe8\x03\xe8\x03'
2026-04-03 10:35:50,382 - BEE-EPT-UA913 - INFO - Autopilot state: {'connection': True, 'bee_state': 'READY', 'roll': 1500, 'pitch': 1500, 'yaw': 1500, 'throttle': 989, 'last_manual_roll': 1500, 'last_manual_pitch': 1500, 'last_manual_yaw': 1500, 'last_manual_throttle': 989, 'aux3': 1000, 'aux4': 1502, 'aux5': 1500, 'aux6': 1000, 'aux7': 1000, 'battery': 23.8, 'rssi': 966, 'rssi_msg': 'Strong signal', 'speed': 0.0, 'altitude': 0.05, 'caught': True, 'ready_hold_active': False, 'ready_hold_pending_capture': False, 'ready_hold_roll': 1500, 'ready_hold_pitch': 1500, 'ready_hold_yaw': 1500, 'ready_hold_throttle': 1100, 'target_locked': False, 'tracking_bbox': (311, 231, 17, 17), 'attack_error_x': 0.0, 'attack_error_y': 0.0, 'target_size': 0.0, 'attack_active': False, 'attack_base_roll': 1500, 'attack_base_pitch': 1500, 'attack_base_yaw': 1500, 'attack_base_throttle': 1100, 'prev_attack_error_x': 0.0, 'prev_attack_time': None, 'prev_target_size': 0.0}
2026-04-03 10:35:50,468 - BEE-EPT-UA913 - DEBUG - Executing command: TELEMETRY, Priority: 1, Body: {'target': 'MSP_RC'}
2026-04-03 10:35:50,481 - BEE-EPT-UA913 - DEBUG - Telemetry: b'\xdc\x05\xdc\x05\xdc\x05\xdd\x03\xd0\x07\xe8\x03\xe8\x03\xde\x05\xe8\x03\xe8\x03\xe8\x03\xfd\x05\xdc\x05\xdc\x05\xe8\x03\xe8\x03'
2026-04-03 10:35:50,481 - BEE-EPT-UA913 - INFO - Autopilot state: {'connection': True, 'bee_state': 'READY', 'roll': 1500, 'pitch': 1500, 'yaw': 1500, 'throttle': 989, 'last_manual_roll': 1500, 'last_manual_pitch': 1500, 'last_manual_yaw': 1500, 'last_manual_throttle': 989, 'aux3': 1000, 'aux4': 1502, 'aux5': 1500, 'aux6': 1000, 'aux7': 1000, 'battery': 23.8, 'rssi': 966, 'rssi_msg': 'Strong signal', 'speed': 0.0, 'altitude': 0.05, 'caught': True, 'ready_hold_active': False, 'ready_hold_pending_capture': False, 'ready_hold_roll': 1500, 'ready_hold_pitch': 1500, 'ready_hold_yaw': 1500, 'ready_hold_throttle': 1100, 'target_locked': False, 'tracking_bbox': (311, 231, 17, 17), 'attack_error_x': 0.0, 'attack_error_y': 0.0, 'target_size': 0.0, 'attack_active': False, 'attack_base_roll': 1500, 'attack_base_pitch': 1500, 'attack_base_yaw': 1500, 'attack_base_throttle': 1100, 'prev_attack_error_x': 0.0, 'prev_attack_time': None, 'prev_target_size': 0.0}
2026-04-03 10:35:50,569 - BEE-EPT-UA913 - DEBUG - Executing command: TELEMETRY, Priority: 1, Body: {'target': 'MSP_RC'}
2026-04-03 10:35:50,581 - BEE-EPT-UA913 - DEBUG - Telemetry: b'\xdc\x05\xdc\x05\xdc\x05\xdd\x03\xd0\x07\xe8\x03\xe8\x03\xde\x05\xe8\x03\xe8\x03\xe8\x03\xfd\x05\xdc\x05\xdc\x05\xe8\x03\xe8\x03'
2026-04-03 10:35:50,582 - BEE-EPT-UA913 - INFO - Autopilot state: {'connection': True, 'bee_state': 'READY', 'roll': 1500, 'pitch': 1500, 'yaw': 1500, 'throttle': 989, 'last_manual_roll': 1500, 'last_manual_pitch': 1500, 'last_manual_yaw': 1500, 'last_manual_throttle': 989, 'aux3': 1000, 'aux4': 1502, 'aux5': 1500, 'aux6': 1000, 'aux7': 1000, 'battery': 23.8, 'rssi': 966, 'rssi_msg': 'Strong signal', 'speed': 0.0, 'altitude': 0.05, 'caught': True, 'ready_hold_active': False, 'ready_hold_pending_capture': False, 'ready_hold_roll': 1500, 'ready_hold_pitch': 1500, 'ready_hold_yaw': 1500, 'ready_hold_throttle': 1100, 'target_locked': False, 'tracking_bbox': (311, 231, 17, 17), 'attack_error_x': 0.0, 'attack_error_y': 0.0, 'target_size': 0.0, 'attack_active': False, 'attack_base_roll': 1500, 'attack_base_pitch': 1500, 'attack_base_yaw': 1500, 'attack_base_throttle': 1100, 'prev_attack_error_x': 0.0, 'prev_attack_time': None, 'prev_target_size': 0.0}
2026-04-03 10:35:50,669 - BEE-EPT-UA913 - DEBUG - Executing command: TELEMETRY, Priority: 1, Body: {'target': 'MSP_RC'}
2026-04-03 10:35:50,682 - BEE-EPT-UA913 - DEBUG - Telemetry: b'\xdc\x05\xdc\x05\xdc\x05\xdd\x03\xd0\x07\xe8\x03\xe8\x03\xde\x05\xe8\x03\xe8\x03\xe8\x03\xfd\x05\xdc\x05\xdc\x05\xe8\x03\xe8\x03'
2026-04-03 10:35:50,683 - BEE-EPT-UA913 - INFO - Autopilot state: {'connection': True, 'bee_state': 'READY', 'roll': 1500, 'pitch': 1500, 'yaw': 1500, 'throttle': 989, 'last_manual_roll': 1500, 'last_manual_pitch': 1500, 'last_manual_yaw': 1500, 'last_manual_throttle': 989, 'aux3': 1000, 'aux4': 1502, 'aux5': 1500, 'aux6': 1000, 'aux7': 1000, 'battery': 23.8, 'rssi': 966, 'rssi_msg': 'Strong signal', 'speed': 0.0, 'altitude': 0.05, 'caught': True, 'ready_hold_active': False, 'ready_hold_pending_capture': False, 'ready_hold_roll': 1500, 'ready_hold_pitch': 1500, 'ready_hold_yaw': 1500, 'ready_hold_throttle': 1100, 'target_locked': False, 'tracking_bbox': (311, 231, 17, 17), 'attack_error_x': 0.0, 'attack_error_y': 0.0, 'target_size': 0.0, 'attack_active': False, 'attack_base_roll': 1500, 'attack_base_pitch': 1500, 'attack_base_yaw': 1500, 'attack_base_throttle': 1100, 'prev_attack_error_x': 0.0, 'prev_attack_time': None, 'prev_target_size': 0.0}
2026-04-03 10:35:50,770 - BEE-EPT-UA913 - DEBUG - Executing command: TELEMETRY, Priority: 1, Body: {'target': 'MSP_RC'}
2026-04-03 10:35:50,782 - BEE-EPT-UA913 - DEBUG - Telemetry: b'\xdc\x05\xdc\x05\xdc\x05\xdd\x03\xd0\x07\xe8\x03\xe8\x03\xde\x05\xe8\x03\xe8\x03\xe8\x03\xfd\x05\xdc\x05\xdc\x05\xe8\x03\xe8\x03'
2026-04-03 10:35:50,783 - BEE-EPT-UA913 - INFO - Autopilot state: {'connection': True, 'bee_state': 'READY', 'roll': 1500, 'pitch': 1500, 'yaw': 1500, 'throttle': 989, 'last_manual_roll': 1500, 'last_manual_pitch': 1500, 'last_manual_yaw': 1500, 'last_manual_throttle': 989, 'aux3': 1000, 'aux4': 1502, 'aux5': 1500, 'aux6': 1000, 'aux7': 1000, 'battery': 23.8, 'rssi': 966, 'rssi_msg': 'Strong signal', 'speed': 0.0, 'altitude': 0.05, 'caught': True, 'ready_hold_active': False, 'ready_hold_pending_capture': False, 'ready_hold_roll': 1500, 'ready_hold_pitch': 1500, 'ready_hold_yaw': 1500, 'ready_hold_throttle': 1100, 'target_locked': False, 'tracking_bbox': (311, 231, 17, 17), 'attack_error_x': 0.0, 'attack_error_y': 0.0, 'target_size': 0.0, 'attack_active': False, 'attack_base_roll': 1500, 'attack_base_pitch': 1500, 'attack_base_yaw': 1500, 'attack_base_throttle': 1100, 'prev_attack_error_x': 0.0, 'prev_attack_time': None, 'prev_target_size': 0.0}
2026-04-03 10:35:50,833 - BEE-EPT-UA913 - DEBUG - Executing command: TELEMETRY, Priority: 2, Body: {'target': 'MSP_ALTITUDE'}
2026-04-03 10:35:50,840 - BEE-EPT-UA913 - DEBUG - Telemetry: b'\x08\x00\x00\x00\x00\x00'
2026-04-03 10:35:50,841 - BEE-EPT-UA913 - INFO - Autopilot state: {'connection': True, 'bee_state': 'READY', 'roll': 1500, 'pitch': 1500, 'yaw': 1500, 'throttle': 989, 'last_manual_roll': 1500, 'last_manual_pitch': 1500, 'last_manual_yaw': 1500, 'last_manual_throttle': 989, 'aux3': 1000, 'aux4': 1502, 'aux5': 1500, 'aux6': 1000, 'aux7': 1000, 'battery': 23.8, 'rssi': 966, 'rssi_msg': 'Strong signal', 'speed': 0.0, 'altitude': 0.08, 'caught': True, 'ready_hold_active': False, 'ready_hold_pending_capture': False, 'ready_hold_roll': 1500, 'ready_hold_pitch': 1500, 'ready_hold_yaw': 1500, 'ready_hold_throttle': 1100, 'target_locked': False, 'tracking_bbox': (311, 231, 17, 17), 'attack_error_x': 0.0, 'attack_error_y': 0.0, 'target_size': 0.0, 'attack_active': False, 'attack_base_roll': 1500, 'attack_base_pitch': 1500, 'attack_base_yaw': 1500, 'attack_base_throttle': 1100, 'prev_attack_error_x': 0.0, 'prev_attack_time': None, 'prev_target_size': 0.0}
2026-04-03 10:35:50,891 - BEE-EPT-UA913 - DEBUG - Executing command: TELEMETRY, Priority: 1, Body: {'target': 'MSP_RC'}
2026-04-03 10:35:50,903 - BEE-EPT-UA913 - DEBUG - Telemetry: b'\xdc\x05\xdc\x05\xdc\x05\xdd\x03\xd0\x07\xe8\x03\xe8\x03\xde\x05\xe8\x03\xe8\x03\xe8\x03\xfd\x05\xdc\x05\xdc\x05\xe8\x03\xe8\x03'
2026-04-03 10:35:50,903 - BEE-EPT-UA913 - INFO - Autopilot state: {'connection': True, 'bee_state': 'READY', 'roll': 1500, 'pitch': 1500, 'yaw': 1500, 'throttle': 989, 'last_manual_roll': 1500, 'last_manual_pitch': 1500, 'last_manual_yaw': 1500, 'last_manual_throttle': 989, 'aux3': 1000, 'aux4': 1502, 'aux5': 1500, 'aux6': 1000, 'aux7': 1000, 'battery': 23.8, 'rssi': 966, 'rssi_msg': 'Strong signal', 'speed': 0.0, 'altitude': 0.08, 'caught': True, 'ready_hold_active': False, 'ready_hold_pending_capture': False, 'ready_hold_roll': 1500, 'ready_hold_pitch': 1500, 'ready_hold_yaw': 1500, 'ready_hold_throttle': 1100, 'target_locked': False, 'tracking_bbox': (311, 231, 17, 17), 'attack_error_x': 0.0, 'attack_error_y': 0.0, 'target_size': 0.0, 'attack_active': False, 'attack_base_roll': 1500, 'attack_base_pitch': 1500, 'attack_base_yaw': 1500, 'attack_base_throttle': 1100, 'prev_attack_error_x': 0.0, 'prev_attack_time': None, 'prev_target_size': 0.0}
2026-04-03 10:35:50,954 - BEE-EPT-UA913 - DEBUG - Executing command: MONITOR, Priority: 2, Body: {'target': 'MSP_ANALOG'}
2026-04-03 10:35:50,961 - BEE-EPT-UA913 - DEBUG - Monitoring: b'\xee\x01\x00\xc6\x03\x14\x00I\t'
2026-04-03 10:35:50,961 - BEE-EPT-UA913 - INFO - RSSI: 966, signal: Strong signal, battery voltage: 23.8V
2026-04-03 10:35:51,012 - BEE-EPT-UA913 - DEBUG - Executing command: TELEMETRY, Priority: 1, Body: {'target': 'MSP_RC'}
2026-04-03 10:35:51,023 - BEE-EPT-UA913 - DEBUG - Telemetry: b'\xdc\x05\xdc\x05\xdc\x05\xdd\x03\xd0\x07\xe8\x03\xe8\x03\xde\x05\xe8\x03\xe8\x03\xe8\x03\xfd\x05\xdc\x05\xdc\x05\xe8\x03\xe8\x03'
2026-04-03 10:35:51,024 - BEE-EPT-UA913 - INFO - Autopilot state: {'connection': True, 'bee_state': 'READY', 'roll': 1500, 'pitch': 1500, 'yaw': 1500, 'throttle': 989, 'last_manual_roll': 1500, 'last_manual_pitch': 1500, 'last_manual_yaw': 1500, 'last_manual_throttle': 989, 'aux3': 1000, 'aux4': 1502, 'aux5': 1500, 'aux6': 1000, 'aux7': 1000, 'battery': 23.8, 'rssi': 966, 'rssi_msg': 'Strong signal', 'speed': 0.0, 'altitude': 0.08, 'caught': True, 'ready_hold_active': False, 'ready_hold_pending_capture': False, 'ready_hold_roll': 1500, 'ready_hold_pitch': 1500, 'ready_hold_yaw': 1500, 'ready_hold_throttle': 1100, 'target_locked': False, 'tracking_bbox': (311, 231, 17, 17), 'attack_error_x': 0.0, 'attack_error_y': 0.0, 'target_size': 0.0, 'attack_active': False, 'attack_base_roll': 1500, 'attack_base_pitch': 1500, 'attack_base_yaw': 1500, 'attack_base_throttle': 1100, 'prev_attack_error_x': 0.0, 'prev_attack_time': None, 'prev_target_size': 0.0}
2026-04-03 10:35:51,074 - BEE-EPT-UA913 - DEBUG - Executing command: TELEMETRY, Priority: 1, Body: {'target': 'MSP_RC'}
2026-04-03 10:35:51,084 - BEE-EPT-UA913 - DEBUG - Telemetry: b'\xdc\x05\xdc\x05\xdc\x05\xdd\x03\xd0\x07\xe8\x03\xe8\x03\xde\x05\xe8\x03\xe8\x03\xe8\x03\xfd\x05\xdc\x05\xdc\x05\xe8\x03\xe8\x03'
2026-04-03 10:35:51,084 - BEE-EPT-UA913 - INFO - Autopilot state: {'connection': True, 'bee_state': 'READY', 'roll': 1500, 'pitch': 1500, 'yaw': 1500, 'throttle': 989, 'last_manual_roll': 1500, 'last_manual_pitch': 1500, 'last_manual_yaw': 1500, 'last_manual_throttle': 989, 'aux3': 1000, 'aux4': 1502, 'aux5': 1500, 'aux6': 1000, 'aux7': 1000, 'battery': 23.8, 'rssi': 966, 'rssi_msg': 'Strong signal', 'speed': 0.0, 'altitude': 0.08, 'caught': True, 'ready_hold_active': False, 'ready_hold_pending_capture': False, 'ready_hold_roll': 1500, 'ready_hold_pitch': 1500, 'ready_hold_yaw': 1500, 'ready_hold_throttle': 1100, 'target_locked': False, 'tracking_bbox': (311, 231, 17, 17), 'attack_error_x': 0.0, 'attack_error_y': 0.0, 'target_size': 0.0, 'attack_active': False, 'attack_base_roll': 1500, 'attack_base_pitch': 1500, 'attack_base_yaw': 1500, 'attack_base_throttle': 1100, 'prev_attack_error_x': 0.0, 'prev_attack_time': None, 'prev_target_size': 0.0}
2026-04-03 10:35:51,171 - BEE-EPT-UA913 - DEBUG - Executing command: TELEMETRY, Priority: 1, Body: {'target': 'MSP_RC'}
2026-04-03 10:35:51,184 - BEE-EPT-UA913 - DEBUG - Telemetry: b'\xdc\x05\xdc\x05\xdc\x05\xdd\x03\xd0\x07\xe8\x03\xe8\x03\xde\x05\xe8\x03\xe8\x03\xe8\x03\xfd\x05\xdc\x05\xdc\x05\xe8\x03\xe8\x03'
2026-04-03 10:35:51,185 - BEE-EPT-UA913 - INFO - Autopilot state: {'connection': True, 'bee_state': 'READY', 'roll': 1500, 'pitch': 1500, 'yaw': 1500, 'throttle': 989, 'last_manual_roll': 1500, 'last_manual_pitch': 1500, 'last_manual_yaw': 1500, 'last_manual_throttle': 989, 'aux3': 1000, 'aux4': 1502, 'aux5': 1500, 'aux6': 1000, 'aux7': 1000, 'battery': 23.8, 'rssi': 966, 'rssi_msg': 'Strong signal', 'speed': 0.0, 'altitude': 0.08, 'caught': True, 'ready_hold_active': False, 'ready_hold_pending_capture': False, 'ready_hold_roll': 1500, 'ready_hold_pitch': 1500, 'ready_hold_yaw': 1500, 'ready_hold_throttle': 1100, 'target_locked': False, 'tracking_bbox': (311, 231, 17, 17), 'attack_error_x': 0.0, 'attack_error_y': 0.0, 'target_size': 0.0, 'attack_active': False, 'attack_base_roll': 1500, 'attack_base_pitch': 1500, 'attack_base_yaw': 1500, 'attack_base_throttle': 1100, 'prev_attack_error_x': 0.0, 'prev_attack_time': None, 'prev_target_size': 0.0}
2026-04-03 10:35:51,271 - BEE-EPT-UA913 - DEBUG - Executing command: TELEMETRY, Priority: 1, Body: {'target': 'MSP_RC'}
2026-04-03 10:35:51,285 - BEE-EPT-UA913 - DEBUG - Telemetry: b'\xdc\x05\xdc\x05\xdc\x05\xdd\x03\xd0\x07\xe8\x03\xe8\x03\xde\x05\xe8\x03\xe8\x03\xe8\x03\xfd\x05\xdc\x05\xdc\x05\xe8\x03\xe8\x03'
2026-04-03 10:35:51,286 - BEE-EPT-UA913 - INFO - Autopilot state: {'connection': True, 'bee_state': 'READY', 'roll': 1500, 'pitch': 1500, 'yaw': 1500, 'throttle': 989, 'last_manual_roll': 1500, 'last_manual_pitch': 1500, 'last_manual_yaw': 1500, 'last_manual_throttle': 989, 'aux3': 1000, 'aux4': 1502, 'aux5': 1500, 'aux6': 1000, 'aux7': 1000, 'battery': 23.8, 'rssi': 966, 'rssi_msg': 'Strong signal', 'speed': 0.0, 'altitude': 0.08, 'caught': True, 'ready_hold_active': False, 'ready_hold_pending_capture': False, 'ready_hold_roll': 1500, 'ready_hold_pitch': 1500, 'ready_hold_yaw': 1500, 'ready_hold_throttle': 1100, 'target_locked': False, 'tracking_bbox': (311, 231, 17, 17), 'attack_error_x': 0.0, 'attack_error_y': 0.0, 'target_size': 0.0, 'attack_active': False, 'attack_base_roll': 1500, 'attack_base_pitch': 1500, 'attack_base_yaw': 1500, 'attack_base_throttle': 1100, 'prev_attack_error_x': 0.0, 'prev_attack_time': None, 'prev_target_size': 0.0}
2026-04-03 10:35:51,372 - BEE-EPT-UA913 - DEBUG - Executing command: TELEMETRY, Priority: 1, Body: {'target': 'MSP_RC'}
2026-04-03 10:35:51,385 - BEE-EPT-UA913 - DEBUG - Telemetry: b'\xdc\x05\xdc\x05\xdc\x05\xdd\x03\xd0\x07\xe8\x03\xe8\x03\xde\x05\xe8\x03\xe8\x03\xe8\x03\xfd\x05\xdc\x05\xdc\x05\xe8\x03\xe8\x03'
2026-04-03 10:35:51,386 - BEE-EPT-UA913 - INFO - Autopilot state: {'connection': True, 'bee_state': 'READY', 'roll': 1500, 'pitch': 1500, 'yaw': 1500, 'throttle': 989, 'last_manual_roll': 1500, 'last_manual_pitch': 1500, 'last_manual_yaw': 1500, 'last_manual_throttle': 989, 'aux3': 1000, 'aux4': 1502, 'aux5': 1500, 'aux6': 1000, 'aux7': 1000, 'battery': 23.8, 'rssi': 966, 'rssi_msg': 'Strong signal', 'speed': 0.0, 'altitude': 0.08, 'caught': True, 'ready_hold_active': False, 'ready_hold_pending_capture': False, 'ready_hold_roll': 1500, 'ready_hold_pitch': 1500, 'ready_hold_yaw': 1500, 'ready_hold_throttle': 1100, 'target_locked': False, 'tracking_bbox': (311, 231, 17, 17), 'attack_error_x': 0.0, 'attack_error_y': 0.0, 'target_size': 0.0, 'attack_active': False, 'attack_base_roll': 1500, 'attack_base_pitch': 1500, 'attack_base_yaw': 1500, 'attack_base_throttle': 1100, 'prev_attack_error_x': 0.0, 'prev_attack_time': None, 'prev_target_size': 0.0}
2026-04-03 10:35:51,472 - BEE-EPT-UA913 - DEBUG - Executing command: TELEMETRY, Priority: 1, Body: {'target': 'MSP_RC'}
2026-04-03 10:35:51,486 - BEE-EPT-UA913 - DEBUG - Telemetry: b'\xdc\x05\xdc\x05\xdc\x05\xdd\x03\xd0\x07\xe8\x03\xe8\x03\xde\x05\xe8\x03\xe8\x03\xe8\x03\xfd\x05\xdc\x05\xdc\x05\xe8\x03\xe8\x03'
2026-04-03 10:35:51,486 - BEE-EPT-UA913 - INFO - Autopilot state: {'connection': True, 'bee_state': 'READY', 'roll': 1500, 'pitch': 1500, 'yaw': 1500, 'throttle': 989, 'last_manual_roll': 1500, 'last_manual_pitch': 1500, 'last_manual_yaw': 1500, 'last_manual_throttle': 989, 'aux3': 1000, 'aux4': 1502, 'aux5': 1500, 'aux6': 1000, 'aux7': 1000, 'battery': 23.8, 'rssi': 966, 'rssi_msg': 'Strong signal', 'speed': 0.0, 'altitude': 0.08, 'caught': True, 'ready_hold_active': False, 'ready_hold_pending_capture': False, 'ready_hold_roll': 1500, 'ready_hold_pitch': 1500, 'ready_hold_yaw': 1500, 'ready_hold_throttle': 1100, 'target_locked': False, 'tracking_bbox': (311, 231, 17, 17), 'attack_error_x': 0.0, 'attack_error_y': 0.0, 'target_size': 0.0, 'attack_active': False, 'attack_base_roll': 1500, 'attack_base_pitch': 1500, 'attack_base_yaw': 1500, 'attack_base_throttle': 1100, 'prev_attack_error_x': 0.0, 'prev_attack_time': None, 'prev_target_size': 0.0}
2026-04-03 10:35:51,572 - BEE-EPT-UA913 - DEBUG - Executing command: TELEMETRY, Priority: 1, Body: {'target': 'MSP_RC'}
2026-04-03 10:35:51,586 - BEE-EPT-UA913 - DEBUG - Telemetry: b'\xdc\x05\xdc\x05\xdc\x05\xdd\x03\xd0\x07\xe8\x03\xe8\x03\xde\x05\xe8\x03\xe8\x03\xe8\x03\xfd\x05\xdc\x05\xdc\x05\xe8\x03\xe8\x03'
2026-04-03 10:35:51,587 - BEE-EPT-UA913 - INFO - Autopilot state: {'connection': True, 'bee_state': 'READY', 'roll': 1500, 'pitch': 1500, 'yaw': 1500, 'throttle': 989, 'last_manual_roll': 1500, 'last_manual_pitch': 1500, 'last_manual_yaw': 1500, 'last_manual_throttle': 989, 'aux3': 1000, 'aux4': 1502, 'aux5': 1500, 'aux6': 1000, 'aux7': 1000, 'battery': 23.8, 'rssi': 966, 'rssi_msg': 'Strong signal', 'speed': 0.0, 'altitude': 0.08, 'caught': True, 'ready_hold_active': False, 'ready_hold_pending_capture': False, 'ready_hold_roll': 1500, 'ready_hold_pitch': 1500, 'ready_hold_yaw': 1500, 'ready_hold_throttle': 1100, 'target_locked': False, 'tracking_bbox': (311, 231, 17, 17), 'attack_error_x': 0.0, 'attack_error_y': 0.0, 'target_size': 0.0, 'attack_active': False, 'attack_base_roll': 1500, 'attack_base_pitch': 1500, 'attack_base_yaw': 1500, 'attack_base_throttle': 1100, 'prev_attack_error_x': 0.0, 'prev_attack_time': None, 'prev_target_size': 0.0}
2026-04-03 10:35:51,673 - BEE-EPT-UA913 - DEBUG - Executing command: TELEMETRY, Priority: 1, Body: {'target': 'MSP_RC'}
2026-04-03 10:35:51,687 - BEE-EPT-UA913 - DEBUG - Telemetry: b'\xdc\x05\xdc\x05\xdc\x05\xdd\x03\xd0\x07\xe8\x03\xe8\x03\xde\x05\xe8\x03\xe8\x03\xe8\x03\xfd\x05\xdc\x05\xdc\x05\xe8\x03\xe8\x03'
2026-04-03 10:35:51,687 - BEE-EPT-UA913 - INFO - Autopilot state: {'connection': True, 'bee_state': 'READY', 'roll': 1500, 'pitch': 1500, 'yaw': 1500, 'throttle': 989, 'last_manual_roll': 1500, 'last_manual_pitch': 1500, 'last_manual_yaw': 1500, 'last_manual_throttle': 989, 'aux3': 1000, 'aux4': 1502, 'aux5': 1500, 'aux6': 1000, 'aux7': 1000, 'battery': 23.8, 'rssi': 966, 'rssi_msg': 'Strong signal', 'speed': 0.0, 'altitude': 0.08, 'caught': True, 'ready_hold_active': False, 'ready_hold_pending_capture': False, 'ready_hold_roll': 1500, 'ready_hold_pitch': 1500, 'ready_hold_yaw': 1500, 'ready_hold_throttle': 1100, 'target_locked': False, 'tracking_bbox': (311, 231, 17, 17), 'attack_error_x': 0.0, 'attack_error_y': 0.0, 'target_size': 0.0, 'attack_active': False, 'attack_base_roll': 1500, 'attack_base_pitch': 1500, 'attack_base_yaw': 1500, 'attack_base_throttle': 1100, 'prev_attack_error_x': 0.0, 'prev_attack_time': None, 'prev_target_size': 0.0}
2026-04-03 10:35:51,773 - BEE-EPT-UA913 - DEBUG - Executing command: TELEMETRY, Priority: 1, Body: {'target': 'MSP_RC'}
2026-04-03 10:35:51,787 - BEE-EPT-UA913 - DEBUG - Telemetry: b'\xdc\x05\xdc\x05\xdc\x05\xdd\x03\xd0\x07\xe8\x03\xe8\x03\xde\x05\xe8\x03\xe8\x03\xe8\x03\xfd\x05\xdc\x05\xdc\x05\xe8\x03\xe8\x03'
2026-04-03 10:35:51,788 - BEE-EPT-UA913 - INFO - Autopilot state: {'connection': True, 'bee_state': 'READY', 'roll': 1500, 'pitch': 1500, 'yaw': 1500, 'throttle': 989, 'last_manual_roll': 1500, 'last_manual_pitch': 1500, 'last_manual_yaw': 1500, 'last_manual_throttle': 989, 'aux3': 1000, 'aux4': 1502, 'aux5': 1500, 'aux6': 1000, 'aux7': 1000, 'battery': 23.8, 'rssi': 966, 'rssi_msg': 'Strong signal', 'speed': 0.0, 'altitude': 0.08, 'caught': True, 'ready_hold_active': False, 'ready_hold_pending_capture': False, 'ready_hold_roll': 1500, 'ready_hold_pitch': 1500, 'ready_hold_yaw': 1500, 'ready_hold_throttle': 1100, 'target_locked': False, 'tracking_bbox': (311, 231, 17, 17), 'attack_error_x': 0.0, 'attack_error_y': 0.0, 'target_size': 0.0, 'attack_active': False, 'attack_base_roll': 1500, 'attack_base_pitch': 1500, 'attack_base_yaw': 1500, 'attack_base_throttle': 1100, 'prev_attack_error_x': 0.0, 'prev_attack_time': None, 'prev_target_size': 0.0}
2026-04-03 10:35:51,838 - BEE-EPT-UA913 - DEBUG - Executing command: TELEMETRY, Priority: 2, Body: {'target': 'MSP_ALTITUDE'}
2026-04-03 10:35:51,846 - BEE-EPT-UA913 - DEBUG - Telemetry: b'\x08\x00\x00\x00\x00\x00'
2026-04-03 10:35:51,846 - BEE-EPT-UA913 - INFO - Autopilot state: {'connection': True, 'bee_state': 'READY', 'roll': 1500, 'pitch': 1500, 'yaw': 1500, 'throttle': 989, 'last_manual_roll': 1500, 'last_manual_pitch': 1500, 'last_manual_yaw': 1500, 'last_manual_throttle': 989, 'aux3': 1000, 'aux4': 1502, 'aux5': 1500, 'aux6': 1000, 'aux7': 1000, 'battery': 23.8, 'rssi': 966, 'rssi_msg': 'Strong signal', 'speed': 0.0, 'altitude': 0.08, 'caught': True, 'ready_hold_active': False, 'ready_hold_pending_capture': False, 'ready_hold_roll': 1500, 'ready_hold_pitch': 1500, 'ready_hold_yaw': 1500, 'ready_hold_throttle': 1100, 'target_locked': False, 'tracking_bbox': (311, 231, 17, 17), 'attack_error_x': 0.0, 'attack_error_y': 0.0, 'target_size': 0.0, 'attack_active': False, 'attack_base_roll': 1500, 'attack_base_pitch': 1500, 'attack_base_yaw': 1500, 'attack_base_throttle': 1100, 'prev_attack_error_x': 0.0, 'prev_attack_time': None, 'prev_target_size': 0.0}
2026-04-03 10:35:51,896 - BEE-EPT-UA913 - DEBUG - Executing command: TELEMETRY, Priority: 1, Body: {'target': 'MSP_RC'}
2026-04-03 10:35:51,908 - BEE-EPT-UA913 - DEBUG - Telemetry: b'\xdc\x05\xdc\x05\xdc\x05\xdd\x03\xd0\x07\xe8\x03\xe8\x03\xde\x05\xe8\x03\xe8\x03\xe8\x03\xfd\x05\xdc\x05\xdc\x05\xe8\x03\xe8\x03'
2026-04-03 10:35:51,909 - BEE-EPT-UA913 - INFO - Autopilot state: {'connection': True, 'bee_state': 'READY', 'roll': 1500, 'pitch': 1500, 'yaw': 1500, 'throttle': 989, 'last_manual_roll': 1500, 'last_manual_pitch': 1500, 'last_manual_yaw': 1500, 'last_manual_throttle': 989, 'aux3': 1000, 'aux4': 1502, 'aux5': 1500, 'aux6': 1000, 'aux7': 1000, 'battery': 23.8, 'rssi': 966, 'rssi_msg': 'Strong signal', 'speed': 0.0, 'altitude': 0.08, 'caught': True, 'ready_hold_active': False, 'ready_hold_pending_capture': False, 'ready_hold_roll': 1500, 'ready_hold_pitch': 1500, 'ready_hold_yaw': 1500, 'ready_hold_throttle': 1100, 'target_locked': False, 'tracking_bbox': (311, 231, 17, 17), 'attack_error_x': 0.0, 'attack_error_y': 0.0, 'target_size': 0.0, 'attack_active': False, 'attack_base_roll': 1500, 'attack_base_pitch': 1500, 'attack_base_yaw': 1500, 'attack_base_throttle': 1100, 'prev_attack_error_x': 0.0, 'prev_attack_time': None, 'prev_target_size': 0.0}
2026-04-03 10:35:51,959 - BEE-EPT-UA913 - DEBUG - Executing command: MONITOR, Priority: 2, Body: {'target': 'MSP_ANALOG'}
2026-04-03 10:35:51,966 - BEE-EPT-UA913 - DEBUG - Monitoring: b'\xee\x01\x00\xbf\x03\x0c\x00J\t'
2026-04-03 10:35:51,967 - BEE-EPT-UA913 - INFO - RSSI: 959, signal: Strong signal, battery voltage: 23.8V
2026-04-03 10:35:52,017 - BEE-EPT-UA913 - DEBUG - Executing command: TELEMETRY, Priority: 1, Body: {'target': 'MSP_RC'}
2026-04-03 10:35:52,029 - BEE-EPT-UA913 - DEBUG - Telemetry: b'\xdc\x05\xdc\x05\xdc\x05\xdd\x03\xd0\x07\xe8\x03\xe8\x03\xde\x05\xe8\x03\xe8\x03\xe8\x03\xfd\x05\xdc\x05\xdc\x05\xe8\x03\xe8\x03'
2026-04-03 10:35:52,029 - BEE-EPT-UA913 - INFO - Autopilot state: {'connection': True, 'bee_state': 'READY', 'roll': 1500, 'pitch': 1500, 'yaw': 1500, 'throttle': 989, 'last_manual_roll': 1500, 'last_manual_pitch': 1500, 'last_manual_yaw': 1500, 'last_manual_throttle': 989, 'aux3': 1000, 'aux4': 1502, 'aux5': 1500, 'aux6': 1000, 'aux7': 1000, 'battery': 23.8, 'rssi': 959, 'rssi_msg': 'Strong signal', 'speed': 0.0, 'altitude': 0.08, 'caught': True, 'ready_hold_active': False, 'ready_hold_pending_capture': False, 'ready_hold_roll': 1500, 'ready_hold_pitch': 1500, 'ready_hold_yaw': 1500, 'ready_hold_throttle': 1100, 'target_locked': False, 'tracking_bbox': (311, 231, 17, 17), 'attack_error_x': 0.0, 'attack_error_y': 0.0, 'target_size': 0.0, 'attack_active': False, 'attack_base_roll': 1500, 'attack_base_pitch': 1500, 'attack_base_yaw': 1500, 'attack_base_throttle': 1100, 'prev_attack_error_x': 0.0, 'prev_attack_time': None, 'prev_target_size': 0.0}
2026-04-03 10:35:52,080 - BEE-EPT-UA913 - DEBUG - Executing command: TELEMETRY, Priority: 1, Body: {'target': 'MSP_RC'}
2026-04-03 10:35:52,089 - BEE-EPT-UA913 - DEBUG - Telemetry: b'\xdc\x05\xdc\x05\xdc\x05\xdd\x03\xd0\x07\xe8\x03\xe8\x03\xde\x05\xe8\x03\xe8\x03\xe8\x03\xfd\x05\xdc\x05\xdc\x05\xe8\x03\xe8\x03'
2026-04-03 10:35:52,089 - BEE-EPT-UA913 - INFO - Autopilot state: {'connection': True, 'bee_state': 'READY', 'roll': 1500, 'pitch': 1500, 'yaw': 1500, 'throttle': 989, 'last_manual_roll': 1500, 'last_manual_pitch': 1500, 'last_manual_yaw': 1500, 'last_manual_throttle': 989, 'aux3': 1000, 'aux4': 1502, 'aux5': 1500, 'aux6': 1000, 'aux7': 1000, 'battery': 23.8, 'rssi': 959, 'rssi_msg': 'Strong signal', 'speed': 0.0, 'altitude': 0.08, 'caught': True, 'ready_hold_active': False, 'ready_hold_pending_capture': False, 'ready_hold_roll': 1500, 'ready_hold_pitch': 1500, 'ready_hold_yaw': 1500, 'ready_hold_throttle': 1100, 'target_locked': False, 'tracking_bbox': (311, 231, 17, 17), 'attack_error_x': 0.0, 'attack_error_y': 0.0, 'target_size': 0.0, 'attack_active': False, 'attack_base_roll': 1500, 'attack_base_pitch': 1500, 'attack_base_yaw': 1500, 'attack_base_throttle': 1100, 'prev_attack_error_x': 0.0, 'prev_attack_time': None, 'prev_target_size': 0.0}
2026-04-03 10:35:52,175 - BEE-EPT-UA913 - DEBUG - Executing command: TELEMETRY, Priority: 1, Body: {'target': 'MSP_RC'}
2026-04-03 10:35:52,179 - BEE-EPT-UA913 - DEBUG - Telemetry: b'\xdc\x05\xdc\x05\xdc\x05\xdd\x03\xd0\x07\xe8\x03\xe8\x03\xde\x05\xe8\x03\xe8\x03\xe8\x03\xfd\x05\xdc\x05\xdc\x05\xe8\x03\xe8\x03'
2026-04-03 10:35:52,180 - BEE-EPT-UA913 - INFO - Autopilot state: {'connection': True, 'bee_state': 'READY', 'roll': 1500, 'pitch': 1500, 'yaw': 1500, 'throttle': 989, 'last_manual_roll': 1500, 'last_manual_pitch': 1500, 'last_manual_yaw': 1500, 'last_manual_throttle': 989, 'aux3': 1000, 'aux4': 1502, 'aux5': 1500, 'aux6': 1000, 'aux7': 1000, 'battery': 23.8, 'rssi': 959, 'rssi_msg': 'Strong signal', 'speed': 0.0, 'altitude': 0.08, 'caught': True, 'ready_hold_active': False, 'ready_hold_pending_capture': False, 'ready_hold_roll': 1500, 'ready_hold_pitch': 1500, 'ready_hold_yaw': 1500, 'ready_hold_throttle': 1100, 'target_locked': False, 'tracking_bbox': (311, 231, 17, 17), 'attack_error_x': 0.0, 'attack_error_y': 0.0, 'target_size': 0.0, 'attack_active': False, 'attack_base_roll': 1500, 'attack_base_pitch': 1500, 'attack_base_yaw': 1500, 'attack_base_throttle': 1100, 'prev_attack_error_x': 0.0, 'prev_attack_time': None, 'prev_target_size': 0.0}
2026-04-03 10:35:52,275 - BEE-EPT-UA913 - DEBUG - Executing command: TELEMETRY, Priority: 1, Body: {'target': 'MSP_RC'}
2026-04-03 10:35:52,280 - BEE-EPT-UA913 - DEBUG - Telemetry: b'\xdc\x05\xdc\x05\xdc\x05\xdd\x03\xd0\x07\xe8\x03\xe8\x03\xde\x05\xe8\x03\xe8\x03\xe8\x03\xfd\x05\xdc\x05\xdc\x05\xe8\x03\xe8\x03'
2026-04-03 10:35:52,280 - BEE-EPT-UA913 - INFO - Autopilot state: {'connection': True, 'bee_state': 'READY', 'roll': 1500, 'pitch': 1500, 'yaw': 1500, 'throttle': 989, 'last_manual_roll': 1500, 'last_manual_pitch': 1500, 'last_manual_yaw': 1500, 'last_manual_throttle': 989, 'aux3': 1000, 'aux4': 1502, 'aux5': 1500, 'aux6': 1000, 'aux7': 1000, 'battery': 23.8, 'rssi': 959, 'rssi_msg': 'Strong signal', 'speed': 0.0, 'altitude': 0.08, 'caught': True, 'ready_hold_active': False, 'ready_hold_pending_capture': False, 'ready_hold_roll': 1500, 'ready_hold_pitch': 1500, 'ready_hold_yaw': 1500, 'ready_hold_throttle': 1100, 'target_locked': False, 'tracking_bbox': (311, 231, 17, 17), 'attack_error_x': 0.0, 'attack_error_y': 0.0, 'target_size': 0.0, 'attack_active': False, 'attack_base_roll': 1500, 'attack_base_pitch': 1500, 'attack_base_yaw': 1500, 'attack_base_throttle': 1100, 'prev_attack_error_x': 0.0, 'prev_attack_time': None, 'prev_target_size': 0.0}
2026-04-03 10:35:52,375 - BEE-EPT-UA913 - DEBUG - Executing command: TELEMETRY, Priority: 1, Body: {'target': 'MSP_RC'}
2026-04-03 10:35:52,381 - BEE-EPT-UA913 - DEBUG - Telemetry: b'\xdc\x05\xdc\x05\xdc\x05\xdd\x03\xd0\x07\xe8\x03\xe8\x03\xde\x05\xe8\x03\xe8\x03\xe8\x03\xfd\x05\xdc\x05\xdc\x05\xe8\x03\xe8\x03'
2026-04-03 10:35:52,381 - BEE-EPT-UA913 - INFO - Autopilot state: {'connection': True, 'bee_state': 'READY', 'roll': 1500, 'pitch': 1500, 'yaw': 1500, 'throttle': 989, 'last_manual_roll': 1500, 'last_manual_pitch': 1500, 'last_manual_yaw': 1500, 'last_manual_throttle': 989, 'aux3': 1000, 'aux4': 1502, 'aux5': 1500, 'aux6': 1000, 'aux7': 1000, 'battery': 23.8, 'rssi': 959, 'rssi_msg': 'Strong signal', 'speed': 0.0, 'altitude': 0.08, 'caught': True, 'ready_hold_active': False, 'ready_hold_pending_capture': False, 'ready_hold_roll': 1500, 'ready_hold_pitch': 1500, 'ready_hold_yaw': 1500, 'ready_hold_throttle': 1100, 'target_locked': False, 'tracking_bbox': (311, 231, 17, 17), 'attack_error_x': 0.0, 'attack_error_y': 0.0, 'target_size': 0.0, 'attack_active': False, 'attack_base_roll': 1500, 'attack_base_pitch': 1500, 'attack_base_yaw': 1500, 'attack_base_throttle': 1100, 'prev_attack_error_x': 0.0, 'prev_attack_time': None, 'prev_target_size': 0.0}
2026-04-03 10:35:52,476 - BEE-EPT-UA913 - DEBUG - Executing command: TELEMETRY, Priority: 1, Body: {'target': 'MSP_RC'}
2026-04-03 10:35:52,481 - BEE-EPT-UA913 - DEBUG - Telemetry: b'\xdc\x05\xdc\x05\xdc\x05\xdd\x03\xd0\x07\xe8\x03\xe8\x03\xde\x05\xe8\x03\xe8\x03\xe8\x03\xfd\x05\xdc\x05\xdc\x05\xe8\x03\xe8\x03'
2026-04-03 10:35:52,481 - BEE-EPT-UA913 - INFO - Autopilot state: {'connection': True, 'bee_state': 'READY', 'roll': 1500, 'pitch': 1500, 'yaw': 1500, 'throttle': 989, 'last_manual_roll': 1500, 'last_manual_pitch': 1500, 'last_manual_yaw': 1500, 'last_manual_throttle': 989, 'aux3': 1000, 'aux4': 1502, 'aux5': 1500, 'aux6': 1000, 'aux7': 1000, 'battery': 23.8, 'rssi': 959, 'rssi_msg': 'Strong signal', 'speed': 0.0, 'altitude': 0.08, 'caught': True, 'ready_hold_active': False, 'ready_hold_pending_capture': False, 'ready_hold_roll': 1500, 'ready_hold_pitch': 1500, 'ready_hold_yaw': 1500, 'ready_hold_throttle': 1100, 'target_locked': False, 'tracking_bbox': (311, 231, 17, 17), 'attack_error_x': 0.0, 'attack_error_y': 0.0, 'target_size': 0.0, 'attack_active': False, 'attack_base_roll': 1500, 'attack_base_pitch': 1500, 'attack_base_yaw': 1500, 'attack_base_throttle': 1100, 'prev_attack_error_x': 0.0, 'prev_attack_time': None, 'prev_target_size': 0.0}
2026-04-03 10:35:52,576 - BEE-EPT-UA913 - DEBUG - Executing command: TELEMETRY, Priority: 1, Body: {'target': 'MSP_RC'}
2026-04-03 10:35:52,581 - BEE-EPT-UA913 - DEBUG - Telemetry: b'\xdc\x05\xdc\x05\xdc\x05\xdd\x03\xd0\x07\xe8\x03\xe8\x03\xde\x05\xe8\x03\xe8\x03\xe8\x03\xfd\x05\xdc\x05\xdc\x05\xe8\x03\xe8\x03'
2026-04-03 10:35:52,582 - BEE-EPT-UA913 - INFO - Autopilot state: {'connection': True, 'bee_state': 'READY', 'roll': 1500, 'pitch': 1500, 'yaw': 1500, 'throttle': 989, 'last_manual_roll': 1500, 'last_manual_pitch': 1500, 'last_manual_yaw': 1500, 'last_manual_throttle': 989, 'aux3': 1000, 'aux4': 1502, 'aux5': 1500, 'aux6': 1000, 'aux7': 1000, 'battery': 23.8, 'rssi': 959, 'rssi_msg': 'Strong signal', 'speed': 0.0, 'altitude': 0.08, 'caught': True, 'ready_hold_active': False, 'ready_hold_pending_capture': False, 'ready_hold_roll': 1500, 'ready_hold_pitch': 1500, 'ready_hold_yaw': 1500, 'ready_hold_throttle': 1100, 'target_locked': False, 'tracking_bbox': (311, 231, 17, 17), 'attack_error_x': 0.0, 'attack_error_y': 0.0, 'target_size': 0.0, 'attack_active': False, 'attack_base_roll': 1500, 'attack_base_pitch': 1500, 'attack_base_yaw': 1500, 'attack_base_throttle': 1100, 'prev_attack_error_x': 0.0, 'prev_attack_time': None, 'prev_target_size': 0.0}
2026-04-03 10:35:52,677 - BEE-EPT-UA913 - DEBUG - Executing command: TELEMETRY, Priority: 1, Body: {'target': 'MSP_RC'}
2026-04-03 10:35:52,682 - BEE-EPT-UA913 - DEBUG - Telemetry: b'\xdc\x05\xdc\x05\xdc\x05\xdd\x03\xd0\x07\xe8\x03\xe8\x03\xde\x05\xe8\x03\xe8\x03\xe8\x03\xfd\x05\xdc\x05\xdc\x05\xe8\x03\xe8\x03'
2026-04-03 10:35:52,682 - BEE-EPT-UA913 - INFO - Autopilot state: {'connection': True, 'bee_state': 'READY', 'roll': 1500, 'pitch': 1500, 'yaw': 1500, 'throttle': 989, 'last_manual_roll': 1500, 'last_manual_pitch': 1500, 'last_manual_yaw': 1500, 'last_manual_throttle': 989, 'aux3': 1000, 'aux4': 1502, 'aux5': 1500, 'aux6': 1000, 'aux7': 1000, 'battery': 23.8, 'rssi': 959, 'rssi_msg': 'Strong signal', 'speed': 0.0, 'altitude': 0.08, 'caught': True, 'ready_hold_active': False, 'ready_hold_pending_capture': False, 'ready_hold_roll': 1500, 'ready_hold_pitch': 1500, 'ready_hold_yaw': 1500, 'ready_hold_throttle': 1100, 'target_locked': False, 'tracking_bbox': (311, 231, 17, 17), 'attack_error_x': 0.0, 'attack_error_y': 0.0, 'target_size': 0.0, 'attack_active': False, 'attack_base_roll': 1500, 'attack_base_pitch': 1500, 'attack_base_yaw': 1500, 'attack_base_throttle': 1100, 'prev_attack_error_x': 0.0, 'prev_attack_time': None, 'prev_target_size': 0.0}
2026-04-03 10:35:52,777 - BEE-EPT-UA913 - DEBUG - Executing command: TELEMETRY, Priority: 1, Body: {'target': 'MSP_RC'}
2026-04-03 10:35:52,782 - BEE-EPT-UA913 - DEBUG - Telemetry: b'\xdc\x05\xdc\x05\xdc\x05\xdd\x03\xd0\x07\xe8\x03\xe8\x03\xde\x05\xe8\x03\xe8\x03\xe8\x03\xfd\x05\xdc\x05\xdc\x05\xe8\x03\xe8\x03'
2026-04-03 10:35:52,783 - BEE-EPT-UA913 - INFO - Autopilot state: {'connection': True, 'bee_state': 'READY', 'roll': 1500, 'pitch': 1500, 'yaw': 1500, 'throttle': 989, 'last_manual_roll': 1500, 'last_manual_pitch': 1500, 'last_manual_yaw': 1500, 'last_manual_throttle': 989, 'aux3': 1000, 'aux4': 1502, 'aux5': 1500, 'aux6': 1000, 'aux7': 1000, 'battery': 23.8, 'rssi': 959, 'rssi_msg': 'Strong signal', 'speed': 0.0, 'altitude': 0.08, 'caught': True, 'ready_hold_active': False, 'ready_hold_pending_capture': False, 'ready_hold_roll': 1500, 'ready_hold_pitch': 1500, 'ready_hold_yaw': 1500, 'ready_hold_throttle': 1100, 'target_locked': False, 'tracking_bbox': (311, 231, 17, 17), 'attack_error_x': 0.0, 'attack_error_y': 0.0, 'target_size': 0.0, 'attack_active': False, 'attack_base_roll': 1500, 'attack_base_pitch': 1500, 'attack_base_yaw': 1500, 'attack_base_throttle': 1100, 'prev_attack_error_x': 0.0, 'prev_attack_time': None, 'prev_target_size': 0.0}
2026-04-03 10:35:52,833 - BEE-EPT-UA913 - DEBUG - Executing command: TELEMETRY, Priority: 2, Body: {'target': 'MSP_ALTITUDE'}
2026-04-03 10:35:52,840 - BEE-EPT-UA913 - DEBUG - Telemetry: b'\x08\x00\x00\x00\x00\x00'
2026-04-03 10:35:52,841 - BEE-EPT-UA913 - INFO - Autopilot state: {'connection': True, 'bee_state': 'READY', 'roll': 1500, 'pitch': 1500, 'yaw': 1500, 'throttle': 989, 'last_manual_roll': 1500, 'last_manual_pitch': 1500, 'last_manual_yaw': 1500, 'last_manual_throttle': 989, 'aux3': 1000, 'aux4': 1502, 'aux5': 1500, 'aux6': 1000, 'aux7': 1000, 'battery': 23.8, 'rssi': 959, 'rssi_msg': 'Strong signal', 'speed': 0.0, 'altitude': 0.08, 'caught': True, 'ready_hold_active': False, 'ready_hold_pending_capture': False, 'ready_hold_roll': 1500, 'ready_hold_pitch': 1500, 'ready_hold_yaw': 1500, 'ready_hold_throttle': 1100, 'target_locked': False, 'tracking_bbox': (311, 231, 17, 17), 'attack_error_x': 0.0, 'attack_error_y': 0.0, 'target_size': 0.0, 'attack_active': False, 'attack_base_roll': 1500, 'attack_base_pitch': 1500, 'attack_base_yaw': 1500, 'attack_base_throttle': 1100, 'prev_attack_error_x': 0.0, 'prev_attack_time': None, 'prev_target_size': 0.0}
2026-04-03 10:35:52,891 - BEE-EPT-UA913 - DEBUG - Executing command: TELEMETRY, Priority: 1, Body: {'target': 'MSP_RC'}
2026-04-03 10:35:52,903 - BEE-EPT-UA913 - DEBUG - Telemetry: b'\xdc\x05\xdc\x05\xdc\x05\xdd\x03\xd0\x07\xe8\x03\xe8\x03\xde\x05\xe8\x03\xe8\x03\xe8\x03\xfd\x05\xdc\x05\xdc\x05\xe8\x03\xe8\x03'
2026-04-03 10:35:52,903 - BEE-EPT-UA913 - INFO - Autopilot state: {'connection': True, 'bee_state': 'READY', 'roll': 1500, 'pitch': 1500, 'yaw': 1500, 'throttle': 989, 'last_manual_roll': 1500, 'last_manual_pitch': 1500, 'last_manual_yaw': 1500, 'last_manual_throttle': 989, 'aux3': 1000, 'aux4': 1502, 'aux5': 1500, 'aux6': 1000, 'aux7': 1000, 'battery': 23.8, 'rssi': 959, 'rssi_msg': 'Strong signal', 'speed': 0.0, 'altitude': 0.08, 'caught': True, 'ready_hold_active': False, 'ready_hold_pending_capture': False, 'ready_hold_roll': 1500, 'ready_hold_pitch': 1500, 'ready_hold_yaw': 1500, 'ready_hold_throttle': 1100, 'target_locked': False, 'tracking_bbox': (311, 231, 17, 17), 'attack_error_x': 0.0, 'attack_error_y': 0.0, 'target_size': 0.0, 'attack_active': False, 'attack_base_roll': 1500, 'attack_base_pitch': 1500, 'attack_base_yaw': 1500, 'attack_base_throttle': 1100, 'prev_attack_error_x': 0.0, 'prev_attack_time': None, 'prev_target_size': 0.0}
2026-04-03 10:35:52,954 - BEE-EPT-UA913 - DEBUG - Executing command: MONITOR, Priority: 2, Body: {'target': 'MSP_ANALOG'}
2026-04-03 10:35:52,961 - BEE-EPT-UA913 - DEBUG - Monitoring: b'\xee\x01\x00\xc1\x03\x0c\x00I\t'
2026-04-03 10:35:52,962 - BEE-EPT-UA913 - INFO - RSSI: 961, signal: Strong signal, battery voltage: 23.8V
2026-04-03 10:35:53,012 - BEE-EPT-UA913 - DEBUG - Executing command: TELEMETRY, Priority: 1, Body: {'target': 'MSP_RC'}
2026-04-03 10:35:53,023 - BEE-EPT-UA913 - DEBUG - Telemetry: b'\xdc\x05\xdc\x05\xdc\x05\xdd\x03\xd0\x07\xe8\x03\xe8\x03\xde\x05\xe8\x03\xe8\x03\xe8\x03\xfd\x05\xdc\x05\xdc\x05\xe8\x03\xe8\x03'
2026-04-03 10:35:53,024 - BEE-EPT-UA913 - INFO - Autopilot state: {'connection': True, 'bee_state': 'READY', 'roll': 1500, 'pitch': 1500, 'yaw': 1500, 'throttle': 989, 'last_manual_roll': 1500, 'last_manual_pitch': 1500, 'last_manual_yaw': 1500, 'last_manual_throttle': 989, 'aux3': 1000, 'aux4': 1502, 'aux5': 1500, 'aux6': 1000, 'aux7': 1000, 'battery': 23.8, 'rssi': 961, 'rssi_msg': 'Strong signal', 'speed': 0.0, 'altitude': 0.08, 'caught': True, 'ready_hold_active': False, 'ready_hold_pending_capture': False, 'ready_hold_roll': 1500, 'ready_hold_pitch': 1500, 'ready_hold_yaw': 1500, 'ready_hold_throttle': 1100, 'target_locked': False, 'tracking_bbox': (311, 231, 17, 17), 'attack_error_x': 0.0, 'attack_error_y': 0.0, 'target_size': 0.0, 'attack_active': False, 'attack_base_roll': 1500, 'attack_base_pitch': 1500, 'attack_base_yaw': 1500, 'attack_base_throttle': 1100, 'prev_attack_error_x': 0.0, 'prev_attack_time': None, 'prev_target_size': 0.0}
2026-04-03 10:35:53,080 - BEE-EPT-UA913 - DEBUG - Executing command: TELEMETRY, Priority: 1, Body: {'target': 'MSP_RC'}
2026-04-03 10:35:53,094 - BEE-EPT-UA913 - DEBUG - Telemetry: b'\xdc\x05\xdc\x05\xdc\x05\xdd\x03\xd0\x07\xe8\x03\xe8\x03\xde\x05\xe8\x03\xe8\x03\xe8\x03\xfd\x05\xdc\x05\xdc\x05\xe8\x03\xe8\x03'
2026-04-03 10:35:53,094 - BEE-EPT-UA913 - INFO - Autopilot state: {'connection': True, 'bee_state': 'READY', 'roll': 1500, 'pitch': 1500, 'yaw': 1500, 'throttle': 989, 'last_manual_roll': 1500, 'last_manual_pitch': 1500, 'last_manual_yaw': 1500, 'last_manual_throttle': 989, 'aux3': 1000, 'aux4': 1502, 'aux5': 1500, 'aux6': 1000, 'aux7': 1000, 'battery': 23.8, 'rssi': 961, 'rssi_msg': 'Strong signal', 'speed': 0.0, 'altitude': 0.08, 'caught': True, 'ready_hold_active': False, 'ready_hold_pending_capture': False, 'ready_hold_roll': 1500, 'ready_hold_pitch': 1500, 'ready_hold_yaw': 1500, 'ready_hold_throttle': 1100, 'target_locked': False, 'tracking_bbox': (311, 231, 17, 17), 'attack_error_x': 0.0, 'attack_error_y': 0.0, 'target_size': 0.0, 'attack_active': False, 'attack_base_roll': 1500, 'attack_base_pitch': 1500, 'attack_base_yaw': 1500, 'attack_base_throttle': 1100, 'prev_attack_error_x': 0.0, 'prev_attack_time': None, 'prev_target_size': 0.0}
2026-04-03 10:35:53,180 - BEE-EPT-UA913 - DEBUG - Executing command: TELEMETRY, Priority: 1, Body: {'target': 'MSP_RC'}
2026-04-03 10:35:53,194 - BEE-EPT-UA913 - DEBUG - Telemetry: b'\xdc\x05\xdc\x05\xdc\x05\xdd\x03\xd0\x07\xe8\x03\xe8\x03\xde\x05\xe8\x03\xe8\x03\xe8\x03\xfd\x05\xdc\x05\xdc\x05\xe8\x03\xe8\x03'
2026-04-03 10:35:53,195 - BEE-EPT-UA913 - INFO - Autopilot state: {'connection': True, 'bee_state': 'READY', 'roll': 1500, 'pitch': 1500, 'yaw': 1500, 'throttle': 989, 'last_manual_roll': 1500, 'last_manual_pitch': 1500, 'last_manual_yaw': 1500, 'last_manual_throttle': 989, 'aux3': 1000, 'aux4': 1502, 'aux5': 1500, 'aux6': 1000, 'aux7': 1000, 'battery': 23.8, 'rssi': 961, 'rssi_msg': 'Strong signal', 'speed': 0.0, 'altitude': 0.08, 'caught': True, 'ready_hold_active': False, 'ready_hold_pending_capture': False, 'ready_hold_roll': 1500, 'ready_hold_pitch': 1500, 'ready_hold_yaw': 1500, 'ready_hold_throttle': 1100, 'target_locked': False, 'tracking_bbox': (311, 231, 17, 17), 'attack_error_x': 0.0, 'attack_error_y': 0.0, 'target_size': 0.0, 'attack_active': False, 'attack_base_roll': 1500, 'attack_base_pitch': 1500, 'attack_base_yaw': 1500, 'attack_base_throttle': 1100, 'prev_attack_error_x': 0.0, 'prev_attack_time': None, 'prev_target_size': 0.0}
2026-04-03 10:35:53,280 - BEE-EPT-UA913 - DEBUG - Executing command: TELEMETRY, Priority: 1, Body: {'target': 'MSP_RC'}
2026-04-03 10:35:53,285 - BEE-EPT-UA913 - DEBUG - Telemetry: b'\xdc\x05\xdc\x05\xdc\x05\xdd\x03\xd0\x07\xe8\x03\xe8\x03\xde\x05\xe8\x03\xe8\x03\xe8\x03\xfd\x05\xdc\x05\xdc\x05\xe8\x03\xe8\x03'
2026-04-03 10:35:53,285 - BEE-EPT-UA913 - INFO - Autopilot state: {'connection': True, 'bee_state': 'READY', 'roll': 1500, 'pitch': 1500, 'yaw': 1500, 'throttle': 989, 'last_manual_roll': 1500, 'last_manual_pitch': 1500, 'last_manual_yaw': 1500, 'last_manual_throttle': 989, 'aux3': 1000, 'aux4': 1502, 'aux5': 1500, 'aux6': 1000, 'aux7': 1000, 'battery': 23.8, 'rssi': 961, 'rssi_msg': 'Strong signal', 'speed': 0.0, 'altitude': 0.08, 'caught': True, 'ready_hold_active': False, 'ready_hold_pending_capture': False, 'ready_hold_roll': 1500, 'ready_hold_pitch': 1500, 'ready_hold_yaw': 1500, 'ready_hold_throttle': 1100, 'target_locked': False, 'tracking_bbox': (311, 231, 17, 17), 'attack_error_x': 0.0, 'attack_error_y': 0.0, 'target_size': 0.0, 'attack_active': False, 'attack_base_roll': 1500, 'attack_base_pitch': 1500, 'attack_base_yaw': 1500, 'attack_base_throttle': 1100, 'prev_attack_error_x': 0.0, 'prev_attack_time': None, 'prev_target_size': 0.0}
2026-04-03 10:35:53,381 - BEE-EPT-UA913 - DEBUG - Executing command: TELEMETRY, Priority: 1, Body: {'target': 'MSP_RC'}
2026-04-03 10:35:53,386 - BEE-EPT-UA913 - DEBUG - Telemetry: b'\xdc\x05\xdc\x05\xdc\x05\xdd\x03\xd0\x07\xe8\x03\xe8\x03\xde\x05\xe8\x03\xe8\x03\xe8\x03\xfd\x05\xdc\x05\xdc\x05\xe8\x03\xe8\x03'
2026-04-03 10:35:53,387 - BEE-EPT-UA913 - INFO - Autopilot state: {'connection': True, 'bee_state': 'READY', 'roll': 1500, 'pitch': 1500, 'yaw': 1500, 'throttle': 989, 'last_manual_roll': 1500, 'last_manual_pitch': 1500, 'last_manual_yaw': 1500, 'last_manual_throttle': 989, 'aux3': 1000, 'aux4': 1502, 'aux5': 1500, 'aux6': 1000, 'aux7': 1000, 'battery': 23.8, 'rssi': 961, 'rssi_msg': 'Strong signal', 'speed': 0.0, 'altitude': 0.08, 'caught': True, 'ready_hold_active': False, 'ready_hold_pending_capture': False, 'ready_hold_roll': 1500, 'ready_hold_pitch': 1500, 'ready_hold_yaw': 1500, 'ready_hold_throttle': 1100, 'target_locked': False, 'tracking_bbox': (311, 231, 17, 17), 'attack_error_x': 0.0, 'attack_error_y': 0.0, 'target_size': 0.0, 'attack_active': False, 'attack_base_roll': 1500, 'attack_base_pitch': 1500, 'attack_base_yaw': 1500, 'attack_base_throttle': 1100, 'prev_attack_error_x': 0.0, 'prev_attack_time': None, 'prev_target_size': 0.0}
2026-04-03 10:35:53,481 - BEE-EPT-UA913 - DEBUG - Executing command: TELEMETRY, Priority: 1, Body: {'target': 'MSP_RC'}
2026-04-03 10:35:53,486 - BEE-EPT-UA913 - DEBUG - Telemetry: b'\xdc\x05\xdc\x05\xdc\x05\xdd\x03\xd0\x07\xe8\x03\xe8\x03\xde\x05\xe8\x03\xe8\x03\xe8\x03\xfd\x05\xdc\x05\xdc\x05\xe8\x03\xe8\x03'
2026-04-03 10:35:53,487 - BEE-EPT-UA913 - INFO - Autopilot state: {'connection': True, 'bee_state': 'READY', 'roll': 1500, 'pitch': 1500, 'yaw': 1500, 'throttle': 989, 'last_manual_roll': 1500, 'last_manual_pitch': 1500, 'last_manual_yaw': 1500, 'last_manual_throttle': 989, 'aux3': 1000, 'aux4': 1502, 'aux5': 1500, 'aux6': 1000, 'aux7': 1000, 'battery': 23.8, 'rssi': 961, 'rssi_msg': 'Strong signal', 'speed': 0.0, 'altitude': 0.08, 'caught': True, 'ready_hold_active': False, 'ready_hold_pending_capture': False, 'ready_hold_roll': 1500, 'ready_hold_pitch': 1500, 'ready_hold_yaw': 1500, 'ready_hold_throttle': 1100, 'target_locked': False, 'tracking_bbox': (311, 231, 17, 17), 'attack_error_x': 0.0, 'attack_error_y': 0.0, 'target_size': 0.0, 'attack_active': False, 'attack_base_roll': 1500, 'attack_base_pitch': 1500, 'attack_base_yaw': 1500, 'attack_base_throttle': 1100, 'prev_attack_error_x': 0.0, 'prev_attack_time': None, 'prev_target_size': 0.0}
2026-04-03 10:35:53,581 - BEE-EPT-UA913 - DEBUG - Executing command: TELEMETRY, Priority: 1, Body: {'target': 'MSP_RC'}
2026-04-03 10:35:53,587 - BEE-EPT-UA913 - DEBUG - Telemetry: b'\xdc\x05\xdc\x05\xdc\x05\xdd\x03\xd0\x07\xe8\x03\xe8\x03\xde\x05\xe8\x03\xe8\x03\xe8\x03\xfd\x05\xdc\x05\xdc\x05\xe8\x03\xe8\x03'
2026-04-03 10:35:53,587 - BEE-EPT-UA913 - INFO - Autopilot state: {'connection': True, 'bee_state': 'READY', 'roll': 1500, 'pitch': 1500, 'yaw': 1500, 'throttle': 989, 'last_manual_roll': 1500, 'last_manual_pitch': 1500, 'last_manual_yaw': 1500, 'last_manual_throttle': 989, 'aux3': 1000, 'aux4': 1502, 'aux5': 1500, 'aux6': 1000, 'aux7': 1000, 'battery': 23.8, 'rssi': 961, 'rssi_msg': 'Strong signal', 'speed': 0.0, 'altitude': 0.08, 'caught': True, 'ready_hold_active': False, 'ready_hold_pending_capture': False, 'ready_hold_roll': 1500, 'ready_hold_pitch': 1500, 'ready_hold_yaw': 1500, 'ready_hold_throttle': 1100, 'target_locked': False, 'tracking_bbox': (311, 231, 17, 17), 'attack_error_x': 0.0, 'attack_error_y': 0.0, 'target_size': 0.0, 'attack_active': False, 'attack_base_roll': 1500, 'attack_base_pitch': 1500, 'attack_base_yaw': 1500, 'attack_base_throttle': 1100, 'prev_attack_error_x': 0.0, 'prev_attack_time': None, 'prev_target_size': 0.0}
2026-04-03 10:35:53,682 - BEE-EPT-UA913 - DEBUG - Executing command: TELEMETRY, Priority: 1, Body: {'target': 'MSP_RC'}
2026-04-03 10:35:53,688 - BEE-EPT-UA913 - DEBUG - Telemetry: b'\xdc\x05\xdc\x05\xdc\x05\xdd\x03\xd0\x07\xe8\x03\xe8\x03\xde\x05\xe8\x03\xe8\x03\xe8\x03\xfd\x05\xdc\x05\xdc\x05\xe8\x03\xe8\x03'
2026-04-03 10:35:53,688 - BEE-EPT-UA913 - INFO - Autopilot state: {'connection': True, 'bee_state': 'READY', 'roll': 1500, 'pitch': 1500, 'yaw': 1500, 'throttle': 989, 'last_manual_roll': 1500, 'last_manual_pitch': 1500, 'last_manual_yaw': 1500, 'last_manual_throttle': 989, 'aux3': 1000, 'aux4': 1502, 'aux5': 1500, 'aux6': 1000, 'aux7': 1000, 'battery': 23.8, 'rssi': 961, 'rssi_msg': 'Strong signal', 'speed': 0.0, 'altitude': 0.08, 'caught': True, 'ready_hold_active': False, 'ready_hold_pending_capture': False, 'ready_hold_roll': 1500, 'ready_hold_pitch': 1500, 'ready_hold_yaw': 1500, 'ready_hold_throttle': 1100, 'target_locked': False, 'tracking_bbox': (311, 231, 17, 17), 'attack_error_x': 0.0, 'attack_error_y': 0.0, 'target_size': 0.0, 'attack_active': False, 'attack_base_roll': 1500, 'attack_base_pitch': 1500, 'attack_base_yaw': 1500, 'attack_base_throttle': 1100, 'prev_attack_error_x': 0.0, 'prev_attack_time': None, 'prev_target_size': 0.0}
2026-04-03 10:35:53,783 - BEE-EPT-UA913 - DEBUG - Executing command: TELEMETRY, Priority: 1, Body: {'target': 'MSP_RC'}
2026-04-03 10:35:53,788 - BEE-EPT-UA913 - DEBUG - Telemetry: b'\xdc\x05\xdc\x05\xdc\x05\xdd\x03\xd0\x07\xe8\x03\xe8\x03\xde\x05\xe8\x03\xe8\x03\xe8\x03\xfd\x05\xdc\x05\xdc\x05\xe8\x03\xe8\x03'
2026-04-03 10:35:53,788 - BEE-EPT-UA913 - INFO - Autopilot state: {'connection': True, 'bee_state': 'READY', 'roll': 1500, 'pitch': 1500, 'yaw': 1500, 'throttle': 989, 'last_manual_roll': 1500, 'last_manual_pitch': 1500, 'last_manual_yaw': 1500, 'last_manual_throttle': 989, 'aux3': 1000, 'aux4': 1502, 'aux5': 1500, 'aux6': 1000, 'aux7': 1000, 'battery': 23.8, 'rssi': 961, 'rssi_msg': 'Strong signal', 'speed': 0.0, 'altitude': 0.08, 'caught': True, 'ready_hold_active': False, 'ready_hold_pending_capture': False, 'ready_hold_roll': 1500, 'ready_hold_pitch': 1500, 'ready_hold_yaw': 1500, 'ready_hold_throttle': 1100, 'target_locked': False, 'tracking_bbox': (311, 231, 17, 17), 'attack_error_x': 0.0, 'attack_error_y': 0.0, 'target_size': 0.0, 'attack_active': False, 'attack_base_roll': 1500, 'attack_base_pitch': 1500, 'attack_base_yaw': 1500, 'attack_base_throttle': 1100, 'prev_attack_error_x': 0.0, 'prev_attack_time': None, 'prev_target_size': 0.0}
2026-04-03 10:35:53,839 - BEE-EPT-UA913 - DEBUG - Executing command: TELEMETRY, Priority: 2, Body: {'target': 'MSP_ALTITUDE'}
2026-04-03 10:35:53,846 - BEE-EPT-UA913 - DEBUG - Telemetry: b'\x0b\x00\x00\x00\x01\x00'
2026-04-03 10:35:53,846 - BEE-EPT-UA913 - INFO - Autopilot state: {'connection': True, 'bee_state': 'READY', 'roll': 1500, 'pitch': 1500, 'yaw': 1500, 'throttle': 989, 'last_manual_roll': 1500, 'last_manual_pitch': 1500, 'last_manual_yaw': 1500, 'last_manual_throttle': 989, 'aux3': 1000, 'aux4': 1502, 'aux5': 1500, 'aux6': 1000, 'aux7': 1000, 'battery': 23.8, 'rssi': 961, 'rssi_msg': 'Strong signal', 'speed': 0.01, 'altitude': 0.11, 'caught': True, 'ready_hold_active': False, 'ready_hold_pending_capture': False, 'ready_hold_roll': 1500, 'ready_hold_pitch': 1500, 'ready_hold_yaw': 1500, 'ready_hold_throttle': 1100, 'target_locked': False, 'tracking_bbox': (311, 231, 17, 17), 'attack_error_x': 0.0, 'attack_error_y': 0.0, 'target_size': 0.0, 'attack_active': False, 'attack_base_roll': 1500, 'attack_base_pitch': 1500, 'attack_base_yaw': 1500, 'attack_base_throttle': 1100, 'prev_attack_error_x': 0.0, 'prev_attack_time': None, 'prev_target_size': 0.0}
2026-04-03 10:35:53,897 - BEE-EPT-UA913 - DEBUG - Executing command: TELEMETRY, Priority: 1, Body: {'target': 'MSP_RC'}
2026-04-03 10:35:53,909 - BEE-EPT-UA913 - DEBUG - Telemetry: b'\xdc\x05\xdc\x05\xdc\x05\xdd\x03\xd0\x07\xe8\x03\xe8\x03\xde\x05\xe8\x03\xe8\x03\xe8\x03\xfd\x05\xdc\x05\xdc\x05\xe8\x03\xe8\x03'
2026-04-03 10:35:53,909 - BEE-EPT-UA913 - INFO - Autopilot state: {'connection': True, 'bee_state': 'READY', 'roll': 1500, 'pitch': 1500, 'yaw': 1500, 'throttle': 989, 'last_manual_roll': 1500, 'last_manual_pitch': 1500, 'last_manual_yaw': 1500, 'last_manual_throttle': 989, 'aux3': 1000, 'aux4': 1502, 'aux5': 1500, 'aux6': 1000, 'aux7': 1000, 'battery': 23.8, 'rssi': 961, 'rssi_msg': 'Strong signal', 'speed': 0.01, 'altitude': 0.11, 'caught': True, 'ready_hold_active': False, 'ready_hold_pending_capture': False, 'ready_hold_roll': 1500, 'ready_hold_pitch': 1500, 'ready_hold_yaw': 1500, 'ready_hold_throttle': 1100, 'target_locked': False, 'tracking_bbox': (311, 231, 17, 17), 'attack_error_x': 0.0, 'attack_error_y': 0.0, 'target_size': 0.0, 'attack_active': False, 'attack_base_roll': 1500, 'attack_base_pitch': 1500, 'attack_base_yaw': 1500, 'attack_base_throttle': 1100, 'prev_attack_error_x': 0.0, 'prev_attack_time': None, 'prev_target_size': 0.0}
2026-04-03 10:35:53,959 - BEE-EPT-UA913 - DEBUG - Executing command: MONITOR, Priority: 2, Body: {'target': 'MSP_ANALOG'}
2026-04-03 10:35:53,967 - BEE-EPT-UA913 - DEBUG - Monitoring: b'\xee\x01\x00\xd3\x03\x0c\x00I\t'
2026-04-03 10:35:53,967 - BEE-EPT-UA913 - INFO - RSSI: 979, signal: Strong signal, battery voltage: 23.8V
2026-04-03 10:35:54,017 - BEE-EPT-UA913 - DEBUG - Executing command: TELEMETRY, Priority: 1, Body: {'target': 'MSP_RC'}
2026-04-03 10:35:54,029 - BEE-EPT-UA913 - DEBUG - Telemetry: b'\xdc\x05\xdc\x05\xdc\x05\xdd\x03\xd0\x07\xe8\x03\xe8\x03\xde\x05\xe8\x03\xe8\x03\xe8\x03\xfd\x05\xdc\x05\xdc\x05\xe8\x03\xe8\x03'
2026-04-03 10:35:54,030 - BEE-EPT-UA913 - INFO - Autopilot state: {'connection': True, 'bee_state': 'READY', 'roll': 1500, 'pitch': 1500, 'yaw': 1500, 'throttle': 989, 'last_manual_roll': 1500, 'last_manual_pitch': 1500, 'last_manual_yaw': 1500, 'last_manual_throttle': 989, 'aux3': 1000, 'aux4': 1502, 'aux5': 1500, 'aux6': 1000, 'aux7': 1000, 'battery': 23.8, 'rssi': 979, 'rssi_msg': 'Strong signal', 'speed': 0.01, 'altitude': 0.11, 'caught': True, 'ready_hold_active': False, 'ready_hold_pending_capture': False, 'ready_hold_roll': 1500, 'ready_hold_pitch': 1500, 'ready_hold_yaw': 1500, 'ready_hold_throttle': 1100, 'target_locked': False, 'tracking_bbox': (311, 231, 17, 17), 'attack_error_x': 0.0, 'attack_error_y': 0.0, 'target_size': 0.0, 'attack_active': False, 'attack_base_roll': 1500, 'attack_base_pitch': 1500, 'attack_base_yaw': 1500, 'attack_base_throttle': 1100, 'prev_attack_error_x': 0.0, 'prev_attack_time': None, 'prev_target_size': 0.0}
2026-04-03 10:35:54,083 - BEE-EPT-UA913 - DEBUG - Executing command: TELEMETRY, Priority: 1, Body: {'target': 'MSP_RC'}
2026-04-03 10:35:54,089 - BEE-EPT-UA913 - DEBUG - Telemetry: b'\xdc\x05\xdc\x05\xdc\x05\xdd\x03\xd0\x07\xe8\x03\xe8\x03\xde\x05\xe8\x03\xe8\x03\xe8\x03\xfd\x05\xdc\x05\xdc\x05\xe8\x03\xe8\x03'
2026-04-03 10:35:54,090 - BEE-EPT-UA913 - INFO - Autopilot state: {'connection': True, 'bee_state': 'READY', 'roll': 1500, 'pitch': 1500, 'yaw': 1500, 'throttle': 989, 'last_manual_roll': 1500, 'last_manual_pitch': 1500, 'last_manual_yaw': 1500, 'last_manual_throttle': 989, 'aux3': 1000, 'aux4': 1502, 'aux5': 1500, 'aux6': 1000, 'aux7': 1000, 'battery': 23.8, 'rssi': 979, 'rssi_msg': 'Strong signal', 'speed': 0.01, 'altitude': 0.11, 'caught': True, 'ready_hold_active': False, 'ready_hold_pending_capture': False, 'ready_hold_roll': 1500, 'ready_hold_pitch': 1500, 'ready_hold_yaw': 1500, 'ready_hold_throttle': 1100, 'target_locked': False, 'tracking_bbox': (311, 231, 17, 17), 'attack_error_x': 0.0, 'attack_error_y': 0.0, 'target_size': 0.0, 'attack_active': False, 'attack_base_roll': 1500, 'attack_base_pitch': 1500, 'attack_base_yaw': 1500, 'attack_base_throttle': 1100, 'prev_attack_error_x': 0.0, 'prev_attack_time': None, 'prev_target_size': 0.0}
2026-04-03 10:35:54,184 - BEE-EPT-UA913 - DEBUG - Executing command: TELEMETRY, Priority: 1, Body: {'target': 'MSP_RC'}
2026-04-03 10:35:54,190 - BEE-EPT-UA913 - DEBUG - Telemetry: b'\xdc\x05\xdc\x05\xdc\x05\xdd\x03\xd0\x07\xe8\x03\xe8\x03\xde\x05\xe8\x03\xe8\x03\xe8\x03\xfd\x05\xdc\x05\xdc\x05\xe8\x03\xe8\x03'
2026-04-03 10:35:54,190 - BEE-EPT-UA913 - INFO - Autopilot state: {'connection': True, 'bee_state': 'READY', 'roll': 1500, 'pitch': 1500, 'yaw': 1500, 'throttle': 989, 'last_manual_roll': 1500, 'last_manual_pitch': 1500, 'last_manual_yaw': 1500, 'last_manual_throttle': 989, 'aux3': 1000, 'aux4': 1502, 'aux5': 1500, 'aux6': 1000, 'aux7': 1000, 'battery': 23.8, 'rssi': 979, 'rssi_msg': 'Strong signal', 'speed': 0.01, 'altitude': 0.11, 'caught': True, 'ready_hold_active': False, 'ready_hold_pending_capture': False, 'ready_hold_roll': 1500, 'ready_hold_pitch': 1500, 'ready_hold_yaw': 1500, 'ready_hold_throttle': 1100, 'target_locked': False, 'tracking_bbox': (311, 231, 17, 17), 'attack_error_x': 0.0, 'attack_error_y': 0.0, 'target_size': 0.0, 'attack_active': False, 'attack_base_roll': 1500, 'attack_base_pitch': 1500, 'attack_base_yaw': 1500, 'attack_base_throttle': 1100, 'prev_attack_error_x': 0.0, 'prev_attack_time': None, 'prev_target_size': 0.0}
2026-04-03 10:35:54,284 - BEE-EPT-UA913 - DEBUG - Executing command: TELEMETRY, Priority: 1, Body: {'target': 'MSP_RC'}
2026-04-03 10:35:54,291 - BEE-EPT-UA913 - DEBUG - Telemetry: b'\xdc\x05\xdc\x05\xcd\x05\x02\x04\xd0\x07\xe8\x03\xe8\x03\xde\x05\xe8\x03\xe8\x03\xe8\x03\xfd\x05\xdc\x05\xdc\x05\xe8\x03\xe8\x03'
2026-04-03 10:35:54,291 - BEE-EPT-UA913 - INFO - Autopilot state: {'connection': True, 'bee_state': 'READY', 'roll': 1500, 'pitch': 1500, 'yaw': 1485, 'throttle': 1026, 'last_manual_roll': 1500, 'last_manual_pitch': 1500, 'last_manual_yaw': 1485, 'last_manual_throttle': 1026, 'aux3': 1000, 'aux4': 1502, 'aux5': 1500, 'aux6': 1000, 'aux7': 1000, 'battery': 23.8, 'rssi': 979, 'rssi_msg': 'Strong signal', 'speed': 0.01, 'altitude': 0.11, 'caught': True, 'ready_hold_active': False, 'ready_hold_pending_capture': False, 'ready_hold_roll': 1500, 'ready_hold_pitch': 1500, 'ready_hold_yaw': 1500, 'ready_hold_throttle': 1100, 'target_locked': False, 'tracking_bbox': (311, 231, 17, 17), 'attack_error_x': 0.0, 'attack_error_y': 0.0, 'target_size': 0.0, 'attack_active': False, 'attack_base_roll': 1500, 'attack_base_pitch': 1500, 'attack_base_yaw': 1500, 'attack_base_throttle': 1100, 'prev_attack_error_x': 0.0, 'prev_attack_time': None, 'prev_target_size': 0.0}
2026-04-03 10:35:54,384 - BEE-EPT-UA913 - DEBUG - Executing command: TELEMETRY, Priority: 1, Body: {'target': 'MSP_RC'}
2026-04-03 10:35:54,391 - BEE-EPT-UA913 - DEBUG - Telemetry: b'\xdc\x05\xdc\x05\xd9\x05\xed\x03\xd0\x07\xe8\x03\xe8\x03\xde\x05\xe8\x03\xe8\x03\xe8\x03\xfd\x05\xdc\x05\xdc\x05\xe8\x03\xe8\x03'
2026-04-03 10:35:54,391 - BEE-EPT-UA913 - INFO - Autopilot state: {'connection': True, 'bee_state': 'READY', 'roll': 1500, 'pitch': 1500, 'yaw': 1497, 'throttle': 1005, 'last_manual_roll': 1500, 'last_manual_pitch': 1500, 'last_manual_yaw': 1497, 'last_manual_throttle': 1005, 'aux3': 1000, 'aux4': 1502, 'aux5': 1500, 'aux6': 1000, 'aux7': 1000, 'battery': 23.8, 'rssi': 979, 'rssi_msg': 'Strong signal', 'speed': 0.01, 'altitude': 0.11, 'caught': True, 'ready_hold_active': False, 'ready_hold_pending_capture': False, 'ready_hold_roll': 1500, 'ready_hold_pitch': 1500, 'ready_hold_yaw': 1500, 'ready_hold_throttle': 1100, 'target_locked': False, 'tracking_bbox': (311, 231, 17, 17), 'attack_error_x': 0.0, 'attack_error_y': 0.0, 'target_size': 0.0, 'attack_active': False, 'attack_base_roll': 1500, 'attack_base_pitch': 1500, 'attack_base_yaw': 1500, 'attack_base_throttle': 1100, 'prev_attack_error_x': 0.0, 'prev_attack_time': None, 'prev_target_size': 0.0}
2026-04-03 10:35:54,485 - BEE-EPT-UA913 - DEBUG - Executing command: TELEMETRY, Priority: 1, Body: {'target': 'MSP_RC'}
2026-04-03 10:35:54,491 - BEE-EPT-UA913 - DEBUG - Telemetry: b'\xdc\x05\xdc\x05\xd2\x05\xed\x03\xd0\x07\xe8\x03\xe8\x03\xde\x05\xe8\x03\xe8\x03\xe8\x03\xfd\x05\xdc\x05\xdc\x05\xe8\x03\xe8\x03'
2026-04-03 10:35:54,492 - BEE-EPT-UA913 - INFO - Autopilot state: {'connection': True, 'bee_state': 'READY', 'roll': 1500, 'pitch': 1500, 'yaw': 1490, 'throttle': 1005, 'last_manual_roll': 1500, 'last_manual_pitch': 1500, 'last_manual_yaw': 1490, 'last_manual_throttle': 1005, 'aux3': 1000, 'aux4': 1502, 'aux5': 1500, 'aux6': 1000, 'aux7': 1000, 'battery': 23.8, 'rssi': 979, 'rssi_msg': 'Strong signal', 'speed': 0.01, 'altitude': 0.11, 'caught': True, 'ready_hold_active': False, 'ready_hold_pending_capture': False, 'ready_hold_roll': 1500, 'ready_hold_pitch': 1500, 'ready_hold_yaw': 1500, 'ready_hold_throttle': 1100, 'target_locked': False, 'tracking_bbox': (311, 231, 17, 17), 'attack_error_x': 0.0, 'attack_error_y': 0.0, 'target_size': 0.0, 'attack_active': False, 'attack_base_roll': 1500, 'attack_base_pitch': 1500, 'attack_base_yaw': 1500, 'attack_base_throttle': 1100, 'prev_attack_error_x': 0.0, 'prev_attack_time': None, 'prev_target_size': 0.0}
2026-04-03 10:35:54,587 - BEE-EPT-UA913 - DEBUG - Executing command: TELEMETRY, Priority: 1, Body: {'target': 'MSP_RC'}
2026-04-03 10:35:54,602 - BEE-EPT-UA913 - DEBUG - Telemetry: b'\xdc\x05\xdc\x05\xd2\x05\xdd\x03\xd0\x07\xe8\x03\xe8\x03\xde\x05\xe8\x03\xe8\x03\xe8\x03\xfd\x05\xdc\x05\xdc\x05\xe8\x03\xe8\x03'
2026-04-03 10:35:54,603 - BEE-EPT-UA913 - INFO - Autopilot state: {'connection': True, 'bee_state': 'READY', 'roll': 1500, 'pitch': 1500, 'yaw': 1490, 'throttle': 989, 'last_manual_roll': 1500, 'last_manual_pitch': 1500, 'last_manual_yaw': 1490, 'last_manual_throttle': 989, 'aux3': 1000, 'aux4': 1502, 'aux5': 1500, 'aux6': 1000, 'aux7': 1000, 'battery': 23.8, 'rssi': 979, 'rssi_msg': 'Strong signal', 'speed': 0.01, 'altitude': 0.11, 'caught': True, 'ready_hold_active': False, 'ready_hold_pending_capture': False, 'ready_hold_roll': 1500, 'ready_hold_pitch': 1500, 'ready_hold_yaw': 1500, 'ready_hold_throttle': 1100, 'target_locked': False, 'tracking_bbox': (311, 231, 17, 17), 'attack_error_x': 0.0, 'attack_error_y': 0.0, 'target_size': 0.0, 'attack_active': False, 'attack_base_roll': 1500, 'attack_base_pitch': 1500, 'attack_base_yaw': 1500, 'attack_base_throttle': 1100, 'prev_attack_error_x': 0.0, 'prev_attack_time': None, 'prev_target_size': 0.0}
2026-04-03 10:35:54,687 - BEE-EPT-UA913 - DEBUG - Executing command: TELEMETRY, Priority: 1, Body: {'target': 'MSP_RC'}
2026-04-03 10:35:54,692 - BEE-EPT-UA913 - DEBUG - Telemetry: b'\xdc\x05\xdc\x05\xc8\x05\xde\x03\xd0\x07\xe8\x03\xe8\x03\xde\x05\xe8\x03\xe8\x03\xe8\x03\xfd\x05\xdc\x05\xdc\x05\xe8\x03\xe8\x03'
2026-04-03 10:35:54,693 - BEE-EPT-UA913 - INFO - Autopilot state: {'connection': True, 'bee_state': 'READY', 'roll': 1500, 'pitch': 1500, 'yaw': 1480, 'throttle': 990, 'last_manual_roll': 1500, 'last_manual_pitch': 1500, 'last_manual_yaw': 1480, 'last_manual_throttle': 990, 'aux3': 1000, 'aux4': 1502, 'aux5': 1500, 'aux6': 1000, 'aux7': 1000, 'battery': 23.8, 'rssi': 979, 'rssi_msg': 'Strong signal', 'speed': 0.01, 'altitude': 0.11, 'caught': True, 'ready_hold_active': False, 'ready_hold_pending_capture': False, 'ready_hold_roll': 1500, 'ready_hold_pitch': 1500, 'ready_hold_yaw': 1500, 'ready_hold_throttle': 1100, 'target_locked': False, 'tracking_bbox': (311, 231, 17, 17), 'attack_error_x': 0.0, 'attack_error_y': 0.0, 'target_size': 0.0, 'attack_active': False, 'attack_base_roll': 1500, 'attack_base_pitch': 1500, 'attack_base_yaw': 1500, 'attack_base_throttle': 1100, 'prev_attack_error_x': 0.0, 'prev_attack_time': None, 'prev_target_size': 0.0}
2026-04-03 10:35:54,788 - BEE-EPT-UA913 - DEBUG - Executing command: TELEMETRY, Priority: 1, Body: {'target': 'MSP_RC'}
2026-04-03 10:35:54,793 - BEE-EPT-UA913 - DEBUG - Telemetry: b'\xdc\x05\xdc\x05\xc8\x05\xe5\x03\xd0\x07\xe8\x03\xe8\x03\xde\x05\xe8\x03\xe8\x03\xe8\x03\xfd\x05\xdc\x05\xdc\x05\xe8\x03\xe8\x03'
2026-04-03 10:35:54,793 - BEE-EPT-UA913 - INFO - Autopilot state: {'connection': True, 'bee_state': 'READY', 'roll': 1500, 'pitch': 1500, 'yaw': 1480, 'throttle': 997, 'last_manual_roll': 1500, 'last_manual_pitch': 1500, 'last_manual_yaw': 1480, 'last_manual_throttle': 997, 'aux3': 1000, 'aux4': 1502, 'aux5': 1500, 'aux6': 1000, 'aux7': 1000, 'battery': 23.8, 'rssi': 979, 'rssi_msg': 'Strong signal', 'speed': 0.01, 'altitude': 0.11, 'caught': True, 'ready_hold_active': False, 'ready_hold_pending_capture': False, 'ready_hold_roll': 1500, 'ready_hold_pitch': 1500, 'ready_hold_yaw': 1500, 'ready_hold_throttle': 1100, 'target_locked': False, 'tracking_bbox': (311, 231, 17, 17), 'attack_error_x': 0.0, 'attack_error_y': 0.0, 'target_size': 0.0, 'attack_active': False, 'attack_base_roll': 1500, 'attack_base_pitch': 1500, 'attack_base_yaw': 1500, 'attack_base_throttle': 1100, 'prev_attack_error_x': 0.0, 'prev_attack_time': None, 'prev_target_size': 0.0}
2026-04-03 10:35:54,844 - BEE-EPT-UA913 - DEBUG - Executing command: TELEMETRY, Priority: 2, Body: {'target': 'MSP_ALTITUDE'}
2026-04-03 10:35:54,851 - BEE-EPT-UA913 - DEBUG - Telemetry: b'\t\x00\x00\x00\x00\x00'
2026-04-03 10:35:54,851 - BEE-EPT-UA913 - INFO - Autopilot state: {'connection': True, 'bee_state': 'READY', 'roll': 1500, 'pitch': 1500, 'yaw': 1480, 'throttle': 997, 'last_manual_roll': 1500, 'last_manual_pitch': 1500, 'last_manual_yaw': 1480, 'last_manual_throttle': 997, 'aux3': 1000, 'aux4': 1502, 'aux5': 1500, 'aux6': 1000, 'aux7': 1000, 'battery': 23.8, 'rssi': 979, 'rssi_msg': 'Strong signal', 'speed': 0.0, 'altitude': 0.09, 'caught': True, 'ready_hold_active': False, 'ready_hold_pending_capture': False, 'ready_hold_roll': 1500, 'ready_hold_pitch': 1500, 'ready_hold_yaw': 1500, 'ready_hold_throttle': 1100, 'target_locked': False, 'tracking_bbox': (311, 231, 17, 17), 'attack_error_x': 0.0, 'attack_error_y': 0.0, 'target_size': 0.0, 'attack_active': False, 'attack_base_roll': 1500, 'attack_base_pitch': 1500, 'attack_base_yaw': 1500, 'attack_base_throttle': 1100, 'prev_attack_error_x': 0.0, 'prev_attack_time': None, 'prev_target_size': 0.0}
2026-04-03 10:35:54,902 - BEE-EPT-UA913 - DEBUG - Executing command: TELEMETRY, Priority: 1, Body: {'target': 'MSP_RC'}
2026-04-03 10:35:54,913 - BEE-EPT-UA913 - DEBUG - Telemetry: b'\xdc\x05\xdc\x05\xbe\x05\xe5\x03\xd0\x07\xe8\x03\xe8\x03\xde\x05\xe8\x03\xe8\x03\xe8\x03\xfd\x05\xdc\x05\xdc\x05\xe8\x03\xe8\x03'
2026-04-03 10:35:54,914 - BEE-EPT-UA913 - INFO - Autopilot state: {'connection': True, 'bee_state': 'READY', 'roll': 1500, 'pitch': 1500, 'yaw': 1470, 'throttle': 997, 'last_manual_roll': 1500, 'last_manual_pitch': 1500, 'last_manual_yaw': 1470, 'last_manual_throttle': 997, 'aux3': 1000, 'aux4': 1502, 'aux5': 1500, 'aux6': 1000, 'aux7': 1000, 'battery': 23.8, 'rssi': 979, 'rssi_msg': 'Strong signal', 'speed': 0.0, 'altitude': 0.09, 'caught': True, 'ready_hold_active': False, 'ready_hold_pending_capture': False, 'ready_hold_roll': 1500, 'ready_hold_pitch': 1500, 'ready_hold_yaw': 1500, 'ready_hold_throttle': 1100, 'target_locked': False, 'tracking_bbox': (311, 231, 17, 17), 'attack_error_x': 0.0, 'attack_error_y': 0.0, 'target_size': 0.0, 'attack_active': False, 'attack_base_roll': 1500, 'attack_base_pitch': 1500, 'attack_base_yaw': 1500, 'attack_base_throttle': 1100, 'prev_attack_error_x': 0.0, 'prev_attack_time': None, 'prev_target_size': 0.0}
2026-04-03 10:35:54,964 - BEE-EPT-UA913 - DEBUG - Executing command: MONITOR, Priority: 2, Body: {'target': 'MSP_ANALOG'}
2026-04-03 10:35:54,972 - BEE-EPT-UA913 - DEBUG - Monitoring: b'\xee\x01\x00\xcb\x03\x1c\x00I\t'
2026-04-03 10:35:54,972 - BEE-EPT-UA913 - INFO - RSSI: 971, signal: Strong signal, battery voltage: 23.8V
2026-04-03 10:35:55,023 - BEE-EPT-UA913 - DEBUG - Executing command: TELEMETRY, Priority: 1, Body: {'target': 'MSP_RC'}
2026-04-03 10:35:55,034 - BEE-EPT-UA913 - DEBUG - Telemetry: b'\xdc\x05\xdc\x05\xbe\x05\xe6\x03\xd0\x07\xe8\x03\xe8\x03\xde\x05\xe8\x03\xe8\x03\xe8\x03\xfd\x05\xdc\x05\xdc\x05\xe8\x03\xe8\x03'
2026-04-03 10:35:55,035 - BEE-EPT-UA913 - INFO - Autopilot state: {'connection': True, 'bee_state': 'READY', 'roll': 1500, 'pitch': 1500, 'yaw': 1470, 'throttle': 998, 'last_manual_roll': 1500, 'last_manual_pitch': 1500, 'last_manual_yaw': 1470, 'last_manual_throttle': 998, 'aux3': 1000, 'aux4': 1502, 'aux5': 1500, 'aux6': 1000, 'aux7': 1000, 'battery': 23.8, 'rssi': 971, 'rssi_msg': 'Strong signal', 'speed': 0.0, 'altitude': 0.09, 'caught': True, 'ready_hold_active': False, 'ready_hold_pending_capture': False, 'ready_hold_roll': 1500, 'ready_hold_pitch': 1500, 'ready_hold_yaw': 1500, 'ready_hold_throttle': 1100, 'target_locked': False, 'tracking_bbox': (311, 231, 17, 17), 'attack_error_x': 0.0, 'attack_error_y': 0.0, 'target_size': 0.0, 'attack_active': False, 'attack_base_roll': 1500, 'attack_base_pitch': 1500, 'attack_base_yaw': 1500, 'attack_base_throttle': 1100, 'prev_attack_error_x': 0.0, 'prev_attack_time': None, 'prev_target_size': 0.0}
2026-04-03 10:35:55,089 - BEE-EPT-UA913 - DEBUG - Executing command: TELEMETRY, Priority: 1, Body: {'target': 'MSP_RC'}
2026-04-03 10:35:55,094 - BEE-EPT-UA913 - DEBUG - Telemetry: b'\xdc\x05\xdc\x05\xbe\x05\xed\x03\xd0\x07\xe8\x03\xe8\x03\xde\x05\xe8\x03\xe8\x03\xe8\x03\xfd\x05\xdc\x05\xdc\x05\xe8\x03\xe8\x03'
2026-04-03 10:35:55,095 - BEE-EPT-UA913 - INFO - Autopilot state: {'connection': True, 'bee_state': 'READY', 'roll': 1500, 'pitch': 1500, 'yaw': 1470, 'throttle': 1005, 'last_manual_roll': 1500, 'last_manual_pitch': 1500, 'last_manual_yaw': 1470, 'last_manual_throttle': 1005, 'aux3': 1000, 'aux4': 1502, 'aux5': 1500, 'aux6': 1000, 'aux7': 1000, 'battery': 23.8, 'rssi': 971, 'rssi_msg': 'Strong signal', 'speed': 0.0, 'altitude': 0.09, 'caught': True, 'ready_hold_active': False, 'ready_hold_pending_capture': False, 'ready_hold_roll': 1500, 'ready_hold_pitch': 1500, 'ready_hold_yaw': 1500, 'ready_hold_throttle': 1100, 'target_locked': False, 'tracking_bbox': (311, 231, 17, 17), 'attack_error_x': 0.0, 'attack_error_y': 0.0, 'target_size': 0.0, 'attack_active': False, 'attack_base_roll': 1500, 'attack_base_pitch': 1500, 'attack_base_yaw': 1500, 'attack_base_throttle': 1100, 'prev_attack_error_x': 0.0, 'prev_attack_time': None, 'prev_target_size': 0.0}
2026-04-03 10:35:55,189 - BEE-EPT-UA913 - DEBUG - Executing command: TELEMETRY, Priority: 1, Body: {'target': 'MSP_RC'}
2026-04-03 10:35:55,195 - BEE-EPT-UA913 - DEBUG - Telemetry: b'\xdc\x05\xdc\x05\xbe\x05\xed\x03\xd0\x07\xe8\x03\xe8\x03\xde\x05\xe8\x03\xe8\x03\xe8\x03\xfd\x05\xdc\x05\xdc\x05\xe8\x03\xe8\x03'
2026-04-03 10:35:55,196 - BEE-EPT-UA913 - INFO - Autopilot state: {'connection': True, 'bee_state': 'READY', 'roll': 1500, 'pitch': 1500, 'yaw': 1470, 'throttle': 1005, 'last_manual_roll': 1500, 'last_manual_pitch': 1500, 'last_manual_yaw': 1470, 'last_manual_throttle': 1005, 'aux3': 1000, 'aux4': 1502, 'aux5': 1500, 'aux6': 1000, 'aux7': 1000, 'battery': 23.8, 'rssi': 971, 'rssi_msg': 'Strong signal', 'speed': 0.0, 'altitude': 0.09, 'caught': True, 'ready_hold_active': False, 'ready_hold_pending_capture': False, 'ready_hold_roll': 1500, 'ready_hold_pitch': 1500, 'ready_hold_yaw': 1500, 'ready_hold_throttle': 1100, 'target_locked': False, 'tracking_bbox': (311, 231, 17, 17), 'attack_error_x': 0.0, 'attack_error_y': 0.0, 'target_size': 0.0, 'attack_active': False, 'attack_base_roll': 1500, 'attack_base_pitch': 1500, 'attack_base_yaw': 1500, 'attack_base_throttle': 1100, 'prev_attack_error_x': 0.0, 'prev_attack_time': None, 'prev_target_size': 0.0}
2026-04-03 10:35:55,289 - BEE-EPT-UA913 - DEBUG - Executing command: TELEMETRY, Priority: 1, Body: {'target': 'MSP_RC'}
2026-04-03 10:35:55,295 - BEE-EPT-UA913 - DEBUG - Telemetry: b'\xdc\x05\xdc\x05\xbe\x05\xed\x03\xd0\x07\xe8\x03\xe8\x03\xde\x05\xe8\x03\xe8\x03\xe8\x03\xfd\x05\xdc\x05\xdc\x05\xe8\x03\xe8\x03'
2026-04-03 10:35:55,296 - BEE-EPT-UA913 - INFO - Autopilot state: {'connection': True, 'bee_state': 'READY', 'roll': 1500, 'pitch': 1500, 'yaw': 1470, 'throttle': 1005, 'last_manual_roll': 1500, 'last_manual_pitch': 1500, 'last_manual_yaw': 1470, 'last_manual_throttle': 1005, 'aux3': 1000, 'aux4': 1502, 'aux5': 1500, 'aux6': 1000, 'aux7': 1000, 'battery': 23.8, 'rssi': 971, 'rssi_msg': 'Strong signal', 'speed': 0.0, 'altitude': 0.09, 'caught': True, 'ready_hold_active': False, 'ready_hold_pending_capture': False, 'ready_hold_roll': 1500, 'ready_hold_pitch': 1500, 'ready_hold_yaw': 1500, 'ready_hold_throttle': 1100, 'target_locked': False, 'tracking_bbox': (311, 231, 17, 17), 'attack_error_x': 0.0, 'attack_error_y': 0.0, 'target_size': 0.0, 'attack_active': False, 'attack_base_roll': 1500, 'attack_base_pitch': 1500, 'attack_base_yaw': 1500, 'attack_base_throttle': 1100, 'prev_attack_error_x': 0.0, 'prev_attack_time': None, 'prev_target_size': 0.0}
2026-04-03 10:35:55,390 - BEE-EPT-UA913 - DEBUG - Executing command: TELEMETRY, Priority: 1, Body: {'target': 'MSP_RC'}
2026-04-03 10:35:55,396 - BEE-EPT-UA913 - DEBUG - Telemetry: b'\xdc\x05\xdc\x05\xc5\x05\xed\x03\xd0\x07\xe8\x03\xe8\x03\xde\x05\xe8\x03\xe8\x03\xe8\x03\xfd\x05\xdc\x05\xdc\x05\xe8\x03\xe8\x03'
2026-04-03 10:35:55,396 - BEE-EPT-UA913 - INFO - Autopilot state: {'connection': True, 'bee_state': 'READY', 'roll': 1500, 'pitch': 1500, 'yaw': 1477, 'throttle': 1005, 'last_manual_roll': 1500, 'last_manual_pitch': 1500, 'last_manual_yaw': 1477, 'last_manual_throttle': 1005, 'aux3': 1000, 'aux4': 1502, 'aux5': 1500, 'aux6': 1000, 'aux7': 1000, 'battery': 23.8, 'rssi': 971, 'rssi_msg': 'Strong signal', 'speed': 0.0, 'altitude': 0.09, 'caught': True, 'ready_hold_active': False, 'ready_hold_pending_capture': False, 'ready_hold_roll': 1500, 'ready_hold_pitch': 1500, 'ready_hold_yaw': 1500, 'ready_hold_throttle': 1100, 'target_locked': False, 'tracking_bbox': (311, 231, 17, 17), 'attack_error_x': 0.0, 'attack_error_y': 0.0, 'target_size': 0.0, 'attack_active': False, 'attack_base_roll': 1500, 'attack_base_pitch': 1500, 'attack_base_yaw': 1500, 'attack_base_throttle': 1100, 'prev_attack_error_x': 0.0, 'prev_attack_time': None, 'prev_target_size': 0.0}
2026-04-03 10:35:55,490 - BEE-EPT-UA913 - DEBUG - Executing command: TELEMETRY, Priority: 1, Body: {'target': 'MSP_RC'}
2026-04-03 10:35:55,497 - BEE-EPT-UA913 - DEBUG - Telemetry: b'\xdc\x05\xdc\x05\xc5\x05\xed\x03\xd0\x07\xe8\x03\xe8\x03\xde\x05\xe8\x03\xe8\x03\xe8\x03\xfd\x05\xdc\x05\xdc\x05\xe8\x03\xe8\x03'
2026-04-03 10:35:55,497 - BEE-EPT-UA913 - INFO - Autopilot state: {'connection': True, 'bee_state': 'READY', 'roll': 1500, 'pitch': 1500, 'yaw': 1477, 'throttle': 1005, 'last_manual_roll': 1500, 'last_manual_pitch': 1500, 'last_manual_yaw': 1477, 'last_manual_throttle': 1005, 'aux3': 1000, 'aux4': 1502, 'aux5': 1500, 'aux6': 1000, 'aux7': 1000, 'battery': 23.8, 'rssi': 971, 'rssi_msg': 'Strong signal', 'speed': 0.0, 'altitude': 0.09, 'caught': True, 'ready_hold_active': False, 'ready_hold_pending_capture': False, 'ready_hold_roll': 1500, 'ready_hold_pitch': 1500, 'ready_hold_yaw': 1500, 'ready_hold_throttle': 1100, 'target_locked': False, 'tracking_bbox': (311, 231, 17, 17), 'attack_error_x': 0.0, 'attack_error_y': 0.0, 'target_size': 0.0, 'attack_active': False, 'attack_base_roll': 1500, 'attack_base_pitch': 1500, 'attack_base_yaw': 1500, 'attack_base_throttle': 1100, 'prev_attack_error_x': 0.0, 'prev_attack_time': None, 'prev_target_size': 0.0}
2026-04-03 10:35:55,591 - BEE-EPT-UA913 - DEBUG - Executing command: TELEMETRY, Priority: 1, Body: {'target': 'MSP_RC'}
2026-04-03 10:35:55,597 - BEE-EPT-UA913 - DEBUG - Telemetry: b'\xdc\x05\xdc\x05\xc5\x05\xed\x03\xd0\x07\xe8\x03\xe8\x03\xde\x05\xe8\x03\xe8\x03\xe8\x03\xfd\x05\xdc\x05\xdc\x05\xe8\x03\xe8\x03'
2026-04-03 10:35:55,597 - BEE-EPT-UA913 - INFO - Autopilot state: {'connection': True, 'bee_state': 'READY', 'roll': 1500, 'pitch': 1500, 'yaw': 1477, 'throttle': 1005, 'last_manual_roll': 1500, 'last_manual_pitch': 1500, 'last_manual_yaw': 1477, 'last_manual_throttle': 1005, 'aux3': 1000, 'aux4': 1502, 'aux5': 1500, 'aux6': 1000, 'aux7': 1000, 'battery': 23.8, 'rssi': 971, 'rssi_msg': 'Strong signal', 'speed': 0.0, 'altitude': 0.09, 'caught': True, 'ready_hold_active': False, 'ready_hold_pending_capture': False, 'ready_hold_roll': 1500, 'ready_hold_pitch': 1500, 'ready_hold_yaw': 1500, 'ready_hold_throttle': 1100, 'target_locked': False, 'tracking_bbox': (311, 231, 17, 17), 'attack_error_x': 0.0, 'attack_error_y': 0.0, 'target_size': 0.0, 'attack_active': False, 'attack_base_roll': 1500, 'attack_base_pitch': 1500, 'attack_base_yaw': 1500, 'attack_base_throttle': 1100, 'prev_attack_error_x': 0.0, 'prev_attack_time': None, 'prev_target_size': 0.0}
2026-04-03 10:35:55,691 - BEE-EPT-UA913 - DEBUG - Executing command: TELEMETRY, Priority: 1, Body: {'target': 'MSP_RC'}
2026-04-03 10:35:55,697 - BEE-EPT-UA913 - DEBUG - Telemetry: b'\xdc\x05\xdc\x05\xc5\x05\x01\x04\xd0\x07\xe8\x03\xe8\x03\xde\x05\xe8\x03\xe8\x03\xe8\x03\xfd\x05\xdc\x05\xdc\x05\xe8\x03\xe8\x03'
2026-04-03 10:35:55,698 - BEE-EPT-UA913 - INFO - Autopilot state: {'connection': True, 'bee_state': 'READY', 'roll': 1500, 'pitch': 1500, 'yaw': 1477, 'throttle': 1025, 'last_manual_roll': 1500, 'last_manual_pitch': 1500, 'last_manual_yaw': 1477, 'last_manual_throttle': 1025, 'aux3': 1000, 'aux4': 1502, 'aux5': 1500, 'aux6': 1000, 'aux7': 1000, 'battery': 23.8, 'rssi': 971, 'rssi_msg': 'Strong signal', 'speed': 0.0, 'altitude': 0.09, 'caught': True, 'ready_hold_active': False, 'ready_hold_pending_capture': False, 'ready_hold_roll': 1500, 'ready_hold_pitch': 1500, 'ready_hold_yaw': 1500, 'ready_hold_throttle': 1100, 'target_locked': False, 'tracking_bbox': (311, 231, 17, 17), 'attack_error_x': 0.0, 'attack_error_y': 0.0, 'target_size': 0.0, 'attack_active': False, 'attack_base_roll': 1500, 'attack_base_pitch': 1500, 'attack_base_yaw': 1500, 'attack_base_throttle': 1100, 'prev_attack_error_x': 0.0, 'prev_attack_time': None, 'prev_target_size': 0.0}
2026-04-03 10:35:55,792 - BEE-EPT-UA913 - DEBUG - Executing command: TELEMETRY, Priority: 1, Body: {'target': 'MSP_RC'}
2026-04-03 10:35:55,798 - BEE-EPT-UA913 - DEBUG - Telemetry: b'\xdc\x05\xdc\x05\xcd\x05\x00\x04\xd0\x07\xe8\x03\xe8\x03\xde\x05\xe8\x03\xe8\x03\xe8\x03\xfd\x05\xdc\x05\xdc\x05\xe8\x03\xe8\x03'
2026-04-03 10:35:55,798 - BEE-EPT-UA913 - INFO - Autopilot state: {'connection': True, 'bee_state': 'READY', 'roll': 1500, 'pitch': 1500, 'yaw': 1485, 'throttle': 1024, 'last_manual_roll': 1500, 'last_manual_pitch': 1500, 'last_manual_yaw': 1485, 'last_manual_throttle': 1024, 'aux3': 1000, 'aux4': 1502, 'aux5': 1500, 'aux6': 1000, 'aux7': 1000, 'battery': 23.8, 'rssi': 971, 'rssi_msg': 'Strong signal', 'speed': 0.0, 'altitude': 0.09, 'caught': True, 'ready_hold_active': False, 'ready_hold_pending_capture': False, 'ready_hold_roll': 1500, 'ready_hold_pitch': 1500, 'ready_hold_yaw': 1500, 'ready_hold_throttle': 1100, 'target_locked': False, 'tracking_bbox': (311, 231, 17, 17), 'attack_error_x': 0.0, 'attack_error_y': 0.0, 'target_size': 0.0, 'attack_active': False, 'attack_base_roll': 1500, 'attack_base_pitch': 1500, 'attack_base_yaw': 1500, 'attack_base_throttle': 1100, 'prev_attack_error_x': 0.0, 'prev_attack_time': None, 'prev_target_size': 0.0}
2026-04-03 10:35:55,849 - BEE-EPT-UA913 - DEBUG - Executing command: TELEMETRY, Priority: 2, Body: {'target': 'MSP_ALTITUDE'}
2026-04-03 10:35:55,856 - BEE-EPT-UA913 - DEBUG - Telemetry: b'\x08\x00\x00\x00\x00\x00'
2026-04-03 10:35:55,857 - BEE-EPT-UA913 - INFO - Autopilot state: {'connection': True, 'bee_state': 'READY', 'roll': 1500, 'pitch': 1500, 'yaw': 1485, 'throttle': 1024, 'last_manual_roll': 1500, 'last_manual_pitch': 1500, 'last_manual_yaw': 1485, 'last_manual_throttle': 1024, 'aux3': 1000, 'aux4': 1502, 'aux5': 1500, 'aux6': 1000, 'aux7': 1000, 'battery': 23.8, 'rssi': 971, 'rssi_msg': 'Strong signal', 'speed': 0.0, 'altitude': 0.08, 'caught': True, 'ready_hold_active': False, 'ready_hold_pending_capture': False, 'ready_hold_roll': 1500, 'ready_hold_pitch': 1500, 'ready_hold_yaw': 1500, 'ready_hold_throttle': 1100, 'target_locked': False, 'tracking_bbox': (311, 231, 17, 17), 'attack_error_x': 0.0, 'attack_error_y': 0.0, 'target_size': 0.0, 'attack_active': False, 'attack_base_roll': 1500, 'attack_base_pitch': 1500, 'attack_base_yaw': 1500, 'attack_base_throttle': 1100, 'prev_attack_error_x': 0.0, 'prev_attack_time': None, 'prev_target_size': 0.0}
2026-04-03 10:35:55,908 - BEE-EPT-UA913 - DEBUG - Executing command: TELEMETRY, Priority: 1, Body: {'target': 'MSP_RC'}
2026-04-03 10:35:55,919 - BEE-EPT-UA913 - DEBUG - Telemetry: b'\xdc\x05\xdc\x05\xcd\x05\x00\x04\xd0\x07\xe8\x03\xe8\x03\xde\x05\xe8\x03\xe8\x03\xe8\x03\xfd\x05\xdc\x05\xdc\x05\xe8\x03\xe8\x03'
2026-04-03 10:35:55,919 - BEE-EPT-UA913 - INFO - Autopilot state: {'connection': True, 'bee_state': 'READY', 'roll': 1500, 'pitch': 1500, 'yaw': 1485, 'throttle': 1024, 'last_manual_roll': 1500, 'last_manual_pitch': 1500, 'last_manual_yaw': 1485, 'last_manual_throttle': 1024, 'aux3': 1000, 'aux4': 1502, 'aux5': 1500, 'aux6': 1000, 'aux7': 1000, 'battery': 23.8, 'rssi': 971, 'rssi_msg': 'Strong signal', 'speed': 0.0, 'altitude': 0.08, 'caught': True, 'ready_hold_active': False, 'ready_hold_pending_capture': False, 'ready_hold_roll': 1500, 'ready_hold_pitch': 1500, 'ready_hold_yaw': 1500, 'ready_hold_throttle': 1100, 'target_locked': False, 'tracking_bbox': (311, 231, 17, 17), 'attack_error_x': 0.0, 'attack_error_y': 0.0, 'target_size': 0.0, 'attack_active': False, 'attack_base_roll': 1500, 'attack_base_pitch': 1500, 'attack_base_yaw': 1500, 'attack_base_throttle': 1100, 'prev_attack_error_x': 0.0, 'prev_attack_time': None, 'prev_target_size': 0.0}
2026-04-03 10:35:55,970 - BEE-EPT-UA913 - DEBUG - Executing command: MONITOR, Priority: 2, Body: {'target': 'MSP_ANALOG'}
2026-04-03 10:35:55,977 - BEE-EPT-UA913 - DEBUG - Monitoring: b'\xee\x01\x00\xc6\x03\x0c\x00I\t'
2026-04-03 10:35:55,977 - BEE-EPT-UA913 - INFO - RSSI: 966, signal: Strong signal, battery voltage: 23.8V
2026-04-03 10:35:56,028 - BEE-EPT-UA913 - DEBUG - Executing command: TELEMETRY, Priority: 1, Body: {'target': 'MSP_RC'}
2026-04-03 10:35:56,039 - BEE-EPT-UA913 - DEBUG - Telemetry: b'\xdc\x05\xdc\x05\xcb\x05\x00\x04\xd0\x07\xe8\x03\xe8\x03\xde\x05\xe8\x03\xe8\x03\xe8\x03\xfd\x05\xdc\x05\xdc\x05\xe8\x03\xe8\x03'
2026-04-03 10:35:56,040 - BEE-EPT-UA913 - INFO - Autopilot state: {'connection': True, 'bee_state': 'READY', 'roll': 1500, 'pitch': 1500, 'yaw': 1483, 'throttle': 1024, 'last_manual_roll': 1500, 'last_manual_pitch': 1500, 'last_manual_yaw': 1483, 'last_manual_throttle': 1024, 'aux3': 1000, 'aux4': 1502, 'aux5': 1500, 'aux6': 1000, 'aux7': 1000, 'battery': 23.8, 'rssi': 966, 'rssi_msg': 'Strong signal', 'speed': 0.0, 'altitude': 0.08, 'caught': True, 'ready_hold_active': False, 'ready_hold_pending_capture': False, 'ready_hold_roll': 1500, 'ready_hold_pitch': 1500, 'ready_hold_yaw': 1500, 'ready_hold_throttle': 1100, 'target_locked': False, 'tracking_bbox': (311, 231, 17, 17), 'attack_error_x': 0.0, 'attack_error_y': 0.0, 'target_size': 0.0, 'attack_active': False, 'attack_base_roll': 1500, 'attack_base_pitch': 1500, 'attack_base_yaw': 1500, 'attack_base_throttle': 1100, 'prev_attack_error_x': 0.0, 'prev_attack_time': None, 'prev_target_size': 0.0}
2026-04-03 10:35:56,093 - BEE-EPT-UA913 - DEBUG - Executing command: TELEMETRY, Priority: 1, Body: {'target': 'MSP_RC'}
2026-04-03 10:35:56,099 - BEE-EPT-UA913 - DEBUG - Telemetry: b'\xdc\x05\xdc\x05\xcd\x05\x00\x04\xd0\x07\xe8\x03\xe8\x03\xde\x05\xe8\x03\xe8\x03\xe8\x03\xfd\x05\xdc\x05\xdc\x05\xe8\x03\xe8\x03'
2026-04-03 10:35:56,100 - BEE-EPT-UA913 - INFO - Autopilot state: {'connection': True, 'bee_state': 'READY', 'roll': 1500, 'pitch': 1500, 'yaw': 1485, 'throttle': 1024, 'last_manual_roll': 1500, 'last_manual_pitch': 1500, 'last_manual_yaw': 1485, 'last_manual_throttle': 1024, 'aux3': 1000, 'aux4': 1502, 'aux5': 1500, 'aux6': 1000, 'aux7': 1000, 'battery': 23.8, 'rssi': 966, 'rssi_msg': 'Strong signal', 'speed': 0.0, 'altitude': 0.08, 'caught': True, 'ready_hold_active': False, 'ready_hold_pending_capture': False, 'ready_hold_roll': 1500, 'ready_hold_pitch': 1500, 'ready_hold_yaw': 1500, 'ready_hold_throttle': 1100, 'target_locked': False, 'tracking_bbox': (311, 231, 17, 17), 'attack_error_x': 0.0, 'attack_error_y': 0.0, 'target_size': 0.0, 'attack_active': False, 'attack_base_roll': 1500, 'attack_base_pitch': 1500, 'attack_base_yaw': 1500, 'attack_base_throttle': 1100, 'prev_attack_error_x': 0.0, 'prev_attack_time': None, 'prev_target_size': 0.0}
2026-04-03 10:35:56,193 - BEE-EPT-UA913 - DEBUG - Executing command: TELEMETRY, Priority: 1, Body: {'target': 'MSP_RC'}
2026-04-03 10:35:56,200 - BEE-EPT-UA913 - DEBUG - Telemetry: b'\xdc\x05\xdc\x05\xcd\x05\x00\x04\xd0\x07\xe8\x03\xe8\x03\xde\x05\xe8\x03\xe8\x03\xe8\x03\xfd\x05\xdc\x05\xdc\x05\xe8\x03\xe8\x03'
2026-04-03 10:35:56,200 - BEE-EPT-UA913 - INFO - Autopilot state: {'connection': True, 'bee_state': 'READY', 'roll': 1500, 'pitch': 1500, 'yaw': 1485, 'throttle': 1024, 'last_manual_roll': 1500, 'last_manual_pitch': 1500, 'last_manual_yaw': 1485, 'last_manual_throttle': 1024, 'aux3': 1000, 'aux4': 1502, 'aux5': 1500, 'aux6': 1000, 'aux7': 1000, 'battery': 23.8, 'rssi': 966, 'rssi_msg': 'Strong signal', 'speed': 0.0, 'altitude': 0.08, 'caught': True, 'ready_hold_active': False, 'ready_hold_pending_capture': False, 'ready_hold_roll': 1500, 'ready_hold_pitch': 1500, 'ready_hold_yaw': 1500, 'ready_hold_throttle': 1100, 'target_locked': False, 'tracking_bbox': (311, 231, 17, 17), 'attack_error_x': 0.0, 'attack_error_y': 0.0, 'target_size': 0.0, 'attack_active': False, 'attack_base_roll': 1500, 'attack_base_pitch': 1500, 'attack_base_yaw': 1500, 'attack_base_throttle': 1100, 'prev_attack_error_x': 0.0, 'prev_attack_time': None, 'prev_target_size': 0.0}
2026-04-03 10:35:56,293 - BEE-EPT-UA913 - DEBUG - Executing command: TELEMETRY, Priority: 1, Body: {'target': 'MSP_RC'}
2026-04-03 10:35:56,300 - BEE-EPT-UA913 - DEBUG - Telemetry: b'\xdc\x05\xdc\x05\xd4\x05\x00\x04\xd0\x07\xe8\x03\xe8\x03\xde\x05\xe8\x03\xe8\x03\xe8\x03\xfd\x05\xdc\x05\xdc\x05\xe8\x03\xe8\x03'
2026-04-03 10:35:56,301 - BEE-EPT-UA913 - INFO - Autopilot state: {'connection': True, 'bee_state': 'READY', 'roll': 1500, 'pitch': 1500, 'yaw': 1492, 'throttle': 1024, 'last_manual_roll': 1500, 'last_manual_pitch': 1500, 'last_manual_yaw': 1492, 'last_manual_throttle': 1024, 'aux3': 1000, 'aux4': 1502, 'aux5': 1500, 'aux6': 1000, 'aux7': 1000, 'battery': 23.8, 'rssi': 966, 'rssi_msg': 'Strong signal', 'speed': 0.0, 'altitude': 0.08, 'caught': True, 'ready_hold_active': False, 'ready_hold_pending_capture': False, 'ready_hold_roll': 1500, 'ready_hold_pitch': 1500, 'ready_hold_yaw': 1500, 'ready_hold_throttle': 1100, 'target_locked': False, 'tracking_bbox': (311, 231, 17, 17), 'attack_error_x': 0.0, 'attack_error_y': 0.0, 'target_size': 0.0, 'attack_active': False, 'attack_base_roll': 1500, 'attack_base_pitch': 1500, 'attack_base_yaw': 1500, 'attack_base_throttle': 1100, 'prev_attack_error_x': 0.0, 'prev_attack_time': None, 'prev_target_size': 0.0}
2026-04-03 10:35:56,394 - BEE-EPT-UA913 - DEBUG - Executing command: TELEMETRY, Priority: 1, Body: {'target': 'MSP_RC'}
2026-04-03 10:35:56,401 - BEE-EPT-UA913 - DEBUG - Telemetry: b'\xdc\x05\xdc\x05\xd4\x05\x00\x04\xd0\x07\xe8\x03\xe8\x03\xde\x05\xe8\x03\xe8\x03\xe8\x03\xfd\x05\xdc\x05\xdc\x05\xe8\x03\xe8\x03'
2026-04-03 10:35:56,401 - BEE-EPT-UA913 - INFO - Autopilot state: {'connection': True, 'bee_state': 'READY', 'roll': 1500, 'pitch': 1500, 'yaw': 1492, 'throttle': 1024, 'last_manual_roll': 1500, 'last_manual_pitch': 1500, 'last_manual_yaw': 1492, 'last_manual_throttle': 1024, 'aux3': 1000, 'aux4': 1502, 'aux5': 1500, 'aux6': 1000, 'aux7': 1000, 'battery': 23.8, 'rssi': 966, 'rssi_msg': 'Strong signal', 'speed': 0.0, 'altitude': 0.08, 'caught': True, 'ready_hold_active': False, 'ready_hold_pending_capture': False, 'ready_hold_roll': 1500, 'ready_hold_pitch': 1500, 'ready_hold_yaw': 1500, 'ready_hold_throttle': 1100, 'target_locked': False, 'tracking_bbox': (311, 231, 17, 17), 'attack_error_x': 0.0, 'attack_error_y': 0.0, 'target_size': 0.0, 'attack_active': False, 'attack_base_roll': 1500, 'attack_base_pitch': 1500, 'attack_base_yaw': 1500, 'attack_base_throttle': 1100, 'prev_attack_error_x': 0.0, 'prev_attack_time': None, 'prev_target_size': 0.0}
2026-04-03 10:35:56,495 - BEE-EPT-UA913 - DEBUG - Executing command: TELEMETRY, Priority: 1, Body: {'target': 'MSP_RC'}
2026-04-03 10:35:56,501 - BEE-EPT-UA913 - DEBUG - Telemetry: b'\xdc\x05\xdc\x05\xd4\x05\t\x04\xd0\x07\xe8\x03\xe8\x03\xde\x05\xe8\x03\xe8\x03\xe8\x03\xfd\x05\xdc\x05\xdc\x05\xe8\x03\xe8\x03'
2026-04-03 10:35:56,502 - BEE-EPT-UA913 - INFO - Autopilot state: {'connection': True, 'bee_state': 'READY', 'roll': 1500, 'pitch': 1500, 'yaw': 1492, 'throttle': 1033, 'last_manual_roll': 1500, 'last_manual_pitch': 1500, 'last_manual_yaw': 1492, 'last_manual_throttle': 1033, 'aux3': 1000, 'aux4': 1502, 'aux5': 1500, 'aux6': 1000, 'aux7': 1000, 'battery': 23.8, 'rssi': 966, 'rssi_msg': 'Strong signal', 'speed': 0.0, 'altitude': 0.08, 'caught': True, 'ready_hold_active': False, 'ready_hold_pending_capture': False, 'ready_hold_roll': 1500, 'ready_hold_pitch': 1500, 'ready_hold_yaw': 1500, 'ready_hold_throttle': 1100, 'target_locked': False, 'tracking_bbox': (311, 231, 17, 17), 'attack_error_x': 0.0, 'attack_error_y': 0.0, 'target_size': 0.0, 'attack_active': False, 'attack_base_roll': 1500, 'attack_base_pitch': 1500, 'attack_base_yaw': 1500, 'attack_base_throttle': 1100, 'prev_attack_error_x': 0.0, 'prev_attack_time': None, 'prev_target_size': 0.0}
2026-04-03 10:35:56,595 - BEE-EPT-UA913 - DEBUG - Executing command: TELEMETRY, Priority: 1, Body: {'target': 'MSP_RC'}
2026-04-03 10:35:56,602 - BEE-EPT-UA913 - DEBUG - Telemetry: b'\xdc\x05\xdc\x05\xdc\x05\n\x04\xd0\x07\xe8\x03\xe8\x03\xde\x05\xe8\x03\xe8\x03\xe8\x03\xfd\x05\xdc\x05\xdc\x05\xe8\x03\xe8\x03'
2026-04-03 10:35:56,602 - BEE-EPT-UA913 - INFO - Autopilot state: {'connection': True, 'bee_state': 'READY', 'roll': 1500, 'pitch': 1500, 'yaw': 1500, 'throttle': 1034, 'last_manual_roll': 1500, 'last_manual_pitch': 1500, 'last_manual_yaw': 1500, 'last_manual_throttle': 1034, 'aux3': 1000, 'aux4': 1502, 'aux5': 1500, 'aux6': 1000, 'aux7': 1000, 'battery': 23.8, 'rssi': 966, 'rssi_msg': 'Strong signal', 'speed': 0.0, 'altitude': 0.08, 'caught': True, 'ready_hold_active': False, 'ready_hold_pending_capture': False, 'ready_hold_roll': 1500, 'ready_hold_pitch': 1500, 'ready_hold_yaw': 1500, 'ready_hold_throttle': 1100, 'target_locked': False, 'tracking_bbox': (311, 231, 17, 17), 'attack_error_x': 0.0, 'attack_error_y': 0.0, 'target_size': 0.0, 'attack_active': False, 'attack_base_roll': 1500, 'attack_base_pitch': 1500, 'attack_base_yaw': 1500, 'attack_base_throttle': 1100, 'prev_attack_error_x': 0.0, 'prev_attack_time': None, 'prev_target_size': 0.0}
2026-04-03 10:35:56,696 - BEE-EPT-UA913 - DEBUG - Executing command: TELEMETRY, Priority: 1, Body: {'target': 'MSP_RC'}
2026-04-03 10:35:56,702 - BEE-EPT-UA913 - DEBUG - Telemetry: b'\xdc\x05\xdc\x05\xdc\x05\n\x04\xd0\x07\xe8\x03\xe8\x03\xde\x05\xe8\x03\xe8\x03\xe8\x03\xfd\x05\xdc\x05\xdc\x05\xe8\x03\xe8\x03'
2026-04-03 10:35:56,703 - BEE-EPT-UA913 - INFO - Autopilot state: {'connection': True, 'bee_state': 'READY', 'roll': 1500, 'pitch': 1500, 'yaw': 1500, 'throttle': 1034, 'last_manual_roll': 1500, 'last_manual_pitch': 1500, 'last_manual_yaw': 1500, 'last_manual_throttle': 1034, 'aux3': 1000, 'aux4': 1502, 'aux5': 1500, 'aux6': 1000, 'aux7': 1000, 'battery': 23.8, 'rssi': 966, 'rssi_msg': 'Strong signal', 'speed': 0.0, 'altitude': 0.08, 'caught': True, 'ready_hold_active': False, 'ready_hold_pending_capture': False, 'ready_hold_roll': 1500, 'ready_hold_pitch': 1500, 'ready_hold_yaw': 1500, 'ready_hold_throttle': 1100, 'target_locked': False, 'tracking_bbox': (311, 231, 17, 17), 'attack_error_x': 0.0, 'attack_error_y': 0.0, 'target_size': 0.0, 'attack_active': False, 'attack_base_roll': 1500, 'attack_base_pitch': 1500, 'attack_base_yaw': 1500, 'attack_base_throttle': 1100, 'prev_attack_error_x': 0.0, 'prev_attack_time': None, 'prev_target_size': 0.0}
2026-04-03 10:35:56,796 - BEE-EPT-UA913 - DEBUG - Executing command: TELEMETRY, Priority: 1, Body: {'target': 'MSP_RC'}
2026-04-03 10:35:56,803 - BEE-EPT-UA913 - DEBUG - Telemetry: b'\xdc\x05\xdc\x05\xdc\x05\x13\x04\xd0\x07\xe8\x03\xe8\x03\xde\x05\xe8\x03\xe8\x03\xe8\x03\xfd\x05\xdc\x05\xdc\x05\xe8\x03\xe8\x03'
2026-04-03 10:35:56,803 - BEE-EPT-UA913 - INFO - Autopilot state: {'connection': True, 'bee_state': 'READY', 'roll': 1500, 'pitch': 1500, 'yaw': 1500, 'throttle': 1043, 'last_manual_roll': 1500, 'last_manual_pitch': 1500, 'last_manual_yaw': 1500, 'last_manual_throttle': 1043, 'aux3': 1000, 'aux4': 1502, 'aux5': 1500, 'aux6': 1000, 'aux7': 1000, 'battery': 23.8, 'rssi': 966, 'rssi_msg': 'Strong signal', 'speed': 0.0, 'altitude': 0.08, 'caught': True, 'ready_hold_active': False, 'ready_hold_pending_capture': False, 'ready_hold_roll': 1500, 'ready_hold_pitch': 1500, 'ready_hold_yaw': 1500, 'ready_hold_throttle': 1100, 'target_locked': False, 'tracking_bbox': (311, 231, 17, 17), 'attack_error_x': 0.0, 'attack_error_y': 0.0, 'target_size': 0.0, 'attack_active': False, 'attack_base_roll': 1500, 'attack_base_pitch': 1500, 'attack_base_yaw': 1500, 'attack_base_throttle': 1100, 'prev_attack_error_x': 0.0, 'prev_attack_time': None, 'prev_target_size': 0.0}
2026-04-03 10:35:56,854 - BEE-EPT-UA913 - DEBUG - Executing command: TELEMETRY, Priority: 2, Body: {'target': 'MSP_ALTITUDE'}
2026-04-03 10:35:56,861 - BEE-EPT-UA913 - DEBUG - Telemetry: b'\x08\x00\x00\x00\xfc\xff'
2026-04-03 10:35:56,861 - BEE-EPT-UA913 - INFO - Current speed [655.32 m/s]
2026-04-03 10:35:56,861 - BEE-EPT-UA913 - INFO - Autopilot state: {'connection': True, 'bee_state': 'READY', 'roll': 1500, 'pitch': 1500, 'yaw': 1500, 'throttle': 1043, 'last_manual_roll': 1500, 'last_manual_pitch': 1500, 'last_manual_yaw': 1500, 'last_manual_throttle': 1043, 'aux3': 1000, 'aux4': 1502, 'aux5': 1500, 'aux6': 1000, 'aux7': 1000, 'battery': 23.8, 'rssi': 966, 'rssi_msg': 'Strong signal', 'speed': 655.32, 'altitude': 0.08, 'caught': True, 'ready_hold_active': False, 'ready_hold_pending_capture': False, 'ready_hold_roll': 1500, 'ready_hold_pitch': 1500, 'ready_hold_yaw': 1500, 'ready_hold_throttle': 1100, 'target_locked': False, 'tracking_bbox': (311, 231, 17, 17), 'attack_error_x': 0.0, 'attack_error_y': 0.0, 'target_size': 0.0, 'attack_active': False, 'attack_base_roll': 1500, 'attack_base_pitch': 1500, 'attack_base_yaw': 1500, 'attack_base_throttle': 1100, 'prev_attack_error_x': 0.0, 'prev_attack_time': None, 'prev_target_size': 0.0}
2026-04-03 10:35:56,912 - BEE-EPT-UA913 - DEBUG - Executing command: TELEMETRY, Priority: 1, Body: {'target': 'MSP_RC'}
2026-04-03 10:35:56,924 - BEE-EPT-UA913 - DEBUG - Telemetry: b'\xdc\x05\xdc\x05\xdc\x05\x1f\x04\xd0\x07\xe8\x03\xe8\x03\xde\x05\xe8\x03\xe8\x03\xe8\x03\xfd\x05\xdc\x05\xdc\x05\xe8\x03\xe8\x03'
2026-04-03 10:35:56,924 - BEE-EPT-UA913 - INFO - Autopilot state: {'connection': True, 'bee_state': 'READY', 'roll': 1500, 'pitch': 1500, 'yaw': 1500, 'throttle': 1055, 'last_manual_roll': 1500, 'last_manual_pitch': 1500, 'last_manual_yaw': 1500, 'last_manual_throttle': 1055, 'aux3': 1000, 'aux4': 1502, 'aux5': 1500, 'aux6': 1000, 'aux7': 1000, 'battery': 23.8, 'rssi': 966, 'rssi_msg': 'Strong signal', 'speed': 655.32, 'altitude': 0.08, 'caught': True, 'ready_hold_active': False, 'ready_hold_pending_capture': False, 'ready_hold_roll': 1500, 'ready_hold_pitch': 1500, 'ready_hold_yaw': 1500, 'ready_hold_throttle': 1100, 'target_locked': False, 'tracking_bbox': (311, 231, 17, 17), 'attack_error_x': 0.0, 'attack_error_y': 0.0, 'target_size': 0.0, 'attack_active': False, 'attack_base_roll': 1500, 'attack_base_pitch': 1500, 'attack_base_yaw': 1500, 'attack_base_throttle': 1100, 'prev_attack_error_x': 0.0, 'prev_attack_time': None, 'prev_target_size': 0.0}
2026-04-03 10:35:56,974 - BEE-EPT-UA913 - DEBUG - Executing command: MONITOR, Priority: 2, Body: {'target': 'MSP_ANALOG'}
2026-04-03 10:35:56,982 - BEE-EPT-UA913 - DEBUG - Monitoring: b'\xee\x01\x00\xbf\x03\x10\x00I\t'
2026-04-03 10:35:56,982 - BEE-EPT-UA913 - INFO - RSSI: 959, signal: Strong signal, battery voltage: 23.8V
2026-04-03 10:35:57,033 - BEE-EPT-UA913 - DEBUG - Executing command: TELEMETRY, Priority: 1, Body: {'target': 'MSP_RC'}
2026-04-03 10:35:57,044 - BEE-EPT-UA913 - DEBUG - Telemetry: b'\xdc\x05\xdc\x05\xdc\x05$\x04\xd0\x07\xe8\x03\xe8\x03\xde\x05\xe8\x03\xe8\x03\xe8\x03\xfd\x05\xdc\x05\xdc\x05\xe8\x03\xe8\x03'
2026-04-03 10:35:57,045 - BEE-EPT-UA913 - INFO - Autopilot state: {'connection': True, 'bee_state': 'READY', 'roll': 1500, 'pitch': 1500, 'yaw': 1500, 'throttle': 1060, 'last_manual_roll': 1500, 'last_manual_pitch': 1500, 'last_manual_yaw': 1500, 'last_manual_throttle': 1060, 'aux3': 1000, 'aux4': 1502, 'aux5': 1500, 'aux6': 1000, 'aux7': 1000, 'battery': 23.8, 'rssi': 959, 'rssi_msg': 'Strong signal', 'speed': 655.32, 'altitude': 0.08, 'caught': True, 'ready_hold_active': False, 'ready_hold_pending_capture': False, 'ready_hold_roll': 1500, 'ready_hold_pitch': 1500, 'ready_hold_yaw': 1500, 'ready_hold_throttle': 1100, 'target_locked': False, 'tracking_bbox': (311, 231, 17, 17), 'attack_error_x': 0.0, 'attack_error_y': 0.0, 'target_size': 0.0, 'attack_active': False, 'attack_base_roll': 1500, 'attack_base_pitch': 1500, 'attack_base_yaw': 1500, 'attack_base_throttle': 1100, 'prev_attack_error_x': 0.0, 'prev_attack_time': None, 'prev_target_size': 0.0}
2026-04-03 10:35:57,097 - BEE-EPT-UA913 - DEBUG - Executing command: TELEMETRY, Priority: 1, Body: {'target': 'MSP_RC'}
2026-04-03 10:35:57,105 - BEE-EPT-UA913 - DEBUG - Telemetry: b'\xdc\x05\xdc\x05\xdc\x05$\x04\xd0\x07\xe8\x03\xe8\x03\xde\x05\xe8\x03\xe8\x03\xe8\x03\xfd\x05\xdc\x05\xdc\x05\xe8\x03\xe8\x03'
2026-04-03 10:35:57,105 - BEE-EPT-UA913 - INFO - Autopilot state: {'connection': True, 'bee_state': 'READY', 'roll': 1500, 'pitch': 1500, 'yaw': 1500, 'throttle': 1060, 'last_manual_roll': 1500, 'last_manual_pitch': 1500, 'last_manual_yaw': 1500, 'last_manual_throttle': 1060, 'aux3': 1000, 'aux4': 1502, 'aux5': 1500, 'aux6': 1000, 'aux7': 1000, 'battery': 23.8, 'rssi': 959, 'rssi_msg': 'Strong signal', 'speed': 655.32, 'altitude': 0.08, 'caught': True, 'ready_hold_active': False, 'ready_hold_pending_capture': False, 'ready_hold_roll': 1500, 'ready_hold_pitch': 1500, 'ready_hold_yaw': 1500, 'ready_hold_throttle': 1100, 'target_locked': False, 'tracking_bbox': (311, 231, 17, 17), 'attack_error_x': 0.0, 'attack_error_y': 0.0, 'target_size': 0.0, 'attack_active': False, 'attack_base_roll': 1500, 'attack_base_pitch': 1500, 'attack_base_yaw': 1500, 'attack_base_throttle': 1100, 'prev_attack_error_x': 0.0, 'prev_attack_time': None, 'prev_target_size': 0.0}
2026-04-03 10:35:57,197 - BEE-EPT-UA913 - DEBUG - Executing command: TELEMETRY, Priority: 1, Body: {'target': 'MSP_RC'}
2026-04-03 10:35:57,205 - BEE-EPT-UA913 - DEBUG - Telemetry: b'\xdc\x05\xdc\x05\xdc\x05$\x04\xd0\x07\xe8\x03\xe8\x03\xde\x05\xe8\x03\xe8\x03\xe8\x03\xfd\x05\xdc\x05\xdc\x05\xe8\x03\xe8\x03'
2026-04-03 10:35:57,206 - BEE-EPT-UA913 - INFO - Autopilot state: {'connection': True, 'bee_state': 'READY', 'roll': 1500, 'pitch': 1500, 'yaw': 1500, 'throttle': 1060, 'last_manual_roll': 1500, 'last_manual_pitch': 1500, 'last_manual_yaw': 1500, 'last_manual_throttle': 1060, 'aux3': 1000, 'aux4': 1502, 'aux5': 1500, 'aux6': 1000, 'aux7': 1000, 'battery': 23.8, 'rssi': 959, 'rssi_msg': 'Strong signal', 'speed': 655.32, 'altitude': 0.08, 'caught': True, 'ready_hold_active': False, 'ready_hold_pending_capture': False, 'ready_hold_roll': 1500, 'ready_hold_pitch': 1500, 'ready_hold_yaw': 1500, 'ready_hold_throttle': 1100, 'target_locked': False, 'tracking_bbox': (311, 231, 17, 17), 'attack_error_x': 0.0, 'attack_error_y': 0.0, 'target_size': 0.0, 'attack_active': False, 'attack_base_roll': 1500, 'attack_base_pitch': 1500, 'attack_base_yaw': 1500, 'attack_base_throttle': 1100, 'prev_attack_error_x': 0.0, 'prev_attack_time': None, 'prev_target_size': 0.0}
2026-04-03 10:35:57,298 - BEE-EPT-UA913 - DEBUG - Executing command: TELEMETRY, Priority: 1, Body: {'target': 'MSP_RC'}
2026-04-03 10:35:57,306 - BEE-EPT-UA913 - DEBUG - Telemetry: b'\xdc\x05\xdc\x05\xdc\x05$\x04\xd0\x07\xe8\x03\xe8\x03\xde\x05\xe8\x03\xe8\x03\xe8\x03\xfd\x05\xdc\x05\xdc\x05\xe8\x03\xe8\x03'
2026-04-03 10:35:57,307 - BEE-EPT-UA913 - INFO - Autopilot state: {'connection': True, 'bee_state': 'READY', 'roll': 1500, 'pitch': 1500, 'yaw': 1500, 'throttle': 1060, 'last_manual_roll': 1500, 'last_manual_pitch': 1500, 'last_manual_yaw': 1500, 'last_manual_throttle': 1060, 'aux3': 1000, 'aux4': 1502, 'aux5': 1500, 'aux6': 1000, 'aux7': 1000, 'battery': 23.8, 'rssi': 959, 'rssi_msg': 'Strong signal', 'speed': 655.32, 'altitude': 0.08, 'caught': True, 'ready_hold_active': False, 'ready_hold_pending_capture': False, 'ready_hold_roll': 1500, 'ready_hold_pitch': 1500, 'ready_hold_yaw': 1500, 'ready_hold_throttle': 1100, 'target_locked': False, 'tracking_bbox': (311, 231, 17, 17), 'attack_error_x': 0.0, 'attack_error_y': 0.0, 'target_size': 0.0, 'attack_active': False, 'attack_base_roll': 1500, 'attack_base_pitch': 1500, 'attack_base_yaw': 1500, 'attack_base_throttle': 1100, 'prev_attack_error_x': 0.0, 'prev_attack_time': None, 'prev_target_size': 0.0}
2026-04-03 10:35:57,398 - BEE-EPT-UA913 - DEBUG - Executing command: TELEMETRY, Priority: 1, Body: {'target': 'MSP_RC'}
2026-04-03 10:35:57,406 - BEE-EPT-UA913 - DEBUG - Telemetry: b'\xdc\x05\xdc\x05\xdc\x05$\x04\xd0\x07\xe8\x03\xe8\x03\xde\x05\xe8\x03\xe8\x03\xe8\x03\xfd\x05\xdc\x05\xdc\x05\xe8\x03\xe8\x03'
2026-04-03 10:35:57,407 - BEE-EPT-UA913 - INFO - Autopilot state: {'connection': True, 'bee_state': 'READY', 'roll': 1500, 'pitch': 1500, 'yaw': 1500, 'throttle': 1060, 'last_manual_roll': 1500, 'last_manual_pitch': 1500, 'last_manual_yaw': 1500, 'last_manual_throttle': 1060, 'aux3': 1000, 'aux4': 1502, 'aux5': 1500, 'aux6': 1000, 'aux7': 1000, 'battery': 23.8, 'rssi': 959, 'rssi_msg': 'Strong signal', 'speed': 655.32, 'altitude': 0.08, 'caught': True, 'ready_hold_active': False, 'ready_hold_pending_capture': False, 'ready_hold_roll': 1500, 'ready_hold_pitch': 1500, 'ready_hold_yaw': 1500, 'ready_hold_throttle': 1100, 'target_locked': False, 'tracking_bbox': (311, 231, 17, 17), 'attack_error_x': 0.0, 'attack_error_y': 0.0, 'target_size': 0.0, 'attack_active': False, 'attack_base_roll': 1500, 'attack_base_pitch': 1500, 'attack_base_yaw': 1500, 'attack_base_throttle': 1100, 'prev_attack_error_x': 0.0, 'prev_attack_time': None, 'prev_target_size': 0.0}
2026-04-03 10:35:57,498 - BEE-EPT-UA913 - DEBUG - Executing command: TELEMETRY, Priority: 1, Body: {'target': 'MSP_RC'}
2026-04-03 10:35:57,507 - BEE-EPT-UA913 - DEBUG - Telemetry: b'\xdc\x05\xdc\x05\xdc\x05$\x04\xd0\x07\xe8\x03\xe8\x03\xde\x05\xe8\x03\xe8\x03\xe8\x03\xfd\x05\xdc\x05\xdc\x05\xe8\x03\xe8\x03'
2026-04-03 10:35:57,507 - BEE-EPT-UA913 - INFO - Autopilot state: {'connection': True, 'bee_state': 'READY', 'roll': 1500, 'pitch': 1500, 'yaw': 1500, 'throttle': 1060, 'last_manual_roll': 1500, 'last_manual_pitch': 1500, 'last_manual_yaw': 1500, 'last_manual_throttle': 1060, 'aux3': 1000, 'aux4': 1502, 'aux5': 1500, 'aux6': 1000, 'aux7': 1000, 'battery': 23.8, 'rssi': 959, 'rssi_msg': 'Strong signal', 'speed': 655.32, 'altitude': 0.08, 'caught': True, 'ready_hold_active': False, 'ready_hold_pending_capture': False, 'ready_hold_roll': 1500, 'ready_hold_pitch': 1500, 'ready_hold_yaw': 1500, 'ready_hold_throttle': 1100, 'target_locked': False, 'tracking_bbox': (311, 231, 17, 17), 'attack_error_x': 0.0, 'attack_error_y': 0.0, 'target_size': 0.0, 'attack_active': False, 'attack_base_roll': 1500, 'attack_base_pitch': 1500, 'attack_base_yaw': 1500, 'attack_base_throttle': 1100, 'prev_attack_error_x': 0.0, 'prev_attack_time': None, 'prev_target_size': 0.0}
2026-04-03 10:35:57,599 - BEE-EPT-UA913 - DEBUG - Executing command: TELEMETRY, Priority: 1, Body: {'target': 'MSP_RC'}
2026-04-03 10:35:57,608 - BEE-EPT-UA913 - DEBUG - Telemetry: b'\xdc\x05\xdc\x05\xdc\x05$\x04\xd0\x07\xe8\x03\xe8\x03\xde\x05\xe8\x03\xe8\x03\xe8\x03\xfd\x05\xdc\x05\xdc\x05\xe8\x03\xe8\x03'
2026-04-03 10:35:57,608 - BEE-EPT-UA913 - INFO - Autopilot state: {'connection': True, 'bee_state': 'READY', 'roll': 1500, 'pitch': 1500, 'yaw': 1500, 'throttle': 1060, 'last_manual_roll': 1500, 'last_manual_pitch': 1500, 'last_manual_yaw': 1500, 'last_manual_throttle': 1060, 'aux3': 1000, 'aux4': 1502, 'aux5': 1500, 'aux6': 1000, 'aux7': 1000, 'battery': 23.8, 'rssi': 959, 'rssi_msg': 'Strong signal', 'speed': 655.32, 'altitude': 0.08, 'caught': True, 'ready_hold_active': False, 'ready_hold_pending_capture': False, 'ready_hold_roll': 1500, 'ready_hold_pitch': 1500, 'ready_hold_yaw': 1500, 'ready_hold_throttle': 1100, 'target_locked': False, 'tracking_bbox': (311, 231, 17, 17), 'attack_error_x': 0.0, 'attack_error_y': 0.0, 'target_size': 0.0, 'attack_active': False, 'attack_base_roll': 1500, 'attack_base_pitch': 1500, 'attack_base_yaw': 1500, 'attack_base_throttle': 1100, 'prev_attack_error_x': 0.0, 'prev_attack_time': None, 'prev_target_size': 0.0}
2026-04-03 10:35:57,701 - BEE-EPT-UA913 - DEBUG - Executing command: TELEMETRY, Priority: 1, Body: {'target': 'MSP_RC'}
2026-04-03 10:35:57,708 - BEE-EPT-UA913 - DEBUG - Telemetry: b'\xdc\x05\xdc\x05\xdc\x05$\x04\xd0\x07\xe8\x03\xe8\x03\xde\x05\xe8\x03\xe8\x03\xe8\x03\xfd\x05\xdc\x05\xdc\x05\xe8\x03\xe8\x03'
2026-04-03 10:35:57,709 - BEE-EPT-UA913 - INFO - Autopilot state: {'connection': True, 'bee_state': 'READY', 'roll': 1500, 'pitch': 1500, 'yaw': 1500, 'throttle': 1060, 'last_manual_roll': 1500, 'last_manual_pitch': 1500, 'last_manual_yaw': 1500, 'last_manual_throttle': 1060, 'aux3': 1000, 'aux4': 1502, 'aux5': 1500, 'aux6': 1000, 'aux7': 1000, 'battery': 23.8, 'rssi': 959, 'rssi_msg': 'Strong signal', 'speed': 655.32, 'altitude': 0.08, 'caught': True, 'ready_hold_active': False, 'ready_hold_pending_capture': False, 'ready_hold_roll': 1500, 'ready_hold_pitch': 1500, 'ready_hold_yaw': 1500, 'ready_hold_throttle': 1100, 'target_locked': False, 'tracking_bbox': (311, 231, 17, 17), 'attack_error_x': 0.0, 'attack_error_y': 0.0, 'target_size': 0.0, 'attack_active': False, 'attack_base_roll': 1500, 'attack_base_pitch': 1500, 'attack_base_yaw': 1500, 'attack_base_throttle': 1100, 'prev_attack_error_x': 0.0, 'prev_attack_time': None, 'prev_target_size': 0.0}
2026-04-03 10:35:57,801 - BEE-EPT-UA913 - DEBUG - Executing command: TELEMETRY, Priority: 1, Body: {'target': 'MSP_RC'}
2026-04-03 10:35:57,808 - BEE-EPT-UA913 - DEBUG - Telemetry: b'\xdc\x05\xdc\x05\xdc\x05$\x04\xd0\x07\xe8\x03\xe8\x03\xde\x05\xe8\x03\xe8\x03\xe8\x03\xfd\x05\xdc\x05\xdc\x05\xe8\x03\xe8\x03'
2026-04-03 10:35:57,808 - BEE-EPT-UA913 - INFO - Autopilot state: {'connection': True, 'bee_state': 'READY', 'roll': 1500, 'pitch': 1500, 'yaw': 1500, 'throttle': 1060, 'last_manual_roll': 1500, 'last_manual_pitch': 1500, 'last_manual_yaw': 1500, 'last_manual_throttle': 1060, 'aux3': 1000, 'aux4': 1502, 'aux5': 1500, 'aux6': 1000, 'aux7': 1000, 'battery': 23.8, 'rssi': 959, 'rssi_msg': 'Strong signal', 'speed': 655.32, 'altitude': 0.08, 'caught': True, 'ready_hold_active': False, 'ready_hold_pending_capture': False, 'ready_hold_roll': 1500, 'ready_hold_pitch': 1500, 'ready_hold_yaw': 1500, 'ready_hold_throttle': 1100, 'target_locked': False, 'tracking_bbox': (311, 231, 17, 17), 'attack_error_x': 0.0, 'attack_error_y': 0.0, 'target_size': 0.0, 'attack_active': False, 'attack_base_roll': 1500, 'attack_base_pitch': 1500, 'attack_base_yaw': 1500, 'attack_base_throttle': 1100, 'prev_attack_error_x': 0.0, 'prev_attack_time': None, 'prev_target_size': 0.0}
2026-04-03 10:35:57,859 - BEE-EPT-UA913 - DEBUG - Executing command: TELEMETRY, Priority: 2, Body: {'target': 'MSP_ALTITUDE'}
2026-04-03 10:35:57,866 - BEE-EPT-UA913 - DEBUG - Telemetry: b'\r\x00\x00\x00\x00\x00'
2026-04-03 10:35:57,866 - BEE-EPT-UA913 - INFO - Autopilot state: {'connection': True, 'bee_state': 'READY', 'roll': 1500, 'pitch': 1500, 'yaw': 1500, 'throttle': 1060, 'last_manual_roll': 1500, 'last_manual_pitch': 1500, 'last_manual_yaw': 1500, 'last_manual_throttle': 1060, 'aux3': 1000, 'aux4': 1502, 'aux5': 1500, 'aux6': 1000, 'aux7': 1000, 'battery': 23.8, 'rssi': 959, 'rssi_msg': 'Strong signal', 'speed': 0.0, 'altitude': 0.13, 'caught': True, 'ready_hold_active': False, 'ready_hold_pending_capture': False, 'ready_hold_roll': 1500, 'ready_hold_pitch': 1500, 'ready_hold_yaw': 1500, 'ready_hold_throttle': 1100, 'target_locked': False, 'tracking_bbox': (311, 231, 17, 17), 'attack_error_x': 0.0, 'attack_error_y': 0.0, 'target_size': 0.0, 'attack_active': False, 'attack_base_roll': 1500, 'attack_base_pitch': 1500, 'attack_base_yaw': 1500, 'attack_base_throttle': 1100, 'prev_attack_error_x': 0.0, 'prev_attack_time': None, 'prev_target_size': 0.0}
2026-04-03 10:35:57,917 - BEE-EPT-UA913 - DEBUG - Executing command: TELEMETRY, Priority: 1, Body: {'target': 'MSP_RC'}
2026-04-03 10:35:57,929 - BEE-EPT-UA913 - DEBUG - Telemetry: b'\xdc\x05\xdc\x05\xdc\x05\x1d\x04\xd0\x07\xe8\x03\xe8\x03\xde\x05\xe8\x03\xe8\x03\xe8\x03\xfd\x05\xdc\x05\xdc\x05\xe8\x03\xe8\x03'
2026-04-03 10:35:57,929 - BEE-EPT-UA913 - INFO - Autopilot state: {'connection': True, 'bee_state': 'READY', 'roll': 1500, 'pitch': 1500, 'yaw': 1500, 'throttle': 1053, 'last_manual_roll': 1500, 'last_manual_pitch': 1500, 'last_manual_yaw': 1500, 'last_manual_throttle': 1053, 'aux3': 1000, 'aux4': 1502, 'aux5': 1500, 'aux6': 1000, 'aux7': 1000, 'battery': 23.8, 'rssi': 959, 'rssi_msg': 'Strong signal', 'speed': 0.0, 'altitude': 0.13, 'caught': True, 'ready_hold_active': False, 'ready_hold_pending_capture': False, 'ready_hold_roll': 1500, 'ready_hold_pitch': 1500, 'ready_hold_yaw': 1500, 'ready_hold_throttle': 1100, 'target_locked': False, 'tracking_bbox': (311, 231, 17, 17), 'attack_error_x': 0.0, 'attack_error_y': 0.0, 'target_size': 0.0, 'attack_active': False, 'attack_base_roll': 1500, 'attack_base_pitch': 1500, 'attack_base_yaw': 1500, 'attack_base_throttle': 1100, 'prev_attack_error_x': 0.0, 'prev_attack_time': None, 'prev_target_size': 0.0}
2026-04-03 10:35:57,980 - BEE-EPT-UA913 - DEBUG - Executing command: MONITOR, Priority: 2, Body: {'target': 'MSP_ANALOG'}
2026-04-03 10:35:57,987 - BEE-EPT-UA913 - DEBUG - Monitoring: b'\xee\x02\x00\xbd\x03\x14\x00I\t'
2026-04-03 10:35:57,987 - BEE-EPT-UA913 - INFO - RSSI: 957, signal: Strong signal, battery voltage: 23.8V
2026-04-03 10:35:58,038 - BEE-EPT-UA913 - DEBUG - Executing command: TELEMETRY, Priority: 1, Body: {'target': 'MSP_RC'}
2026-04-03 10:35:58,049 - BEE-EPT-UA913 - DEBUG - Telemetry: b'\xdc\x05\xd7\x05\xdc\x05\x1c\x04\xd0\x07\xe8\x03\xe8\x03\xde\x05\xe8\x03\xe8\x03\xe8\x03\xfd\x05\xdc\x05\xdc\x05\xe8\x03\xe8\x03'
2026-04-03 10:35:58,050 - BEE-EPT-UA913 - INFO - Autopilot state: {'connection': True, 'bee_state': 'READY', 'roll': 1500, 'pitch': 1495, 'yaw': 1500, 'throttle': 1052, 'last_manual_roll': 1500, 'last_manual_pitch': 1495, 'last_manual_yaw': 1500, 'last_manual_throttle': 1052, 'aux3': 1000, 'aux4': 1502, 'aux5': 1500, 'aux6': 1000, 'aux7': 1000, 'battery': 23.8, 'rssi': 957, 'rssi_msg': 'Strong signal', 'speed': 0.0, 'altitude': 0.13, 'caught': True, 'ready_hold_active': False, 'ready_hold_pending_capture': False, 'ready_hold_roll': 1500, 'ready_hold_pitch': 1500, 'ready_hold_yaw': 1500, 'ready_hold_throttle': 1100, 'target_locked': False, 'tracking_bbox': (311, 231, 17, 17), 'attack_error_x': 0.0, 'attack_error_y': 0.0, 'target_size': 0.0, 'attack_active': False, 'attack_base_roll': 1500, 'attack_base_pitch': 1500, 'attack_base_yaw': 1500, 'attack_base_throttle': 1100, 'prev_attack_error_x': 0.0, 'prev_attack_time': None, 'prev_target_size': 0.0}
2026-04-03 10:35:58,102 - BEE-EPT-UA913 - DEBUG - Executing command: TELEMETRY, Priority: 1, Body: {'target': 'MSP_RC'}
2026-04-03 10:35:58,110 - BEE-EPT-UA913 - DEBUG - Telemetry: b'\xdc\x05\xc3\x05\xdc\x05\x1c\x04\xd0\x07\xe8\x03\xe8\x03\xde\x05\xe8\x03\xe8\x03\xe8\x03\xfd\x05\xdc\x05\xdc\x05\xe8\x03\xe8\x03'
2026-04-03 10:35:58,110 - BEE-EPT-UA913 - INFO - Autopilot state: {'connection': True, 'bee_state': 'READY', 'roll': 1500, 'pitch': 1475, 'yaw': 1500, 'throttle': 1052, 'last_manual_roll': 1500, 'last_manual_pitch': 1475, 'last_manual_yaw': 1500, 'last_manual_throttle': 1052, 'aux3': 1000, 'aux4': 1502, 'aux5': 1500, 'aux6': 1000, 'aux7': 1000, 'battery': 23.8, 'rssi': 957, 'rssi_msg': 'Strong signal', 'speed': 0.0, 'altitude': 0.13, 'caught': True, 'ready_hold_active': False, 'ready_hold_pending_capture': False, 'ready_hold_roll': 1500, 'ready_hold_pitch': 1500, 'ready_hold_yaw': 1500, 'ready_hold_throttle': 1100, 'target_locked': False, 'tracking_bbox': (311, 231, 17, 17), 'attack_error_x': 0.0, 'attack_error_y': 0.0, 'target_size': 0.0, 'attack_active': False, 'attack_base_roll': 1500, 'attack_base_pitch': 1500, 'attack_base_yaw': 1500, 'attack_base_throttle': 1100, 'prev_attack_error_x': 0.0, 'prev_attack_time': None, 'prev_target_size': 0.0}
2026-04-03 10:35:58,203 - BEE-EPT-UA913 - DEBUG - Executing command: TELEMETRY, Priority: 1, Body: {'target': 'MSP_RC'}
2026-04-03 10:35:58,210 - BEE-EPT-UA913 - DEBUG - Telemetry: b'\xdc\x05\x98\x05\xdc\x05\x13\x04\xd0\x07\xe8\x03\xe8\x03\xde\x05\xe8\x03\xe8\x03\xe8\x03\xfd\x05\xdc\x05\xdc\x05\xe8\x03\xe8\x03'
2026-04-03 10:35:58,211 - BEE-EPT-UA913 - INFO - Autopilot state: {'connection': True, 'bee_state': 'READY', 'roll': 1500, 'pitch': 1432, 'yaw': 1500, 'throttle': 1043, 'last_manual_roll': 1500, 'last_manual_pitch': 1432, 'last_manual_yaw': 1500, 'last_manual_throttle': 1043, 'aux3': 1000, 'aux4': 1502, 'aux5': 1500, 'aux6': 1000, 'aux7': 1000, 'battery': 23.8, 'rssi': 957, 'rssi_msg': 'Strong signal', 'speed': 0.0, 'altitude': 0.13, 'caught': True, 'ready_hold_active': False, 'ready_hold_pending_capture': False, 'ready_hold_roll': 1500, 'ready_hold_pitch': 1500, 'ready_hold_yaw': 1500, 'ready_hold_throttle': 1100, 'target_locked': False, 'tracking_bbox': (311, 231, 17, 17), 'attack_error_x': 0.0, 'attack_error_y': 0.0, 'target_size': 0.0, 'attack_active': False, 'attack_base_roll': 1500, 'attack_base_pitch': 1500, 'attack_base_yaw': 1500, 'attack_base_throttle': 1100, 'prev_attack_error_x': 0.0, 'prev_attack_time': None, 'prev_target_size': 0.0}
2026-04-03 10:35:58,303 - BEE-EPT-UA913 - DEBUG - Executing command: TELEMETRY, Priority: 1, Body: {'target': 'MSP_RC'}
2026-04-03 10:35:58,311 - BEE-EPT-UA913 - DEBUG - Telemetry: b'\xdc\x05\x91\x05\xdc\x05\x13\x04\xd0\x07\xe8\x03\xe8\x03\xde\x05\xe8\x03\xe8\x03\xe8\x03\xfd\x05\xdc\x05\xdc\x05\xe8\x03\xe8\x03'
2026-04-03 10:35:58,312 - BEE-EPT-UA913 - INFO - Autopilot state: {'connection': True, 'bee_state': 'READY', 'roll': 1500, 'pitch': 1425, 'yaw': 1500, 'throttle': 1043, 'last_manual_roll': 1500, 'last_manual_pitch': 1425, 'last_manual_yaw': 1500, 'last_manual_throttle': 1043, 'aux3': 1000, 'aux4': 1502, 'aux5': 1500, 'aux6': 1000, 'aux7': 1000, 'battery': 23.8, 'rssi': 957, 'rssi_msg': 'Strong signal', 'speed': 0.0, 'altitude': 0.13, 'caught': True, 'ready_hold_active': False, 'ready_hold_pending_capture': False, 'ready_hold_roll': 1500, 'ready_hold_pitch': 1500, 'ready_hold_yaw': 1500, 'ready_hold_throttle': 1100, 'target_locked': False, 'tracking_bbox': (311, 231, 17, 17), 'attack_error_x': 0.0, 'attack_error_y': 0.0, 'target_size': 0.0, 'attack_active': False, 'attack_base_roll': 1500, 'attack_base_pitch': 1500, 'attack_base_yaw': 1500, 'attack_base_throttle': 1100, 'prev_attack_error_x': 0.0, 'prev_attack_time': None, 'prev_target_size': 0.0}
2026-04-03 10:35:58,404 - BEE-EPT-UA913 - DEBUG - Executing command: TELEMETRY, Priority: 1, Body: {'target': 'MSP_RC'}
2026-04-03 10:35:58,411 - BEE-EPT-UA913 - DEBUG - Telemetry: b'\xdc\x05\xcf\x05\xdc\x05\x13\x04\xd0\x07\xe8\x03\xe8\x03\xde\x05\xe8\x03\xe8\x03\xe8\x03\xfd\x05\xdc\x05\xdc\x05\xe8\x03\xe8\x03'
2026-04-03 10:35:58,411 - BEE-EPT-UA913 - INFO - Autopilot state: {'connection': True, 'bee_state': 'READY', 'roll': 1500, 'pitch': 1487, 'yaw': 1500, 'throttle': 1043, 'last_manual_roll': 1500, 'last_manual_pitch': 1487, 'last_manual_yaw': 1500, 'last_manual_throttle': 1043, 'aux3': 1000, 'aux4': 1502, 'aux5': 1500, 'aux6': 1000, 'aux7': 1000, 'battery': 23.8, 'rssi': 957, 'rssi_msg': 'Strong signal', 'speed': 0.0, 'altitude': 0.13, 'caught': True, 'ready_hold_active': False, 'ready_hold_pending_capture': False, 'ready_hold_roll': 1500, 'ready_hold_pitch': 1500, 'ready_hold_yaw': 1500, 'ready_hold_throttle': 1100, 'target_locked': False, 'tracking_bbox': (311, 231, 17, 17), 'attack_error_x': 0.0, 'attack_error_y': 0.0, 'target_size': 0.0, 'attack_active': False, 'attack_base_roll': 1500, 'attack_base_pitch': 1500, 'attack_base_yaw': 1500, 'attack_base_throttle': 1100, 'prev_attack_error_x': 0.0, 'prev_attack_time': None, 'prev_target_size': 0.0}
2026-04-03 10:35:58,504 - BEE-EPT-UA913 - DEBUG - Executing command: TELEMETRY, Priority: 1, Body: {'target': 'MSP_RC'}
2026-04-03 10:35:58,512 - BEE-EPT-UA913 - DEBUG - Telemetry: b'\xdc\x05\xdc\x05\xdc\x05\x13\x04\xd0\x07\xe8\x03\xe8\x03\xde\x05\xe8\x03\xe8\x03\xe8\x03\xfd\x05\xdc\x05\xdc\x05\xe8\x03\xe8\x03'
2026-04-03 10:35:58,512 - BEE-EPT-UA913 - INFO - Autopilot state: {'connection': True, 'bee_state': 'READY', 'roll': 1500, 'pitch': 1500, 'yaw': 1500, 'throttle': 1043, 'last_manual_roll': 1500, 'last_manual_pitch': 1500, 'last_manual_yaw': 1500, 'last_manual_throttle': 1043, 'aux3': 1000, 'aux4': 1502, 'aux5': 1500, 'aux6': 1000, 'aux7': 1000, 'battery': 23.8, 'rssi': 957, 'rssi_msg': 'Strong signal', 'speed': 0.0, 'altitude': 0.13, 'caught': True, 'ready_hold_active': False, 'ready_hold_pending_capture': False, 'ready_hold_roll': 1500, 'ready_hold_pitch': 1500, 'ready_hold_yaw': 1500, 'ready_hold_throttle': 1100, 'target_locked': False, 'tracking_bbox': (311, 231, 17, 17), 'attack_error_x': 0.0, 'attack_error_y': 0.0, 'target_size': 0.0, 'attack_active': False, 'attack_base_roll': 1500, 'attack_base_pitch': 1500, 'attack_base_yaw': 1500, 'attack_base_throttle': 1100, 'prev_attack_error_x': 0.0, 'prev_attack_time': None, 'prev_target_size': 0.0}
2026-04-03 10:35:58,604 - BEE-EPT-UA913 - DEBUG - Executing command: TELEMETRY, Priority: 1, Body: {'target': 'MSP_RC'}
2026-04-03 10:35:58,612 - BEE-EPT-UA913 - DEBUG - Telemetry: b'\xdc\x05\xdc\x05\xdc\x05\x13\x04\xd0\x07\xe8\x03\xe8\x03\xde\x05\xe8\x03\xe8\x03\xe8\x03\xfd\x05\xdc\x05\xdc\x05\xe8\x03\xe8\x03'
2026-04-03 10:35:58,613 - BEE-EPT-UA913 - INFO - Autopilot state: {'connection': True, 'bee_state': 'READY', 'roll': 1500, 'pitch': 1500, 'yaw': 1500, 'throttle': 1043, 'last_manual_roll': 1500, 'last_manual_pitch': 1500, 'last_manual_yaw': 1500, 'last_manual_throttle': 1043, 'aux3': 1000, 'aux4': 1502, 'aux5': 1500, 'aux6': 1000, 'aux7': 1000, 'battery': 23.8, 'rssi': 957, 'rssi_msg': 'Strong signal', 'speed': 0.0, 'altitude': 0.13, 'caught': True, 'ready_hold_active': False, 'ready_hold_pending_capture': False, 'ready_hold_roll': 1500, 'ready_hold_pitch': 1500, 'ready_hold_yaw': 1500, 'ready_hold_throttle': 1100, 'target_locked': False, 'tracking_bbox': (311, 231, 17, 17), 'attack_error_x': 0.0, 'attack_error_y': 0.0, 'target_size': 0.0, 'attack_active': False, 'attack_base_roll': 1500, 'attack_base_pitch': 1500, 'attack_base_yaw': 1500, 'attack_base_throttle': 1100, 'prev_attack_error_x': 0.0, 'prev_attack_time': None, 'prev_target_size': 0.0}
2026-04-03 10:35:58,705 - BEE-EPT-UA913 - DEBUG - Executing command: TELEMETRY, Priority: 1, Body: {'target': 'MSP_RC'}
2026-04-03 10:35:58,712 - BEE-EPT-UA913 - DEBUG - Telemetry: b'\xdc\x05\xdc\x05\xdc\x05\x13\x04\xd0\x07\xe8\x03\xe8\x03\xde\x05\xe8\x03\xe8\x03\xe8\x03\xfd\x05\xdc\x05\xdc\x05\xe8\x03\xe8\x03'
2026-04-03 10:35:58,713 - BEE-EPT-UA913 - INFO - Autopilot state: {'connection': True, 'bee_state': 'READY', 'roll': 1500, 'pitch': 1500, 'yaw': 1500, 'throttle': 1043, 'last_manual_roll': 1500, 'last_manual_pitch': 1500, 'last_manual_yaw': 1500, 'last_manual_throttle': 1043, 'aux3': 1000, 'aux4': 1502, 'aux5': 1500, 'aux6': 1000, 'aux7': 1000, 'battery': 23.8, 'rssi': 957, 'rssi_msg': 'Strong signal', 'speed': 0.0, 'altitude': 0.13, 'caught': True, 'ready_hold_active': False, 'ready_hold_pending_capture': False, 'ready_hold_roll': 1500, 'ready_hold_pitch': 1500, 'ready_hold_yaw': 1500, 'ready_hold_throttle': 1100, 'target_locked': False, 'tracking_bbox': (311, 231, 17, 17), 'attack_error_x': 0.0, 'attack_error_y': 0.0, 'target_size': 0.0, 'attack_active': False, 'attack_base_roll': 1500, 'attack_base_pitch': 1500, 'attack_base_yaw': 1500, 'attack_base_throttle': 1100, 'prev_attack_error_x': 0.0, 'prev_attack_time': None, 'prev_target_size': 0.0}
2026-04-03 10:35:58,806 - BEE-EPT-UA913 - DEBUG - Executing command: TELEMETRY, Priority: 1, Body: {'target': 'MSP_RC'}
2026-04-03 10:35:58,813 - BEE-EPT-UA913 - DEBUG - Telemetry: b'\xdc\x05\xdc\x05\xdc\x05\x13\x04\xd0\x07\xe8\x03\xe8\x03\xde\x05\xe8\x03\xe8\x03\xe8\x03\xfd\x05\xdc\x05\xdc\x05\xe8\x03\xe8\x03'
2026-04-03 10:35:58,813 - BEE-EPT-UA913 - INFO - Autopilot state: {'connection': True, 'bee_state': 'READY', 'roll': 1500, 'pitch': 1500, 'yaw': 1500, 'throttle': 1043, 'last_manual_roll': 1500, 'last_manual_pitch': 1500, 'last_manual_yaw': 1500, 'last_manual_throttle': 1043, 'aux3': 1000, 'aux4': 1502, 'aux5': 1500, 'aux6': 1000, 'aux7': 1000, 'battery': 23.8, 'rssi': 957, 'rssi_msg': 'Strong signal', 'speed': 0.0, 'altitude': 0.13, 'caught': True, 'ready_hold_active': False, 'ready_hold_pending_capture': False, 'ready_hold_roll': 1500, 'ready_hold_pitch': 1500, 'ready_hold_yaw': 1500, 'ready_hold_throttle': 1100, 'target_locked': False, 'tracking_bbox': (311, 231, 17, 17), 'attack_error_x': 0.0, 'attack_error_y': 0.0, 'target_size': 0.0, 'attack_active': False, 'attack_base_roll': 1500, 'attack_base_pitch': 1500, 'attack_base_yaw': 1500, 'attack_base_throttle': 1100, 'prev_attack_error_x': 0.0, 'prev_attack_time': None, 'prev_target_size': 0.0}
2026-04-03 10:35:58,864 - BEE-EPT-UA913 - DEBUG - Executing command: TELEMETRY, Priority: 2, Body: {'target': 'MSP_ALTITUDE'}
2026-04-03 10:35:58,871 - BEE-EPT-UA913 - DEBUG - Telemetry: b'\x0c\x00\x00\x00\x00\x00'
2026-04-03 10:35:58,872 - BEE-EPT-UA913 - INFO - Autopilot state: {'connection': True, 'bee_state': 'READY', 'roll': 1500, 'pitch': 1500, 'yaw': 1500, 'throttle': 1043, 'last_manual_roll': 1500, 'last_manual_pitch': 1500, 'last_manual_yaw': 1500, 'last_manual_throttle': 1043, 'aux3': 1000, 'aux4': 1502, 'aux5': 1500, 'aux6': 1000, 'aux7': 1000, 'battery': 23.8, 'rssi': 957, 'rssi_msg': 'Strong signal', 'speed': 0.0, 'altitude': 0.12, 'caught': True, 'ready_hold_active': False, 'ready_hold_pending_capture': False, 'ready_hold_roll': 1500, 'ready_hold_pitch': 1500, 'ready_hold_yaw': 1500, 'ready_hold_throttle': 1100, 'target_locked': False, 'tracking_bbox': (311, 231, 17, 17), 'attack_error_x': 0.0, 'attack_error_y': 0.0, 'target_size': 0.0, 'attack_active': False, 'attack_base_roll': 1500, 'attack_base_pitch': 1500, 'attack_base_yaw': 1500, 'attack_base_throttle': 1100, 'prev_attack_error_x': 0.0, 'prev_attack_time': None, 'prev_target_size': 0.0}
2026-04-03 10:35:58,922 - BEE-EPT-UA913 - DEBUG - Executing command: TELEMETRY, Priority: 1, Body: {'target': 'MSP_RC'}
2026-04-03 10:35:58,934 - BEE-EPT-UA913 - DEBUG - Telemetry: b'\xdc\x05\xcd\x05\xdc\x05\x13\x04\xd0\x07\xe8\x03\xe8\x03\xde\x05\xe8\x03\xe8\x03\xe8\x03\xfd\x05\xdc\x05\xdc\x05\xe8\x03\xe8\x03'
2026-04-03 10:35:58,934 - BEE-EPT-UA913 - INFO - Autopilot state: {'connection': True, 'bee_state': 'READY', 'roll': 1500, 'pitch': 1485, 'yaw': 1500, 'throttle': 1043, 'last_manual_roll': 1500, 'last_manual_pitch': 1485, 'last_manual_yaw': 1500, 'last_manual_throttle': 1043, 'aux3': 1000, 'aux4': 1502, 'aux5': 1500, 'aux6': 1000, 'aux7': 1000, 'battery': 23.8, 'rssi': 957, 'rssi_msg': 'Strong signal', 'speed': 0.0, 'altitude': 0.12, 'caught': True, 'ready_hold_active': False, 'ready_hold_pending_capture': False, 'ready_hold_roll': 1500, 'ready_hold_pitch': 1500, 'ready_hold_yaw': 1500, 'ready_hold_throttle': 1100, 'target_locked': False, 'tracking_bbox': (311, 231, 17, 17), 'attack_error_x': 0.0, 'attack_error_y': 0.0, 'target_size': 0.0, 'attack_active': False, 'attack_base_roll': 1500, 'attack_base_pitch': 1500, 'attack_base_yaw': 1500, 'attack_base_throttle': 1100, 'prev_attack_error_x': 0.0, 'prev_attack_time': None, 'prev_target_size': 0.0}
2026-04-03 10:35:58,985 - BEE-EPT-UA913 - DEBUG - Executing command: MONITOR, Priority: 2, Body: {'target': 'MSP_ANALOG'}
2026-04-03 10:35:58,993 - BEE-EPT-UA913 - DEBUG - Monitoring: b'\xee\x02\x00\xbf\x03\x0c\x00I\t'
2026-04-03 10:35:58,993 - BEE-EPT-UA913 - INFO - RSSI: 959, signal: Strong signal, battery voltage: 23.8V
2026-04-03 10:35:59,043 - BEE-EPT-UA913 - DEBUG - Executing command: TELEMETRY, Priority: 1, Body: {'target': 'MSP_RC'}
2026-04-03 10:35:59,054 - BEE-EPT-UA913 - DEBUG - Telemetry: b'\xdc\x05\xc1\x05\xdc\x05\x13\x04\xd0\x07\xe8\x03\xe8\x03\xde\x05\xe8\x03\xe8\x03\xe8\x03\xfd\x05\xdc\x05\xdc\x05\xe8\x03\xe8\x03'
2026-04-03 10:35:59,055 - BEE-EPT-UA913 - INFO - Autopilot state: {'connection': True, 'bee_state': 'READY', 'roll': 1500, 'pitch': 1473, 'yaw': 1500, 'throttle': 1043, 'last_manual_roll': 1500, 'last_manual_pitch': 1473, 'last_manual_yaw': 1500, 'last_manual_throttle': 1043, 'aux3': 1000, 'aux4': 1502, 'aux5': 1500, 'aux6': 1000, 'aux7': 1000, 'battery': 23.8, 'rssi': 959, 'rssi_msg': 'Strong signal', 'speed': 0.0, 'altitude': 0.12, 'caught': True, 'ready_hold_active': False, 'ready_hold_pending_capture': False, 'ready_hold_roll': 1500, 'ready_hold_pitch': 1500, 'ready_hold_yaw': 1500, 'ready_hold_throttle': 1100, 'target_locked': False, 'tracking_bbox': (311, 231, 17, 17), 'attack_error_x': 0.0, 'attack_error_y': 0.0, 'target_size': 0.0, 'attack_active': False, 'attack_base_roll': 1500, 'attack_base_pitch': 1500, 'attack_base_yaw': 1500, 'attack_base_throttle': 1100, 'prev_attack_error_x': 0.0, 'prev_attack_time': None, 'prev_target_size': 0.0}
2026-04-03 10:35:59,107 - BEE-EPT-UA913 - DEBUG - Executing command: TELEMETRY, Priority: 1, Body: {'target': 'MSP_RC'}
2026-04-03 10:35:59,115 - BEE-EPT-UA913 - DEBUG - Telemetry: b'\xdc\x05\xc1\x05\xdc\x05\x13\x04\xd0\x07\xe8\x03\xe8\x03\xde\x05\xe8\x03\xe8\x03\xe8\x03\xfd\x05\xdc\x05\xdc\x05\xe8\x03\xe8\x03'
2026-04-03 10:35:59,115 - BEE-EPT-UA913 - INFO - Autopilot state: {'connection': True, 'bee_state': 'READY', 'roll': 1500, 'pitch': 1473, 'yaw': 1500, 'throttle': 1043, 'last_manual_roll': 1500, 'last_manual_pitch': 1473, 'last_manual_yaw': 1500, 'last_manual_throttle': 1043, 'aux3': 1000, 'aux4': 1502, 'aux5': 1500, 'aux6': 1000, 'aux7': 1000, 'battery': 23.8, 'rssi': 959, 'rssi_msg': 'Strong signal', 'speed': 0.0, 'altitude': 0.12, 'caught': True, 'ready_hold_active': False, 'ready_hold_pending_capture': False, 'ready_hold_roll': 1500, 'ready_hold_pitch': 1500, 'ready_hold_yaw': 1500, 'ready_hold_throttle': 1100, 'target_locked': False, 'tracking_bbox': (311, 231, 17, 17), 'attack_error_x': 0.0, 'attack_error_y': 0.0, 'target_size': 0.0, 'attack_active': False, 'attack_base_roll': 1500, 'attack_base_pitch': 1500, 'attack_base_yaw': 1500, 'attack_base_throttle': 1100, 'prev_attack_error_x': 0.0, 'prev_attack_time': None, 'prev_target_size': 0.0}
2026-04-03 10:35:59,207 - BEE-EPT-UA913 - DEBUG - Executing command: TELEMETRY, Priority: 1, Body: {'target': 'MSP_RC'}
2026-04-03 10:35:59,215 - BEE-EPT-UA913 - DEBUG - Telemetry: b'\xdc\x05\xcf\x05\xdc\x05\x13\x04\xd0\x07\xe8\x03\xe8\x03\xde\x05\xe8\x03\xe8\x03\xe8\x03\xfd\x05\xdc\x05\xdc\x05\xe8\x03\xe8\x03'
2026-04-03 10:35:59,216 - BEE-EPT-UA913 - INFO - Autopilot state: {'connection': True, 'bee_state': 'READY', 'roll': 1500, 'pitch': 1487, 'yaw': 1500, 'throttle': 1043, 'last_manual_roll': 1500, 'last_manual_pitch': 1487, 'last_manual_yaw': 1500, 'last_manual_throttle': 1043, 'aux3': 1000, 'aux4': 1502, 'aux5': 1500, 'aux6': 1000, 'aux7': 1000, 'battery': 23.8, 'rssi': 959, 'rssi_msg': 'Strong signal', 'speed': 0.0, 'altitude': 0.12, 'caught': True, 'ready_hold_active': False, 'ready_hold_pending_capture': False, 'ready_hold_roll': 1500, 'ready_hold_pitch': 1500, 'ready_hold_yaw': 1500, 'ready_hold_throttle': 1100, 'target_locked': False, 'tracking_bbox': (311, 231, 17, 17), 'attack_error_x': 0.0, 'attack_error_y': 0.0, 'target_size': 0.0, 'attack_active': False, 'attack_base_roll': 1500, 'attack_base_pitch': 1500, 'attack_base_yaw': 1500, 'attack_base_throttle': 1100, 'prev_attack_error_x': 0.0, 'prev_attack_time': None, 'prev_target_size': 0.0}
2026-04-03 10:35:59,307 - BEE-EPT-UA913 - DEBUG - Executing command: TELEMETRY, Priority: 1, Body: {'target': 'MSP_RC'}
2026-04-03 10:35:59,316 - BEE-EPT-UA913 - DEBUG - Telemetry: b'\xdc\x05\xd7\x05\xdc\x05\x13\x04\xd0\x07\xe8\x03\xe8\x03\xde\x05\xe8\x03\xe8\x03\xe8\x03\xfd\x05\xdc\x05\xdc\x05\xe8\x03\xe8\x03'
2026-04-03 10:35:59,316 - BEE-EPT-UA913 - INFO - Autopilot state: {'connection': True, 'bee_state': 'READY', 'roll': 1500, 'pitch': 1495, 'yaw': 1500, 'throttle': 1043, 'last_manual_roll': 1500, 'last_manual_pitch': 1495, 'last_manual_yaw': 1500, 'last_manual_throttle': 1043, 'aux3': 1000, 'aux4': 1502, 'aux5': 1500, 'aux6': 1000, 'aux7': 1000, 'battery': 23.8, 'rssi': 959, 'rssi_msg': 'Strong signal', 'speed': 0.0, 'altitude': 0.12, 'caught': True, 'ready_hold_active': False, 'ready_hold_pending_capture': False, 'ready_hold_roll': 1500, 'ready_hold_pitch': 1500, 'ready_hold_yaw': 1500, 'ready_hold_throttle': 1100, 'target_locked': False, 'tracking_bbox': (311, 231, 17, 17), 'attack_error_x': 0.0, 'attack_error_y': 0.0, 'target_size': 0.0, 'attack_active': False, 'attack_base_roll': 1500, 'attack_base_pitch': 1500, 'attack_base_yaw': 1500, 'attack_base_throttle': 1100, 'prev_attack_error_x': 0.0, 'prev_attack_time': None, 'prev_target_size': 0.0}
2026-04-03 10:35:59,408 - BEE-EPT-UA913 - DEBUG - Executing command: TELEMETRY, Priority: 1, Body: {'target': 'MSP_RC'}
2026-04-03 10:35:59,416 - BEE-EPT-UA913 - DEBUG - Telemetry: b'\xdc\x05\xd7\x05\xdc\x05\x13\x04\xd0\x07\xe8\x03\xe8\x03\xde\x05\xe8\x03\xe8\x03\xe8\x03\xfd\x05\xdc\x05\xdc\x05\xe8\x03\xe8\x03'
2026-04-03 10:35:59,416 - BEE-EPT-UA913 - INFO - Autopilot state: {'connection': True, 'bee_state': 'READY', 'roll': 1500, 'pitch': 1495, 'yaw': 1500, 'throttle': 1043, 'last_manual_roll': 1500, 'last_manual_pitch': 1495, 'last_manual_yaw': 1500, 'last_manual_throttle': 1043, 'aux3': 1000, 'aux4': 1502, 'aux5': 1500, 'aux6': 1000, 'aux7': 1000, 'battery': 23.8, 'rssi': 959, 'rssi_msg': 'Strong signal', 'speed': 0.0, 'altitude': 0.12, 'caught': True, 'ready_hold_active': False, 'ready_hold_pending_capture': False, 'ready_hold_roll': 1500, 'ready_hold_pitch': 1500, 'ready_hold_yaw': 1500, 'ready_hold_throttle': 1100, 'target_locked': False, 'tracking_bbox': (311, 231, 17, 17), 'attack_error_x': 0.0, 'attack_error_y': 0.0, 'target_size': 0.0, 'attack_active': False, 'attack_base_roll': 1500, 'attack_base_pitch': 1500, 'attack_base_yaw': 1500, 'attack_base_throttle': 1100, 'prev_attack_error_x': 0.0, 'prev_attack_time': None, 'prev_target_size': 0.0}
2026-04-03 10:35:59,508 - BEE-EPT-UA913 - DEBUG - Executing command: TELEMETRY, Priority: 1, Body: {'target': 'MSP_RC'}
2026-04-03 10:35:59,517 - BEE-EPT-UA913 - DEBUG - Telemetry: b'\xdc\x05\xd7\x05\xdc\x05\x13\x04\xd0\x07\xe8\x03\xe8\x03\xde\x05\xe8\x03\xe8\x03\xe8\x03\xfd\x05\xdc\x05\xdc\x05\xe8\x03\xe8\x03'
2026-04-03 10:35:59,517 - BEE-EPT-UA913 - INFO - Autopilot state: {'connection': True, 'bee_state': 'READY', 'roll': 1500, 'pitch': 1495, 'yaw': 1500, 'throttle': 1043, 'last_manual_roll': 1500, 'last_manual_pitch': 1495, 'last_manual_yaw': 1500, 'last_manual_throttle': 1043, 'aux3': 1000, 'aux4': 1502, 'aux5': 1500, 'aux6': 1000, 'aux7': 1000, 'battery': 23.8, 'rssi': 959, 'rssi_msg': 'Strong signal', 'speed': 0.0, 'altitude': 0.12, 'caught': True, 'ready_hold_active': False, 'ready_hold_pending_capture': False, 'ready_hold_roll': 1500, 'ready_hold_pitch': 1500, 'ready_hold_yaw': 1500, 'ready_hold_throttle': 1100, 'target_locked': False, 'tracking_bbox': (311, 231, 17, 17), 'attack_error_x': 0.0, 'attack_error_y': 0.0, 'target_size': 0.0, 'attack_active': False, 'attack_base_roll': 1500, 'attack_base_pitch': 1500, 'attack_base_yaw': 1500, 'attack_base_throttle': 1100, 'prev_attack_error_x': 0.0, 'prev_attack_time': None, 'prev_target_size': 0.0}
2026-04-03 10:35:59,609 - BEE-EPT-UA913 - DEBUG - Executing command: TELEMETRY, Priority: 1, Body: {'target': 'MSP_RC'}
2026-04-03 10:35:59,617 - BEE-EPT-UA913 - DEBUG - Telemetry: b'\xdc\x05\xd7\x05\xdc\x05\x13\x04\xd0\x07\xe8\x03\xe8\x03\xde\x05\xe8\x03\xe8\x03\xe8\x03\xfd\x05\xdc\x05\xdc\x05\xe8\x03\xe8\x03'
2026-04-03 10:35:59,617 - BEE-EPT-UA913 - INFO - Autopilot state: {'connection': True, 'bee_state': 'READY', 'roll': 1500, 'pitch': 1495, 'yaw': 1500, 'throttle': 1043, 'last_manual_roll': 1500, 'last_manual_pitch': 1495, 'last_manual_yaw': 1500, 'last_manual_throttle': 1043, 'aux3': 1000, 'aux4': 1502, 'aux5': 1500, 'aux6': 1000, 'aux7': 1000, 'battery': 23.8, 'rssi': 959, 'rssi_msg': 'Strong signal', 'speed': 0.0, 'altitude': 0.12, 'caught': True, 'ready_hold_active': False, 'ready_hold_pending_capture': False, 'ready_hold_roll': 1500, 'ready_hold_pitch': 1500, 'ready_hold_yaw': 1500, 'ready_hold_throttle': 1100, 'target_locked': False, 'tracking_bbox': (311, 231, 17, 17), 'attack_error_x': 0.0, 'attack_error_y': 0.0, 'target_size': 0.0, 'attack_active': False, 'attack_base_roll': 1500, 'attack_base_pitch': 1500, 'attack_base_yaw': 1500, 'attack_base_throttle': 1100, 'prev_attack_error_x': 0.0, 'prev_attack_time': None, 'prev_target_size': 0.0}
2026-04-03 10:35:59,709 - BEE-EPT-UA913 - DEBUG - Executing command: TELEMETRY, Priority: 1, Body: {'target': 'MSP_RC'}
2026-04-03 10:35:59,717 - BEE-EPT-UA913 - DEBUG - Telemetry: b'\xdc\x05\xd7\x05\xdc\x05\x13\x04\xd0\x07\xe8\x03\xe8\x03\xde\x05\xe8\x03\xe8\x03\xe8\x03\xfd\x05\xdc\x05\xdc\x05\xe8\x03\xe8\x03'
2026-04-03 10:35:59,718 - BEE-EPT-UA913 - INFO - Autopilot state: {'connection': True, 'bee_state': 'READY', 'roll': 1500, 'pitch': 1495, 'yaw': 1500, 'throttle': 1043, 'last_manual_roll': 1500, 'last_manual_pitch': 1495, 'last_manual_yaw': 1500, 'last_manual_throttle': 1043, 'aux3': 1000, 'aux4': 1502, 'aux5': 1500, 'aux6': 1000, 'aux7': 1000, 'battery': 23.8, 'rssi': 959, 'rssi_msg': 'Strong signal', 'speed': 0.0, 'altitude': 0.12, 'caught': True, 'ready_hold_active': False, 'ready_hold_pending_capture': False, 'ready_hold_roll': 1500, 'ready_hold_pitch': 1500, 'ready_hold_yaw': 1500, 'ready_hold_throttle': 1100, 'target_locked': False, 'tracking_bbox': (311, 231, 17, 17), 'attack_error_x': 0.0, 'attack_error_y': 0.0, 'target_size': 0.0, 'attack_active': False, 'attack_base_roll': 1500, 'attack_base_pitch': 1500, 'attack_base_yaw': 1500, 'attack_base_throttle': 1100, 'prev_attack_error_x': 0.0, 'prev_attack_time': None, 'prev_target_size': 0.0}
2026-04-03 10:35:59,809 - BEE-EPT-UA913 - DEBUG - Executing command: TELEMETRY, Priority: 1, Body: {'target': 'MSP_RC'}
2026-04-03 10:35:59,818 - BEE-EPT-UA913 - DEBUG - Telemetry: b'\xdc\x05\xcf\x05\xdc\x05\x13\x04\xd0\x07\xe8\x03\xe8\x03\xde\x05\xe8\x03\xe8\x03\xe8\x03\xfd\x05\xdc\x05\xdc\x05\xe8\x03\xe8\x03'
2026-04-03 10:35:59,819 - BEE-EPT-UA913 - INFO - Autopilot state: {'connection': True, 'bee_state': 'READY', 'roll': 1500, 'pitch': 1487, 'yaw': 1500, 'throttle': 1043, 'last_manual_roll': 1500, 'last_manual_pitch': 1487, 'last_manual_yaw': 1500, 'last_manual_throttle': 1043, 'aux3': 1000, 'aux4': 1502, 'aux5': 1500, 'aux6': 1000, 'aux7': 1000, 'battery': 23.8, 'rssi': 959, 'rssi_msg': 'Strong signal', 'speed': 0.0, 'altitude': 0.12, 'caught': True, 'ready_hold_active': False, 'ready_hold_pending_capture': False, 'ready_hold_roll': 1500, 'ready_hold_pitch': 1500, 'ready_hold_yaw': 1500, 'ready_hold_throttle': 1100, 'target_locked': False, 'tracking_bbox': (311, 231, 17, 17), 'attack_error_x': 0.0, 'attack_error_y': 0.0, 'target_size': 0.0, 'attack_active': False, 'attack_base_roll': 1500, 'attack_base_pitch': 1500, 'attack_base_yaw': 1500, 'attack_base_throttle': 1100, 'prev_attack_error_x': 0.0, 'prev_attack_time': None, 'prev_target_size': 0.0}
2026-04-03 10:35:59,869 - BEE-EPT-UA913 - DEBUG - Executing command: TELEMETRY, Priority: 2, Body: {'target': 'MSP_ALTITUDE'}
2026-04-03 10:35:59,876 - BEE-EPT-UA913 - DEBUG - Telemetry: b'\x11\x00\x00\x00\x00\x00'
2026-04-03 10:35:59,877 - BEE-EPT-UA913 - INFO - Autopilot state: {'connection': True, 'bee_state': 'READY', 'roll': 1500, 'pitch': 1487, 'yaw': 1500, 'throttle': 1043, 'last_manual_roll': 1500, 'last_manual_pitch': 1487, 'last_manual_yaw': 1500, 'last_manual_throttle': 1043, 'aux3': 1000, 'aux4': 1502, 'aux5': 1500, 'aux6': 1000, 'aux7': 1000, 'battery': 23.8, 'rssi': 959, 'rssi_msg': 'Strong signal', 'speed': 0.0, 'altitude': 0.17, 'caught': True, 'ready_hold_active': False, 'ready_hold_pending_capture': False, 'ready_hold_roll': 1500, 'ready_hold_pitch': 1500, 'ready_hold_yaw': 1500, 'ready_hold_throttle': 1100, 'target_locked': False, 'tracking_bbox': (311, 231, 17, 17), 'attack_error_x': 0.0, 'attack_error_y': 0.0, 'target_size': 0.0, 'attack_active': False, 'attack_base_roll': 1500, 'attack_base_pitch': 1500, 'attack_base_yaw': 1500, 'attack_base_throttle': 1100, 'prev_attack_error_x': 0.0, 'prev_attack_time': None, 'prev_target_size': 0.0}
2026-04-03 10:35:59,927 - BEE-EPT-UA913 - DEBUG - Executing command: TELEMETRY, Priority: 1, Body: {'target': 'MSP_RC'}
2026-04-03 10:35:59,939 - BEE-EPT-UA913 - DEBUG - Telemetry: b'\xdc\x05\xcd\x05\xdc\x05\x13\x04\xd0\x07\xe8\x03\xe8\x03\xde\x05\xe8\x03\xe8\x03\xe8\x03\xfd\x05\xdc\x05\xdc\x05\xe8\x03\xe8\x03'
2026-04-03 10:35:59,939 - BEE-EPT-UA913 - INFO - Autopilot state: {'connection': True, 'bee_state': 'READY', 'roll': 1500, 'pitch': 1485, 'yaw': 1500, 'throttle': 1043, 'last_manual_roll': 1500, 'last_manual_pitch': 1485, 'last_manual_yaw': 1500, 'last_manual_throttle': 1043, 'aux3': 1000, 'aux4': 1502, 'aux5': 1500, 'aux6': 1000, 'aux7': 1000, 'battery': 23.8, 'rssi': 959, 'rssi_msg': 'Strong signal', 'speed': 0.0, 'altitude': 0.17, 'caught': True, 'ready_hold_active': False, 'ready_hold_pending_capture': False, 'ready_hold_roll': 1500, 'ready_hold_pitch': 1500, 'ready_hold_yaw': 1500, 'ready_hold_throttle': 1100, 'target_locked': False, 'tracking_bbox': (311, 231, 17, 17), 'attack_error_x': 0.0, 'attack_error_y': 0.0, 'target_size': 0.0, 'attack_active': False, 'attack_base_roll': 1500, 'attack_base_pitch': 1500, 'attack_base_yaw': 1500, 'attack_base_throttle': 1100, 'prev_attack_error_x': 0.0, 'prev_attack_time': None, 'prev_target_size': 0.0}
2026-04-03 10:35:59,990 - BEE-EPT-UA913 - DEBUG - Executing command: MONITOR, Priority: 2, Body: {'target': 'MSP_ANALOG'}
2026-04-03 10:35:59,997 - BEE-EPT-UA913 - DEBUG - Monitoring: b'\xee\x02\x00\xbc\x03\x10\x00I\t'
2026-04-03 10:35:59,997 - BEE-EPT-UA913 - INFO - RSSI: 956, signal: Strong signal, battery voltage: 23.8V
2026-04-03 10:36:00,048 - BEE-EPT-UA913 - DEBUG - Executing command: TELEMETRY, Priority: 1, Body: {'target': 'MSP_RC'}
2026-04-03 10:36:00,059 - BEE-EPT-UA913 - DEBUG - Telemetry: b'\xdc\x05\xd7\x05\xdc\x05\x13\x04\xd0\x07\xe8\x03\xe8\x03\xde\x05\xe8\x03\xe8\x03\xe8\x03\xfd\x05\xdc\x05\xdc\x05\xe8\x03\xe8\x03'
2026-04-03 10:36:00,060 - BEE-EPT-UA913 - INFO - Autopilot state: {'connection': True, 'bee_state': 'READY', 'roll': 1500, 'pitch': 1495, 'yaw': 1500, 'throttle': 1043, 'last_manual_roll': 1500, 'last_manual_pitch': 1495, 'last_manual_yaw': 1500, 'last_manual_throttle': 1043, 'aux3': 1000, 'aux4': 1502, 'aux5': 1500, 'aux6': 1000, 'aux7': 1000, 'battery': 23.8, 'rssi': 956, 'rssi_msg': 'Strong signal', 'speed': 0.0, 'altitude': 0.17, 'caught': True, 'ready_hold_active': False, 'ready_hold_pending_capture': False, 'ready_hold_roll': 1500, 'ready_hold_pitch': 1500, 'ready_hold_yaw': 1500, 'ready_hold_throttle': 1100, 'target_locked': False, 'tracking_bbox': (311, 231, 17, 17), 'attack_error_x': 0.0, 'attack_error_y': 0.0, 'target_size': 0.0, 'attack_active': False, 'attack_base_roll': 1500, 'attack_base_pitch': 1500, 'attack_base_yaw': 1500, 'attack_base_throttle': 1100, 'prev_attack_error_x': 0.0, 'prev_attack_time': None, 'prev_target_size': 0.0}
2026-04-03 10:36:00,110 - BEE-EPT-UA913 - DEBUG - Executing command: TELEMETRY, Priority: 1, Body: {'target': 'MSP_RC'}
2026-04-03 10:36:00,119 - BEE-EPT-UA913 - DEBUG - Telemetry: b'\xdc\x05\xd7\x05\xdc\x05\x13\x04\xd0\x07\xe8\x03\xe8\x03\xde\x05\xe8\x03\xe8\x03\xe8\x03\xfd\x05\xdc\x05\xdc\x05\xe8\x03\xe8\x03'
2026-04-03 10:36:00,120 - BEE-EPT-UA913 - INFO - Autopilot state: {'connection': True, 'bee_state': 'READY', 'roll': 1500, 'pitch': 1495, 'yaw': 1500, 'throttle': 1043, 'last_manual_roll': 1500, 'last_manual_pitch': 1495, 'last_manual_yaw': 1500, 'last_manual_throttle': 1043, 'aux3': 1000, 'aux4': 1502, 'aux5': 1500, 'aux6': 1000, 'aux7': 1000, 'battery': 23.8, 'rssi': 956, 'rssi_msg': 'Strong signal', 'speed': 0.0, 'altitude': 0.17, 'caught': True, 'ready_hold_active': False, 'ready_hold_pending_capture': False, 'ready_hold_roll': 1500, 'ready_hold_pitch': 1500, 'ready_hold_yaw': 1500, 'ready_hold_throttle': 1100, 'target_locked': False, 'tracking_bbox': (311, 231, 17, 17), 'attack_error_x': 0.0, 'attack_error_y': 0.0, 'target_size': 0.0, 'attack_active': False, 'attack_base_roll': 1500, 'attack_base_pitch': 1500, 'attack_base_yaw': 1500, 'attack_base_throttle': 1100, 'prev_attack_error_x': 0.0, 'prev_attack_time': None, 'prev_target_size': 0.0}
2026-04-03 10:36:00,211 - BEE-EPT-UA913 - DEBUG - Executing command: TELEMETRY, Priority: 1, Body: {'target': 'MSP_RC'}
2026-04-03 10:36:00,220 - BEE-EPT-UA913 - DEBUG - Telemetry: b'\xdc\x05\xd7\x05\xdc\x05\x13\x04\xd0\x07\xe8\x03\xe8\x03\xde\x05\xe8\x03\xe8\x03\xe8\x03\xfd\x05\xdc\x05\xdc\x05\xe8\x03\xe8\x03'
2026-04-03 10:36:00,220 - BEE-EPT-UA913 - INFO - Autopilot state: {'connection': True, 'bee_state': 'READY', 'roll': 1500, 'pitch': 1495, 'yaw': 1500, 'throttle': 1043, 'last_manual_roll': 1500, 'last_manual_pitch': 1495, 'last_manual_yaw': 1500, 'last_manual_throttle': 1043, 'aux3': 1000, 'aux4': 1502, 'aux5': 1500, 'aux6': 1000, 'aux7': 1000, 'battery': 23.8, 'rssi': 956, 'rssi_msg': 'Strong signal', 'speed': 0.0, 'altitude': 0.17, 'caught': True, 'ready_hold_active': False, 'ready_hold_pending_capture': False, 'ready_hold_roll': 1500, 'ready_hold_pitch': 1500, 'ready_hold_yaw': 1500, 'ready_hold_throttle': 1100, 'target_locked': False, 'tracking_bbox': (311, 231, 17, 17), 'attack_error_x': 0.0, 'attack_error_y': 0.0, 'target_size': 0.0, 'attack_active': False, 'attack_base_roll': 1500, 'attack_base_pitch': 1500, 'attack_base_yaw': 1500, 'attack_base_throttle': 1100, 'prev_attack_error_x': 0.0, 'prev_attack_time': None, 'prev_target_size': 0.0}
2026-04-03 10:36:00,311 - BEE-EPT-UA913 - DEBUG - Executing command: TELEMETRY, Priority: 1, Body: {'target': 'MSP_RC'}
2026-04-03 10:36:00,320 - BEE-EPT-UA913 - DEBUG - Telemetry: b'\xdc\x05\xd7\x05\xdc\x05\x13\x04\xd0\x07\xe8\x03\xe8\x03\xde\x05\xe8\x03\xe8\x03\xe8\x03\xfd\x05\xdc\x05\xdc\x05\xe8\x03\xe8\x03'
2026-04-03 10:36:00,320 - BEE-EPT-UA913 - INFO - Autopilot state: {'connection': True, 'bee_state': 'READY', 'roll': 1500, 'pitch': 1495, 'yaw': 1500, 'throttle': 1043, 'last_manual_roll': 1500, 'last_manual_pitch': 1495, 'last_manual_yaw': 1500, 'last_manual_throttle': 1043, 'aux3': 1000, 'aux4': 1502, 'aux5': 1500, 'aux6': 1000, 'aux7': 1000, 'battery': 23.8, 'rssi': 956, 'rssi_msg': 'Strong signal', 'speed': 0.0, 'altitude': 0.17, 'caught': True, 'ready_hold_active': False, 'ready_hold_pending_capture': False, 'ready_hold_roll': 1500, 'ready_hold_pitch': 1500, 'ready_hold_yaw': 1500, 'ready_hold_throttle': 1100, 'target_locked': False, 'tracking_bbox': (311, 231, 17, 17), 'attack_error_x': 0.0, 'attack_error_y': 0.0, 'target_size': 0.0, 'attack_active': False, 'attack_base_roll': 1500, 'attack_base_pitch': 1500, 'attack_base_yaw': 1500, 'attack_base_throttle': 1100, 'prev_attack_error_x': 0.0, 'prev_attack_time': None, 'prev_target_size': 0.0}
2026-04-03 10:36:00,411 - BEE-EPT-UA913 - DEBUG - Executing command: TELEMETRY, Priority: 1, Body: {'target': 'MSP_RC'}
2026-04-03 10:36:00,421 - BEE-EPT-UA913 - DEBUG - Telemetry: b'\xdc\x05\xd9\x05\xdc\x05\x13\x04\xd0\x07\xe8\x03\xe8\x03\xde\x05\xe8\x03\xe8\x03\xe8\x03\xfd\x05\xdc\x05\xdc\x05\xe8\x03\xe8\x03'
2026-04-03 10:36:00,422 - BEE-EPT-UA913 - INFO - Autopilot state: {'connection': True, 'bee_state': 'READY', 'roll': 1500, 'pitch': 1497, 'yaw': 1500, 'throttle': 1043, 'last_manual_roll': 1500, 'last_manual_pitch': 1497, 'last_manual_yaw': 1500, 'last_manual_throttle': 1043, 'aux3': 1000, 'aux4': 1502, 'aux5': 1500, 'aux6': 1000, 'aux7': 1000, 'battery': 23.8, 'rssi': 956, 'rssi_msg': 'Strong signal', 'speed': 0.0, 'altitude': 0.17, 'caught': True, 'ready_hold_active': False, 'ready_hold_pending_capture': False, 'ready_hold_roll': 1500, 'ready_hold_pitch': 1500, 'ready_hold_yaw': 1500, 'ready_hold_throttle': 1100, 'target_locked': False, 'tracking_bbox': (311, 231, 17, 17), 'attack_error_x': 0.0, 'attack_error_y': 0.0, 'target_size': 0.0, 'attack_active': False, 'attack_base_roll': 1500, 'attack_base_pitch': 1500, 'attack_base_yaw': 1500, 'attack_base_throttle': 1100, 'prev_attack_error_x': 0.0, 'prev_attack_time': None, 'prev_target_size': 0.0}
2026-04-03 10:36:00,512 - BEE-EPT-UA913 - DEBUG - Executing command: TELEMETRY, Priority: 1, Body: {'target': 'MSP_RC'}
2026-04-03 10:36:00,522 - BEE-EPT-UA913 - DEBUG - Telemetry: b'\xdc\x05\xd9\x05\xdc\x05\x13\x04\xd0\x07\xe8\x03\xe8\x03\xde\x05\xe8\x03\xe8\x03\xe8\x03\xfd\x05\xdc\x05\xdc\x05\xe8\x03\xe8\x03'
2026-04-03 10:36:00,522 - BEE-EPT-UA913 - INFO - Autopilot state: {'connection': True, 'bee_state': 'READY', 'roll': 1500, 'pitch': 1497, 'yaw': 1500, 'throttle': 1043, 'last_manual_roll': 1500, 'last_manual_pitch': 1497, 'last_manual_yaw': 1500, 'last_manual_throttle': 1043, 'aux3': 1000, 'aux4': 1502, 'aux5': 1500, 'aux6': 1000, 'aux7': 1000, 'battery': 23.8, 'rssi': 956, 'rssi_msg': 'Strong signal', 'speed': 0.0, 'altitude': 0.17, 'caught': True, 'ready_hold_active': False, 'ready_hold_pending_capture': False, 'ready_hold_roll': 1500, 'ready_hold_pitch': 1500, 'ready_hold_yaw': 1500, 'ready_hold_throttle': 1100, 'target_locked': False, 'tracking_bbox': (311, 231, 17, 17), 'attack_error_x': 0.0, 'attack_error_y': 0.0, 'target_size': 0.0, 'attack_active': False, 'attack_base_roll': 1500, 'attack_base_pitch': 1500, 'attack_base_yaw': 1500, 'attack_base_throttle': 1100, 'prev_attack_error_x': 0.0, 'prev_attack_time': None, 'prev_target_size': 0.0}
2026-04-03 10:36:00,612 - BEE-EPT-UA913 - DEBUG - Executing command: TELEMETRY, Priority: 1, Body: {'target': 'MSP_RC'}
2026-04-03 10:36:00,622 - BEE-EPT-UA913 - DEBUG - Telemetry: b'\xdc\x05\xd9\x05\xdc\x05\x13\x04\xd0\x07\xe8\x03\xe8\x03\xde\x05\xe8\x03\xe8\x03\xe8\x03\xfd\x05\xdc\x05\xdc\x05\xe8\x03\xe8\x03'
2026-04-03 10:36:00,623 - BEE-EPT-UA913 - INFO - Autopilot state: {'connection': True, 'bee_state': 'READY', 'roll': 1500, 'pitch': 1497, 'yaw': 1500, 'throttle': 1043, 'last_manual_roll': 1500, 'last_manual_pitch': 1497, 'last_manual_yaw': 1500, 'last_manual_throttle': 1043, 'aux3': 1000, 'aux4': 1502, 'aux5': 1500, 'aux6': 1000, 'aux7': 1000, 'battery': 23.8, 'rssi': 956, 'rssi_msg': 'Strong signal', 'speed': 0.0, 'altitude': 0.17, 'caught': True, 'ready_hold_active': False, 'ready_hold_pending_capture': False, 'ready_hold_roll': 1500, 'ready_hold_pitch': 1500, 'ready_hold_yaw': 1500, 'ready_hold_throttle': 1100, 'target_locked': False, 'tracking_bbox': (311, 231, 17, 17), 'attack_error_x': 0.0, 'attack_error_y': 0.0, 'target_size': 0.0, 'attack_active': False, 'attack_base_roll': 1500, 'attack_base_pitch': 1500, 'attack_base_yaw': 1500, 'attack_base_throttle': 1100, 'prev_attack_error_x': 0.0, 'prev_attack_time': None, 'prev_target_size': 0.0}
2026-04-03 10:36:00,715 - BEE-EPT-UA913 - DEBUG - Executing command: TELEMETRY, Priority: 1, Body: {'target': 'MSP_RC'}
2026-04-03 10:36:00,723 - BEE-EPT-UA913 - DEBUG - Telemetry: b'\xdc\x05\xda\x05\xdc\x05\x13\x04\xd0\x07\xe8\x03\xe8\x03\xde\x05\xe8\x03\xe8\x03\xe8\x03\xfd\x05\xdc\x05\xdc\x05\xe8\x03\xe8\x03'
2026-04-03 10:36:00,724 - BEE-EPT-UA913 - INFO - Autopilot state: {'connection': True, 'bee_state': 'READY', 'roll': 1500, 'pitch': 1498, 'yaw': 1500, 'throttle': 1043, 'last_manual_roll': 1500, 'last_manual_pitch': 1498, 'last_manual_yaw': 1500, 'last_manual_throttle': 1043, 'aux3': 1000, 'aux4': 1502, 'aux5': 1500, 'aux6': 1000, 'aux7': 1000, 'battery': 23.8, 'rssi': 956, 'rssi_msg': 'Strong signal', 'speed': 0.0, 'altitude': 0.17, 'caught': True, 'ready_hold_active': False, 'ready_hold_pending_capture': False, 'ready_hold_roll': 1500, 'ready_hold_pitch': 1500, 'ready_hold_yaw': 1500, 'ready_hold_throttle': 1100, 'target_locked': False, 'tracking_bbox': (311, 231, 17, 17), 'attack_error_x': 0.0, 'attack_error_y': 0.0, 'target_size': 0.0, 'attack_active': False, 'attack_base_roll': 1500, 'attack_base_pitch': 1500, 'attack_base_yaw': 1500, 'attack_base_throttle': 1100, 'prev_attack_error_x': 0.0, 'prev_attack_time': None, 'prev_target_size': 0.0}
2026-04-03 10:36:00,815 - BEE-EPT-UA913 - DEBUG - Executing command: TELEMETRY, Priority: 1, Body: {'target': 'MSP_RC'}
2026-04-03 10:36:00,824 - BEE-EPT-UA913 - DEBUG - Telemetry: b'\xdc\x05\xdc\x05\xdc\x05\x13\x04\xd0\x07\xe8\x03\xe8\x03\xde\x05\xe8\x03\xe8\x03\xe8\x03\xfd\x05\xdc\x05\xdc\x05\xe8\x03\xe8\x03'
2026-04-03 10:36:00,825 - BEE-EPT-UA913 - INFO - Autopilot state: {'connection': True, 'bee_state': 'READY', 'roll': 1500, 'pitch': 1500, 'yaw': 1500, 'throttle': 1043, 'last_manual_roll': 1500, 'last_manual_pitch': 1500, 'last_manual_yaw': 1500, 'last_manual_throttle': 1043, 'aux3': 1000, 'aux4': 1502, 'aux5': 1500, 'aux6': 1000, 'aux7': 1000, 'battery': 23.8, 'rssi': 956, 'rssi_msg': 'Strong signal', 'speed': 0.0, 'altitude': 0.17, 'caught': True, 'ready_hold_active': False, 'ready_hold_pending_capture': False, 'ready_hold_roll': 1500, 'ready_hold_pitch': 1500, 'ready_hold_yaw': 1500, 'ready_hold_throttle': 1100, 'target_locked': False, 'tracking_bbox': (311, 231, 17, 17), 'attack_error_x': 0.0, 'attack_error_y': 0.0, 'target_size': 0.0, 'attack_active': False, 'attack_base_roll': 1500, 'attack_base_pitch': 1500, 'attack_base_yaw': 1500, 'attack_base_throttle': 1100, 'prev_attack_error_x': 0.0, 'prev_attack_time': None, 'prev_target_size': 0.0}
2026-04-03 10:36:00,875 - BEE-EPT-UA913 - DEBUG - Executing command: TELEMETRY, Priority: 2, Body: {'target': 'MSP_ALTITUDE'}
2026-04-03 10:36:00,882 - BEE-EPT-UA913 - DEBUG - Telemetry: b'\x11\x00\x00\x00\x00\x00'
2026-04-03 10:36:00,883 - BEE-EPT-UA913 - INFO - Autopilot state: {'connection': True, 'bee_state': 'READY', 'roll': 1500, 'pitch': 1500, 'yaw': 1500, 'throttle': 1043, 'last_manual_roll': 1500, 'last_manual_pitch': 1500, 'last_manual_yaw': 1500, 'last_manual_throttle': 1043, 'aux3': 1000, 'aux4': 1502, 'aux5': 1500, 'aux6': 1000, 'aux7': 1000, 'battery': 23.8, 'rssi': 956, 'rssi_msg': 'Strong signal', 'speed': 0.0, 'altitude': 0.17, 'caught': True, 'ready_hold_active': False, 'ready_hold_pending_capture': False, 'ready_hold_roll': 1500, 'ready_hold_pitch': 1500, 'ready_hold_yaw': 1500, 'ready_hold_throttle': 1100, 'target_locked': False, 'tracking_bbox': (311, 231, 17, 17), 'attack_error_x': 0.0, 'attack_error_y': 0.0, 'target_size': 0.0, 'attack_active': False, 'attack_base_roll': 1500, 'attack_base_pitch': 1500, 'attack_base_yaw': 1500, 'attack_base_throttle': 1100, 'prev_attack_error_x': 0.0, 'prev_attack_time': None, 'prev_target_size': 0.0}
2026-04-03 10:36:00,933 - BEE-EPT-UA913 - DEBUG - Executing command: TELEMETRY, Priority: 1, Body: {'target': 'MSP_RC'}
2026-04-03 10:36:00,945 - BEE-EPT-UA913 - DEBUG - Telemetry: b'\xdc\x05\xdc\x05\xdc\x05\x12\x04\xd0\x07\xe8\x03\xe8\x03\xde\x05\xe8\x03\xe8\x03\xe8\x03\xfd\x05\xdc\x05\xdc\x05\xe8\x03\xe8\x03'
2026-04-03 10:36:00,945 - BEE-EPT-UA913 - INFO - Autopilot state: {'connection': True, 'bee_state': 'READY', 'roll': 1500, 'pitch': 1500, 'yaw': 1500, 'throttle': 1042, 'last_manual_roll': 1500, 'last_manual_pitch': 1500, 'last_manual_yaw': 1500, 'last_manual_throttle': 1042, 'aux3': 1000, 'aux4': 1502, 'aux5': 1500, 'aux6': 1000, 'aux7': 1000, 'battery': 23.8, 'rssi': 956, 'rssi_msg': 'Strong signal', 'speed': 0.0, 'altitude': 0.17, 'caught': True, 'ready_hold_active': False, 'ready_hold_pending_capture': False, 'ready_hold_roll': 1500, 'ready_hold_pitch': 1500, 'ready_hold_yaw': 1500, 'ready_hold_throttle': 1100, 'target_locked': False, 'tracking_bbox': (311, 231, 17, 17), 'attack_error_x': 0.0, 'attack_error_y': 0.0, 'target_size': 0.0, 'attack_active': False, 'attack_base_roll': 1500, 'attack_base_pitch': 1500, 'attack_base_yaw': 1500, 'attack_base_throttle': 1100, 'prev_attack_error_x': 0.0, 'prev_attack_time': None, 'prev_target_size': 0.0}
2026-04-03 10:36:00,995 - BEE-EPT-UA913 - DEBUG - Executing command: MONITOR, Priority: 2, Body: {'target': 'MSP_ANALOG'}
2026-04-03 10:36:01,003 - BEE-EPT-UA913 - DEBUG - Monitoring: b'\xee\x02\x00\xbf\x03\x0c\x00I\t'
2026-04-03 10:36:01,003 - BEE-EPT-UA913 - INFO - RSSI: 959, signal: Strong signal, battery voltage: 23.8V
2026-04-03 10:36:01,054 - BEE-EPT-UA913 - DEBUG - Executing command: TELEMETRY, Priority: 1, Body: {'target': 'MSP_RC'}
2026-04-03 10:36:01,065 - BEE-EPT-UA913 - DEBUG - Telemetry: b'\xdc\x05\xdc\x05\xdc\x05\x12\x04\xd0\x07\xe8\x03\xe8\x03\xde\x05\xe8\x03\xe8\x03\xe8\x03\xfd\x05\xdc\x05\xdc\x05\xe8\x03\xe8\x03'
2026-04-03 10:36:01,066 - BEE-EPT-UA913 - INFO - Autopilot state: {'connection': True, 'bee_state': 'READY', 'roll': 1500, 'pitch': 1500, 'yaw': 1500, 'throttle': 1042, 'last_manual_roll': 1500, 'last_manual_pitch': 1500, 'last_manual_yaw': 1500, 'last_manual_throttle': 1042, 'aux3': 1000, 'aux4': 1502, 'aux5': 1500, 'aux6': 1000, 'aux7': 1000, 'battery': 23.8, 'rssi': 959, 'rssi_msg': 'Strong signal', 'speed': 0.0, 'altitude': 0.17, 'caught': True, 'ready_hold_active': False, 'ready_hold_pending_capture': False, 'ready_hold_roll': 1500, 'ready_hold_pitch': 1500, 'ready_hold_yaw': 1500, 'ready_hold_throttle': 1100, 'target_locked': False, 'tracking_bbox': (311, 231, 17, 17), 'attack_error_x': 0.0, 'attack_error_y': 0.0, 'target_size': 0.0, 'attack_active': False, 'attack_base_roll': 1500, 'attack_base_pitch': 1500, 'attack_base_yaw': 1500, 'attack_base_throttle': 1100, 'prev_attack_error_x': 0.0, 'prev_attack_time': None, 'prev_target_size': 0.0}
2026-04-03 10:36:01,116 - BEE-EPT-UA913 - DEBUG - Executing command: TELEMETRY, Priority: 1, Body: {'target': 'MSP_RC'}
2026-04-03 10:36:01,126 - BEE-EPT-UA913 - DEBUG - Telemetry: b'\xdc\x05\xdc\x05\xdc\x05\x12\x04\xd0\x07\xe8\x03\xe8\x03\xde\x05\xe8\x03\xe8\x03\xe8\x03\xfd\x05\xdc\x05\xdc\x05\xe8\x03\xe8\x03'
2026-04-03 10:36:01,126 - BEE-EPT-UA913 - INFO - Autopilot state: {'connection': True, 'bee_state': 'READY', 'roll': 1500, 'pitch': 1500, 'yaw': 1500, 'throttle': 1042, 'last_manual_roll': 1500, 'last_manual_pitch': 1500, 'last_manual_yaw': 1500, 'last_manual_throttle': 1042, 'aux3': 1000, 'aux4': 1502, 'aux5': 1500, 'aux6': 1000, 'aux7': 1000, 'battery': 23.8, 'rssi': 959, 'rssi_msg': 'Strong signal', 'speed': 0.0, 'altitude': 0.17, 'caught': True, 'ready_hold_active': False, 'ready_hold_pending_capture': False, 'ready_hold_roll': 1500, 'ready_hold_pitch': 1500, 'ready_hold_yaw': 1500, 'ready_hold_throttle': 1100, 'target_locked': False, 'tracking_bbox': (311, 231, 17, 17), 'attack_error_x': 0.0, 'attack_error_y': 0.0, 'target_size': 0.0, 'attack_active': False, 'attack_base_roll': 1500, 'attack_base_pitch': 1500, 'attack_base_yaw': 1500, 'attack_base_throttle': 1100, 'prev_attack_error_x': 0.0, 'prev_attack_time': None, 'prev_target_size': 0.0}
2026-04-03 10:36:01,217 - BEE-EPT-UA913 - DEBUG - Executing command: TELEMETRY, Priority: 1, Body: {'target': 'MSP_RC'}
2026-04-03 10:36:01,226 - BEE-EPT-UA913 - DEBUG - Telemetry: b'\xe3\x05\xc8\x05\xdc\x05\x12\x04\xd0\x07\xe8\x03\xe8\x03\xde\x05\xe8\x03\xe8\x03\xe8\x03\xfd\x05\xdc\x05\xdc\x05\xe8\x03\xe8\x03'
2026-04-03 10:36:01,226 - BEE-EPT-UA913 - INFO - Autopilot state: {'connection': True, 'bee_state': 'READY', 'roll': 1507, 'pitch': 1480, 'yaw': 1500, 'throttle': 1042, 'last_manual_roll': 1507, 'last_manual_pitch': 1480, 'last_manual_yaw': 1500, 'last_manual_throttle': 1042, 'aux3': 1000, 'aux4': 1502, 'aux5': 1500, 'aux6': 1000, 'aux7': 1000, 'battery': 23.8, 'rssi': 959, 'rssi_msg': 'Strong signal', 'speed': 0.0, 'altitude': 0.17, 'caught': True, 'ready_hold_active': False, 'ready_hold_pending_capture': False, 'ready_hold_roll': 1500, 'ready_hold_pitch': 1500, 'ready_hold_yaw': 1500, 'ready_hold_throttle': 1100, 'target_locked': False, 'tracking_bbox': (311, 231, 17, 17), 'attack_error_x': 0.0, 'attack_error_y': 0.0, 'target_size': 0.0, 'attack_active': False, 'attack_base_roll': 1500, 'attack_base_pitch': 1500, 'attack_base_yaw': 1500, 'attack_base_throttle': 1100, 'prev_attack_error_x': 0.0, 'prev_attack_time': None, 'prev_target_size': 0.0}
2026-04-03 10:36:01,317 - BEE-EPT-UA913 - DEBUG - Executing command: TELEMETRY, Priority: 1, Body: {'target': 'MSP_RC'}
2026-04-03 10:36:01,327 - BEE-EPT-UA913 - DEBUG - Telemetry: b'\xe3\x05\xc8\x05\xdc\x05\x12\x04\xd0\x07\xe8\x03\xe8\x03\xde\x05\xe8\x03\xe8\x03\xe8\x03\xfd\x05\xdc\x05\xdc\x05\xe8\x03\xe8\x03'
2026-04-03 10:36:01,327 - BEE-EPT-UA913 - INFO - Autopilot state: {'connection': True, 'bee_state': 'READY', 'roll': 1507, 'pitch': 1480, 'yaw': 1500, 'throttle': 1042, 'last_manual_roll': 1507, 'last_manual_pitch': 1480, 'last_manual_yaw': 1500, 'last_manual_throttle': 1042, 'aux3': 1000, 'aux4': 1502, 'aux5': 1500, 'aux6': 1000, 'aux7': 1000, 'battery': 23.8, 'rssi': 959, 'rssi_msg': 'Strong signal', 'speed': 0.0, 'altitude': 0.17, 'caught': True, 'ready_hold_active': False, 'ready_hold_pending_capture': False, 'ready_hold_roll': 1500, 'ready_hold_pitch': 1500, 'ready_hold_yaw': 1500, 'ready_hold_throttle': 1100, 'target_locked': False, 'tracking_bbox': (311, 231, 17, 17), 'attack_error_x': 0.0, 'attack_error_y': 0.0, 'target_size': 0.0, 'attack_active': False, 'attack_base_roll': 1500, 'attack_base_pitch': 1500, 'attack_base_yaw': 1500, 'attack_base_throttle': 1100, 'prev_attack_error_x': 0.0, 'prev_attack_time': None, 'prev_target_size': 0.0}
2026-04-03 10:36:01,418 - BEE-EPT-UA913 - DEBUG - Executing command: TELEMETRY, Priority: 1, Body: {'target': 'MSP_RC'}
2026-04-03 10:36:01,427 - BEE-EPT-UA913 - DEBUG - Telemetry: b'\xdc\x05\xc8\x05\xdc\x05\x12\x04\xd0\x07\xe8\x03\xe8\x03\xde\x05\xe8\x03\xe8\x03\xe8\x03\xfd\x05\xdc\x05\xdc\x05\xe8\x03\xe8\x03'
2026-04-03 10:36:01,427 - BEE-EPT-UA913 - INFO - Autopilot state: {'connection': True, 'bee_state': 'READY', 'roll': 1500, 'pitch': 1480, 'yaw': 1500, 'throttle': 1042, 'last_manual_roll': 1500, 'last_manual_pitch': 1480, 'last_manual_yaw': 1500, 'last_manual_throttle': 1042, 'aux3': 1000, 'aux4': 1502, 'aux5': 1500, 'aux6': 1000, 'aux7': 1000, 'battery': 23.8, 'rssi': 959, 'rssi_msg': 'Strong signal', 'speed': 0.0, 'altitude': 0.17, 'caught': True, 'ready_hold_active': False, 'ready_hold_pending_capture': False, 'ready_hold_roll': 1500, 'ready_hold_pitch': 1500, 'ready_hold_yaw': 1500, 'ready_hold_throttle': 1100, 'target_locked': False, 'tracking_bbox': (311, 231, 17, 17), 'attack_error_x': 0.0, 'attack_error_y': 0.0, 'target_size': 0.0, 'attack_active': False, 'attack_base_roll': 1500, 'attack_base_pitch': 1500, 'attack_base_yaw': 1500, 'attack_base_throttle': 1100, 'prev_attack_error_x': 0.0, 'prev_attack_time': None, 'prev_target_size': 0.0}
2026-04-03 10:36:01,518 - BEE-EPT-UA913 - DEBUG - Executing command: TELEMETRY, Priority: 1, Body: {'target': 'MSP_RC'}
2026-04-03 10:36:01,527 - BEE-EPT-UA913 - DEBUG - Telemetry: b'\xdc\x05\xc8\x05\xdc\x05\x12\x04\xd0\x07\xe8\x03\xe8\x03\xde\x05\xe8\x03\xe8\x03\xe8\x03\xfd\x05\xdc\x05\xdc\x05\xe8\x03\xe8\x03'
2026-04-03 10:36:01,528 - BEE-EPT-UA913 - INFO - Autopilot state: {'connection': True, 'bee_state': 'READY', 'roll': 1500, 'pitch': 1480, 'yaw': 1500, 'throttle': 1042, 'last_manual_roll': 1500, 'last_manual_pitch': 1480, 'last_manual_yaw': 1500, 'last_manual_throttle': 1042, 'aux3': 1000, 'aux4': 1502, 'aux5': 1500, 'aux6': 1000, 'aux7': 1000, 'battery': 23.8, 'rssi': 959, 'rssi_msg': 'Strong signal', 'speed': 0.0, 'altitude': 0.17, 'caught': True, 'ready_hold_active': False, 'ready_hold_pending_capture': False, 'ready_hold_roll': 1500, 'ready_hold_pitch': 1500, 'ready_hold_yaw': 1500, 'ready_hold_throttle': 1100, 'target_locked': False, 'tracking_bbox': (311, 231, 17, 17), 'attack_error_x': 0.0, 'attack_error_y': 0.0, 'target_size': 0.0, 'attack_active': False, 'attack_base_roll': 1500, 'attack_base_pitch': 1500, 'attack_base_yaw': 1500, 'attack_base_throttle': 1100, 'prev_attack_error_x': 0.0, 'prev_attack_time': None, 'prev_target_size': 0.0}
2026-04-03 10:36:01,618 - BEE-EPT-UA913 - DEBUG - Executing command: TELEMETRY, Priority: 1, Body: {'target': 'MSP_RC'}
2026-04-03 10:36:01,628 - BEE-EPT-UA913 - DEBUG - Telemetry: b'\xdc\x05\xc8\x05\xdc\x05\x12\x04\xd0\x07\xe8\x03\xe8\x03\xde\x05\xe8\x03\xe8\x03\xe8\x03\xfd\x05\xdc\x05\xdc\x05\xe8\x03\xe8\x03'
2026-04-03 10:36:01,629 - BEE-EPT-UA913 - INFO - Autopilot state: {'connection': True, 'bee_state': 'READY', 'roll': 1500, 'pitch': 1480, 'yaw': 1500, 'throttle': 1042, 'last_manual_roll': 1500, 'last_manual_pitch': 1480, 'last_manual_yaw': 1500, 'last_manual_throttle': 1042, 'aux3': 1000, 'aux4': 1502, 'aux5': 1500, 'aux6': 1000, 'aux7': 1000, 'battery': 23.8, 'rssi': 959, 'rssi_msg': 'Strong signal', 'speed': 0.0, 'altitude': 0.17, 'caught': True, 'ready_hold_active': False, 'ready_hold_pending_capture': False, 'ready_hold_roll': 1500, 'ready_hold_pitch': 1500, 'ready_hold_yaw': 1500, 'ready_hold_throttle': 1100, 'target_locked': False, 'tracking_bbox': (311, 231, 17, 17), 'attack_error_x': 0.0, 'attack_error_y': 0.0, 'target_size': 0.0, 'attack_active': False, 'attack_base_roll': 1500, 'attack_base_pitch': 1500, 'attack_base_yaw': 1500, 'attack_base_throttle': 1100, 'prev_attack_error_x': 0.0, 'prev_attack_time': None, 'prev_target_size': 0.0}
2026-04-03 10:36:01,719 - BEE-EPT-UA913 - DEBUG - Executing command: TELEMETRY, Priority: 1, Body: {'target': 'MSP_RC'}
2026-04-03 10:36:01,728 - BEE-EPT-UA913 - DEBUG - Telemetry: b'\xdc\x05\xc8\x05\xda\x05\x12\x04\xd0\x07\xe8\x03\xe8\x03\xde\x05\xe8\x03\xe8\x03\xe8\x03\xfd\x05\xdc\x05\xdc\x05\xe8\x03\xe8\x03'
2026-04-03 10:36:01,729 - BEE-EPT-UA913 - INFO - Autopilot state: {'connection': True, 'bee_state': 'READY', 'roll': 1500, 'pitch': 1480, 'yaw': 1498, 'throttle': 1042, 'last_manual_roll': 1500, 'last_manual_pitch': 1480, 'last_manual_yaw': 1498, 'last_manual_throttle': 1042, 'aux3': 1000, 'aux4': 1502, 'aux5': 1500, 'aux6': 1000, 'aux7': 1000, 'battery': 23.8, 'rssi': 959, 'rssi_msg': 'Strong signal', 'speed': 0.0, 'altitude': 0.17, 'caught': True, 'ready_hold_active': False, 'ready_hold_pending_capture': False, 'ready_hold_roll': 1500, 'ready_hold_pitch': 1500, 'ready_hold_yaw': 1500, 'ready_hold_throttle': 1100, 'target_locked': False, 'tracking_bbox': (311, 231, 17, 17), 'attack_error_x': 0.0, 'attack_error_y': 0.0, 'target_size': 0.0, 'attack_active': False, 'attack_base_roll': 1500, 'attack_base_pitch': 1500, 'attack_base_yaw': 1500, 'attack_base_throttle': 1100, 'prev_attack_error_x': 0.0, 'prev_attack_time': None, 'prev_target_size': 0.0}
2026-04-03 10:36:01,819 - BEE-EPT-UA913 - DEBUG - Executing command: TELEMETRY, Priority: 1, Body: {'target': 'MSP_RC'}
2026-04-03 10:36:01,829 - BEE-EPT-UA913 - DEBUG - Telemetry: b'\xdc\x05\xc8\x05\xdc\x05\x12\x04\xd0\x07\xe8\x03\xe8\x03\xde\x05\xe8\x03\xe8\x03\xe8\x03\xfd\x05\xdc\x05\xdc\x05\xe8\x03\xe8\x03'
2026-04-03 10:36:01,829 - BEE-EPT-UA913 - INFO - Autopilot state: {'connection': True, 'bee_state': 'READY', 'roll': 1500, 'pitch': 1480, 'yaw': 1500, 'throttle': 1042, 'last_manual_roll': 1500, 'last_manual_pitch': 1480, 'last_manual_yaw': 1500, 'last_manual_throttle': 1042, 'aux3': 1000, 'aux4': 1502, 'aux5': 1500, 'aux6': 1000, 'aux7': 1000, 'battery': 23.8, 'rssi': 959, 'rssi_msg': 'Strong signal', 'speed': 0.0, 'altitude': 0.17, 'caught': True, 'ready_hold_active': False, 'ready_hold_pending_capture': False, 'ready_hold_roll': 1500, 'ready_hold_pitch': 1500, 'ready_hold_yaw': 1500, 'ready_hold_throttle': 1100, 'target_locked': False, 'tracking_bbox': (311, 231, 17, 17), 'attack_error_x': 0.0, 'attack_error_y': 0.0, 'target_size': 0.0, 'attack_active': False, 'attack_base_roll': 1500, 'attack_base_pitch': 1500, 'attack_base_yaw': 1500, 'attack_base_throttle': 1100, 'prev_attack_error_x': 0.0, 'prev_attack_time': None, 'prev_target_size': 0.0}
2026-04-03 10:36:01,880 - BEE-EPT-UA913 - DEBUG - Executing command: TELEMETRY, Priority: 2, Body: {'target': 'MSP_ALTITUDE'}
2026-04-03 10:36:01,887 - BEE-EPT-UA913 - DEBUG - Telemetry: b'\x11\x00\x00\x00\x00\x00'
2026-04-03 10:36:01,887 - BEE-EPT-UA913 - INFO - Autopilot state: {'connection': True, 'bee_state': 'READY', 'roll': 1500, 'pitch': 1480, 'yaw': 1500, 'throttle': 1042, 'last_manual_roll': 1500, 'last_manual_pitch': 1480, 'last_manual_yaw': 1500, 'last_manual_throttle': 1042, 'aux3': 1000, 'aux4': 1502, 'aux5': 1500, 'aux6': 1000, 'aux7': 1000, 'battery': 23.8, 'rssi': 959, 'rssi_msg': 'Strong signal', 'speed': 0.0, 'altitude': 0.17, 'caught': True, 'ready_hold_active': False, 'ready_hold_pending_capture': False, 'ready_hold_roll': 1500, 'ready_hold_pitch': 1500, 'ready_hold_yaw': 1500, 'ready_hold_throttle': 1100, 'target_locked': False, 'tracking_bbox': (311, 231, 17, 17), 'attack_error_x': 0.0, 'attack_error_y': 0.0, 'target_size': 0.0, 'attack_active': False, 'attack_base_roll': 1500, 'attack_base_pitch': 1500, 'attack_base_yaw': 1500, 'attack_base_throttle': 1100, 'prev_attack_error_x': 0.0, 'prev_attack_time': None, 'prev_target_size': 0.0}
2026-04-03 10:36:01,938 - BEE-EPT-UA913 - DEBUG - Executing command: TELEMETRY, Priority: 1, Body: {'target': 'MSP_RC'}
2026-04-03 10:36:01,949 - BEE-EPT-UA913 - DEBUG - Telemetry: b'\xdc\x05\xc8\x05\xdc\x05%\x04\xd0\x07\xe8\x03\xe8\x03\xde\x05\xe8\x03\xe8\x03\xe8\x03\xfd\x05\xdc\x05\xdc\x05\xe8\x03\xe8\x03'
2026-04-03 10:36:01,950 - BEE-EPT-UA913 - INFO - Autopilot state: {'connection': True, 'bee_state': 'READY', 'roll': 1500, 'pitch': 1480, 'yaw': 1500, 'throttle': 1061, 'last_manual_roll': 1500, 'last_manual_pitch': 1480, 'last_manual_yaw': 1500, 'last_manual_throttle': 1061, 'aux3': 1000, 'aux4': 1502, 'aux5': 1500, 'aux6': 1000, 'aux7': 1000, 'battery': 23.8, 'rssi': 959, 'rssi_msg': 'Strong signal', 'speed': 0.0, 'altitude': 0.17, 'caught': True, 'ready_hold_active': False, 'ready_hold_pending_capture': False, 'ready_hold_roll': 1500, 'ready_hold_pitch': 1500, 'ready_hold_yaw': 1500, 'ready_hold_throttle': 1100, 'target_locked': False, 'tracking_bbox': (311, 231, 17, 17), 'attack_error_x': 0.0, 'attack_error_y': 0.0, 'target_size': 0.0, 'attack_active': False, 'attack_base_roll': 1500, 'attack_base_pitch': 1500, 'attack_base_yaw': 1500, 'attack_base_throttle': 1100, 'prev_attack_error_x': 0.0, 'prev_attack_time': None, 'prev_target_size': 0.0}
2026-04-03 10:36:02,000 - BEE-EPT-UA913 - DEBUG - Executing command: MONITOR, Priority: 2, Body: {'target': 'MSP_ANALOG'}
2026-04-03 10:36:02,008 - BEE-EPT-UA913 - DEBUG - Monitoring: b'\xee\x02\x00\xc0\x03\x10\x00I\t'
2026-04-03 10:36:02,008 - BEE-EPT-UA913 - INFO - RSSI: 960, signal: Strong signal, battery voltage: 23.8V
2026-04-03 10:36:02,058 - BEE-EPT-UA913 - DEBUG - Executing command: TELEMETRY, Priority: 1, Body: {'target': 'MSP_RC'}
2026-04-03 10:36:02,070 - BEE-EPT-UA913 - DEBUG - Telemetry: b'\xdc\x05\xc8\x05\xdc\x05&\x04\xd0\x07\xe8\x03\xe8\x03\xde\x05\xe8\x03\xe8\x03\xe8\x03\xfd\x05\xdc\x05\xdc\x05\xe8\x03\xe8\x03'
2026-04-03 10:36:02,071 - BEE-EPT-UA913 - INFO - Autopilot state: {'connection': True, 'bee_state': 'READY', 'roll': 1500, 'pitch': 1480, 'yaw': 1500, 'throttle': 1062, 'last_manual_roll': 1500, 'last_manual_pitch': 1480, 'last_manual_yaw': 1500, 'last_manual_throttle': 1062, 'aux3': 1000, 'aux4': 1502, 'aux5': 1500, 'aux6': 1000, 'aux7': 1000, 'battery': 23.8, 'rssi': 960, 'rssi_msg': 'Strong signal', 'speed': 0.0, 'altitude': 0.17, 'caught': True, 'ready_hold_active': False, 'ready_hold_pending_capture': False, 'ready_hold_roll': 1500, 'ready_hold_pitch': 1500, 'ready_hold_yaw': 1500, 'ready_hold_throttle': 1100, 'target_locked': False, 'tracking_bbox': (311, 231, 17, 17), 'attack_error_x': 0.0, 'attack_error_y': 0.0, 'target_size': 0.0, 'attack_active': False, 'attack_base_roll': 1500, 'attack_base_pitch': 1500, 'attack_base_yaw': 1500, 'attack_base_throttle': 1100, 'prev_attack_error_x': 0.0, 'prev_attack_time': None, 'prev_target_size': 0.0}
2026-04-03 10:36:02,121 - BEE-EPT-UA913 - DEBUG - Executing command: TELEMETRY, Priority: 1, Body: {'target': 'MSP_RC'}
2026-04-03 10:36:02,130 - BEE-EPT-UA913 - DEBUG - Telemetry: b'\xdc\x05\xcf\x05\xdc\x05&\x04\xd0\x07\xe8\x03\xe8\x03\xde\x05\xe8\x03\xe8\x03\xe8\x03\xfd\x05\xdc\x05\xdc\x05\xe8\x03\xe8\x03'
2026-04-03 10:36:02,131 - BEE-EPT-UA913 - INFO - Autopilot state: {'connection': True, 'bee_state': 'READY', 'roll': 1500, 'pitch': 1487, 'yaw': 1500, 'throttle': 1062, 'last_manual_roll': 1500, 'last_manual_pitch': 1487, 'last_manual_yaw': 1500, 'last_manual_throttle': 1062, 'aux3': 1000, 'aux4': 1502, 'aux5': 1500, 'aux6': 1000, 'aux7': 1000, 'battery': 23.8, 'rssi': 960, 'rssi_msg': 'Strong signal', 'speed': 0.0, 'altitude': 0.17, 'caught': True, 'ready_hold_active': False, 'ready_hold_pending_capture': False, 'ready_hold_roll': 1500, 'ready_hold_pitch': 1500, 'ready_hold_yaw': 1500, 'ready_hold_throttle': 1100, 'target_locked': False, 'tracking_bbox': (311, 231, 17, 17), 'attack_error_x': 0.0, 'attack_error_y': 0.0, 'target_size': 0.0, 'attack_active': False, 'attack_base_roll': 1500, 'attack_base_pitch': 1500, 'attack_base_yaw': 1500, 'attack_base_throttle': 1100, 'prev_attack_error_x': 0.0, 'prev_attack_time': None, 'prev_target_size': 0.0}
2026-04-03 10:36:02,221 - BEE-EPT-UA913 - DEBUG - Executing command: TELEMETRY, Priority: 1, Body: {'target': 'MSP_RC'}
2026-04-03 10:36:02,231 - BEE-EPT-UA913 - DEBUG - Telemetry: b'\xdc\x05\xcf\x05\xdc\x05&\x04\xd0\x07\xe8\x03\xe8\x03\xde\x05\xe8\x03\xe8\x03\xe8\x03\xfd\x05\xdc\x05\xdc\x05\xe8\x03\xe8\x03'
2026-04-03 10:36:02,232 - BEE-EPT-UA913 - INFO - Autopilot state: {'connection': True, 'bee_state': 'READY', 'roll': 1500, 'pitch': 1487, 'yaw': 1500, 'throttle': 1062, 'last_manual_roll': 1500, 'last_manual_pitch': 1487, 'last_manual_yaw': 1500, 'last_manual_throttle': 1062, 'aux3': 1000, 'aux4': 1502, 'aux5': 1500, 'aux6': 1000, 'aux7': 1000, 'battery': 23.8, 'rssi': 960, 'rssi_msg': 'Strong signal', 'speed': 0.0, 'altitude': 0.17, 'caught': True, 'ready_hold_active': False, 'ready_hold_pending_capture': False, 'ready_hold_roll': 1500, 'ready_hold_pitch': 1500, 'ready_hold_yaw': 1500, 'ready_hold_throttle': 1100, 'target_locked': False, 'tracking_bbox': (311, 231, 17, 17), 'attack_error_x': 0.0, 'attack_error_y': 0.0, 'target_size': 0.0, 'attack_active': False, 'attack_base_roll': 1500, 'attack_base_pitch': 1500, 'attack_base_yaw': 1500, 'attack_base_throttle': 1100, 'prev_attack_error_x': 0.0, 'prev_attack_time': None, 'prev_target_size': 0.0}
2026-04-03 10:36:02,321 - BEE-EPT-UA913 - DEBUG - Executing command: TELEMETRY, Priority: 1, Body: {'target': 'MSP_RC'}
2026-04-03 10:36:02,331 - BEE-EPT-UA913 - DEBUG - Telemetry: b'\xdc\x05\xd7\x05\xdc\x05&\x04\xd0\x07\xe8\x03\xe8\x03\xde\x05\xe8\x03\xe8\x03\xe8\x03\xfd\x05\xdc\x05\xdc\x05\xe8\x03\xe8\x03'
2026-04-03 10:36:02,332 - BEE-EPT-UA913 - INFO - Autopilot state: {'connection': True, 'bee_state': 'READY', 'roll': 1500, 'pitch': 1495, 'yaw': 1500, 'throttle': 1062, 'last_manual_roll': 1500, 'last_manual_pitch': 1495, 'last_manual_yaw': 1500, 'last_manual_throttle': 1062, 'aux3': 1000, 'aux4': 1502, 'aux5': 1500, 'aux6': 1000, 'aux7': 1000, 'battery': 23.8, 'rssi': 960, 'rssi_msg': 'Strong signal', 'speed': 0.0, 'altitude': 0.17, 'caught': True, 'ready_hold_active': False, 'ready_hold_pending_capture': False, 'ready_hold_roll': 1500, 'ready_hold_pitch': 1500, 'ready_hold_yaw': 1500, 'ready_hold_throttle': 1100, 'target_locked': False, 'tracking_bbox': (311, 231, 17, 17), 'attack_error_x': 0.0, 'attack_error_y': 0.0, 'target_size': 0.0, 'attack_active': False, 'attack_base_roll': 1500, 'attack_base_pitch': 1500, 'attack_base_yaw': 1500, 'attack_base_throttle': 1100, 'prev_attack_error_x': 0.0, 'prev_attack_time': None, 'prev_target_size': 0.0}
2026-04-03 10:36:02,421 - BEE-EPT-UA913 - DEBUG - Executing command: TELEMETRY, Priority: 1, Body: {'target': 'MSP_RC'}
2026-04-03 10:36:02,432 - BEE-EPT-UA913 - DEBUG - Telemetry: b'\xdc\x05\xd7\x05\xdc\x05&\x04\xd0\x07\xe8\x03\xe8\x03\xde\x05\xe8\x03\xe8\x03\xe8\x03\xfd\x05\xdc\x05\xdc\x05\xe8\x03\xe8\x03'
2026-04-03 10:36:02,432 - BEE-EPT-UA913 - INFO - Autopilot state: {'connection': True, 'bee_state': 'READY', 'roll': 1500, 'pitch': 1495, 'yaw': 1500, 'throttle': 1062, 'last_manual_roll': 1500, 'last_manual_pitch': 1495, 'last_manual_yaw': 1500, 'last_manual_throttle': 1062, 'aux3': 1000, 'aux4': 1502, 'aux5': 1500, 'aux6': 1000, 'aux7': 1000, 'battery': 23.8, 'rssi': 960, 'rssi_msg': 'Strong signal', 'speed': 0.0, 'altitude': 0.17, 'caught': True, 'ready_hold_active': False, 'ready_hold_pending_capture': False, 'ready_hold_roll': 1500, 'ready_hold_pitch': 1500, 'ready_hold_yaw': 1500, 'ready_hold_throttle': 1100, 'target_locked': False, 'tracking_bbox': (311, 231, 17, 17), 'attack_error_x': 0.0, 'attack_error_y': 0.0, 'target_size': 0.0, 'attack_active': False, 'attack_base_roll': 1500, 'attack_base_pitch': 1500, 'attack_base_yaw': 1500, 'attack_base_throttle': 1100, 'prev_attack_error_x': 0.0, 'prev_attack_time': None, 'prev_target_size': 0.0}
2026-04-03 10:36:02,522 - BEE-EPT-UA913 - DEBUG - Executing command: TELEMETRY, Priority: 1, Body: {'target': 'MSP_RC'}
2026-04-03 10:36:02,533 - BEE-EPT-UA913 - DEBUG - Telemetry: b'\xdc\x05\xd7\x05\xdc\x05&\x04\xd0\x07\xe8\x03\xe8\x03\xde\x05\xe8\x03\xe8\x03\xe8\x03\xfd\x05\xdc\x05\xdc\x05\xe8\x03\xe8\x03'
2026-04-03 10:36:02,533 - BEE-EPT-UA913 - INFO - Autopilot state: {'connection': True, 'bee_state': 'READY', 'roll': 1500, 'pitch': 1495, 'yaw': 1500, 'throttle': 1062, 'last_manual_roll': 1500, 'last_manual_pitch': 1495, 'last_manual_yaw': 1500, 'last_manual_throttle': 1062, 'aux3': 1000, 'aux4': 1502, 'aux5': 1500, 'aux6': 1000, 'aux7': 1000, 'battery': 23.8, 'rssi': 960, 'rssi_msg': 'Strong signal', 'speed': 0.0, 'altitude': 0.17, 'caught': True, 'ready_hold_active': False, 'ready_hold_pending_capture': False, 'ready_hold_roll': 1500, 'ready_hold_pitch': 1500, 'ready_hold_yaw': 1500, 'ready_hold_throttle': 1100, 'target_locked': False, 'tracking_bbox': (311, 231, 17, 17), 'attack_error_x': 0.0, 'attack_error_y': 0.0, 'target_size': 0.0, 'attack_active': False, 'attack_base_roll': 1500, 'attack_base_pitch': 1500, 'attack_base_yaw': 1500, 'attack_base_throttle': 1100, 'prev_attack_error_x': 0.0, 'prev_attack_time': None, 'prev_target_size': 0.0}
2026-04-03 10:36:02,622 - BEE-EPT-UA913 - DEBUG - Executing command: TELEMETRY, Priority: 1, Body: {'target': 'MSP_RC'}
2026-04-03 10:36:02,633 - BEE-EPT-UA913 - DEBUG - Telemetry: b'\xdc\x05\xd9\x05\xdc\x05&\x04\xd0\x07\xe8\x03\xe8\x03\xde\x05\xe8\x03\xe8\x03\xe8\x03\xfd\x05\xdc\x05\xdc\x05\xe8\x03\xe8\x03'
2026-04-03 10:36:02,633 - BEE-EPT-UA913 - INFO - Autopilot state: {'connection': True, 'bee_state': 'READY', 'roll': 1500, 'pitch': 1497, 'yaw': 1500, 'throttle': 1062, 'last_manual_roll': 1500, 'last_manual_pitch': 1497, 'last_manual_yaw': 1500, 'last_manual_throttle': 1062, 'aux3': 1000, 'aux4': 1502, 'aux5': 1500, 'aux6': 1000, 'aux7': 1000, 'battery': 23.8, 'rssi': 960, 'rssi_msg': 'Strong signal', 'speed': 0.0, 'altitude': 0.17, 'caught': True, 'ready_hold_active': False, 'ready_hold_pending_capture': False, 'ready_hold_roll': 1500, 'ready_hold_pitch': 1500, 'ready_hold_yaw': 1500, 'ready_hold_throttle': 1100, 'target_locked': False, 'tracking_bbox': (311, 231, 17, 17), 'attack_error_x': 0.0, 'attack_error_y': 0.0, 'target_size': 0.0, 'attack_active': False, 'attack_base_roll': 1500, 'attack_base_pitch': 1500, 'attack_base_yaw': 1500, 'attack_base_throttle': 1100, 'prev_attack_error_x': 0.0, 'prev_attack_time': None, 'prev_target_size': 0.0}
2026-04-03 10:36:02,722 - BEE-EPT-UA913 - DEBUG - Executing command: TELEMETRY, Priority: 1, Body: {'target': 'MSP_RC'}
2026-04-03 10:36:02,733 - BEE-EPT-UA913 - DEBUG - Telemetry: b'\xdc\x05\xd9\x05\xdc\x05&\x04\xd0\x07\xe8\x03\xe8\x03\xde\x05\xe8\x03\xe8\x03\xe8\x03\xfd\x05\xdc\x05\xdc\x05\xe8\x03\xe8\x03'
2026-04-03 10:36:02,733 - BEE-EPT-UA913 - INFO - Autopilot state: {'connection': True, 'bee_state': 'READY', 'roll': 1500, 'pitch': 1497, 'yaw': 1500, 'throttle': 1062, 'last_manual_roll': 1500, 'last_manual_pitch': 1497, 'last_manual_yaw': 1500, 'last_manual_throttle': 1062, 'aux3': 1000, 'aux4': 1502, 'aux5': 1500, 'aux6': 1000, 'aux7': 1000, 'battery': 23.8, 'rssi': 960, 'rssi_msg': 'Strong signal', 'speed': 0.0, 'altitude': 0.17, 'caught': True, 'ready_hold_active': False, 'ready_hold_pending_capture': False, 'ready_hold_roll': 1500, 'ready_hold_pitch': 1500, 'ready_hold_yaw': 1500, 'ready_hold_throttle': 1100, 'target_locked': False, 'tracking_bbox': (311, 231, 17, 17), 'attack_error_x': 0.0, 'attack_error_y': 0.0, 'target_size': 0.0, 'attack_active': False, 'attack_base_roll': 1500, 'attack_base_pitch': 1500, 'attack_base_yaw': 1500, 'attack_base_throttle': 1100, 'prev_attack_error_x': 0.0, 'prev_attack_time': None, 'prev_target_size': 0.0}
2026-04-03 10:36:02,823 - BEE-EPT-UA913 - DEBUG - Executing command: TELEMETRY, Priority: 1, Body: {'target': 'MSP_RC'}
2026-04-03 10:36:02,834 - BEE-EPT-UA913 - DEBUG - Telemetry: b'\xdc\x05\xd9\x05\xdc\x05&\x04\xd0\x07\xe8\x03\xe8\x03\xde\x05\xe8\x03\xe8\x03\xe8\x03\xfd\x05\xdc\x05\xdc\x05\xe8\x03\xe8\x03'
2026-04-03 10:36:02,834 - BEE-EPT-UA913 - INFO - Autopilot state: {'connection': True, 'bee_state': 'READY', 'roll': 1500, 'pitch': 1497, 'yaw': 1500, 'throttle': 1062, 'last_manual_roll': 1500, 'last_manual_pitch': 1497, 'last_manual_yaw': 1500, 'last_manual_throttle': 1062, 'aux3': 1000, 'aux4': 1502, 'aux5': 1500, 'aux6': 1000, 'aux7': 1000, 'battery': 23.8, 'rssi': 960, 'rssi_msg': 'Strong signal', 'speed': 0.0, 'altitude': 0.17, 'caught': True, 'ready_hold_active': False, 'ready_hold_pending_capture': False, 'ready_hold_roll': 1500, 'ready_hold_pitch': 1500, 'ready_hold_yaw': 1500, 'ready_hold_throttle': 1100, 'target_locked': False, 'tracking_bbox': (311, 231, 17, 17), 'attack_error_x': 0.0, 'attack_error_y': 0.0, 'target_size': 0.0, 'attack_active': False, 'attack_base_roll': 1500, 'attack_base_pitch': 1500, 'attack_base_yaw': 1500, 'attack_base_throttle': 1100, 'prev_attack_error_x': 0.0, 'prev_attack_time': None, 'prev_target_size': 0.0}
2026-04-03 10:36:02,885 - BEE-EPT-UA913 - DEBUG - Executing command: TELEMETRY, Priority: 2, Body: {'target': 'MSP_ALTITUDE'}
2026-04-03 10:36:02,892 - BEE-EPT-UA913 - DEBUG - Telemetry: b'\x08\x00\x00\x00\x00\x00'
2026-04-03 10:36:02,893 - BEE-EPT-UA913 - INFO - Autopilot state: {'connection': True, 'bee_state': 'READY', 'roll': 1500, 'pitch': 1497, 'yaw': 1500, 'throttle': 1062, 'last_manual_roll': 1500, 'last_manual_pitch': 1497, 'last_manual_yaw': 1500, 'last_manual_throttle': 1062, 'aux3': 1000, 'aux4': 1502, 'aux5': 1500, 'aux6': 1000, 'aux7': 1000, 'battery': 23.8, 'rssi': 960, 'rssi_msg': 'Strong signal', 'speed': 0.0, 'altitude': 0.08, 'caught': True, 'ready_hold_active': False, 'ready_hold_pending_capture': False, 'ready_hold_roll': 1500, 'ready_hold_pitch': 1500, 'ready_hold_yaw': 1500, 'ready_hold_throttle': 1100, 'target_locked': False, 'tracking_bbox': (311, 231, 17, 17), 'attack_error_x': 0.0, 'attack_error_y': 0.0, 'target_size': 0.0, 'attack_active': False, 'attack_base_roll': 1500, 'attack_base_pitch': 1500, 'attack_base_yaw': 1500, 'attack_base_throttle': 1100, 'prev_attack_error_x': 0.0, 'prev_attack_time': None, 'prev_target_size': 0.0}
2026-04-03 10:36:02,944 - BEE-EPT-UA913 - DEBUG - Executing command: TELEMETRY, Priority: 1, Body: {'target': 'MSP_RC'}
2026-04-03 10:36:02,955 - BEE-EPT-UA913 - DEBUG - Telemetry: b'\xdc\x05\xda\x05\xdc\x05\x1d\x04\xd0\x07\xe8\x03\xe8\x03\xde\x05\xe8\x03\xe8\x03\xe8\x03\xfd\x05\xdc\x05\xdc\x05\xe8\x03\xe8\x03'
2026-04-03 10:36:02,955 - BEE-EPT-UA913 - INFO - Autopilot state: {'connection': True, 'bee_state': 'READY', 'roll': 1500, 'pitch': 1498, 'yaw': 1500, 'throttle': 1053, 'last_manual_roll': 1500, 'last_manual_pitch': 1498, 'last_manual_yaw': 1500, 'last_manual_throttle': 1053, 'aux3': 1000, 'aux4': 1502, 'aux5': 1500, 'aux6': 1000, 'aux7': 1000, 'battery': 23.8, 'rssi': 960, 'rssi_msg': 'Strong signal', 'speed': 0.0, 'altitude': 0.08, 'caught': True, 'ready_hold_active': False, 'ready_hold_pending_capture': False, 'ready_hold_roll': 1500, 'ready_hold_pitch': 1500, 'ready_hold_yaw': 1500, 'ready_hold_throttle': 1100, 'target_locked': False, 'tracking_bbox': (311, 231, 17, 17), 'attack_error_x': 0.0, 'attack_error_y': 0.0, 'target_size': 0.0, 'attack_active': False, 'attack_base_roll': 1500, 'attack_base_pitch': 1500, 'attack_base_yaw': 1500, 'attack_base_throttle': 1100, 'prev_attack_error_x': 0.0, 'prev_attack_time': None, 'prev_target_size': 0.0}
2026-04-03 10:36:03,006 - BEE-EPT-UA913 - DEBUG - Executing command: MONITOR, Priority: 2, Body: {'target': 'MSP_ANALOG'}
2026-04-03 10:36:03,013 - BEE-EPT-UA913 - DEBUG - Monitoring: b'\xee\x02\x00\xb8\x03\x10\x00I\t'
2026-04-03 10:36:03,013 - BEE-EPT-UA913 - INFO - RSSI: 952, signal: Strong signal, battery voltage: 23.8V
2026-04-03 10:36:03,064 - BEE-EPT-UA913 - DEBUG - Executing command: TELEMETRY, Priority: 1, Body: {'target': 'MSP_RC'}
2026-04-03 10:36:03,075 - BEE-EPT-UA913 - DEBUG - Telemetry: b'\xdc\x05\xdc\x05\xdc\x05\x13\x04\xd0\x07\xe8\x03\xe8\x03\xde\x05\xe8\x03\xe8\x03\xe8\x03\xfd\x05\xdc\x05\xdc\x05\xe8\x03\xe8\x03'
2026-04-03 10:36:03,075 - BEE-EPT-UA913 - INFO - Autopilot state: {'connection': True, 'bee_state': 'READY', 'roll': 1500, 'pitch': 1500, 'yaw': 1500, 'throttle': 1043, 'last_manual_roll': 1500, 'last_manual_pitch': 1500, 'last_manual_yaw': 1500, 'last_manual_throttle': 1043, 'aux3': 1000, 'aux4': 1502, 'aux5': 1500, 'aux6': 1000, 'aux7': 1000, 'battery': 23.8, 'rssi': 952, 'rssi_msg': 'Strong signal', 'speed': 0.0, 'altitude': 0.08, 'caught': True, 'ready_hold_active': False, 'ready_hold_pending_capture': False, 'ready_hold_roll': 1500, 'ready_hold_pitch': 1500, 'ready_hold_yaw': 1500, 'ready_hold_throttle': 1100, 'target_locked': False, 'tracking_bbox': (311, 231, 17, 17), 'attack_error_x': 0.0, 'attack_error_y': 0.0, 'target_size': 0.0, 'attack_active': False, 'attack_base_roll': 1500, 'attack_base_pitch': 1500, 'attack_base_yaw': 1500, 'attack_base_throttle': 1100, 'prev_attack_error_x': 0.0, 'prev_attack_time': None, 'prev_target_size': 0.0}
2026-04-03 10:36:03,126 - BEE-EPT-UA913 - DEBUG - Executing command: TELEMETRY, Priority: 1, Body: {'target': 'MSP_RC'}
2026-04-03 10:36:03,135 - BEE-EPT-UA913 - DEBUG - Telemetry: b'\xdc\x05\xdc\x05\xdc\x05\x13\x04\xd0\x07\xe8\x03\xe8\x03\xde\x05\xe8\x03\xe8\x03\xe8\x03\xfd\x05\xdc\x05\xdc\x05\xe8\x03\xe8\x03'
2026-04-03 10:36:03,136 - BEE-EPT-UA913 - INFO - Autopilot state: {'connection': True, 'bee_state': 'READY', 'roll': 1500, 'pitch': 1500, 'yaw': 1500, 'throttle': 1043, 'last_manual_roll': 1500, 'last_manual_pitch': 1500, 'last_manual_yaw': 1500, 'last_manual_throttle': 1043, 'aux3': 1000, 'aux4': 1502, 'aux5': 1500, 'aux6': 1000, 'aux7': 1000, 'battery': 23.8, 'rssi': 952, 'rssi_msg': 'Strong signal', 'speed': 0.0, 'altitude': 0.08, 'caught': True, 'ready_hold_active': False, 'ready_hold_pending_capture': False, 'ready_hold_roll': 1500, 'ready_hold_pitch': 1500, 'ready_hold_yaw': 1500, 'ready_hold_throttle': 1100, 'target_locked': False, 'tracking_bbox': (311, 231, 17, 17), 'attack_error_x': 0.0, 'attack_error_y': 0.0, 'target_size': 0.0, 'attack_active': False, 'attack_base_roll': 1500, 'attack_base_pitch': 1500, 'attack_base_yaw': 1500, 'attack_base_throttle': 1100, 'prev_attack_error_x': 0.0, 'prev_attack_time': None, 'prev_target_size': 0.0}
2026-04-03 10:36:03,224 - BEE-EPT-UA913 - DEBUG - Executing command: TELEMETRY, Priority: 1, Body: {'target': 'MSP_RC'}
2026-04-03 10:36:03,236 - BEE-EPT-UA913 - DEBUG - Telemetry: b'\xdc\x05\xdc\x05\xdc\x05\x13\x04\xd0\x07\xe8\x03\xe8\x03\xde\x05\xe8\x03\xe8\x03\xe8\x03\xfd\x05\xdc\x05\xdc\x05\xe8\x03\xe8\x03'
2026-04-03 10:36:03,236 - BEE-EPT-UA913 - INFO - Autopilot state: {'connection': True, 'bee_state': 'READY', 'roll': 1500, 'pitch': 1500, 'yaw': 1500, 'throttle': 1043, 'last_manual_roll': 1500, 'last_manual_pitch': 1500, 'last_manual_yaw': 1500, 'last_manual_throttle': 1043, 'aux3': 1000, 'aux4': 1502, 'aux5': 1500, 'aux6': 1000, 'aux7': 1000, 'battery': 23.8, 'rssi': 952, 'rssi_msg': 'Strong signal', 'speed': 0.0, 'altitude': 0.08, 'caught': True, 'ready_hold_active': False, 'ready_hold_pending_capture': False, 'ready_hold_roll': 1500, 'ready_hold_pitch': 1500, 'ready_hold_yaw': 1500, 'ready_hold_throttle': 1100, 'target_locked': False, 'tracking_bbox': (311, 231, 17, 17), 'attack_error_x': 0.0, 'attack_error_y': 0.0, 'target_size': 0.0, 'attack_active': False, 'attack_base_roll': 1500, 'attack_base_pitch': 1500, 'attack_base_yaw': 1500, 'attack_base_throttle': 1100, 'prev_attack_error_x': 0.0, 'prev_attack_time': None, 'prev_target_size': 0.0}
2026-04-03 10:36:03,324 - BEE-EPT-UA913 - DEBUG - Executing command: TELEMETRY, Priority: 1, Body: {'target': 'MSP_RC'}
2026-04-03 10:36:03,336 - BEE-EPT-UA913 - DEBUG - Telemetry: b'\xdc\x05\xdc\x05\xdc\x05\x1f\x04\xd0\x07\xe8\x03\xe8\x03\xde\x05\xe8\x03\xe8\x03\xe8\x03\xfd\x05\xdc\x05\xdc\x05\xe8\x03\xe8\x03'
2026-04-03 10:36:03,336 - BEE-EPT-UA913 - INFO - Autopilot state: {'connection': True, 'bee_state': 'READY', 'roll': 1500, 'pitch': 1500, 'yaw': 1500, 'throttle': 1055, 'last_manual_roll': 1500, 'last_manual_pitch': 1500, 'last_manual_yaw': 1500, 'last_manual_throttle': 1055, 'aux3': 1000, 'aux4': 1502, 'aux5': 1500, 'aux6': 1000, 'aux7': 1000, 'battery': 23.8, 'rssi': 952, 'rssi_msg': 'Strong signal', 'speed': 0.0, 'altitude': 0.08, 'caught': True, 'ready_hold_active': False, 'ready_hold_pending_capture': False, 'ready_hold_roll': 1500, 'ready_hold_pitch': 1500, 'ready_hold_yaw': 1500, 'ready_hold_throttle': 1100, 'target_locked': False, 'tracking_bbox': (311, 231, 17, 17), 'attack_error_x': 0.0, 'attack_error_y': 0.0, 'target_size': 0.0, 'attack_active': False, 'attack_base_roll': 1500, 'attack_base_pitch': 1500, 'attack_base_yaw': 1500, 'attack_base_throttle': 1100, 'prev_attack_error_x': 0.0, 'prev_attack_time': None, 'prev_target_size': 0.0}
2026-04-03 10:36:03,425 - BEE-EPT-UA913 - DEBUG - Executing command: TELEMETRY, Priority: 1, Body: {'target': 'MSP_RC'}
2026-04-03 10:36:03,437 - BEE-EPT-UA913 - DEBUG - Telemetry: b'\xdc\x05\xdc\x05\xdc\x05\x1f\x04\xd0\x07\xe8\x03\xe8\x03\xde\x05\xe8\x03\xe8\x03\xe8\x03\xfd\x05\xdc\x05\xdc\x05\xe8\x03\xe8\x03'
2026-04-03 10:36:03,437 - BEE-EPT-UA913 - INFO - Autopilot state: {'connection': True, 'bee_state': 'READY', 'roll': 1500, 'pitch': 1500, 'yaw': 1500, 'throttle': 1055, 'last_manual_roll': 1500, 'last_manual_pitch': 1500, 'last_manual_yaw': 1500, 'last_manual_throttle': 1055, 'aux3': 1000, 'aux4': 1502, 'aux5': 1500, 'aux6': 1000, 'aux7': 1000, 'battery': 23.8, 'rssi': 952, 'rssi_msg': 'Strong signal', 'speed': 0.0, 'altitude': 0.08, 'caught': True, 'ready_hold_active': False, 'ready_hold_pending_capture': False, 'ready_hold_roll': 1500, 'ready_hold_pitch': 1500, 'ready_hold_yaw': 1500, 'ready_hold_throttle': 1100, 'target_locked': False, 'tracking_bbox': (311, 231, 17, 17), 'attack_error_x': 0.0, 'attack_error_y': 0.0, 'target_size': 0.0, 'attack_active': False, 'attack_base_roll': 1500, 'attack_base_pitch': 1500, 'attack_base_yaw': 1500, 'attack_base_throttle': 1100, 'prev_attack_error_x': 0.0, 'prev_attack_time': None, 'prev_target_size': 0.0}
2026-04-03 10:36:03,526 - BEE-EPT-UA913 - DEBUG - Executing command: TELEMETRY, Priority: 1, Body: {'target': 'MSP_RC'}
2026-04-03 10:36:03,540 - BEE-EPT-UA913 - DEBUG - Telemetry: b'\xdc\x05\xdc\x05\xdc\x05\x1f\x04\xd0\x07\xe8\x03\xe8\x03\xde\x05\xe8\x03\xe8\x03\xe8\x03\xfd\x05\xdc\x05\xdc\x05\xe8\x03\xe8\x03'
2026-04-03 10:36:03,541 - BEE-EPT-UA913 - INFO - Autopilot state: {'connection': True, 'bee_state': 'READY', 'roll': 1500, 'pitch': 1500, 'yaw': 1500, 'throttle': 1055, 'last_manual_roll': 1500, 'last_manual_pitch': 1500, 'last_manual_yaw': 1500, 'last_manual_throttle': 1055, 'aux3': 1000, 'aux4': 1502, 'aux5': 1500, 'aux6': 1000, 'aux7': 1000, 'battery': 23.8, 'rssi': 952, 'rssi_msg': 'Strong signal', 'speed': 0.0, 'altitude': 0.08, 'caught': True, 'ready_hold_active': False, 'ready_hold_pending_capture': False, 'ready_hold_roll': 1500, 'ready_hold_pitch': 1500, 'ready_hold_yaw': 1500, 'ready_hold_throttle': 1100, 'target_locked': False, 'tracking_bbox': (311, 231, 17, 17), 'attack_error_x': 0.0, 'attack_error_y': 0.0, 'target_size': 0.0, 'attack_active': False, 'attack_base_roll': 1500, 'attack_base_pitch': 1500, 'attack_base_yaw': 1500, 'attack_base_throttle': 1100, 'prev_attack_error_x': 0.0, 'prev_attack_time': None, 'prev_target_size': 0.0}
2026-04-03 10:36:03,626 - BEE-EPT-UA913 - DEBUG - Executing command: TELEMETRY, Priority: 1, Body: {'target': 'MSP_RC'}
2026-04-03 10:36:03,638 - BEE-EPT-UA913 - DEBUG - Telemetry: b'\xdc\x05\xdc\x05\xdc\x05\x1f\x04\xd0\x07\xe8\x03\xe8\x03\xde\x05\xe8\x03\xe8\x03\xe8\x03\xfd\x05\xdc\x05\xdc\x05\xe8\x03\xe8\x03'
2026-04-03 10:36:03,638 - BEE-EPT-UA913 - INFO - Autopilot state: {'connection': True, 'bee_state': 'READY', 'roll': 1500, 'pitch': 1500, 'yaw': 1500, 'throttle': 1055, 'last_manual_roll': 1500, 'last_manual_pitch': 1500, 'last_manual_yaw': 1500, 'last_manual_throttle': 1055, 'aux3': 1000, 'aux4': 1502, 'aux5': 1500, 'aux6': 1000, 'aux7': 1000, 'battery': 23.8, 'rssi': 952, 'rssi_msg': 'Strong signal', 'speed': 0.0, 'altitude': 0.08, 'caught': True, 'ready_hold_active': False, 'ready_hold_pending_capture': False, 'ready_hold_roll': 1500, 'ready_hold_pitch': 1500, 'ready_hold_yaw': 1500, 'ready_hold_throttle': 1100, 'target_locked': False, 'tracking_bbox': (311, 231, 17, 17), 'attack_error_x': 0.0, 'attack_error_y': 0.0, 'target_size': 0.0, 'attack_active': False, 'attack_base_roll': 1500, 'attack_base_pitch': 1500, 'attack_base_yaw': 1500, 'attack_base_throttle': 1100, 'prev_attack_error_x': 0.0, 'prev_attack_time': None, 'prev_target_size': 0.0}
2026-04-03 10:36:03,727 - BEE-EPT-UA913 - DEBUG - Executing command: TELEMETRY, Priority: 1, Body: {'target': 'MSP_RC'}
2026-04-03 10:36:03,738 - BEE-EPT-UA913 - DEBUG - Telemetry: b'\xdc\x05\xdc\x05\xdc\x05\x1f\x04\xd0\x07\xe8\x03\xe8\x03\xde\x05\xe8\x03\xe8\x03\xe8\x03\xfd\x05\xdc\x05\xdc\x05\xe8\x03\xe8\x03'
2026-04-03 10:36:03,739 - BEE-EPT-UA913 - INFO - Autopilot state: {'connection': True, 'bee_state': 'READY', 'roll': 1500, 'pitch': 1500, 'yaw': 1500, 'throttle': 1055, 'last_manual_roll': 1500, 'last_manual_pitch': 1500, 'last_manual_yaw': 1500, 'last_manual_throttle': 1055, 'aux3': 1000, 'aux4': 1502, 'aux5': 1500, 'aux6': 1000, 'aux7': 1000, 'battery': 23.8, 'rssi': 952, 'rssi_msg': 'Strong signal', 'speed': 0.0, 'altitude': 0.08, 'caught': True, 'ready_hold_active': False, 'ready_hold_pending_capture': False, 'ready_hold_roll': 1500, 'ready_hold_pitch': 1500, 'ready_hold_yaw': 1500, 'ready_hold_throttle': 1100, 'target_locked': False, 'tracking_bbox': (311, 231, 17, 17), 'attack_error_x': 0.0, 'attack_error_y': 0.0, 'target_size': 0.0, 'attack_active': False, 'attack_base_roll': 1500, 'attack_base_pitch': 1500, 'attack_base_yaw': 1500, 'attack_base_throttle': 1100, 'prev_attack_error_x': 0.0, 'prev_attack_time': None, 'prev_target_size': 0.0}
2026-04-03 10:36:03,827 - BEE-EPT-UA913 - DEBUG - Executing command: TELEMETRY, Priority: 1, Body: {'target': 'MSP_RC'}
2026-04-03 10:36:03,840 - BEE-EPT-UA913 - DEBUG - Telemetry: b'\xdc\x05\xdc\x05\xdc\x05 \x04\xd0\x07\xe8\x03\xe8\x03\xde\x05\xe8\x03\xe8\x03\xe8\x03\xfd\x05\xdc\x05\xdc\x05\xe8\x03\xe8\x03'
2026-04-03 10:36:03,841 - BEE-EPT-UA913 - INFO - Autopilot state: {'connection': True, 'bee_state': 'READY', 'roll': 1500, 'pitch': 1500, 'yaw': 1500, 'throttle': 1056, 'last_manual_roll': 1500, 'last_manual_pitch': 1500, 'last_manual_yaw': 1500, 'last_manual_throttle': 1056, 'aux3': 1000, 'aux4': 1502, 'aux5': 1500, 'aux6': 1000, 'aux7': 1000, 'battery': 23.8, 'rssi': 952, 'rssi_msg': 'Strong signal', 'speed': 0.0, 'altitude': 0.08, 'caught': True, 'ready_hold_active': False, 'ready_hold_pending_capture': False, 'ready_hold_roll': 1500, 'ready_hold_pitch': 1500, 'ready_hold_yaw': 1500, 'ready_hold_throttle': 1100, 'target_locked': False, 'tracking_bbox': (311, 231, 17, 17), 'attack_error_x': 0.0, 'attack_error_y': 0.0, 'target_size': 0.0, 'attack_active': False, 'attack_base_roll': 1500, 'attack_base_pitch': 1500, 'attack_base_yaw': 1500, 'attack_base_throttle': 1100, 'prev_attack_error_x': 0.0, 'prev_attack_time': None, 'prev_target_size': 0.0}
2026-04-03 10:36:03,891 - BEE-EPT-UA913 - DEBUG - Executing command: TELEMETRY, Priority: 2, Body: {'target': 'MSP_ALTITUDE'}
2026-04-03 10:36:03,897 - BEE-EPT-UA913 - DEBUG - Telemetry: b'\n\x00\x00\x00\x00\x00'
2026-04-03 10:36:03,897 - BEE-EPT-UA913 - INFO - Autopilot state: {'connection': True, 'bee_state': 'READY', 'roll': 1500, 'pitch': 1500, 'yaw': 1500, 'throttle': 1056, 'last_manual_roll': 1500, 'last_manual_pitch': 1500, 'last_manual_yaw': 1500, 'last_manual_throttle': 1056, 'aux3': 1000, 'aux4': 1502, 'aux5': 1500, 'aux6': 1000, 'aux7': 1000, 'battery': 23.8, 'rssi': 952, 'rssi_msg': 'Strong signal', 'speed': 0.0, 'altitude': 0.1, 'caught': True, 'ready_hold_active': False, 'ready_hold_pending_capture': False, 'ready_hold_roll': 1500, 'ready_hold_pitch': 1500, 'ready_hold_yaw': 1500, 'ready_hold_throttle': 1100, 'target_locked': False, 'tracking_bbox': (311, 231, 17, 17), 'attack_error_x': 0.0, 'attack_error_y': 0.0, 'target_size': 0.0, 'attack_active': False, 'attack_base_roll': 1500, 'attack_base_pitch': 1500, 'attack_base_yaw': 1500, 'attack_base_throttle': 1100, 'prev_attack_error_x': 0.0, 'prev_attack_time': None, 'prev_target_size': 0.0}
2026-04-03 10:36:03,948 - BEE-EPT-UA913 - DEBUG - Executing command: TELEMETRY, Priority: 1, Body: {'target': 'MSP_RC'}
2026-04-03 10:36:03,960 - BEE-EPT-UA913 - DEBUG - Telemetry: b'\xdc\x05\xdc\x05\xdc\x05)\x04\xd0\x07\xe8\x03\xe8\x03\xde\x05\xe8\x03\xe8\x03\xe8\x03\xfd\x05\xdc\x05\xdc\x05\xe8\x03\xe8\x03'
2026-04-03 10:36:03,960 - BEE-EPT-UA913 - INFO - Autopilot state: {'connection': True, 'bee_state': 'READY', 'roll': 1500, 'pitch': 1500, 'yaw': 1500, 'throttle': 1065, 'last_manual_roll': 1500, 'last_manual_pitch': 1500, 'last_manual_yaw': 1500, 'last_manual_throttle': 1065, 'aux3': 1000, 'aux4': 1502, 'aux5': 1500, 'aux6': 1000, 'aux7': 1000, 'battery': 23.8, 'rssi': 952, 'rssi_msg': 'Strong signal', 'speed': 0.0, 'altitude': 0.1, 'caught': True, 'ready_hold_active': False, 'ready_hold_pending_capture': False, 'ready_hold_roll': 1500, 'ready_hold_pitch': 1500, 'ready_hold_yaw': 1500, 'ready_hold_throttle': 1100, 'target_locked': False, 'tracking_bbox': (311, 231, 17, 17), 'attack_error_x': 0.0, 'attack_error_y': 0.0, 'target_size': 0.0, 'attack_active': False, 'attack_base_roll': 1500, 'attack_base_pitch': 1500, 'attack_base_yaw': 1500, 'attack_base_throttle': 1100, 'prev_attack_error_x': 0.0, 'prev_attack_time': None, 'prev_target_size': 0.0}
2026-04-03 10:36:04,011 - BEE-EPT-UA913 - DEBUG - Executing command: MONITOR, Priority: 2, Body: {'target': 'MSP_ANALOG'}
2026-04-03 10:36:04,020 - BEE-EPT-UA913 - DEBUG - Monitoring: b'\xee\x02\x00\xbe\x03\x10\x00I\t'
2026-04-03 10:36:04,020 - BEE-EPT-UA913 - INFO - RSSI: 958, signal: Strong signal, battery voltage: 23.8V
2026-04-03 10:36:04,071 - BEE-EPT-UA913 - DEBUG - Executing command: TELEMETRY, Priority: 1, Body: {'target': 'MSP_RC'}
2026-04-03 10:36:04,080 - BEE-EPT-UA913 - DEBUG - Telemetry: b'\xdc\x05\xdc\x05\xdc\x05)\x04\xd0\x07\xe8\x03\xe8\x03\xde\x05\xe8\x03\xe8\x03\xe8\x03\xfd\x05\xdc\x05\xdc\x05\xe8\x03\xe8\x03'
2026-04-03 10:36:04,081 - BEE-EPT-UA913 - INFO - Autopilot state: {'connection': True, 'bee_state': 'READY', 'roll': 1500, 'pitch': 1500, 'yaw': 1500, 'throttle': 1065, 'last_manual_roll': 1500, 'last_manual_pitch': 1500, 'last_manual_yaw': 1500, 'last_manual_throttle': 1065, 'aux3': 1000, 'aux4': 1502, 'aux5': 1500, 'aux6': 1000, 'aux7': 1000, 'battery': 23.8, 'rssi': 958, 'rssi_msg': 'Strong signal', 'speed': 0.0, 'altitude': 0.1, 'caught': True, 'ready_hold_active': False, 'ready_hold_pending_capture': False, 'ready_hold_roll': 1500, 'ready_hold_pitch': 1500, 'ready_hold_yaw': 1500, 'ready_hold_throttle': 1100, 'target_locked': False, 'tracking_bbox': (311, 231, 17, 17), 'attack_error_x': 0.0, 'attack_error_y': 0.0, 'target_size': 0.0, 'attack_active': False, 'attack_base_roll': 1500, 'attack_base_pitch': 1500, 'attack_base_yaw': 1500, 'attack_base_throttle': 1100, 'prev_attack_error_x': 0.0, 'prev_attack_time': None, 'prev_target_size': 0.0}
2026-04-03 10:36:04,131 - BEE-EPT-UA913 - DEBUG - Executing command: TELEMETRY, Priority: 1, Body: {'target': 'MSP_RC'}
2026-04-03 10:36:04,140 - BEE-EPT-UA913 - DEBUG - Telemetry: b'\xdc\x05\xdc\x05\xdc\x05)\x04\xd0\x07\xe8\x03\xe8\x03\xde\x05\xe8\x03\xe8\x03\xe8\x03\xfd\x05\xdc\x05\xdc\x05\xe8\x03\xe8\x03'
2026-04-03 10:36:04,141 - BEE-EPT-UA913 - INFO - Autopilot state: {'connection': True, 'bee_state': 'READY', 'roll': 1500, 'pitch': 1500, 'yaw': 1500, 'throttle': 1065, 'last_manual_roll': 1500, 'last_manual_pitch': 1500, 'last_manual_yaw': 1500, 'last_manual_throttle': 1065, 'aux3': 1000, 'aux4': 1502, 'aux5': 1500, 'aux6': 1000, 'aux7': 1000, 'battery': 23.8, 'rssi': 958, 'rssi_msg': 'Strong signal', 'speed': 0.0, 'altitude': 0.1, 'caught': True, 'ready_hold_active': False, 'ready_hold_pending_capture': False, 'ready_hold_roll': 1500, 'ready_hold_pitch': 1500, 'ready_hold_yaw': 1500, 'ready_hold_throttle': 1100, 'target_locked': False, 'tracking_bbox': (311, 231, 17, 17), 'attack_error_x': 0.0, 'attack_error_y': 0.0, 'target_size': 0.0, 'attack_active': False, 'attack_base_roll': 1500, 'attack_base_pitch': 1500, 'attack_base_yaw': 1500, 'attack_base_throttle': 1100, 'prev_attack_error_x': 0.0, 'prev_attack_time': None, 'prev_target_size': 0.0}
2026-04-03 10:36:04,229 - BEE-EPT-UA913 - DEBUG - Executing command: TELEMETRY, Priority: 1, Body: {'target': 'MSP_RC'}
2026-04-03 10:36:04,241 - BEE-EPT-UA913 - DEBUG - Telemetry: b'\xdc\x05\xdc\x05\xdc\x05)\x04\xd0\x07\xe8\x03\xe8\x03\xde\x05\xe8\x03\xe8\x03\xe8\x03\xfd\x05\xdc\x05\xdc\x05\xe8\x03\xe8\x03'
2026-04-03 10:36:04,241 - BEE-EPT-UA913 - INFO - Autopilot state: {'connection': True, 'bee_state': 'READY', 'roll': 1500, 'pitch': 1500, 'yaw': 1500, 'throttle': 1065, 'last_manual_roll': 1500, 'last_manual_pitch': 1500, 'last_manual_yaw': 1500, 'last_manual_throttle': 1065, 'aux3': 1000, 'aux4': 1502, 'aux5': 1500, 'aux6': 1000, 'aux7': 1000, 'battery': 23.8, 'rssi': 958, 'rssi_msg': 'Strong signal', 'speed': 0.0, 'altitude': 0.1, 'caught': True, 'ready_hold_active': False, 'ready_hold_pending_capture': False, 'ready_hold_roll': 1500, 'ready_hold_pitch': 1500, 'ready_hold_yaw': 1500, 'ready_hold_throttle': 1100, 'target_locked': False, 'tracking_bbox': (311, 231, 17, 17), 'attack_error_x': 0.0, 'attack_error_y': 0.0, 'target_size': 0.0, 'attack_active': False, 'attack_base_roll': 1500, 'attack_base_pitch': 1500, 'attack_base_yaw': 1500, 'attack_base_throttle': 1100, 'prev_attack_error_x': 0.0, 'prev_attack_time': None, 'prev_target_size': 0.0}
2026-04-03 10:36:04,329 - BEE-EPT-UA913 - DEBUG - Executing command: TELEMETRY, Priority: 1, Body: {'target': 'MSP_RC'}
2026-04-03 10:36:04,342 - BEE-EPT-UA913 - DEBUG - Telemetry: b'\xdc\x05\xdc\x05\xdc\x05)\x04\xd0\x07\xe8\x03\xe8\x03\xde\x05\xe8\x03\xe8\x03\xe8\x03\xfd\x05\xdc\x05\xdc\x05\xe8\x03\xe8\x03'
2026-04-03 10:36:04,342 - BEE-EPT-UA913 - INFO - Autopilot state: {'connection': True, 'bee_state': 'READY', 'roll': 1500, 'pitch': 1500, 'yaw': 1500, 'throttle': 1065, 'last_manual_roll': 1500, 'last_manual_pitch': 1500, 'last_manual_yaw': 1500, 'last_manual_throttle': 1065, 'aux3': 1000, 'aux4': 1502, 'aux5': 1500, 'aux6': 1000, 'aux7': 1000, 'battery': 23.8, 'rssi': 958, 'rssi_msg': 'Strong signal', 'speed': 0.0, 'altitude': 0.1, 'caught': True, 'ready_hold_active': False, 'ready_hold_pending_capture': False, 'ready_hold_roll': 1500, 'ready_hold_pitch': 1500, 'ready_hold_yaw': 1500, 'ready_hold_throttle': 1100, 'target_locked': False, 'tracking_bbox': (311, 231, 17, 17), 'attack_error_x': 0.0, 'attack_error_y': 0.0, 'target_size': 0.0, 'attack_active': False, 'attack_base_roll': 1500, 'attack_base_pitch': 1500, 'attack_base_yaw': 1500, 'attack_base_throttle': 1100, 'prev_attack_error_x': 0.0, 'prev_attack_time': None, 'prev_target_size': 0.0}
2026-04-03 10:36:04,429 - BEE-EPT-UA913 - DEBUG - Executing command: TELEMETRY, Priority: 1, Body: {'target': 'MSP_RC'}
2026-04-03 10:36:04,443 - BEE-EPT-UA913 - DEBUG - Telemetry: b'\xdc\x05\xdc\x05\xdc\x05)\x04\xd0\x07\xe8\x03\xe8\x03\xde\x05\xe8\x03\xe8\x03\xe8\x03\xfd\x05\xdc\x05\xdc\x05\xe8\x03\xe8\x03'
2026-04-03 10:36:04,443 - BEE-EPT-UA913 - INFO - Autopilot state: {'connection': True, 'bee_state': 'READY', 'roll': 1500, 'pitch': 1500, 'yaw': 1500, 'throttle': 1065, 'last_manual_roll': 1500, 'last_manual_pitch': 1500, 'last_manual_yaw': 1500, 'last_manual_throttle': 1065, 'aux3': 1000, 'aux4': 1502, 'aux5': 1500, 'aux6': 1000, 'aux7': 1000, 'battery': 23.8, 'rssi': 958, 'rssi_msg': 'Strong signal', 'speed': 0.0, 'altitude': 0.1, 'caught': True, 'ready_hold_active': False, 'ready_hold_pending_capture': False, 'ready_hold_roll': 1500, 'ready_hold_pitch': 1500, 'ready_hold_yaw': 1500, 'ready_hold_throttle': 1100, 'target_locked': False, 'tracking_bbox': (311, 231, 17, 17), 'attack_error_x': 0.0, 'attack_error_y': 0.0, 'target_size': 0.0, 'attack_active': False, 'attack_base_roll': 1500, 'attack_base_pitch': 1500, 'attack_base_yaw': 1500, 'attack_base_throttle': 1100, 'prev_attack_error_x': 0.0, 'prev_attack_time': None, 'prev_target_size': 0.0}
2026-04-03 10:36:04,530 - BEE-EPT-UA913 - DEBUG - Executing command: TELEMETRY, Priority: 1, Body: {'target': 'MSP_RC'}
2026-04-03 10:36:04,543 - BEE-EPT-UA913 - DEBUG - Telemetry: b'\xdc\x05\xdc\x05\xdc\x05)\x04\xd0\x07\xe8\x03\xe8\x03\xde\x05\xe8\x03\xe8\x03\xe8\x03\xfd\x05\xdc\x05\xdc\x05\xe8\x03\xe8\x03'
2026-04-03 10:36:04,543 - BEE-EPT-UA913 - INFO - Autopilot state: {'connection': True, 'bee_state': 'READY', 'roll': 1500, 'pitch': 1500, 'yaw': 1500, 'throttle': 1065, 'last_manual_roll': 1500, 'last_manual_pitch': 1500, 'last_manual_yaw': 1500, 'last_manual_throttle': 1065, 'aux3': 1000, 'aux4': 1502, 'aux5': 1500, 'aux6': 1000, 'aux7': 1000, 'battery': 23.8, 'rssi': 958, 'rssi_msg': 'Strong signal', 'speed': 0.0, 'altitude': 0.1, 'caught': True, 'ready_hold_active': False, 'ready_hold_pending_capture': False, 'ready_hold_roll': 1500, 'ready_hold_pitch': 1500, 'ready_hold_yaw': 1500, 'ready_hold_throttle': 1100, 'target_locked': False, 'tracking_bbox': (311, 231, 17, 17), 'attack_error_x': 0.0, 'attack_error_y': 0.0, 'target_size': 0.0, 'attack_active': False, 'attack_base_roll': 1500, 'attack_base_pitch': 1500, 'attack_base_yaw': 1500, 'attack_base_throttle': 1100, 'prev_attack_error_x': 0.0, 'prev_attack_time': None, 'prev_target_size': 0.0}
2026-04-03 10:36:04,630 - BEE-EPT-UA913 - DEBUG - Executing command: TELEMETRY, Priority: 1, Body: {'target': 'MSP_RC'}
2026-04-03 10:36:04,643 - BEE-EPT-UA913 - DEBUG - Telemetry: b'\xdc\x05\xdc\x05\xdc\x05)\x04\xd0\x07\xe8\x03\xe8\x03\xde\x05\xe8\x03\xe8\x03\xe8\x03\xfd\x05\xdc\x05\xdc\x05\xe8\x03\xe8\x03'
2026-04-03 10:36:04,644 - BEE-EPT-UA913 - INFO - Autopilot state: {'connection': True, 'bee_state': 'READY', 'roll': 1500, 'pitch': 1500, 'yaw': 1500, 'throttle': 1065, 'last_manual_roll': 1500, 'last_manual_pitch': 1500, 'last_manual_yaw': 1500, 'last_manual_throttle': 1065, 'aux3': 1000, 'aux4': 1502, 'aux5': 1500, 'aux6': 1000, 'aux7': 1000, 'battery': 23.8, 'rssi': 958, 'rssi_msg': 'Strong signal', 'speed': 0.0, 'altitude': 0.1, 'caught': True, 'ready_hold_active': False, 'ready_hold_pending_capture': False, 'ready_hold_roll': 1500, 'ready_hold_pitch': 1500, 'ready_hold_yaw': 1500, 'ready_hold_throttle': 1100, 'target_locked': False, 'tracking_bbox': (311, 231, 17, 17), 'attack_error_x': 0.0, 'attack_error_y': 0.0, 'target_size': 0.0, 'attack_active': False, 'attack_base_roll': 1500, 'attack_base_pitch': 1500, 'attack_base_yaw': 1500, 'attack_base_throttle': 1100, 'prev_attack_error_x': 0.0, 'prev_attack_time': None, 'prev_target_size': 0.0}
2026-04-03 10:36:04,730 - BEE-EPT-UA913 - DEBUG - Executing command: TELEMETRY, Priority: 1, Body: {'target': 'MSP_RC'}
2026-04-03 10:36:04,744 - BEE-EPT-UA913 - DEBUG - Telemetry: b'\xdc\x05\xdc\x05\xdc\x05)\x04\xd0\x07\xe8\x03\xe8\x03\xde\x05\xe8\x03\xe8\x03\xe8\x03\xfd\x05\xdc\x05\xdc\x05\xe8\x03\xe8\x03'
2026-04-03 10:36:04,745 - BEE-EPT-UA913 - INFO - Autopilot state: {'connection': True, 'bee_state': 'READY', 'roll': 1500, 'pitch': 1500, 'yaw': 1500, 'throttle': 1065, 'last_manual_roll': 1500, 'last_manual_pitch': 1500, 'last_manual_yaw': 1500, 'last_manual_throttle': 1065, 'aux3': 1000, 'aux4': 1502, 'aux5': 1500, 'aux6': 1000, 'aux7': 1000, 'battery': 23.8, 'rssi': 958, 'rssi_msg': 'Strong signal', 'speed': 0.0, 'altitude': 0.1, 'caught': True, 'ready_hold_active': False, 'ready_hold_pending_capture': False, 'ready_hold_roll': 1500, 'ready_hold_pitch': 1500, 'ready_hold_yaw': 1500, 'ready_hold_throttle': 1100, 'target_locked': False, 'tracking_bbox': (311, 231, 17, 17), 'attack_error_x': 0.0, 'attack_error_y': 0.0, 'target_size': 0.0, 'attack_active': False, 'attack_base_roll': 1500, 'attack_base_pitch': 1500, 'attack_base_yaw': 1500, 'attack_base_throttle': 1100, 'prev_attack_error_x': 0.0, 'prev_attack_time': None, 'prev_target_size': 0.0}
2026-04-03 10:36:04,831 - BEE-EPT-UA913 - DEBUG - Executing command: TELEMETRY, Priority: 1, Body: {'target': 'MSP_RC'}
2026-04-03 10:36:04,844 - BEE-EPT-UA913 - DEBUG - Telemetry: b'\xdc\x05\xdc\x05\xdc\x05)\x04\xd0\x07\xe8\x03\xe8\x03\xde\x05\xe8\x03\xe8\x03\xe8\x03\xfd\x05\xdc\x05\xdc\x05\xe8\x03\xe8\x03'
2026-04-03 10:36:04,845 - BEE-EPT-UA913 - INFO - Autopilot state: {'connection': True, 'bee_state': 'READY', 'roll': 1500, 'pitch': 1500, 'yaw': 1500, 'throttle': 1065, 'last_manual_roll': 1500, 'last_manual_pitch': 1500, 'last_manual_yaw': 1500, 'last_manual_throttle': 1065, 'aux3': 1000, 'aux4': 1502, 'aux5': 1500, 'aux6': 1000, 'aux7': 1000, 'battery': 23.8, 'rssi': 958, 'rssi_msg': 'Strong signal', 'speed': 0.0, 'altitude': 0.1, 'caught': True, 'ready_hold_active': False, 'ready_hold_pending_capture': False, 'ready_hold_roll': 1500, 'ready_hold_pitch': 1500, 'ready_hold_yaw': 1500, 'ready_hold_throttle': 1100, 'target_locked': False, 'tracking_bbox': (311, 231, 17, 17), 'attack_error_x': 0.0, 'attack_error_y': 0.0, 'target_size': 0.0, 'attack_active': False, 'attack_base_roll': 1500, 'attack_base_pitch': 1500, 'attack_base_yaw': 1500, 'attack_base_throttle': 1100, 'prev_attack_error_x': 0.0, 'prev_attack_time': None, 'prev_target_size': 0.0}
2026-04-03 10:36:04,895 - BEE-EPT-UA913 - DEBUG - Executing command: TELEMETRY, Priority: 2, Body: {'target': 'MSP_ALTITUDE'}
2026-04-03 10:36:04,902 - BEE-EPT-UA913 - DEBUG - Telemetry: b'\x08\x00\x00\x00\x00\x00'
2026-04-03 10:36:04,903 - BEE-EPT-UA913 - INFO - Autopilot state: {'connection': True, 'bee_state': 'READY', 'roll': 1500, 'pitch': 1500, 'yaw': 1500, 'throttle': 1065, 'last_manual_roll': 1500, 'last_manual_pitch': 1500, 'last_manual_yaw': 1500, 'last_manual_throttle': 1065, 'aux3': 1000, 'aux4': 1502, 'aux5': 1500, 'aux6': 1000, 'aux7': 1000, 'battery': 23.8, 'rssi': 958, 'rssi_msg': 'Strong signal', 'speed': 0.0, 'altitude': 0.08, 'caught': True, 'ready_hold_active': False, 'ready_hold_pending_capture': False, 'ready_hold_roll': 1500, 'ready_hold_pitch': 1500, 'ready_hold_yaw': 1500, 'ready_hold_throttle': 1100, 'target_locked': False, 'tracking_bbox': (311, 231, 17, 17), 'attack_error_x': 0.0, 'attack_error_y': 0.0, 'target_size': 0.0, 'attack_active': False, 'attack_base_roll': 1500, 'attack_base_pitch': 1500, 'attack_base_yaw': 1500, 'attack_base_throttle': 1100, 'prev_attack_error_x': 0.0, 'prev_attack_time': None, 'prev_target_size': 0.0}
2026-04-03 10:36:04,953 - BEE-EPT-UA913 - DEBUG - Executing command: TELEMETRY, Priority: 1, Body: {'target': 'MSP_RC'}
2026-04-03 10:36:04,965 - BEE-EPT-UA913 - DEBUG - Telemetry: b'\xdc\x05\xdc\x05\xdc\x05)\x04\xd0\x07\xe8\x03\xe8\x03\xde\x05\xe8\x03\xe8\x03\xe8\x03\xfd\x05\xdc\x05\xdc\x05\xe8\x03\xe8\x03'
2026-04-03 10:36:04,965 - BEE-EPT-UA913 - INFO - Autopilot state: {'connection': True, 'bee_state': 'READY', 'roll': 1500, 'pitch': 1500, 'yaw': 1500, 'throttle': 1065, 'last_manual_roll': 1500, 'last_manual_pitch': 1500, 'last_manual_yaw': 1500, 'last_manual_throttle': 1065, 'aux3': 1000, 'aux4': 1502, 'aux5': 1500, 'aux6': 1000, 'aux7': 1000, 'battery': 23.8, 'rssi': 958, 'rssi_msg': 'Strong signal', 'speed': 0.0, 'altitude': 0.08, 'caught': True, 'ready_hold_active': False, 'ready_hold_pending_capture': False, 'ready_hold_roll': 1500, 'ready_hold_pitch': 1500, 'ready_hold_yaw': 1500, 'ready_hold_throttle': 1100, 'target_locked': False, 'tracking_bbox': (311, 231, 17, 17), 'attack_error_x': 0.0, 'attack_error_y': 0.0, 'target_size': 0.0, 'attack_active': False, 'attack_base_roll': 1500, 'attack_base_pitch': 1500, 'attack_base_yaw': 1500, 'attack_base_throttle': 1100, 'prev_attack_error_x': 0.0, 'prev_attack_time': None, 'prev_target_size': 0.0}
2026-04-03 10:36:05,016 - BEE-EPT-UA913 - DEBUG - Executing command: MONITOR, Priority: 2, Body: {'target': 'MSP_ANALOG'}
2026-04-03 10:36:05,024 - BEE-EPT-UA913 - DEBUG - Monitoring: b'\xee\x02\x00\xbf\x03\x0c\x00I\t'
2026-04-03 10:36:05,024 - BEE-EPT-UA913 - INFO - RSSI: 959, signal: Strong signal, battery voltage: 23.8V
2026-04-03 10:36:05,074 - BEE-EPT-UA913 - DEBUG - Executing command: TELEMETRY, Priority: 1, Body: {'target': 'MSP_RC'}
2026-04-03 10:36:05,085 - BEE-EPT-UA913 - DEBUG - Telemetry: b'\xdc\x05\xdc\x05\xdc\x05)\x04\xd0\x07\xe8\x03\xe8\x03\xde\x05\xe8\x03\xe8\x03\xe8\x03\xfd\x05\xdc\x05\xdc\x05\xe8\x03\xe8\x03'
2026-04-03 10:36:05,086 - BEE-EPT-UA913 - INFO - Autopilot state: {'connection': True, 'bee_state': 'READY', 'roll': 1500, 'pitch': 1500, 'yaw': 1500, 'throttle': 1065, 'last_manual_roll': 1500, 'last_manual_pitch': 1500, 'last_manual_yaw': 1500, 'last_manual_throttle': 1065, 'aux3': 1000, 'aux4': 1502, 'aux5': 1500, 'aux6': 1000, 'aux7': 1000, 'battery': 23.8, 'rssi': 959, 'rssi_msg': 'Strong signal', 'speed': 0.0, 'altitude': 0.08, 'caught': True, 'ready_hold_active': False, 'ready_hold_pending_capture': False, 'ready_hold_roll': 1500, 'ready_hold_pitch': 1500, 'ready_hold_yaw': 1500, 'ready_hold_throttle': 1100, 'target_locked': False, 'tracking_bbox': (311, 231, 17, 17), 'attack_error_x': 0.0, 'attack_error_y': 0.0, 'target_size': 0.0, 'attack_active': False, 'attack_base_roll': 1500, 'attack_base_pitch': 1500, 'attack_base_yaw': 1500, 'attack_base_throttle': 1100, 'prev_attack_error_x': 0.0, 'prev_attack_time': None, 'prev_target_size': 0.0}
2026-04-03 10:36:05,136 - BEE-EPT-UA913 - DEBUG - Executing command: TELEMETRY, Priority: 1, Body: {'target': 'MSP_RC'}
2026-04-03 10:36:05,146 - BEE-EPT-UA913 - DEBUG - Telemetry: b'\xdc\x05\xdc\x05\xdc\x05)\x04\xd0\x07\xe8\x03\xe8\x03\xde\x05\xe8\x03\xe8\x03\xe8\x03\xfd\x05\xdc\x05\xdc\x05\xe8\x03\xe8\x03'
2026-04-03 10:36:05,146 - BEE-EPT-UA913 - INFO - Autopilot state: {'connection': True, 'bee_state': 'READY', 'roll': 1500, 'pitch': 1500, 'yaw': 1500, 'throttle': 1065, 'last_manual_roll': 1500, 'last_manual_pitch': 1500, 'last_manual_yaw': 1500, 'last_manual_throttle': 1065, 'aux3': 1000, 'aux4': 1502, 'aux5': 1500, 'aux6': 1000, 'aux7': 1000, 'battery': 23.8, 'rssi': 959, 'rssi_msg': 'Strong signal', 'speed': 0.0, 'altitude': 0.08, 'caught': True, 'ready_hold_active': False, 'ready_hold_pending_capture': False, 'ready_hold_roll': 1500, 'ready_hold_pitch': 1500, 'ready_hold_yaw': 1500, 'ready_hold_throttle': 1100, 'target_locked': False, 'tracking_bbox': (311, 231, 17, 17), 'attack_error_x': 0.0, 'attack_error_y': 0.0, 'target_size': 0.0, 'attack_active': False, 'attack_base_roll': 1500, 'attack_base_pitch': 1500, 'attack_base_yaw': 1500, 'attack_base_throttle': 1100, 'prev_attack_error_x': 0.0, 'prev_attack_time': None, 'prev_target_size': 0.0}
2026-04-03 10:36:05,232 - BEE-EPT-UA913 - DEBUG - Executing command: TELEMETRY, Priority: 1, Body: {'target': 'MSP_RC'}
2026-04-03 10:36:05,246 - BEE-EPT-UA913 - DEBUG - Telemetry: b'\xdc\x05\xdc\x05\xdc\x05)\x04\xd0\x07\xe8\x03\xe8\x03\xde\x05\xe8\x03\xe8\x03\xe8\x03\xfd\x05\xdc\x05\xdc\x05\xe8\x03\xe8\x03'
2026-04-03 10:36:05,247 - BEE-EPT-UA913 - INFO - Autopilot state: {'connection': True, 'bee_state': 'READY', 'roll': 1500, 'pitch': 1500, 'yaw': 1500, 'throttle': 1065, 'last_manual_roll': 1500, 'last_manual_pitch': 1500, 'last_manual_yaw': 1500, 'last_manual_throttle': 1065, 'aux3': 1000, 'aux4': 1502, 'aux5': 1500, 'aux6': 1000, 'aux7': 1000, 'battery': 23.8, 'rssi': 959, 'rssi_msg': 'Strong signal', 'speed': 0.0, 'altitude': 0.08, 'caught': True, 'ready_hold_active': False, 'ready_hold_pending_capture': False, 'ready_hold_roll': 1500, 'ready_hold_pitch': 1500, 'ready_hold_yaw': 1500, 'ready_hold_throttle': 1100, 'target_locked': False, 'tracking_bbox': (311, 231, 17, 17), 'attack_error_x': 0.0, 'attack_error_y': 0.0, 'target_size': 0.0, 'attack_active': False, 'attack_base_roll': 1500, 'attack_base_pitch': 1500, 'attack_base_yaw': 1500, 'attack_base_throttle': 1100, 'prev_attack_error_x': 0.0, 'prev_attack_time': None, 'prev_target_size': 0.0}
2026-04-03 10:36:05,333 - BEE-EPT-UA913 - DEBUG - Executing command: TELEMETRY, Priority: 1, Body: {'target': 'MSP_RC'}
2026-04-03 10:36:05,347 - BEE-EPT-UA913 - DEBUG - Telemetry: b'\xdc\x05\xdc\x05\xdc\x05)\x04\xd0\x07\xe8\x03\xe8\x03\xde\x05\xe8\x03\xe8\x03\xe8\x03\xfd\x05\xdc\x05\xdc\x05\xe8\x03\xe8\x03'
2026-04-03 10:36:05,347 - BEE-EPT-UA913 - INFO - Autopilot state: {'connection': True, 'bee_state': 'READY', 'roll': 1500, 'pitch': 1500, 'yaw': 1500, 'throttle': 1065, 'last_manual_roll': 1500, 'last_manual_pitch': 1500, 'last_manual_yaw': 1500, 'last_manual_throttle': 1065, 'aux3': 1000, 'aux4': 1502, 'aux5': 1500, 'aux6': 1000, 'aux7': 1000, 'battery': 23.8, 'rssi': 959, 'rssi_msg': 'Strong signal', 'speed': 0.0, 'altitude': 0.08, 'caught': True, 'ready_hold_active': False, 'ready_hold_pending_capture': False, 'ready_hold_roll': 1500, 'ready_hold_pitch': 1500, 'ready_hold_yaw': 1500, 'ready_hold_throttle': 1100, 'target_locked': False, 'tracking_bbox': (311, 231, 17, 17), 'attack_error_x': 0.0, 'attack_error_y': 0.0, 'target_size': 0.0, 'attack_active': False, 'attack_base_roll': 1500, 'attack_base_pitch': 1500, 'attack_base_yaw': 1500, 'attack_base_throttle': 1100, 'prev_attack_error_x': 0.0, 'prev_attack_time': None, 'prev_target_size': 0.0}
2026-04-03 10:36:05,433 - BEE-EPT-UA913 - DEBUG - Executing command: TELEMETRY, Priority: 1, Body: {'target': 'MSP_RC'}
2026-04-03 10:36:05,447 - BEE-EPT-UA913 - DEBUG - Telemetry: b'\xdc\x05\xdc\x05\xdc\x05)\x04\xd0\x07\xe8\x03\xe8\x03\xde\x05\xe8\x03\xe8\x03\xe8\x03\xfd\x05\xdc\x05\xdc\x05\xe8\x03\xe8\x03'
2026-04-03 10:36:05,447 - BEE-EPT-UA913 - INFO - Autopilot state: {'connection': True, 'bee_state': 'READY', 'roll': 1500, 'pitch': 1500, 'yaw': 1500, 'throttle': 1065, 'last_manual_roll': 1500, 'last_manual_pitch': 1500, 'last_manual_yaw': 1500, 'last_manual_throttle': 1065, 'aux3': 1000, 'aux4': 1502, 'aux5': 1500, 'aux6': 1000, 'aux7': 1000, 'battery': 23.8, 'rssi': 959, 'rssi_msg': 'Strong signal', 'speed': 0.0, 'altitude': 0.08, 'caught': True, 'ready_hold_active': False, 'ready_hold_pending_capture': False, 'ready_hold_roll': 1500, 'ready_hold_pitch': 1500, 'ready_hold_yaw': 1500, 'ready_hold_throttle': 1100, 'target_locked': False, 'tracking_bbox': (311, 231, 17, 17), 'attack_error_x': 0.0, 'attack_error_y': 0.0, 'target_size': 0.0, 'attack_active': False, 'attack_base_roll': 1500, 'attack_base_pitch': 1500, 'attack_base_yaw': 1500, 'attack_base_throttle': 1100, 'prev_attack_error_x': 0.0, 'prev_attack_time': None, 'prev_target_size': 0.0}
2026-04-03 10:36:05,533 - BEE-EPT-UA913 - DEBUG - Executing command: TELEMETRY, Priority: 1, Body: {'target': 'MSP_RC'}
2026-04-03 10:36:05,548 - BEE-EPT-UA913 - DEBUG - Telemetry: b'\xdc\x05\xdc\x05\xdc\x05)\x04\xd0\x07\xe8\x03\xe8\x03\xde\x05\xe8\x03\xe8\x03\xe8\x03\xfd\x05\xdc\x05\xdc\x05\xe8\x03\xe8\x03'
2026-04-03 10:36:05,548 - BEE-EPT-UA913 - INFO - Autopilot state: {'connection': True, 'bee_state': 'READY', 'roll': 1500, 'pitch': 1500, 'yaw': 1500, 'throttle': 1065, 'last_manual_roll': 1500, 'last_manual_pitch': 1500, 'last_manual_yaw': 1500, 'last_manual_throttle': 1065, 'aux3': 1000, 'aux4': 1502, 'aux5': 1500, 'aux6': 1000, 'aux7': 1000, 'battery': 23.8, 'rssi': 959, 'rssi_msg': 'Strong signal', 'speed': 0.0, 'altitude': 0.08, 'caught': True, 'ready_hold_active': False, 'ready_hold_pending_capture': False, 'ready_hold_roll': 1500, 'ready_hold_pitch': 1500, 'ready_hold_yaw': 1500, 'ready_hold_throttle': 1100, 'target_locked': False, 'tracking_bbox': (311, 231, 17, 17), 'attack_error_x': 0.0, 'attack_error_y': 0.0, 'target_size': 0.0, 'attack_active': False, 'attack_base_roll': 1500, 'attack_base_pitch': 1500, 'attack_base_yaw': 1500, 'attack_base_throttle': 1100, 'prev_attack_error_x': 0.0, 'prev_attack_time': None, 'prev_target_size': 0.0}
2026-04-03 10:36:05,634 - BEE-EPT-UA913 - DEBUG - Executing command: TELEMETRY, Priority: 1, Body: {'target': 'MSP_RC'}
2026-04-03 10:36:05,648 - BEE-EPT-UA913 - DEBUG - Telemetry: b'\xdc\x05\xdc\x05\xdc\x05)\x04\xd0\x07\xe8\x03\xe8\x03\xde\x05\xe8\x03\xe8\x03\xe8\x03\xfd\x05\xdc\x05\xdc\x05\xe8\x03\xe8\x03'
2026-04-03 10:36:05,649 - BEE-EPT-UA913 - INFO - Autopilot state: {'connection': True, 'bee_state': 'READY', 'roll': 1500, 'pitch': 1500, 'yaw': 1500, 'throttle': 1065, 'last_manual_roll': 1500, 'last_manual_pitch': 1500, 'last_manual_yaw': 1500, 'last_manual_throttle': 1065, 'aux3': 1000, 'aux4': 1502, 'aux5': 1500, 'aux6': 1000, 'aux7': 1000, 'battery': 23.8, 'rssi': 959, 'rssi_msg': 'Strong signal', 'speed': 0.0, 'altitude': 0.08, 'caught': True, 'ready_hold_active': False, 'ready_hold_pending_capture': False, 'ready_hold_roll': 1500, 'ready_hold_pitch': 1500, 'ready_hold_yaw': 1500, 'ready_hold_throttle': 1100, 'target_locked': False, 'tracking_bbox': (311, 231, 17, 17), 'attack_error_x': 0.0, 'attack_error_y': 0.0, 'target_size': 0.0, 'attack_active': False, 'attack_base_roll': 1500, 'attack_base_pitch': 1500, 'attack_base_yaw': 1500, 'attack_base_throttle': 1100, 'prev_attack_error_x': 0.0, 'prev_attack_time': None, 'prev_target_size': 0.0}
2026-04-03 10:36:05,734 - BEE-EPT-UA913 - DEBUG - Executing command: TELEMETRY, Priority: 1, Body: {'target': 'MSP_RC'}
2026-04-03 10:36:05,749 - BEE-EPT-UA913 - DEBUG - Telemetry: b'\xdc\x05\xdc\x05\xdc\x05)\x04\xd0\x07\xe8\x03\xe8\x03\xde\x05\xe8\x03\xe8\x03\xe8\x03\xfd\x05\xdc\x05\xdc\x05\xe8\x03\xe8\x03'
2026-04-03 10:36:05,749 - BEE-EPT-UA913 - INFO - Autopilot state: {'connection': True, 'bee_state': 'READY', 'roll': 1500, 'pitch': 1500, 'yaw': 1500, 'throttle': 1065, 'last_manual_roll': 1500, 'last_manual_pitch': 1500, 'last_manual_yaw': 1500, 'last_manual_throttle': 1065, 'aux3': 1000, 'aux4': 1502, 'aux5': 1500, 'aux6': 1000, 'aux7': 1000, 'battery': 23.8, 'rssi': 959, 'rssi_msg': 'Strong signal', 'speed': 0.0, 'altitude': 0.08, 'caught': True, 'ready_hold_active': False, 'ready_hold_pending_capture': False, 'ready_hold_roll': 1500, 'ready_hold_pitch': 1500, 'ready_hold_yaw': 1500, 'ready_hold_throttle': 1100, 'target_locked': False, 'tracking_bbox': (311, 231, 17, 17), 'attack_error_x': 0.0, 'attack_error_y': 0.0, 'target_size': 0.0, 'attack_active': False, 'attack_base_roll': 1500, 'attack_base_pitch': 1500, 'attack_base_yaw': 1500, 'attack_base_throttle': 1100, 'prev_attack_error_x': 0.0, 'prev_attack_time': None, 'prev_target_size': 0.0}
2026-04-03 10:36:05,835 - BEE-EPT-UA913 - DEBUG - Executing command: TELEMETRY, Priority: 1, Body: {'target': 'MSP_RC'}
2026-04-03 10:36:05,849 - BEE-EPT-UA913 - DEBUG - Telemetry: b'\xdc\x05\xdc\x05\xdc\x05)\x04\xd0\x07\xe8\x03\xe8\x03\xde\x05\xe8\x03\xe8\x03\xe8\x03\xfd\x05\xdc\x05\xdc\x05\xe8\x03\xe8\x03'
2026-04-03 10:36:05,849 - BEE-EPT-UA913 - INFO - Autopilot state: {'connection': True, 'bee_state': 'READY', 'roll': 1500, 'pitch': 1500, 'yaw': 1500, 'throttle': 1065, 'last_manual_roll': 1500, 'last_manual_pitch': 1500, 'last_manual_yaw': 1500, 'last_manual_throttle': 1065, 'aux3': 1000, 'aux4': 1502, 'aux5': 1500, 'aux6': 1000, 'aux7': 1000, 'battery': 23.8, 'rssi': 959, 'rssi_msg': 'Strong signal', 'speed': 0.0, 'altitude': 0.08, 'caught': True, 'ready_hold_active': False, 'ready_hold_pending_capture': False, 'ready_hold_roll': 1500, 'ready_hold_pitch': 1500, 'ready_hold_yaw': 1500, 'ready_hold_throttle': 1100, 'target_locked': False, 'tracking_bbox': (311, 231, 17, 17), 'attack_error_x': 0.0, 'attack_error_y': 0.0, 'target_size': 0.0, 'attack_active': False, 'attack_base_roll': 1500, 'attack_base_pitch': 1500, 'attack_base_yaw': 1500, 'attack_base_throttle': 1100, 'prev_attack_error_x': 0.0, 'prev_attack_time': None, 'prev_target_size': 0.0}
2026-04-03 10:36:05,900 - BEE-EPT-UA913 - DEBUG - Executing command: TELEMETRY, Priority: 2, Body: {'target': 'MSP_ALTITUDE'}
2026-04-03 10:36:05,907 - BEE-EPT-UA913 - DEBUG - Telemetry: b'\x08\x00\x00\x00\x00\x00'
2026-04-03 10:36:05,907 - BEE-EPT-UA913 - INFO - Autopilot state: {'connection': True, 'bee_state': 'READY', 'roll': 1500, 'pitch': 1500, 'yaw': 1500, 'throttle': 1065, 'last_manual_roll': 1500, 'last_manual_pitch': 1500, 'last_manual_yaw': 1500, 'last_manual_throttle': 1065, 'aux3': 1000, 'aux4': 1502, 'aux5': 1500, 'aux6': 1000, 'aux7': 1000, 'battery': 23.8, 'rssi': 959, 'rssi_msg': 'Strong signal', 'speed': 0.0, 'altitude': 0.08, 'caught': True, 'ready_hold_active': False, 'ready_hold_pending_capture': False, 'ready_hold_roll': 1500, 'ready_hold_pitch': 1500, 'ready_hold_yaw': 1500, 'ready_hold_throttle': 1100, 'target_locked': False, 'tracking_bbox': (311, 231, 17, 17), 'attack_error_x': 0.0, 'attack_error_y': 0.0, 'target_size': 0.0, 'attack_active': False, 'attack_base_roll': 1500, 'attack_base_pitch': 1500, 'attack_base_yaw': 1500, 'attack_base_throttle': 1100, 'prev_attack_error_x': 0.0, 'prev_attack_time': None, 'prev_target_size': 0.0}
2026-04-03 10:36:05,958 - BEE-EPT-UA913 - DEBUG - Executing command: TELEMETRY, Priority: 1, Body: {'target': 'MSP_RC'}
2026-04-03 10:36:05,970 - BEE-EPT-UA913 - DEBUG - Telemetry: b'\xdc\x05\xdc\x05\xdc\x05)\x04\xd0\x07\xe8\x03\xe8\x03\xde\x05\xe8\x03\xe8\x03\xe8\x03\xfd\x05\xdc\x05\xdc\x05\xe8\x03\xe8\x03'
2026-04-03 10:36:05,970 - BEE-EPT-UA913 - INFO - Autopilot state: {'connection': True, 'bee_state': 'READY', 'roll': 1500, 'pitch': 1500, 'yaw': 1500, 'throttle': 1065, 'last_manual_roll': 1500, 'last_manual_pitch': 1500, 'last_manual_yaw': 1500, 'last_manual_throttle': 1065, 'aux3': 1000, 'aux4': 1502, 'aux5': 1500, 'aux6': 1000, 'aux7': 1000, 'battery': 23.8, 'rssi': 959, 'rssi_msg': 'Strong signal', 'speed': 0.0, 'altitude': 0.08, 'caught': True, 'ready_hold_active': False, 'ready_hold_pending_capture': False, 'ready_hold_roll': 1500, 'ready_hold_pitch': 1500, 'ready_hold_yaw': 1500, 'ready_hold_throttle': 1100, 'target_locked': False, 'tracking_bbox': (311, 231, 17, 17), 'attack_error_x': 0.0, 'attack_error_y': 0.0, 'target_size': 0.0, 'attack_active': False, 'attack_base_roll': 1500, 'attack_base_pitch': 1500, 'attack_base_yaw': 1500, 'attack_base_throttle': 1100, 'prev_attack_error_x': 0.0, 'prev_attack_time': None, 'prev_target_size': 0.0}
2026-04-03 10:36:06,021 - BEE-EPT-UA913 - DEBUG - Executing command: MONITOR, Priority: 2, Body: {'target': 'MSP_ANALOG'}
2026-04-03 10:36:06,028 - BEE-EPT-UA913 - DEBUG - Monitoring: b'\xee\x02\x00\xc6\x03\x10\x00I\t'
2026-04-03 10:36:06,028 - BEE-EPT-UA913 - INFO - RSSI: 966, signal: Strong signal, battery voltage: 23.8V
2026-04-03 10:36:06,079 - BEE-EPT-UA913 - DEBUG - Executing command: TELEMETRY, Priority: 1, Body: {'target': 'MSP_RC'}
2026-04-03 10:36:06,090 - BEE-EPT-UA913 - DEBUG - Telemetry: b'\xdc\x05\xdc\x05\xdc\x05\xe8\x03\xd0\x07\xe8\x03\xe8\x03\xd0\x07\xe8\x03\xe8\x03\xe8\x03\xfd\x05\xdc\x05\xdc\x05\xe8\x03\xe8\x03'
2026-04-03 10:36:06,090 - BEE-EPT-UA913 - INFO - Bee state changed to [ATACK]
2026-04-03 10:36:06,091 - BEE-EPT-UA913 - INFO - Autopilot state: {'connection': True, 'bee_state': 'ATACK', 'roll': 1500, 'pitch': 1500, 'yaw': 1500, 'throttle': 1000, 'last_manual_roll': 1500, 'last_manual_pitch': 1500, 'last_manual_yaw': 1500, 'last_manual_throttle': 1000, 'aux3': 1000, 'aux4': 2000, 'aux5': 1500, 'aux6': 1000, 'aux7': 1000, 'battery': 23.8, 'rssi': 966, 'rssi_msg': 'Strong signal', 'speed': 0.0, 'altitude': 0.08, 'caught': True, 'ready_hold_active': False, 'ready_hold_pending_capture': False, 'ready_hold_roll': 1500, 'ready_hold_pitch': 1500, 'ready_hold_yaw': 1500, 'ready_hold_throttle': 1100, 'target_locked': False, 'tracking_bbox': (311, 231, 17, 17), 'attack_error_x': 0.0, 'attack_error_y': 0.0, 'target_size': 0.0, 'attack_active': False, 'attack_base_roll': 1500, 'attack_base_pitch': 1500, 'attack_base_yaw': 1500, 'attack_base_throttle': 1000, 'prev_attack_error_x': 0.0, 'prev_attack_time': None, 'prev_target_size': 0.0}
2026-04-03 10:36:06,141 - BEE-EPT-UA913 - DEBUG - Executing command: ATACK, Priority: 0, Body: {'previous_mode': 'READY'}
2026-04-03 10:36:06,142 - BEE-EPT-UA913 - INFO - [ATACK MODE STARTED]
2026-04-03 10:36:06,193 - BEE-EPT-UA913 - DEBUG - Executing command: TELEMETRY, Priority: 1, Body: {'target': 'MSP_RC'}
2026-04-03 10:36:06,211 - BEE-EPT-UA913 - DEBUG - Telemetry: b'\xdc\x05\xdc\x05\xdc\x05\xe8\x03\xd0\x07\xe8\x03\xe8\x03\xd0\x07\xe8\x03\xe8\x03\xe8\x03\xfd\x05\xdc\x05\xdc\x05\xe8\x03\xe8\x03'
2026-04-03 10:36:06,211 - BEE-EPT-UA913 - INFO - Autopilot state: {'connection': True, 'bee_state': 'ATACK', 'roll': 1500, 'pitch': 1500, 'yaw': 1500, 'throttle': 1000, 'last_manual_roll': 1500, 'last_manual_pitch': 1500, 'last_manual_yaw': 1500, 'last_manual_throttle': 1000, 'aux3': 1000, 'aux4': 2000, 'aux5': 1500, 'aux6': 1000, 'aux7': 1000, 'battery': 23.8, 'rssi': 966, 'rssi_msg': 'Strong signal', 'speed': 0.0, 'altitude': 0.08, 'caught': True, 'ready_hold_active': False, 'ready_hold_pending_capture': False, 'ready_hold_roll': 1500, 'ready_hold_pitch': 1500, 'ready_hold_yaw': 1500, 'ready_hold_throttle': 1100, 'target_locked': False, 'tracking_bbox': (311, 231, 17, 17), 'attack_error_x': 0.0, 'attack_error_y': 0.0, 'target_size': 0.0, 'attack_active': True, 'attack_base_roll': 1500, 'attack_base_pitch': 1500, 'attack_base_yaw': 1500, 'attack_base_throttle': 1000, 'prev_attack_error_x': 0.0, 'prev_attack_time': 109.993307548, 'prev_target_size': 0.0}
2026-04-03 10:36:06,262 - BEE-EPT-UA913 - DEBUG - Executing command: MONITOR, Priority: 2, Body: {'target': 'MSP_ANALOG'}
2026-04-03 10:36:06,274 - BEE-EPT-UA913 - DEBUG - Monitoring: b'\xee\x02\x00\xc4\x03\x0c\x00I\t'
2026-04-03 10:36:06,275 - BEE-EPT-UA913 - INFO - RSSI: 964, signal: Strong signal, battery voltage: 23.8V
2026-04-03 10:36:06,326 - BEE-EPT-UA913 - DEBUG - Executing command: TELEMETRY, Priority: 1, Body: {'target': 'MSP_RC'}
2026-04-03 10:36:06,332 - BEE-EPT-UA913 - DEBUG - Telemetry: b'\xdc\x05\xdc\x05\xdc\x05\xe8\x03\xd0\x07\xe8\x03\xe8\x03\xd0\x07\xe8\x03\xe8\x03\xe8\x03\xfd\x05\xdc\x05\xdc\x05\xe8\x03\xe8\x03'
2026-04-03 10:36:06,332 - BEE-EPT-UA913 - INFO - Autopilot state: {'connection': True, 'bee_state': 'ATACK', 'roll': 1500, 'pitch': 1500, 'yaw': 1500, 'throttle': 1000, 'last_manual_roll': 1500, 'last_manual_pitch': 1500, 'last_manual_yaw': 1500, 'last_manual_throttle': 1000, 'aux3': 1000, 'aux4': 2000, 'aux5': 1500, 'aux6': 1000, 'aux7': 1000, 'battery': 23.8, 'rssi': 964, 'rssi_msg': 'Strong signal', 'speed': 0.0, 'altitude': 0.08, 'caught': True, 'ready_hold_active': False, 'ready_hold_pending_capture': False, 'ready_hold_roll': 1500, 'ready_hold_pitch': 1500, 'ready_hold_yaw': 1500, 'ready_hold_throttle': 1100, 'target_locked': True, 'tracking_bbox': (311, 231, 17, 17), 'attack_error_x': -0.0015625, 'attack_error_y': -0.1684027777777778, 'target_size': 289.0, 'attack_active': True, 'attack_base_roll': 1500, 'attack_base_pitch': 1500, 'attack_base_yaw': 1500, 'attack_base_throttle': 1000, 'prev_attack_error_x': 0.0, 'prev_attack_time': 110.094726415, 'prev_target_size': 0.0}
2026-04-03 10:36:06,383 - BEE-EPT-UA913 - DEBUG - Executing command: TELEMETRY, Priority: 2, Body: {'target': 'MSP_ALTITUDE'}
2026-04-03 10:36:06,389 - BEE-EPT-UA913 - DEBUG - Telemetry: b'\x08\x00\x00\x00\x00\x00'
2026-04-03 10:36:06,390 - BEE-EPT-UA913 - INFO - Autopilot state: {'connection': True, 'bee_state': 'ATACK', 'roll': 1500, 'pitch': 1500, 'yaw': 1500, 'throttle': 1000, 'last_manual_roll': 1500, 'last_manual_pitch': 1500, 'last_manual_yaw': 1500, 'last_manual_throttle': 1000, 'aux3': 1000, 'aux4': 2000, 'aux5': 1500, 'aux6': 1000, 'aux7': 1000, 'battery': 23.8, 'rssi': 964, 'rssi_msg': 'Strong signal', 'speed': 0.0, 'altitude': 0.08, 'caught': True, 'ready_hold_active': False, 'ready_hold_pending_capture': False, 'ready_hold_roll': 1500, 'ready_hold_pitch': 1500, 'ready_hold_yaw': 1500, 'ready_hold_throttle': 1100, 'target_locked': True, 'tracking_bbox': (311, 231, 17, 17), 'attack_error_x': -0.0015625, 'attack_error_y': -0.1684027777777778, 'target_size': 289.0, 'attack_active': True, 'attack_base_roll': 1500, 'attack_base_pitch': 1500, 'attack_base_yaw': 1500, 'attack_base_throttle': 1000, 'prev_attack_error_x': 0.0, 'prev_attack_time': 110.145052819, 'prev_target_size': 289.0}
2026-04-03 10:36:06,440 - BEE-EPT-UA913 - DEBUG - Executing command: TELEMETRY, Priority: 1, Body: {'target': 'MSP_RC'}
2026-04-03 10:36:06,452 - BEE-EPT-UA913 - DEBUG - Telemetry: b'\xdc\x05\x0e\x06\xdc\x05\xf5\x03\xd0\x07\xe8\x03\xe8\x03\xd0\x07\xe8\x03\xe8\x03\xe8\x03\xfd\x05\xdc\x05\xdc\x05\xe8\x03\xe8\x03'
2026-04-03 10:36:06,452 - BEE-EPT-UA913 - INFO - Autopilot state: {'connection': True, 'bee_state': 'ATACK', 'roll': 1500, 'pitch': 1550, 'yaw': 1500, 'throttle': 1013, 'last_manual_roll': 1500, 'last_manual_pitch': 1550, 'last_manual_yaw': 1500, 'last_manual_throttle': 1013, 'aux3': 1000, 'aux4': 2000, 'aux5': 1500, 'aux6': 1000, 'aux7': 1000, 'battery': 23.8, 'rssi': 964, 'rssi_msg': 'Strong signal', 'speed': 0.0, 'altitude': 0.08, 'caught': True, 'ready_hold_active': False, 'ready_hold_pending_capture': False, 'ready_hold_roll': 1500, 'ready_hold_pitch': 1500, 'ready_hold_yaw': 1500, 'ready_hold_throttle': 1100, 'target_locked': True, 'tracking_bbox': (311, 231, 17, 17), 'attack_error_x': -0.0015625, 'attack_error_y': -0.1684027777777778, 'target_size': 289.0, 'attack_active': True, 'attack_base_roll': 1500, 'attack_base_pitch': 1500, 'attack_base_yaw': 1500, 'attack_base_throttle': 1000, 'prev_attack_error_x': 0.0, 'prev_attack_time': 110.246322223, 'prev_target_size': 289.0}
2026-04-03 10:36:06,503 - BEE-EPT-UA913 - DEBUG - Executing command: TELEMETRY, Priority: 1, Body: {'target': 'MSP_RC'}
2026-04-03 10:36:06,520 - BEE-EPT-UA913 - DEBUG - Telemetry: b'\xdc\x05\x0e\x06\xdc\x05\xf5\x03\xd0\x07\xe8\x03\xe8\x03\xd0\x07\xe8\x03\xe8\x03\xe8\x03\xfd\x05\xdc\x05\xdc\x05\xe8\x03\xe8\x03'
2026-04-03 10:36:06,520 - BEE-EPT-UA913 - INFO - Autopilot state: {'connection': True, 'bee_state': 'ATACK', 'roll': 1500, 'pitch': 1550, 'yaw': 1500, 'throttle': 1013, 'last_manual_roll': 1500, 'last_manual_pitch': 1550, 'last_manual_yaw': 1500, 'last_manual_throttle': 1013, 'aux3': 1000, 'aux4': 2000, 'aux5': 1500, 'aux6': 1000, 'aux7': 1000, 'battery': 23.8, 'rssi': 964, 'rssi_msg': 'Strong signal', 'speed': 0.0, 'altitude': 0.08, 'caught': True, 'ready_hold_active': False, 'ready_hold_pending_capture': False, 'ready_hold_roll': 1500, 'ready_hold_pitch': 1500, 'ready_hold_yaw': 1500, 'ready_hold_throttle': 1100, 'target_locked': True, 'tracking_bbox': (309, 232, 17, 17), 'attack_error_x': -0.0078125, 'attack_error_y': -0.16493055555555555, 'target_size': 289.0, 'attack_active': True, 'attack_base_roll': 1500, 'attack_base_pitch': 1500, 'attack_base_yaw': 1500, 'attack_base_throttle': 1000, 'prev_attack_error_x': 0.0, 'prev_attack_time': 110.303820449, 'prev_target_size': 289.0}
2026-04-03 10:36:06,590 - BEE-EPT-UA913 - DEBUG - Executing command: TELEMETRY, Priority: 1, Body: {'target': 'MSP_RC'}
2026-04-03 10:36:06,603 - BEE-EPT-UA913 - DEBUG - Telemetry: b'\xdc\x05\r\x06\xdc\x05\xf5\x03\xd0\x07\xe8\x03\xe8\x03\xd0\x07\xe8\x03\xe8\x03\xe8\x03\xfd\x05\xdc\x05\xdc\x05\xe8\x03\xe8\x03'
2026-04-03 10:36:06,603 - BEE-EPT-UA913 - INFO - Autopilot state: {'connection': True, 'bee_state': 'ATACK', 'roll': 1500, 'pitch': 1549, 'yaw': 1500, 'throttle': 1013, 'last_manual_roll': 1500, 'last_manual_pitch': 1549, 'last_manual_yaw': 1500, 'last_manual_throttle': 1013, 'aux3': 1000, 'aux4': 2000, 'aux5': 1500, 'aux6': 1000, 'aux7': 1000, 'battery': 23.8, 'rssi': 964, 'rssi_msg': 'Strong signal', 'speed': 0.0, 'altitude': 0.08, 'caught': True, 'ready_hold_active': False, 'ready_hold_pending_capture': False, 'ready_hold_roll': 1500, 'ready_hold_pitch': 1500, 'ready_hold_yaw': 1500, 'ready_hold_throttle': 1100, 'target_locked': True, 'tracking_bbox': (309, 232, 17, 17), 'attack_error_x': -0.0078125, 'attack_error_y': -0.16493055555555555, 'target_size': 289.0, 'attack_active': True, 'attack_base_roll': 1500, 'attack_base_pitch': 1500, 'attack_base_yaw': 1500, 'attack_base_throttle': 1000, 'prev_attack_error_x': 0.0, 'prev_attack_time': 110.374238093, 'prev_target_size': 289.0}
2026-04-03 10:36:06,690 - BEE-EPT-UA913 - DEBUG - Executing command: TELEMETRY, Priority: 1, Body: {'target': 'MSP_RC'}
2026-04-03 10:36:06,708 - BEE-EPT-UA913 - DEBUG - Telemetry: b'\xdc\x05\r\x06\xdc\x05\xf5\x03\xd0\x07\xe8\x03\xe8\x03\xd0\x07\xe8\x03\xe8\x03\xe8\x03\xfd\x05\xdc\x05\xdc\x05\xe8\x03\xe8\x03'
2026-04-03 10:36:06,708 - BEE-EPT-UA913 - INFO - Autopilot state: {'connection': True, 'bee_state': 'ATACK', 'roll': 1500, 'pitch': 1549, 'yaw': 1500, 'throttle': 1013, 'last_manual_roll': 1500, 'last_manual_pitch': 1549, 'last_manual_yaw': 1500, 'last_manual_throttle': 1013, 'aux3': 1000, 'aux4': 2000, 'aux5': 1500, 'aux6': 1000, 'aux7': 1000, 'battery': 23.8, 'rssi': 964, 'rssi_msg': 'Strong signal', 'speed': 0.0, 'altitude': 0.08, 'caught': True, 'ready_hold_active': False, 'ready_hold_pending_capture': False, 'ready_hold_roll': 1500, 'ready_hold_pitch': 1500, 'ready_hold_yaw': 1500, 'ready_hold_throttle': 1100, 'target_locked': True, 'tracking_bbox': (310, 231, 17, 17), 'attack_error_x': -0.0046875, 'attack_error_y': -0.1684027777777778, 'target_size': 289.0, 'attack_active': True, 'attack_base_roll': 1500, 'attack_base_pitch': 1500, 'attack_base_yaw': 1500, 'attack_base_throttle': 1000, 'prev_attack_error_x': 0.0, 'prev_attack_time': 110.474777494, 'prev_target_size': 289.0}
2026-04-03 10:36:06,791 - BEE-EPT-UA913 - DEBUG - Executing command: TELEMETRY, Priority: 1, Body: {'target': 'MSP_RC'}
2026-04-03 10:36:06,812 - BEE-EPT-UA913 - DEBUG - Telemetry: b'\xdc\x05\x0e\x06\xdc\x05\xf5\x03\xd0\x07\xe8\x03\xe8\x03\xd0\x07\xe8\x03\xe8\x03\xe8\x03\xfd\x05\xdc\x05\xdc\x05\xe8\x03\xe8\x03'
2026-04-03 10:36:06,812 - BEE-EPT-UA913 - INFO - Autopilot state: {'connection': True, 'bee_state': 'ATACK', 'roll': 1500, 'pitch': 1550, 'yaw': 1500, 'throttle': 1013, 'last_manual_roll': 1500, 'last_manual_pitch': 1550, 'last_manual_yaw': 1500, 'last_manual_throttle': 1013, 'aux3': 1000, 'aux4': 2000, 'aux5': 1500, 'aux6': 1000, 'aux7': 1000, 'battery': 23.8, 'rssi': 964, 'rssi_msg': 'Strong signal', 'speed': 0.0, 'altitude': 0.08, 'caught': True, 'ready_hold_active': False, 'ready_hold_pending_capture': False, 'ready_hold_roll': 1500, 'ready_hold_pitch': 1500, 'ready_hold_yaw': 1500, 'ready_hold_throttle': 1100, 'target_locked': True, 'tracking_bbox': (311, 227, 17, 17), 'attack_error_x': -0.0015625, 'attack_error_y': -0.18229166666666666, 'target_size': 289.0, 'attack_active': True, 'attack_base_roll': 1500, 'attack_base_pitch': 1500, 'attack_base_yaw': 1500, 'attack_base_throttle': 1000, 'prev_attack_error_x': 0.0, 'prev_attack_time': 110.578307054, 'prev_target_size': 289.0}
2026-04-03 10:36:06,894 - BEE-EPT-UA913 - DEBUG - Executing command: TELEMETRY, Priority: 1, Body: {'target': 'MSP_RC'}
2026-04-03 10:36:06,904 - BEE-EPT-UA913 - DEBUG - Telemetry: b'\xdc\x05\x12\x06\xdc\x05\xf6\x03\xd0\x07\xe8\x03\xe8\x03\xd0\x07\xe8\x03\xe8\x03\xe8\x03\xfd\x05\xdc\x05\xdc\x05\xe8\x03\xe8\x03'
2026-04-03 10:36:06,904 - BEE-EPT-UA913 - INFO - Autopilot state: {'connection': True, 'bee_state': 'ATACK', 'roll': 1500, 'pitch': 1554, 'yaw': 1500, 'throttle': 1014, 'last_manual_roll': 1500, 'last_manual_pitch': 1554, 'last_manual_yaw': 1500, 'last_manual_throttle': 1014, 'aux3': 1000, 'aux4': 2000, 'aux5': 1500, 'aux6': 1000, 'aux7': 1000, 'battery': 23.8, 'rssi': 964, 'rssi_msg': 'Strong signal', 'speed': 0.0, 'altitude': 0.08, 'caught': True, 'ready_hold_active': False, 'ready_hold_pending_capture': False, 'ready_hold_roll': 1500, 'ready_hold_pitch': 1500, 'ready_hold_yaw': 1500, 'ready_hold_throttle': 1100, 'target_locked': True, 'tracking_bbox': (311, 227, 17, 17), 'attack_error_x': -0.0015625, 'attack_error_y': -0.18229166666666666, 'target_size': 289.0, 'attack_active': True, 'attack_base_roll': 1500, 'attack_base_pitch': 1500, 'attack_base_yaw': 1500, 'attack_base_throttle': 1000, 'prev_attack_error_x': 0.0, 'prev_attack_time': 110.682388412, 'prev_target_size': 289.0}
2026-04-03 10:36:06,994 - BEE-EPT-UA913 - DEBUG - Executing command: TELEMETRY, Priority: 1, Body: {'target': 'MSP_RC'}
2026-04-03 10:36:07,005 - BEE-EPT-UA913 - DEBUG - Telemetry: b'\xdc\x05\x0f\x06\xdc\x05\xf5\x03\xd0\x07\xe8\x03\xe8\x03\xd0\x07\xe8\x03\xe8\x03\xe8\x03\xfd\x05\xdc\x05\xdc\x05\xe8\x03\xe8\x03'
2026-04-03 10:36:07,005 - BEE-EPT-UA913 - INFO - Autopilot state: {'connection': True, 'bee_state': 'ATACK', 'roll': 1500, 'pitch': 1551, 'yaw': 1500, 'throttle': 1013, 'last_manual_roll': 1500, 'last_manual_pitch': 1551, 'last_manual_yaw': 1500, 'last_manual_throttle': 1013, 'aux3': 1000, 'aux4': 2000, 'aux5': 1500, 'aux6': 1000, 'aux7': 1000, 'battery': 23.8, 'rssi': 964, 'rssi_msg': 'Strong signal', 'speed': 0.0, 'altitude': 0.08, 'caught': True, 'ready_hold_active': False, 'ready_hold_pending_capture': False, 'ready_hold_roll': 1500, 'ready_hold_pitch': 1500, 'ready_hold_yaw': 1500, 'ready_hold_throttle': 1100, 'target_locked': True, 'tracking_bbox': (311, 230, 17, 17), 'attack_error_x': -0.0015625, 'attack_error_y': -0.171875, 'target_size': 289.0, 'attack_active': True, 'attack_base_roll': 1500, 'attack_base_pitch': 1500, 'attack_base_yaw': 1500, 'attack_base_throttle': 1000, 'prev_attack_error_x': 0.0, 'prev_attack_time': 110.783026813, 'prev_target_size': 289.0}
2026-04-03 10:36:07,095 - BEE-EPT-UA913 - DEBUG - Executing command: TELEMETRY, Priority: 1, Body: {'target': 'MSP_RC'}
2026-04-03 10:36:07,105 - BEE-EPT-UA913 - DEBUG - Telemetry: b'\xdc\x05\x0f\x06\xdc\x05\xf5\x03\xd0\x07\xe8\x03\xe8\x03\xd0\x07\xe8\x03\xe8\x03\xe8\x03\xfd\x05\xdc\x05\xdc\x05\xe8\x03\xe8\x03'
2026-04-03 10:36:07,105 - BEE-EPT-UA913 - INFO - Autopilot state: {'connection': True, 'bee_state': 'ATACK', 'roll': 1500, 'pitch': 1551, 'yaw': 1500, 'throttle': 1013, 'last_manual_roll': 1500, 'last_manual_pitch': 1551, 'last_manual_yaw': 1500, 'last_manual_throttle': 1013, 'aux3': 1000, 'aux4': 2000, 'aux5': 1500, 'aux6': 1000, 'aux7': 1000, 'battery': 23.8, 'rssi': 964, 'rssi_msg': 'Strong signal', 'speed': 0.0, 'altitude': 0.08, 'caught': True, 'ready_hold_active': False, 'ready_hold_pending_capture': False, 'ready_hold_roll': 1500, 'ready_hold_pitch': 1500, 'ready_hold_yaw': 1500, 'ready_hold_throttle': 1100, 'target_locked': True, 'tracking_bbox': (311, 229, 17, 17), 'attack_error_x': -0.0015625, 'attack_error_y': -0.1753472222222222, 'target_size': 289.0, 'attack_active': True, 'attack_base_roll': 1500, 'attack_base_pitch': 1500, 'attack_base_yaw': 1500, 'attack_base_throttle': 1000, 'prev_attack_error_x': 0.0, 'prev_attack_time': 110.883654511, 'prev_target_size': 289.0}
2026-04-03 10:36:07,198 - BEE-EPT-UA913 - DEBUG - Executing command: TELEMETRY, Priority: 1, Body: {'target': 'MSP_RC'}
2026-04-03 10:36:07,205 - BEE-EPT-UA913 - DEBUG - Telemetry: b'\xdc\x05\x10\x06\xdc\x05\xf6\x03\xd0\x07\xe8\x03\xe8\x03\xd0\x07\xe8\x03\xe8\x03\xe8\x03\xfd\x05\xdc\x05\xdc\x05\xe8\x03\xe8\x03'
2026-04-03 10:36:07,206 - BEE-EPT-UA913 - INFO - Autopilot state: {'connection': True, 'bee_state': 'ATACK', 'roll': 1500, 'pitch': 1552, 'yaw': 1500, 'throttle': 1014, 'last_manual_roll': 1500, 'last_manual_pitch': 1552, 'last_manual_yaw': 1500, 'last_manual_throttle': 1014, 'aux3': 1000, 'aux4': 2000, 'aux5': 1500, 'aux6': 1000, 'aux7': 1000, 'battery': 23.8, 'rssi': 964, 'rssi_msg': 'Strong signal', 'speed': 0.0, 'altitude': 0.08, 'caught': True, 'ready_hold_active': False, 'ready_hold_pending_capture': False, 'ready_hold_roll': 1500, 'ready_hold_pitch': 1500, 'ready_hold_yaw': 1500, 'ready_hold_throttle': 1100, 'target_locked': True, 'tracking_bbox': (311, 229, 17, 17), 'attack_error_x': -0.0015625, 'attack_error_y': -0.1753472222222222, 'target_size': 289.0, 'attack_active': True, 'attack_base_roll': 1500, 'attack_base_pitch': 1500, 'attack_base_yaw': 1500, 'attack_base_throttle': 1000, 'prev_attack_error_x': 0.0, 'prev_attack_time': 110.986378507, 'prev_target_size': 289.0}
2026-04-03 10:36:07,256 - BEE-EPT-UA913 - DEBUG - Executing command: TELEMETRY, Priority: 2, Body: {'target': 'MSP_ALTITUDE'}
2026-04-03 10:36:07,268 - BEE-EPT-UA913 - DEBUG - Telemetry: b'\x01\x00\x00\x00\x00\x00'
2026-04-03 10:36:07,268 - BEE-EPT-UA913 - INFO - Autopilot state: {'connection': True, 'bee_state': 'ATACK', 'roll': 1500, 'pitch': 1552, 'yaw': 1500, 'throttle': 1014, 'last_manual_roll': 1500, 'last_manual_pitch': 1552, 'last_manual_yaw': 1500, 'last_manual_throttle': 1014, 'aux3': 1000, 'aux4': 2000, 'aux5': 1500, 'aux6': 1000, 'aux7': 1000, 'battery': 23.8, 'rssi': 964, 'rssi_msg': 'Strong signal', 'speed': 0.0, 'altitude': 0.01, 'caught': True, 'ready_hold_active': False, 'ready_hold_pending_capture': False, 'ready_hold_roll': 1500, 'ready_hold_pitch': 1500, 'ready_hold_yaw': 1500, 'ready_hold_throttle': 1100, 'target_locked': True, 'tracking_bbox': (311, 231, 17, 17), 'attack_error_x': -0.0015625, 'attack_error_y': -0.1684027777777778, 'target_size': 289.0, 'attack_active': True, 'attack_base_roll': 1500, 'attack_base_pitch': 1500, 'attack_base_yaw': 1500, 'attack_base_throttle': 1000, 'prev_attack_error_x': 0.0, 'prev_attack_time': 111.036682345, 'prev_target_size': 289.0}
2026-04-03 10:36:07,319 - BEE-EPT-UA913 - DEBUG - Executing command: TELEMETRY, Priority: 1, Body: {'target': 'MSP_RC'}
2026-04-03 10:36:07,326 - BEE-EPT-UA913 - DEBUG - Telemetry: b'\xdc\x05\x0e\x06\xdc\x05\xf5\x03\xd0\x07\xe8\x03\xe8\x03\xd0\x07\xe8\x03\xe8\x03\xe8\x03\xfd\x05\xdc\x05\xdc\x05\xe8\x03\xe8\x03'
2026-04-03 10:36:07,327 - BEE-EPT-UA913 - INFO - Autopilot state: {'connection': True, 'bee_state': 'ATACK', 'roll': 1500, 'pitch': 1550, 'yaw': 1500, 'throttle': 1013, 'last_manual_roll': 1500, 'last_manual_pitch': 1550, 'last_manual_yaw': 1500, 'last_manual_throttle': 1013, 'aux3': 1000, 'aux4': 2000, 'aux5': 1500, 'aux6': 1000, 'aux7': 1000, 'battery': 23.8, 'rssi': 964, 'rssi_msg': 'Strong signal', 'speed': 0.0, 'altitude': 0.01, 'caught': True, 'ready_hold_active': False, 'ready_hold_pending_capture': False, 'ready_hold_roll': 1500, 'ready_hold_pitch': 1500, 'ready_hold_yaw': 1500, 'ready_hold_throttle': 1100, 'target_locked': True, 'tracking_bbox': (311, 231, 17, 17), 'attack_error_x': -0.0015625, 'attack_error_y': -0.1684027777777778, 'target_size': 289.0, 'attack_active': True, 'attack_base_roll': 1500, 'attack_base_pitch': 1500, 'attack_base_yaw': 1500, 'attack_base_throttle': 1000, 'prev_attack_error_x': 0.0, 'prev_attack_time': 111.086945626, 'prev_target_size': 289.0}
2026-04-03 10:36:07,377 - BEE-EPT-UA913 - DEBUG - Executing command: MONITOR, Priority: 2, Body: {'target': 'MSP_ANALOG'}
2026-04-03 10:36:07,385 - BEE-EPT-UA913 - DEBUG - Monitoring: b'\xe8\x03\x00\xc4\x03\xd8\x01\x10\t'
2026-04-03 10:36:07,385 - BEE-EPT-UA913 - INFO - RSSI: 964, signal: Strong signal, battery voltage: 23.2V
2026-04-03 10:36:07,440 - BEE-EPT-UA913 - DEBUG - Executing command: TELEMETRY, Priority: 1, Body: {'target': 'MSP_RC'}
2026-04-03 10:36:07,457 - BEE-EPT-UA913 - DEBUG - Telemetry: b'\xdc\x05\x0e\x06\xdc\x05\xf5\x03\xd0\x07\xe8\x03\xe8\x03\xd0\x07\xe8\x03\xd0\x07\xe8\x03\xfd\x05\xdc\x05\xdc\x05\xe8\x03\xe8\x03'
2026-04-03 10:36:07,457 - BEE-EPT-UA913 - INFO - Autopilot state: {'connection': True, 'bee_state': 'ATACK', 'roll': 1500, 'pitch': 1550, 'yaw': 1500, 'throttle': 1013, 'last_manual_roll': 1500, 'last_manual_pitch': 1550, 'last_manual_yaw': 1500, 'last_manual_throttle': 1013, 'aux3': 1000, 'aux4': 2000, 'aux5': 1500, 'aux6': 1000, 'aux7': 1000, 'battery': 23.2, 'rssi': 964, 'rssi_msg': 'Strong signal', 'speed': 0.0, 'altitude': 0.01, 'caught': True, 'ready_hold_active': False, 'ready_hold_pending_capture': False, 'ready_hold_roll': 1500, 'ready_hold_pitch': 1500, 'ready_hold_yaw': 1500, 'ready_hold_throttle': 1100, 'target_locked': True, 'tracking_bbox': (311, 231, 17, 17), 'attack_error_x': -0.0015625, 'attack_error_y': -0.1684027777777778, 'target_size': 289.0, 'attack_active': True, 'attack_base_roll': 1500, 'attack_base_pitch': 1500, 'attack_base_yaw': 1500, 'attack_base_throttle': 1000, 'prev_attack_error_x': 0.0, 'prev_attack_time': 111.240352202, 'prev_target_size': 289.0}
2026-04-03 10:36:07,508 - BEE-EPT-UA913 - DEBUG - Executing command: TELEMETRY, Priority: 1, Body: {'target': 'MSP_RC'}
2026-04-03 10:36:07,518 - BEE-EPT-UA913 - DEBUG - Telemetry: b'\xdc\x05\x0e\x06\xdc\x05\xf5\x03\xd0\x07\xe8\x03\xe8\x03\xd0\x07\xe8\x03\xd0\x07\xe8\x03\xfd\x05\xdc\x05\xdc\x05\xe8\x03\xe8\x03'
2026-04-03 10:36:07,518 - BEE-EPT-UA913 - INFO - Autopilot state: {'connection': True, 'bee_state': 'ATACK', 'roll': 1500, 'pitch': 1550, 'yaw': 1500, 'throttle': 1013, 'last_manual_roll': 1500, 'last_manual_pitch': 1550, 'last_manual_yaw': 1500, 'last_manual_throttle': 1013, 'aux3': 1000, 'aux4': 2000, 'aux5': 1500, 'aux6': 1000, 'aux7': 1000, 'battery': 23.2, 'rssi': 964, 'rssi_msg': 'Strong signal', 'speed': 0.0, 'altitude': 0.01, 'caught': True, 'ready_hold_active': False, 'ready_hold_pending_capture': False, 'ready_hold_roll': 1500, 'ready_hold_pitch': 1500, 'ready_hold_yaw': 1500, 'ready_hold_throttle': 1100, 'target_locked': True, 'tracking_bbox': (316, 230, 17, 17), 'attack_error_x': 0.0140625, 'attack_error_y': -0.171875, 'target_size': 289.0, 'attack_active': True, 'attack_base_roll': 1500, 'attack_base_pitch': 1500, 'attack_base_yaw': 1500, 'attack_base_throttle': 1000, 'prev_attack_error_x': 0.0, 'prev_attack_time': 111.290684206, 'prev_target_size': 289.0}
2026-04-03 10:36:07,610 - BEE-EPT-UA913 - DEBUG - Executing command: TELEMETRY, Priority: 1, Body: {'target': 'MSP_RC'}
2026-04-03 10:36:07,618 - BEE-EPT-UA913 - DEBUG - Telemetry: b'\xdc\x05\x0e\x06\xdc\x05\xf5\x03\xd0\x07\xe8\x03\xe8\x03\xd0\x07\xe8\x03\xd0\x07\xe8\x03\xfd\x05\xdc\x05\xdc\x05\xe8\x03\xe8\x03'
2026-04-03 10:36:07,618 - BEE-EPT-UA913 - INFO - Autopilot state: {'connection': True, 'bee_state': 'ATACK', 'roll': 1500, 'pitch': 1550, 'yaw': 1500, 'throttle': 1013, 'last_manual_roll': 1500, 'last_manual_pitch': 1550, 'last_manual_yaw': 1500, 'last_manual_throttle': 1013, 'aux3': 1000, 'aux4': 2000, 'aux5': 1500, 'aux6': 1000, 'aux7': 1000, 'battery': 23.2, 'rssi': 964, 'rssi_msg': 'Strong signal', 'speed': 0.0, 'altitude': 0.01, 'caught': True, 'ready_hold_active': False, 'ready_hold_pending_capture': False, 'ready_hold_roll': 1500, 'ready_hold_pitch': 1500, 'ready_hold_yaw': 1500, 'ready_hold_throttle': 1100, 'target_locked': True, 'tracking_bbox': (316, 230, 17, 17), 'attack_error_x': 0.0140625, 'attack_error_y': -0.171875, 'target_size': 289.0, 'attack_active': True, 'attack_base_roll': 1500, 'attack_base_pitch': 1500, 'attack_base_yaw': 1500, 'attack_base_throttle': 1000, 'prev_attack_error_x': 0.0, 'prev_attack_time': 111.394368743, 'prev_target_size': 289.0}
2026-04-03 10:36:07,710 - BEE-EPT-UA913 - DEBUG - Executing command: TELEMETRY, Priority: 1, Body: {'target': 'MSP_RC'}
2026-04-03 10:36:07,718 - BEE-EPT-UA913 - DEBUG - Telemetry: b'\xdc\x05\xdc\x05\xdc\x05\xdd\x03\xd0\x07\xe8\x03\xe8\x03\xe8\x03\xe8\x03\xd0\x07\xe8\x03\xfd\x05\xdc\x05\xdc\x05\xe8\x03\xe8\x03'
2026-04-03 10:36:07,718 - BEE-EPT-UA913 - INFO - Bee state changed to [OFF]
2026-04-03 10:36:07,748 - BEE-EPT-UA913 - INFO - [ATACK MODE STOPPED]
2026-04-03 10:36:07,749 - BEE-EPT-UA913 - INFO - Autopilot state: {'connection': True, 'bee_state': 'OFF', 'roll': 1500, 'pitch': 1500, 'yaw': 1500, 'throttle': 989, 'last_manual_roll': 1500, 'last_manual_pitch': 1500, 'last_manual_yaw': 1500, 'last_manual_throttle': 989, 'aux3': 1000, 'aux4': 1000, 'aux5': 1500, 'aux6': 1000, 'aux7': 1000, 'battery': 23.2, 'rssi': 964, 'rssi_msg': 'Strong signal', 'speed': 0.0, 'altitude': 0.01, 'caught': False, 'ready_hold_active': False, 'ready_hold_pending_capture': False, 'ready_hold_roll': 1500, 'ready_hold_pitch': 1500, 'ready_hold_yaw': 1500, 'ready_hold_throttle': 1100, 'target_locked': False, 'tracking_bbox': None, 'attack_error_x': 0.0, 'attack_error_y': 0.0, 'target_size': 0.0, 'attack_active': False, 'attack_base_roll': 1500, 'attack_base_pitch': 1500, 'attack_base_yaw': 1500, 'attack_base_throttle': 1000, 'prev_attack_error_x': 0.0, 'prev_attack_time': None, 'prev_target_size': 0.0}
2026-04-03 10:36:07,811 - BEE-EPT-UA913 - DEBUG - Executing command: TELEMETRY, Priority: 1, Body: {'target': 'MSP_RC'}
2026-04-03 10:36:07,836 - BEE-EPT-UA913 - DEBUG - Telemetry: b'\xdc\x05\xdc\x05\xdc\x05\xdd\x03\xd0\x07\xe8\x03\xe8\x03\xe8\x03\xe8\x03\xe8\x03\xe8\x03\xfd\x05\xdc\x05\xdc\x05\xe8\x03\xe8\x03'
2026-04-03 10:36:07,836 - BEE-EPT-UA913 - INFO - Autopilot state: {'connection': True, 'bee_state': 'OFF', 'roll': 1500, 'pitch': 1500, 'yaw': 1500, 'throttle': 989, 'last_manual_roll': 1500, 'last_manual_pitch': 1500, 'last_manual_yaw': 1500, 'last_manual_throttle': 989, 'aux3': 1000, 'aux4': 1000, 'aux5': 1500, 'aux6': 1000, 'aux7': 1000, 'battery': 23.2, 'rssi': 964, 'rssi_msg': 'Strong signal', 'speed': 0.0, 'altitude': 0.01, 'caught': False, 'ready_hold_active': False, 'ready_hold_pending_capture': False, 'ready_hold_roll': 1500, 'ready_hold_pitch': 1500, 'ready_hold_yaw': 1500, 'ready_hold_throttle': 1100, 'target_locked': False, 'tracking_bbox': None, 'attack_error_x': 0.0, 'attack_error_y': 0.0, 'target_size': 0.0, 'attack_active': False, 'attack_base_roll': 1500, 'attack_base_pitch': 1500, 'attack_base_yaw': 1500, 'attack_base_throttle': 1000, 'prev_attack_error_x': 0.0, 'prev_attack_time': None, 'prev_target_size': 0.0}
2026-04-03 10:36:07,887 - BEE-EPT-UA913 - DEBUG - Executing command: TELEMETRY, Priority: 2, Body: {'target': 'MSP_ALTITUDE'}
2026-04-03 10:36:07,897 - BEE-EPT-UA913 - DEBUG - Telemetry: b'\x03\x00\x00\x00\x00\x00'
2026-04-03 10:36:07,897 - BEE-EPT-UA913 - INFO - Autopilot state: {'connection': True, 'bee_state': 'OFF', 'roll': 1500, 'pitch': 1500, 'yaw': 1500, 'throttle': 989, 'last_manual_roll': 1500, 'last_manual_pitch': 1500, 'last_manual_yaw': 1500, 'last_manual_throttle': 989, 'aux3': 1000, 'aux4': 1000, 'aux5': 1500, 'aux6': 1000, 'aux7': 1000, 'battery': 23.2, 'rssi': 964, 'rssi_msg': 'Strong signal', 'speed': 0.0, 'altitude': 0.03, 'caught': False, 'ready_hold_active': False, 'ready_hold_pending_capture': False, 'ready_hold_roll': 1500, 'ready_hold_pitch': 1500, 'ready_hold_yaw': 1500, 'ready_hold_throttle': 1100, 'target_locked': False, 'tracking_bbox': None, 'attack_error_x': 0.0, 'attack_error_y': 0.0, 'target_size': 0.0, 'attack_active': False, 'attack_base_roll': 1500, 'attack_base_pitch': 1500, 'attack_base_yaw': 1500, 'attack_base_throttle': 1000, 'prev_attack_error_x': 0.0, 'prev_attack_time': None, 'prev_target_size': 0.0}
2026-04-03 10:36:07,947 - BEE-EPT-UA913 - DEBUG - Executing command: MONITOR, Priority: 2, Body: {'target': 'MSP_ANALOG'}
2026-04-03 10:36:07,958 - BEE-EPT-UA913 - DEBUG - Monitoring: b'\xe7\x03\x00\xc3\x03\x88\x01\x05\t'
2026-04-03 10:36:07,958 - BEE-EPT-UA913 - INFO - RSSI: 963, signal: Strong signal, battery voltage: 23.1V
2026-04-03 10:36:08,346 - BEE-EPT-UA913 - INFO - [TRACKING COMPLETED]
2026-04-03 10:36:09,814 - BEE-EPT-UA913 - DEBUG - Executing command: TELEMETRY, Priority: 1, Body: {'target': 'MSP_RC'}
2026-04-03 10:36:09,820 - BEE-EPT-UA913 - DEBUG - Telemetry: b'\xdc\x05\xdc\x05\xdc\x05\xdd\x03\xe8\x03\xe8\x03\xe8\x03\xe8\x03\xe8\x03\xe8\x03\xe8\x03\xfd\x05\xdc\x05\xdc\x05\xe8\x03\xe8\x03'
2026-04-03 10:36:09,820 - BEE-EPT-UA913 - INFO - Autopilot state: {'connection': True, 'bee_state': 'OFF', 'roll': 1500, 'pitch': 1500, 'yaw': 1500, 'throttle': 989, 'last_manual_roll': 1500, 'last_manual_pitch': 1500, 'last_manual_yaw': 1500, 'last_manual_throttle': 989, 'aux3': 1000, 'aux4': 1000, 'aux5': 1500, 'aux6': 1000, 'aux7': 1000, 'battery': 23.1, 'rssi': 963, 'rssi_msg': 'Strong signal', 'speed': 0.0, 'altitude': 0.03, 'caught': False, 'ready_hold_active': False, 'ready_hold_pending_capture': False, 'ready_hold_roll': 1500, 'ready_hold_pitch': 1500, 'ready_hold_yaw': 1500, 'ready_hold_throttle': 1100, 'target_locked': False, 'tracking_bbox': None, 'attack_error_x': 0.0, 'attack_error_y': 0.0, 'target_size': 0.0, 'attack_active': False, 'attack_base_roll': 1500, 'attack_base_pitch': 1500, 'attack_base_yaw': 1500, 'attack_base_throttle': 1000, 'prev_attack_error_x': 0.0, 'prev_attack_time': None, 'prev_target_size': 0.0}
2026-04-03 10:36:09,870 - BEE-EPT-UA913 - DEBUG - Executing command: TELEMETRY, Priority: 2, Body: {'target': 'MSP_ALTITUDE'}
2026-04-03 10:36:09,878 - BEE-EPT-UA913 - DEBUG - Telemetry: b'\x00\x00\x00\x00\x00\x00'
2026-04-03 10:36:09,878 - BEE-EPT-UA913 - INFO - Autopilot state: {'connection': True, 'bee_state': 'OFF', 'roll': 1500, 'pitch': 1500, 'yaw': 1500, 'throttle': 989, 'last_manual_roll': 1500, 'last_manual_pitch': 1500, 'last_manual_yaw': 1500, 'last_manual_throttle': 989, 'aux3': 1000, 'aux4': 1000, 'aux5': 1500, 'aux6': 1000, 'aux7': 1000, 'battery': 23.1, 'rssi': 963, 'rssi_msg': 'Strong signal', 'speed': 0.0, 'altitude': 0.0, 'caught': False, 'ready_hold_active': False, 'ready_hold_pending_capture': False, 'ready_hold_roll': 1500, 'ready_hold_pitch': 1500, 'ready_hold_yaw': 1500, 'ready_hold_throttle': 1100, 'target_locked': False, 'tracking_bbox': None, 'attack_error_x': 0.0, 'attack_error_y': 0.0, 'target_size': 0.0, 'attack_active': False, 'attack_base_roll': 1500, 'attack_base_pitch': 1500, 'attack_base_yaw': 1500, 'attack_base_throttle': 1000, 'prev_attack_error_x': 0.0, 'prev_attack_time': None, 'prev_target_size': 0.0}
2026-04-03 10:36:09,928 - BEE-EPT-UA913 - DEBUG - Executing command: MONITOR, Priority: 2, Body: {'target': 'MSP_ANALOG'}
2026-04-03 10:36:09,938 - BEE-EPT-UA913 - DEBUG - Monitoring: b'\xed\x04\x00\xc6\x03\x08\x00C\t'
2026-04-03 10:36:09,938 - BEE-EPT-UA913 - INFO - RSSI: 966, signal: Strong signal, battery voltage: 23.7V
2026-04-03 10:36:11,817 - BEE-EPT-UA913 - DEBUG - Executing command: TELEMETRY, Priority: 1, Body: {'target': 'MSP_RC'}
2026-04-03 10:36:11,830 - BEE-EPT-UA913 - DEBUG - Telemetry: b'\xdc\x05\xdc\x05\xdc\x05\xdd\x03\xe8\x03\xe8\x03\xe8\x03\xe8\x03\xe8\x03\xe8\x03\xe8\x03\xfd\x05\xdc\x05\xdc\x05\xe8\x03\xe8\x03'
2026-04-03 10:36:11,831 - BEE-EPT-UA913 - INFO - Autopilot state: {'connection': True, 'bee_state': 'OFF', 'roll': 1500, 'pitch': 1500, 'yaw': 1500, 'throttle': 989, 'last_manual_roll': 1500, 'last_manual_pitch': 1500, 'last_manual_yaw': 1500, 'last_manual_throttle': 989, 'aux3': 1000, 'aux4': 1000, 'aux5': 1500, 'aux6': 1000, 'aux7': 1000, 'battery': 23.7, 'rssi': 966, 'rssi_msg': 'Strong signal', 'speed': 0.0, 'altitude': 0.0, 'caught': False, 'ready_hold_active': False, 'ready_hold_pending_capture': False, 'ready_hold_roll': 1500, 'ready_hold_pitch': 1500, 'ready_hold_yaw': 1500, 'ready_hold_throttle': 1100, 'target_locked': False, 'tracking_bbox': None, 'attack_error_x': 0.0, 'attack_error_y': 0.0, 'target_size': 0.0, 'attack_active': False, 'attack_base_roll': 1500, 'attack_base_pitch': 1500, 'attack_base_yaw': 1500, 'attack_base_throttle': 1000, 'prev_attack_error_x': 0.0, 'prev_attack_time': None, 'prev_target_size': 0.0}
2026-04-03 10:36:11,881 - BEE-EPT-UA913 - DEBUG - Executing command: TELEMETRY, Priority: 2, Body: {'target': 'MSP_ALTITUDE'}
2026-04-03 10:36:11,889 - BEE-EPT-UA913 - DEBUG - Telemetry: b'\x11\x00\x00\x00\x00\x00'
2026-04-03 10:36:11,889 - BEE-EPT-UA913 - INFO - Autopilot state: {'connection': True, 'bee_state': 'OFF', 'roll': 1500, 'pitch': 1500, 'yaw': 1500, 'throttle': 989, 'last_manual_roll': 1500, 'last_manual_pitch': 1500, 'last_manual_yaw': 1500, 'last_manual_throttle': 989, 'aux3': 1000, 'aux4': 1000, 'aux5': 1500, 'aux6': 1000, 'aux7': 1000, 'battery': 23.7, 'rssi': 966, 'rssi_msg': 'Strong signal', 'speed': 0.0, 'altitude': 0.17, 'caught': False, 'ready_hold_active': False, 'ready_hold_pending_capture': False, 'ready_hold_roll': 1500, 'ready_hold_pitch': 1500, 'ready_hold_yaw': 1500, 'ready_hold_throttle': 1100, 'target_locked': False, 'tracking_bbox': None, 'attack_error_x': 0.0, 'attack_error_y': 0.0, 'target_size': 0.0, 'attack_active': False, 'attack_base_roll': 1500, 'attack_base_pitch': 1500, 'attack_base_yaw': 1500, 'attack_base_throttle': 1000, 'prev_attack_error_x': 0.0, 'prev_attack_time': None, 'prev_target_size': 0.0}
2026-04-03 10:36:11,939 - BEE-EPT-UA913 - DEBUG - Executing command: MONITOR, Priority: 2, Body: {'target': 'MSP_ANALOG'}
2026-04-03 10:36:11,949 - BEE-EPT-UA913 - DEBUG - Monitoring: b'\xee\x04\x00\xc1\x03\x08\x00H\t'
2026-04-03 10:36:11,950 - BEE-EPT-UA913 - INFO - RSSI: 961, signal: Strong signal, battery voltage: 23.8V
2026-04-03 10:36:13,821 - BEE-EPT-UA913 - DEBUG - Executing command: TELEMETRY, Priority: 1, Body: {'target': 'MSP_RC'}
2026-04-03 10:36:13,831 - BEE-EPT-UA913 - DEBUG - Telemetry: b'\xdc\x05\xdc\x05\xdc\x05\xdd\x03\xe8\x03\xe8\x03\xe8\x03\xe8\x03\xe8\x03\xe8\x03\xe8\x03\xfd\x05\xdc\x05\xdc\x05\xe8\x03\xe8\x03'
2026-04-03 10:36:13,831 - BEE-EPT-UA913 - INFO - Autopilot state: {'connection': True, 'bee_state': 'OFF', 'roll': 1500, 'pitch': 1500, 'yaw': 1500, 'throttle': 989, 'last_manual_roll': 1500, 'last_manual_pitch': 1500, 'last_manual_yaw': 1500, 'last_manual_throttle': 989, 'aux3': 1000, 'aux4': 1000, 'aux5': 1500, 'aux6': 1000, 'aux7': 1000, 'battery': 23.8, 'rssi': 961, 'rssi_msg': 'Strong signal', 'speed': 0.0, 'altitude': 0.17, 'caught': False, 'ready_hold_active': False, 'ready_hold_pending_capture': False, 'ready_hold_roll': 1500, 'ready_hold_pitch': 1500, 'ready_hold_yaw': 1500, 'ready_hold_throttle': 1100, 'target_locked': False, 'tracking_bbox': None, 'attack_error_x': 0.0, 'attack_error_y': 0.0, 'target_size': 0.0, 'attack_active': False, 'attack_base_roll': 1500, 'attack_base_pitch': 1500, 'attack_base_yaw': 1500, 'attack_base_throttle': 1000, 'prev_attack_error_x': 0.0, 'prev_attack_time': None, 'prev_target_size': 0.0}
2026-04-03 10:36:13,882 - BEE-EPT-UA913 - DEBUG - Executing command: TELEMETRY, Priority: 2, Body: {'target': 'MSP_ALTITUDE'}
2026-04-03 10:36:13,889 - BEE-EPT-UA913 - DEBUG - Telemetry: b'\x19\x00\x00\x00\x00\x00'
2026-04-03 10:36:13,889 - BEE-EPT-UA913 - INFO - Autopilot state: {'connection': True, 'bee_state': 'OFF', 'roll': 1500, 'pitch': 1500, 'yaw': 1500, 'throttle': 989, 'last_manual_roll': 1500, 'last_manual_pitch': 1500, 'last_manual_yaw': 1500, 'last_manual_throttle': 989, 'aux3': 1000, 'aux4': 1000, 'aux5': 1500, 'aux6': 1000, 'aux7': 1000, 'battery': 23.8, 'rssi': 961, 'rssi_msg': 'Strong signal', 'speed': 0.0, 'altitude': 0.25, 'caught': False, 'ready_hold_active': False, 'ready_hold_pending_capture': False, 'ready_hold_roll': 1500, 'ready_hold_pitch': 1500, 'ready_hold_yaw': 1500, 'ready_hold_throttle': 1100, 'target_locked': False, 'tracking_bbox': None, 'attack_error_x': 0.0, 'attack_error_y': 0.0, 'target_size': 0.0, 'attack_active': False, 'attack_base_roll': 1500, 'attack_base_pitch': 1500, 'attack_base_yaw': 1500, 'attack_base_throttle': 1000, 'prev_attack_error_x': 0.0, 'prev_attack_time': None, 'prev_target_size': 0.0}
2026-04-03 10:36:13,939 - BEE-EPT-UA913 - DEBUG - Executing command: MONITOR, Priority: 2, Body: {'target': 'MSP_ANALOG'}
2026-04-03 10:36:13,949 - BEE-EPT-UA913 - DEBUG - Monitoring: b'\xee\x04\x00\xac\x03\x00\x00I\t'
2026-04-03 10:36:13,949 - BEE-EPT-UA913 - INFO - RSSI: 940, signal: Strong signal, battery voltage: 23.8V
2026-04-03 10:36:15,825 - BEE-EPT-UA913 - DEBUG - Executing command: TELEMETRY, Priority: 1, Body: {'target': 'MSP_RC'}
2026-04-03 10:36:15,830 - BEE-EPT-UA913 - DEBUG - Telemetry: b'\xdc\x05\xdc\x05\xdc\x05\xdd\x03\xe8\x03\xe8\x03\xe8\x03\xe8\x03\xe8\x03\xe8\x03\xe8\x03\xfd\x05\xdc\x05\xdc\x05\xe8\x03\xe8\x03'
2026-04-03 10:36:15,831 - BEE-EPT-UA913 - INFO - Autopilot state: {'connection': True, 'bee_state': 'OFF', 'roll': 1500, 'pitch': 1500, 'yaw': 1500, 'throttle': 989, 'last_manual_roll': 1500, 'last_manual_pitch': 1500, 'last_manual_yaw': 1500, 'last_manual_throttle': 989, 'aux3': 1000, 'aux4': 1000, 'aux5': 1500, 'aux6': 1000, 'aux7': 1000, 'battery': 23.8, 'rssi': 940, 'rssi_msg': 'Strong signal', 'speed': 0.0, 'altitude': 0.25, 'caught': False, 'ready_hold_active': False, 'ready_hold_pending_capture': False, 'ready_hold_roll': 1500, 'ready_hold_pitch': 1500, 'ready_hold_yaw': 1500, 'ready_hold_throttle': 1100, 'target_locked': False, 'tracking_bbox': None, 'attack_error_x': 0.0, 'attack_error_y': 0.0, 'target_size': 0.0, 'attack_active': False, 'attack_base_roll': 1500, 'attack_base_pitch': 1500, 'attack_base_yaw': 1500, 'attack_base_throttle': 1000, 'prev_attack_error_x': 0.0, 'prev_attack_time': None, 'prev_target_size': 0.0}
2026-04-03 10:36:15,881 - BEE-EPT-UA913 - DEBUG - Executing command: TELEMETRY, Priority: 2, Body: {'target': 'MSP_ALTITUDE'}
2026-04-03 10:36:15,888 - BEE-EPT-UA913 - DEBUG - Telemetry: b'"\x00\x00\x00\x00\x00'
2026-04-03 10:36:15,889 - BEE-EPT-UA913 - INFO - Autopilot state: {'connection': True, 'bee_state': 'OFF', 'roll': 1500, 'pitch': 1500, 'yaw': 1500, 'throttle': 989, 'last_manual_roll': 1500, 'last_manual_pitch': 1500, 'last_manual_yaw': 1500, 'last_manual_throttle': 989, 'aux3': 1000, 'aux4': 1000, 'aux5': 1500, 'aux6': 1000, 'aux7': 1000, 'battery': 23.8, 'rssi': 940, 'rssi_msg': 'Strong signal', 'speed': 0.0, 'altitude': 0.34, 'caught': False, 'ready_hold_active': False, 'ready_hold_pending_capture': False, 'ready_hold_roll': 1500, 'ready_hold_pitch': 1500, 'ready_hold_yaw': 1500, 'ready_hold_throttle': 1100, 'target_locked': False, 'tracking_bbox': None, 'attack_error_x': 0.0, 'attack_error_y': 0.0, 'target_size': 0.0, 'attack_active': False, 'attack_base_roll': 1500, 'attack_base_pitch': 1500, 'attack_base_yaw': 1500, 'attack_base_throttle': 1000, 'prev_attack_error_x': 0.0, 'prev_attack_time': None, 'prev_target_size': 0.0}
2026-04-03 10:36:15,939 - BEE-EPT-UA913 - DEBUG - Executing command: MONITOR, Priority: 2, Body: {'target': 'MSP_ANALOG'}
2026-04-03 10:36:15,949 - BEE-EPT-UA913 - DEBUG - Monitoring: b'\xee\x04\x00\xbf\x03\x00\x00J\t'
2026-04-03 10:36:15,949 - BEE-EPT-UA913 - INFO - RSSI: 959, signal: Strong signal, battery voltage: 23.8V
2026-04-03 10:36:17,830 - BEE-EPT-UA913 - DEBUG - Executing command: TELEMETRY, Priority: 1, Body: {'target': 'MSP_RC'}
2026-04-03 10:36:17,840 - BEE-EPT-UA913 - DEBUG - Telemetry: b'\xdc\x05\xdc\x05\xdc\x05\xdd\x03\xe8\x03\xe8\x03\xe8\x03\xe8\x03\xe8\x03\xe8\x03\xe8\x03\xfd\x05\xdc\x05\xdc\x05\xe8\x03\xe8\x03'
2026-04-03 10:36:17,840 - BEE-EPT-UA913 - INFO - Autopilot state: {'connection': True, 'bee_state': 'OFF', 'roll': 1500, 'pitch': 1500, 'yaw': 1500, 'throttle': 989, 'last_manual_roll': 1500, 'last_manual_pitch': 1500, 'last_manual_yaw': 1500, 'last_manual_throttle': 989, 'aux3': 1000, 'aux4': 1000, 'aux5': 1500, 'aux6': 1000, 'aux7': 1000, 'battery': 23.8, 'rssi': 959, 'rssi_msg': 'Strong signal', 'speed': 0.0, 'altitude': 0.34, 'caught': False, 'ready_hold_active': False, 'ready_hold_pending_capture': False, 'ready_hold_roll': 1500, 'ready_hold_pitch': 1500, 'ready_hold_yaw': 1500, 'ready_hold_throttle': 1100, 'target_locked': False, 'tracking_bbox': None, 'attack_error_x': 0.0, 'attack_error_y': 0.0, 'target_size': 0.0, 'attack_active': False, 'attack_base_roll': 1500, 'attack_base_pitch': 1500, 'attack_base_yaw': 1500, 'attack_base_throttle': 1000, 'prev_attack_error_x': 0.0, 'prev_attack_time': None, 'prev_target_size': 0.0}
2026-04-03 10:36:17,891 - BEE-EPT-UA913 - DEBUG - Executing command: TELEMETRY, Priority: 2, Body: {'target': 'MSP_ALTITUDE'}
2026-04-03 10:36:17,898 - BEE-EPT-UA913 - DEBUG - Telemetry: b'*\x00\x00\x00\x00\x00'
2026-04-03 10:36:17,898 - BEE-EPT-UA913 - INFO - Autopilot state: {'connection': True, 'bee_state': 'OFF', 'roll': 1500, 'pitch': 1500, 'yaw': 1500, 'throttle': 989, 'last_manual_roll': 1500, 'last_manual_pitch': 1500, 'last_manual_yaw': 1500, 'last_manual_throttle': 989, 'aux3': 1000, 'aux4': 1000, 'aux5': 1500, 'aux6': 1000, 'aux7': 1000, 'battery': 23.8, 'rssi': 959, 'rssi_msg': 'Strong signal', 'speed': 0.0, 'altitude': 0.42, 'caught': False, 'ready_hold_active': False, 'ready_hold_pending_capture': False, 'ready_hold_roll': 1500, 'ready_hold_pitch': 1500, 'ready_hold_yaw': 1500, 'ready_hold_throttle': 1100, 'target_locked': False, 'tracking_bbox': None, 'attack_error_x': 0.0, 'attack_error_y': 0.0, 'target_size': 0.0, 'attack_active': False, 'attack_base_roll': 1500, 'attack_base_pitch': 1500, 'attack_base_yaw': 1500, 'attack_base_throttle': 1000, 'prev_attack_error_x': 0.0, 'prev_attack_time': None, 'prev_target_size': 0.0}
2026-04-03 10:36:17,949 - BEE-EPT-UA913 - DEBUG - Executing command: MONITOR, Priority: 2, Body: {'target': 'MSP_ANALOG'}
2026-04-03 10:36:17,958 - BEE-EPT-UA913 - DEBUG - Monitoring: b'\xee\x04\x00\xbf\x03\x04\x00J\t'
2026-04-03 10:36:17,958 - BEE-EPT-UA913 - INFO - RSSI: 959, signal: Strong signal, battery voltage: 23.8V
2026-04-03 10:36:19,834 - BEE-EPT-UA913 - DEBUG - Executing command: TELEMETRY, Priority: 1, Body: {'target': 'MSP_RC'}
2026-04-03 10:36:19,839 - BEE-EPT-UA913 - DEBUG - Telemetry: b'\xdc\x05\xdc\x05\xdc\x05\xdd\x03\xd0\x07\xe8\x03\xe8\x03\xe8\x03\xe8\x03\xe8\x03\xe8\x03\xfd\x05\xdc\x05\xdc\x05\xe8\x03\xe8\x03'
2026-04-03 10:36:19,839 - BEE-EPT-UA913 - INFO - Autopilot state: {'connection': True, 'bee_state': 'OFF', 'roll': 1500, 'pitch': 1500, 'yaw': 1500, 'throttle': 989, 'last_manual_roll': 1500, 'last_manual_pitch': 1500, 'last_manual_yaw': 1500, 'last_manual_throttle': 989, 'aux3': 1000, 'aux4': 1000, 'aux5': 1500, 'aux6': 1000, 'aux7': 1000, 'battery': 23.8, 'rssi': 959, 'rssi_msg': 'Strong signal', 'speed': 0.0, 'altitude': 0.42, 'caught': False, 'ready_hold_active': False, 'ready_hold_pending_capture': False, 'ready_hold_roll': 1500, 'ready_hold_pitch': 1500, 'ready_hold_yaw': 1500, 'ready_hold_throttle': 1100, 'target_locked': False, 'tracking_bbox': None, 'attack_error_x': 0.0, 'attack_error_y': 0.0, 'target_size': 0.0, 'attack_active': False, 'attack_base_roll': 1500, 'attack_base_pitch': 1500, 'attack_base_yaw': 1500, 'attack_base_throttle': 1000, 'prev_attack_error_x': 0.0, 'prev_attack_time': None, 'prev_target_size': 0.0}
2026-04-03 10:36:19,890 - BEE-EPT-UA913 - DEBUG - Executing command: TELEMETRY, Priority: 2, Body: {'target': 'MSP_ALTITUDE'}
2026-04-03 10:36:19,897 - BEE-EPT-UA913 - DEBUG - Telemetry: b'\x00\x00\x00\x00\x00\x00'
2026-04-03 10:36:19,897 - BEE-EPT-UA913 - INFO - Autopilot state: {'connection': True, 'bee_state': 'OFF', 'roll': 1500, 'pitch': 1500, 'yaw': 1500, 'throttle': 989, 'last_manual_roll': 1500, 'last_manual_pitch': 1500, 'last_manual_yaw': 1500, 'last_manual_throttle': 989, 'aux3': 1000, 'aux4': 1000, 'aux5': 1500, 'aux6': 1000, 'aux7': 1000, 'battery': 23.8, 'rssi': 959, 'rssi_msg': 'Strong signal', 'speed': 0.0, 'altitude': 0.0, 'caught': False, 'ready_hold_active': False, 'ready_hold_pending_capture': False, 'ready_hold_roll': 1500, 'ready_hold_pitch': 1500, 'ready_hold_yaw': 1500, 'ready_hold_throttle': 1100, 'target_locked': False, 'tracking_bbox': None, 'attack_error_x': 0.0, 'attack_error_y': 0.0, 'target_size': 0.0, 'attack_active': False, 'attack_base_roll': 1500, 'attack_base_pitch': 1500, 'attack_base_yaw': 1500, 'attack_base_throttle': 1000, 'prev_attack_error_x': 0.0, 'prev_attack_time': None, 'prev_target_size': 0.0}
2026-04-03 10:36:19,948 - BEE-EPT-UA913 - DEBUG - Executing command: MONITOR, Priority: 2, Body: {'target': 'MSP_ANALOG'}
2026-04-03 10:36:19,957 - BEE-EPT-UA913 - DEBUG - Monitoring: b'\xee\x04\x00\xc3\x03\x14\x00H\t'
2026-04-03 10:36:19,958 - BEE-EPT-UA913 - INFO - RSSI: 963, signal: Strong signal, battery voltage: 23.8V
2026-04-03 10:36:21,838 - BEE-EPT-UA913 - DEBUG - Executing command: TELEMETRY, Priority: 1, Body: {'target': 'MSP_RC'}
2026-04-03 10:36:21,848 - BEE-EPT-UA913 - DEBUG - Telemetry: b'\xdc\x05\xdc\x05\xdc\x05\xdd\x03\xd0\x07\xe8\x03\xe8\x03\xe8\x03\xe8\x03\xe8\x03\xe8\x03\xfd\x05\xdc\x05\xdc\x05\xe8\x03\xe8\x03'
2026-04-03 10:36:21,849 - BEE-EPT-UA913 - INFO - Autopilot state: {'connection': True, 'bee_state': 'OFF', 'roll': 1500, 'pitch': 1500, 'yaw': 1500, 'throttle': 989, 'last_manual_roll': 1500, 'last_manual_pitch': 1500, 'last_manual_yaw': 1500, 'last_manual_throttle': 989, 'aux3': 1000, 'aux4': 1000, 'aux5': 1500, 'aux6': 1000, 'aux7': 1000, 'battery': 23.8, 'rssi': 963, 'rssi_msg': 'Strong signal', 'speed': 0.0, 'altitude': 0.0, 'caught': False, 'ready_hold_active': False, 'ready_hold_pending_capture': False, 'ready_hold_roll': 1500, 'ready_hold_pitch': 1500, 'ready_hold_yaw': 1500, 'ready_hold_throttle': 1100, 'target_locked': False, 'tracking_bbox': None, 'attack_error_x': 0.0, 'attack_error_y': 0.0, 'target_size': 0.0, 'attack_active': False, 'attack_base_roll': 1500, 'attack_base_pitch': 1500, 'attack_base_yaw': 1500, 'attack_base_throttle': 1000, 'prev_attack_error_x': 0.0, 'prev_attack_time': None, 'prev_target_size': 0.0}
2026-04-03 10:36:21,899 - BEE-EPT-UA913 - DEBUG - Executing command: TELEMETRY, Priority: 2, Body: {'target': 'MSP_ALTITUDE'}
2026-04-03 10:36:21,906 - BEE-EPT-UA913 - DEBUG - Telemetry: b'\xfe\xff\xff\xff\x00\x00'
2026-04-03 10:36:21,907 - BEE-EPT-UA913 - INFO - Autopilot state: {'connection': True, 'bee_state': 'OFF', 'roll': 1500, 'pitch': 1500, 'yaw': 1500, 'throttle': 989, 'last_manual_roll': 1500, 'last_manual_pitch': 1500, 'last_manual_yaw': 1500, 'last_manual_throttle': 989, 'aux3': 1000, 'aux4': 1000, 'aux5': 1500, 'aux6': 1000, 'aux7': 1000, 'battery': 23.8, 'rssi': 963, 'rssi_msg': 'Strong signal', 'speed': 0.0, 'altitude': -0.02, 'caught': False, 'ready_hold_active': False, 'ready_hold_pending_capture': False, 'ready_hold_roll': 1500, 'ready_hold_pitch': 1500, 'ready_hold_yaw': 1500, 'ready_hold_throttle': 1100, 'target_locked': False, 'tracking_bbox': None, 'attack_error_x': 0.0, 'attack_error_y': 0.0, 'target_size': 0.0, 'attack_active': False, 'attack_base_roll': 1500, 'attack_base_pitch': 1500, 'attack_base_yaw': 1500, 'attack_base_throttle': 1000, 'prev_attack_error_x': 0.0, 'prev_attack_time': None, 'prev_target_size': 0.0}
2026-04-03 10:36:21,957 - BEE-EPT-UA913 - DEBUG - Executing command: MONITOR, Priority: 2, Body: {'target': 'MSP_ANALOG'}
2026-04-03 10:36:21,967 - BEE-EPT-UA913 - DEBUG - Monitoring: b'\xee\x04\x00\xc0\x03\x14\x00G\t'
2026-04-03 10:36:21,967 - BEE-EPT-UA913 - INFO - RSSI: 960, signal: Strong signal, battery voltage: 23.8V
2026-04-03 10:36:23,842 - BEE-EPT-UA913 - DEBUG - Executing command: TELEMETRY, Priority: 1, Body: {'target': 'MSP_RC'}
2026-04-03 10:36:23,848 - BEE-EPT-UA913 - DEBUG - Telemetry: b'\xdc\x05\xdc\x05\xdc\x05\xdd\x03\xd0\x07\xe8\x03\xe8\x03\xde\x05\xe8\x03\xe8\x03\xe8\x03\xfd\x05\xdc\x05\xdc\x05\xe8\x03\xe8\x03'
2026-04-03 10:36:23,848 - BEE-EPT-UA913 - INFO - Bee state changed to [READY]
2026-04-03 10:36:23,848 - BEE-EPT-UA913 - INFO - Autopilot state: {'connection': True, 'bee_state': 'READY', 'roll': 1500, 'pitch': 1500, 'yaw': 1500, 'throttle': 989, 'last_manual_roll': 1500, 'last_manual_pitch': 1500, 'last_manual_yaw': 1500, 'last_manual_throttle': 989, 'aux3': 1000, 'aux4': 1502, 'aux5': 1500, 'aux6': 1000, 'aux7': 1000, 'battery': 23.8, 'rssi': 960, 'rssi_msg': 'Strong signal', 'speed': 0.0, 'altitude': -0.02, 'caught': True, 'ready_hold_active': False, 'ready_hold_pending_capture': False, 'ready_hold_roll': 1500, 'ready_hold_pitch': 1500, 'ready_hold_yaw': 1500, 'ready_hold_throttle': 1100, 'target_locked': False, 'tracking_bbox': None, 'attack_error_x': 0.0, 'attack_error_y': 0.0, 'target_size': 0.0, 'attack_active': False, 'attack_base_roll': 1500, 'attack_base_pitch': 1500, 'attack_base_yaw': 1500, 'attack_base_throttle': 1000, 'prev_attack_error_x': 0.0, 'prev_attack_time': None, 'prev_target_size': 0.0}
2026-04-03 10:36:23,987 - BEE-EPT-UA913 - DEBUG - Executing command: TELEMETRY, Priority: 1, Body: {'target': 'MSP_RC'}
2026-04-03 10:36:23,998 - BEE-EPT-UA913 - DEBUG - Telemetry: b'\xdc\x05\xdc\x05\xdc\x05\xdd\x03\xd0\x07\xe8\x03\xe8\x03\xde\x05\xe8\x03\xe8\x03\xe8\x03\xfd\x05\xdc\x05\xdc\x05\xe8\x03\xe8\x03'
2026-04-03 10:36:23,999 - BEE-EPT-UA913 - INFO - Autopilot state: {'connection': True, 'bee_state': 'READY', 'roll': 1500, 'pitch': 1500, 'yaw': 1500, 'throttle': 989, 'last_manual_roll': 1500, 'last_manual_pitch': 1500, 'last_manual_yaw': 1500, 'last_manual_throttle': 989, 'aux3': 1000, 'aux4': 1502, 'aux5': 1500, 'aux6': 1000, 'aux7': 1000, 'battery': 23.8, 'rssi': 960, 'rssi_msg': 'Strong signal', 'speed': 0.0, 'altitude': -0.02, 'caught': True, 'ready_hold_active': False, 'ready_hold_pending_capture': False, 'ready_hold_roll': 1500, 'ready_hold_pitch': 1500, 'ready_hold_yaw': 1500, 'ready_hold_throttle': 1100, 'target_locked': False, 'tracking_bbox': None, 'attack_error_x': 0.0, 'attack_error_y': 0.0, 'target_size': 0.0, 'attack_active': False, 'attack_base_roll': 1500, 'attack_base_pitch': 1500, 'attack_base_yaw': 1500, 'attack_base_throttle': 1000, 'prev_attack_error_x': 0.0, 'prev_attack_time': None, 'prev_target_size': 0.0}
2026-04-03 10:36:24,049 - BEE-EPT-UA913 - DEBUG - Executing command: TELEMETRY, Priority: 2, Body: {'target': 'MSP_ALTITUDE'}
2026-04-03 10:36:24,056 - BEE-EPT-UA913 - DEBUG - Telemetry: b'\xf8\xff\xff\xff\x00\x00'
2026-04-03 10:36:24,057 - BEE-EPT-UA913 - INFO - Autopilot state: {'connection': True, 'bee_state': 'READY', 'roll': 1500, 'pitch': 1500, 'yaw': 1500, 'throttle': 989, 'last_manual_roll': 1500, 'last_manual_pitch': 1500, 'last_manual_yaw': 1500, 'last_manual_throttle': 989, 'aux3': 1000, 'aux4': 1502, 'aux5': 1500, 'aux6': 1000, 'aux7': 1000, 'battery': 23.8, 'rssi': 960, 'rssi_msg': 'Strong signal', 'speed': 0.0, 'altitude': -0.08, 'caught': True, 'ready_hold_active': False, 'ready_hold_pending_capture': False, 'ready_hold_roll': 1500, 'ready_hold_pitch': 1500, 'ready_hold_yaw': 1500, 'ready_hold_throttle': 1100, 'target_locked': False, 'tracking_bbox': None, 'attack_error_x': 0.0, 'attack_error_y': 0.0, 'target_size': 0.0, 'attack_active': False, 'attack_base_roll': 1500, 'attack_base_pitch': 1500, 'attack_base_yaw': 1500, 'attack_base_throttle': 1000, 'prev_attack_error_x': 0.0, 'prev_attack_time': None, 'prev_target_size': 0.0}
2026-04-03 10:36:24,107 - BEE-EPT-UA913 - DEBUG - Executing command: TELEMETRY, Priority: 1, Body: {'target': 'MSP_RC'}
2026-04-03 10:36:24,119 - BEE-EPT-UA913 - DEBUG - Telemetry: b'\xdc\x05\xdc\x05\xdc\x05\xdd\x03\xd0\x07\xe8\x03\xe8\x03\xde\x05\xe8\x03\xe8\x03\xe8\x03\xfd\x05\xdc\x05\xdc\x05\xe8\x03\xe8\x03'
2026-04-03 10:36:24,119 - BEE-EPT-UA913 - INFO - Autopilot state: {'connection': True, 'bee_state': 'READY', 'roll': 1500, 'pitch': 1500, 'yaw': 1500, 'throttle': 989, 'last_manual_roll': 1500, 'last_manual_pitch': 1500, 'last_manual_yaw': 1500, 'last_manual_throttle': 989, 'aux3': 1000, 'aux4': 1502, 'aux5': 1500, 'aux6': 1000, 'aux7': 1000, 'battery': 23.8, 'rssi': 960, 'rssi_msg': 'Strong signal', 'speed': 0.0, 'altitude': -0.08, 'caught': True, 'ready_hold_active': False, 'ready_hold_pending_capture': False, 'ready_hold_roll': 1500, 'ready_hold_pitch': 1500, 'ready_hold_yaw': 1500, 'ready_hold_throttle': 1100, 'target_locked': False, 'tracking_bbox': None, 'attack_error_x': 0.0, 'attack_error_y': 0.0, 'target_size': 0.0, 'attack_active': False, 'attack_base_roll': 1500, 'attack_base_pitch': 1500, 'attack_base_yaw': 1500, 'attack_base_throttle': 1000, 'prev_attack_error_x': 0.0, 'prev_attack_time': None, 'prev_target_size': 0.0}
2026-04-03 10:36:24,169 - BEE-EPT-UA913 - DEBUG - Executing command: MONITOR, Priority: 2, Body: {'target': 'MSP_ANALOG'}
2026-04-03 10:36:24,177 - BEE-EPT-UA913 - DEBUG - Monitoring: b'\xee\x04\x00\xbf\x03\x0c\x00H\t'
2026-04-03 10:36:24,178 - BEE-EPT-UA913 - INFO - RSSI: 959, signal: Strong signal, battery voltage: 23.8V
2026-04-03 10:36:24,228 - BEE-EPT-UA913 - DEBUG - Executing command: TELEMETRY, Priority: 1, Body: {'target': 'MSP_RC'}
2026-04-03 10:36:24,239 - BEE-EPT-UA913 - DEBUG - Telemetry: b'\xdc\x05\xdc\x05\xdc\x05\xdd\x03\xd0\x07\xe8\x03\xe8\x03\xde\x05\xe8\x03\xe8\x03\xe8\x03\xfd\x05\xdc\x05\xdc\x05\xe8\x03\xe8\x03'
2026-04-03 10:36:24,240 - BEE-EPT-UA913 - INFO - Autopilot state: {'connection': True, 'bee_state': 'READY', 'roll': 1500, 'pitch': 1500, 'yaw': 1500, 'throttle': 989, 'last_manual_roll': 1500, 'last_manual_pitch': 1500, 'last_manual_yaw': 1500, 'last_manual_throttle': 989, 'aux3': 1000, 'aux4': 1502, 'aux5': 1500, 'aux6': 1000, 'aux7': 1000, 'battery': 23.8, 'rssi': 959, 'rssi_msg': 'Strong signal', 'speed': 0.0, 'altitude': -0.08, 'caught': True, 'ready_hold_active': False, 'ready_hold_pending_capture': False, 'ready_hold_roll': 1500, 'ready_hold_pitch': 1500, 'ready_hold_yaw': 1500, 'ready_hold_throttle': 1100, 'target_locked': False, 'tracking_bbox': None, 'attack_error_x': 0.0, 'attack_error_y': 0.0, 'target_size': 0.0, 'attack_active': False, 'attack_base_roll': 1500, 'attack_base_pitch': 1500, 'attack_base_yaw': 1500, 'attack_base_throttle': 1000, 'prev_attack_error_x': 0.0, 'prev_attack_time': None, 'prev_target_size': 0.0}
2026-04-03 10:36:24,290 - BEE-EPT-UA913 - DEBUG - Executing command: TELEMETRY, Priority: 1, Body: {'target': 'MSP_RC'}
2026-04-03 10:36:24,300 - BEE-EPT-UA913 - DEBUG - Telemetry: b'\xdc\x05\xdc\x05\xdc\x05\xdd\x03\xd0\x07\xe8\x03\xe8\x03\xde\x05\xe8\x03\xe8\x03\xe8\x03\xfd\x05\xdc\x05\xdc\x05\xe8\x03\xe8\x03'
2026-04-03 10:36:24,300 - BEE-EPT-UA913 - INFO - Autopilot state: {'connection': True, 'bee_state': 'READY', 'roll': 1500, 'pitch': 1500, 'yaw': 1500, 'throttle': 989, 'last_manual_roll': 1500, 'last_manual_pitch': 1500, 'last_manual_yaw': 1500, 'last_manual_throttle': 989, 'aux3': 1000, 'aux4': 1502, 'aux5': 1500, 'aux6': 1000, 'aux7': 1000, 'battery': 23.8, 'rssi': 959, 'rssi_msg': 'Strong signal', 'speed': 0.0, 'altitude': -0.08, 'caught': True, 'ready_hold_active': False, 'ready_hold_pending_capture': False, 'ready_hold_roll': 1500, 'ready_hold_pitch': 1500, 'ready_hold_yaw': 1500, 'ready_hold_throttle': 1100, 'target_locked': False, 'tracking_bbox': None, 'attack_error_x': 0.0, 'attack_error_y': 0.0, 'target_size': 0.0, 'attack_active': False, 'attack_base_roll': 1500, 'attack_base_pitch': 1500, 'attack_base_yaw': 1500, 'attack_base_throttle': 1000, 'prev_attack_error_x': 0.0, 'prev_attack_time': None, 'prev_target_size': 0.0}
2026-04-03 10:36:24,388 - BEE-EPT-UA913 - DEBUG - Executing command: TELEMETRY, Priority: 1, Body: {'target': 'MSP_RC'}
2026-04-03 10:36:24,400 - BEE-EPT-UA913 - DEBUG - Telemetry: b'\xdc\x05\xdc\x05\xdc\x05\xdd\x03\xd0\x07\xe8\x03\xe8\x03\xde\x05\xe8\x03\xe8\x03\xe8\x03\xfd\x05\xdc\x05\xdc\x05\xe8\x03\xe8\x03'
2026-04-03 10:36:24,401 - BEE-EPT-UA913 - INFO - Autopilot state: {'connection': True, 'bee_state': 'READY', 'roll': 1500, 'pitch': 1500, 'yaw': 1500, 'throttle': 989, 'last_manual_roll': 1500, 'last_manual_pitch': 1500, 'last_manual_yaw': 1500, 'last_manual_throttle': 989, 'aux3': 1000, 'aux4': 1502, 'aux5': 1500, 'aux6': 1000, 'aux7': 1000, 'battery': 23.8, 'rssi': 959, 'rssi_msg': 'Strong signal', 'speed': 0.0, 'altitude': -0.08, 'caught': True, 'ready_hold_active': False, 'ready_hold_pending_capture': False, 'ready_hold_roll': 1500, 'ready_hold_pitch': 1500, 'ready_hold_yaw': 1500, 'ready_hold_throttle': 1100, 'target_locked': False, 'tracking_bbox': (311, 231, 17, 17), 'attack_error_x': 0.0, 'attack_error_y': 0.0, 'target_size': 0.0, 'attack_active': False, 'attack_base_roll': 1500, 'attack_base_pitch': 1500, 'attack_base_yaw': 1500, 'attack_base_throttle': 1000, 'prev_attack_error_x': 0.0, 'prev_attack_time': None, 'prev_target_size': 0.0}
2026-04-03 10:36:24,488 - BEE-EPT-UA913 - DEBUG - Executing command: TELEMETRY, Priority: 1, Body: {'target': 'MSP_RC'}
2026-04-03 10:36:24,500 - BEE-EPT-UA913 - DEBUG - Telemetry: b'\xdc\x05\xdc\x05\xdc\x05\xdd\x03\xd0\x07\xe8\x03\xe8\x03\xde\x05\xe8\x03\xe8\x03\xe8\x03\xfd\x05\xdc\x05\xdc\x05\xe8\x03\xe8\x03'
2026-04-03 10:36:24,501 - BEE-EPT-UA913 - INFO - Autopilot state: {'connection': True, 'bee_state': 'READY', 'roll': 1500, 'pitch': 1500, 'yaw': 1500, 'throttle': 989, 'last_manual_roll': 1500, 'last_manual_pitch': 1500, 'last_manual_yaw': 1500, 'last_manual_throttle': 989, 'aux3': 1000, 'aux4': 1502, 'aux5': 1500, 'aux6': 1000, 'aux7': 1000, 'battery': 23.8, 'rssi': 959, 'rssi_msg': 'Strong signal', 'speed': 0.0, 'altitude': -0.08, 'caught': True, 'ready_hold_active': False, 'ready_hold_pending_capture': False, 'ready_hold_roll': 1500, 'ready_hold_pitch': 1500, 'ready_hold_yaw': 1500, 'ready_hold_throttle': 1100, 'target_locked': False, 'tracking_bbox': (311, 231, 17, 17), 'attack_error_x': 0.0, 'attack_error_y': 0.0, 'target_size': 0.0, 'attack_active': False, 'attack_base_roll': 1500, 'attack_base_pitch': 1500, 'attack_base_yaw': 1500, 'attack_base_throttle': 1000, 'prev_attack_error_x': 0.0, 'prev_attack_time': None, 'prev_target_size': 0.0}
2026-04-03 10:36:24,588 - BEE-EPT-UA913 - DEBUG - Executing command: TELEMETRY, Priority: 1, Body: {'target': 'MSP_RC'}
2026-04-03 10:36:24,601 - BEE-EPT-UA913 - DEBUG - Telemetry: b'\xdc\x05\xdc\x05\xdc\x05\xdd\x03\xd0\x07\xe8\x03\xe8\x03\xde\x05\xe8\x03\xe8\x03\xe8\x03\xfd\x05\xdc\x05\xdc\x05\xe8\x03\xe8\x03'
2026-04-03 10:36:24,601 - BEE-EPT-UA913 - INFO - Autopilot state: {'connection': True, 'bee_state': 'READY', 'roll': 1500, 'pitch': 1500, 'yaw': 1500, 'throttle': 989, 'last_manual_roll': 1500, 'last_manual_pitch': 1500, 'last_manual_yaw': 1500, 'last_manual_throttle': 989, 'aux3': 1000, 'aux4': 1502, 'aux5': 1500, 'aux6': 1000, 'aux7': 1000, 'battery': 23.8, 'rssi': 959, 'rssi_msg': 'Strong signal', 'speed': 0.0, 'altitude': -0.08, 'caught': True, 'ready_hold_active': False, 'ready_hold_pending_capture': False, 'ready_hold_roll': 1500, 'ready_hold_pitch': 1500, 'ready_hold_yaw': 1500, 'ready_hold_throttle': 1100, 'target_locked': False, 'tracking_bbox': (311, 231, 17, 17), 'attack_error_x': 0.0, 'attack_error_y': 0.0, 'target_size': 0.0, 'attack_active': False, 'attack_base_roll': 1500, 'attack_base_pitch': 1500, 'attack_base_yaw': 1500, 'attack_base_throttle': 1000, 'prev_attack_error_x': 0.0, 'prev_attack_time': None, 'prev_target_size': 0.0}
2026-04-03 10:36:24,689 - BEE-EPT-UA913 - DEBUG - Executing command: TELEMETRY, Priority: 1, Body: {'target': 'MSP_RC'}
2026-04-03 10:36:24,701 - BEE-EPT-UA913 - DEBUG - Telemetry: b'\xdc\x05\xdc\x05\xdc\x05\xdd\x03\xd0\x07\xe8\x03\xe8\x03\xde\x05\xe8\x03\xe8\x03\xe8\x03\xfd\x05\xdc\x05\xdc\x05\xe8\x03\xe8\x03'
2026-04-03 10:36:24,702 - BEE-EPT-UA913 - INFO - Autopilot state: {'connection': True, 'bee_state': 'READY', 'roll': 1500, 'pitch': 1500, 'yaw': 1500, 'throttle': 989, 'last_manual_roll': 1500, 'last_manual_pitch': 1500, 'last_manual_yaw': 1500, 'last_manual_throttle': 989, 'aux3': 1000, 'aux4': 1502, 'aux5': 1500, 'aux6': 1000, 'aux7': 1000, 'battery': 23.8, 'rssi': 959, 'rssi_msg': 'Strong signal', 'speed': 0.0, 'altitude': -0.08, 'caught': True, 'ready_hold_active': False, 'ready_hold_pending_capture': False, 'ready_hold_roll': 1500, 'ready_hold_pitch': 1500, 'ready_hold_yaw': 1500, 'ready_hold_throttle': 1100, 'target_locked': False, 'tracking_bbox': (311, 231, 17, 17), 'attack_error_x': 0.0, 'attack_error_y': 0.0, 'target_size': 0.0, 'attack_active': False, 'attack_base_roll': 1500, 'attack_base_pitch': 1500, 'attack_base_yaw': 1500, 'attack_base_throttle': 1000, 'prev_attack_error_x': 0.0, 'prev_attack_time': None, 'prev_target_size': 0.0}
2026-04-03 10:36:24,789 - BEE-EPT-UA913 - DEBUG - Executing command: TELEMETRY, Priority: 1, Body: {'target': 'MSP_RC'}
2026-04-03 10:36:24,802 - BEE-EPT-UA913 - DEBUG - Telemetry: b'\xdc\x05\xdc\x05\xdc\x05\xdd\x03\xd0\x07\xe8\x03\xe8\x03\xde\x05\xe8\x03\xe8\x03\xe8\x03\xfd\x05\xdc\x05\xdc\x05\xe8\x03\xe8\x03'
2026-04-03 10:36:24,802 - BEE-EPT-UA913 - INFO - Autopilot state: {'connection': True, 'bee_state': 'READY', 'roll': 1500, 'pitch': 1500, 'yaw': 1500, 'throttle': 989, 'last_manual_roll': 1500, 'last_manual_pitch': 1500, 'last_manual_yaw': 1500, 'last_manual_throttle': 989, 'aux3': 1000, 'aux4': 1502, 'aux5': 1500, 'aux6': 1000, 'aux7': 1000, 'battery': 23.8, 'rssi': 959, 'rssi_msg': 'Strong signal', 'speed': 0.0, 'altitude': -0.08, 'caught': True, 'ready_hold_active': False, 'ready_hold_pending_capture': False, 'ready_hold_roll': 1500, 'ready_hold_pitch': 1500, 'ready_hold_yaw': 1500, 'ready_hold_throttle': 1100, 'target_locked': False, 'tracking_bbox': (311, 231, 17, 17), 'attack_error_x': 0.0, 'attack_error_y': 0.0, 'target_size': 0.0, 'attack_active': False, 'attack_base_roll': 1500, 'attack_base_pitch': 1500, 'attack_base_yaw': 1500, 'attack_base_throttle': 1000, 'prev_attack_error_x': 0.0, 'prev_attack_time': None, 'prev_target_size': 0.0}
2026-04-03 10:36:24,889 - BEE-EPT-UA913 - DEBUG - Executing command: TELEMETRY, Priority: 1, Body: {'target': 'MSP_RC'}
2026-04-03 10:36:24,902 - BEE-EPT-UA913 - DEBUG - Telemetry: b'\xdc\x05\xdc\x05\xdc\x05\xdd\x03\xd0\x07\xe8\x03\xe8\x03\xde\x05\xe8\x03\xe8\x03\xe8\x03\xfd\x05\xdc\x05\xdc\x05\xe8\x03\xe8\x03'
2026-04-03 10:36:24,903 - BEE-EPT-UA913 - INFO - Autopilot state: {'connection': True, 'bee_state': 'READY', 'roll': 1500, 'pitch': 1500, 'yaw': 1500, 'throttle': 989, 'last_manual_roll': 1500, 'last_manual_pitch': 1500, 'last_manual_yaw': 1500, 'last_manual_throttle': 989, 'aux3': 1000, 'aux4': 1502, 'aux5': 1500, 'aux6': 1000, 'aux7': 1000, 'battery': 23.8, 'rssi': 959, 'rssi_msg': 'Strong signal', 'speed': 0.0, 'altitude': -0.08, 'caught': True, 'ready_hold_active': False, 'ready_hold_pending_capture': False, 'ready_hold_roll': 1500, 'ready_hold_pitch': 1500, 'ready_hold_yaw': 1500, 'ready_hold_throttle': 1100, 'target_locked': False, 'tracking_bbox': (311, 231, 17, 17), 'attack_error_x': 0.0, 'attack_error_y': 0.0, 'target_size': 0.0, 'attack_active': False, 'attack_base_roll': 1500, 'attack_base_pitch': 1500, 'attack_base_yaw': 1500, 'attack_base_throttle': 1000, 'prev_attack_error_x': 0.0, 'prev_attack_time': None, 'prev_target_size': 0.0}
2026-04-03 10:36:24,989 - BEE-EPT-UA913 - DEBUG - Executing command: TELEMETRY, Priority: 1, Body: {'target': 'MSP_RC'}
2026-04-03 10:36:25,003 - BEE-EPT-UA913 - DEBUG - Telemetry: b'\xdc\x05\xdc\x05\xdc\x05\xdd\x03\xd0\x07\xe8\x03\xe8\x03\xde\x05\xe8\x03\xe8\x03\xe8\x03\xfd\x05\xdc\x05\xdc\x05\xe8\x03\xe8\x03'
2026-04-03 10:36:25,003 - BEE-EPT-UA913 - INFO - Autopilot state: {'connection': True, 'bee_state': 'READY', 'roll': 1500, 'pitch': 1500, 'yaw': 1500, 'throttle': 989, 'last_manual_roll': 1500, 'last_manual_pitch': 1500, 'last_manual_yaw': 1500, 'last_manual_throttle': 989, 'aux3': 1000, 'aux4': 1502, 'aux5': 1500, 'aux6': 1000, 'aux7': 1000, 'battery': 23.8, 'rssi': 959, 'rssi_msg': 'Strong signal', 'speed': 0.0, 'altitude': -0.08, 'caught': True, 'ready_hold_active': False, 'ready_hold_pending_capture': False, 'ready_hold_roll': 1500, 'ready_hold_pitch': 1500, 'ready_hold_yaw': 1500, 'ready_hold_throttle': 1100, 'target_locked': False, 'tracking_bbox': (311, 231, 17, 17), 'attack_error_x': 0.0, 'attack_error_y': 0.0, 'target_size': 0.0, 'attack_active': False, 'attack_base_roll': 1500, 'attack_base_pitch': 1500, 'attack_base_yaw': 1500, 'attack_base_throttle': 1000, 'prev_attack_error_x': 0.0, 'prev_attack_time': None, 'prev_target_size': 0.0}
2026-04-03 10:36:25,054 - BEE-EPT-UA913 - DEBUG - Executing command: TELEMETRY, Priority: 2, Body: {'target': 'MSP_ALTITUDE'}
2026-04-03 10:36:25,061 - BEE-EPT-UA913 - DEBUG - Telemetry: b'\xf2\xff\xff\xff\x00\x00'
2026-04-03 10:36:25,062 - BEE-EPT-UA913 - INFO - Autopilot state: {'connection': True, 'bee_state': 'READY', 'roll': 1500, 'pitch': 1500, 'yaw': 1500, 'throttle': 989, 'last_manual_roll': 1500, 'last_manual_pitch': 1500, 'last_manual_yaw': 1500, 'last_manual_throttle': 989, 'aux3': 1000, 'aux4': 1502, 'aux5': 1500, 'aux6': 1000, 'aux7': 1000, 'battery': 23.8, 'rssi': 959, 'rssi_msg': 'Strong signal', 'speed': 0.0, 'altitude': -0.14, 'caught': True, 'ready_hold_active': False, 'ready_hold_pending_capture': False, 'ready_hold_roll': 1500, 'ready_hold_pitch': 1500, 'ready_hold_yaw': 1500, 'ready_hold_throttle': 1100, 'target_locked': False, 'tracking_bbox': (311, 231, 17, 17), 'attack_error_x': 0.0, 'attack_error_y': 0.0, 'target_size': 0.0, 'attack_active': False, 'attack_base_roll': 1500, 'attack_base_pitch': 1500, 'attack_base_yaw': 1500, 'attack_base_throttle': 1000, 'prev_attack_error_x': 0.0, 'prev_attack_time': None, 'prev_target_size': 0.0}
2026-04-03 10:36:25,112 - BEE-EPT-UA913 - DEBUG - Executing command: TELEMETRY, Priority: 1, Body: {'target': 'MSP_RC'}
2026-04-03 10:36:25,124 - BEE-EPT-UA913 - DEBUG - Telemetry: b'\xdc\x05\xdc\x05\xdc\x05\xdd\x03\xd0\x07\xe8\x03\xe8\x03\xde\x05\xe8\x03\xe8\x03\xe8\x03\xfd\x05\xdc\x05\xdc\x05\xe8\x03\xe8\x03'
2026-04-03 10:36:25,124 - BEE-EPT-UA913 - INFO - Autopilot state: {'connection': True, 'bee_state': 'READY', 'roll': 1500, 'pitch': 1500, 'yaw': 1500, 'throttle': 989, 'last_manual_roll': 1500, 'last_manual_pitch': 1500, 'last_manual_yaw': 1500, 'last_manual_throttle': 989, 'aux3': 1000, 'aux4': 1502, 'aux5': 1500, 'aux6': 1000, 'aux7': 1000, 'battery': 23.8, 'rssi': 959, 'rssi_msg': 'Strong signal', 'speed': 0.0, 'altitude': -0.14, 'caught': True, 'ready_hold_active': False, 'ready_hold_pending_capture': False, 'ready_hold_roll': 1500, 'ready_hold_pitch': 1500, 'ready_hold_yaw': 1500, 'ready_hold_throttle': 1100, 'target_locked': False, 'tracking_bbox': (311, 231, 17, 17), 'attack_error_x': 0.0, 'attack_error_y': 0.0, 'target_size': 0.0, 'attack_active': False, 'attack_base_roll': 1500, 'attack_base_pitch': 1500, 'attack_base_yaw': 1500, 'attack_base_throttle': 1000, 'prev_attack_error_x': 0.0, 'prev_attack_time': None, 'prev_target_size': 0.0}
2026-04-03 10:36:25,174 - BEE-EPT-UA913 - DEBUG - Executing command: MONITOR, Priority: 2, Body: {'target': 'MSP_ANALOG'}
2026-04-03 10:36:25,184 - BEE-EPT-UA913 - DEBUG - Monitoring: b'\xee\x04\x00\xbc\x03\x14\x00G\t'
2026-04-03 10:36:25,184 - BEE-EPT-UA913 - INFO - RSSI: 956, signal: Strong signal, battery voltage: 23.8V
2026-04-03 10:36:25,235 - BEE-EPT-UA913 - DEBUG - Executing command: TELEMETRY, Priority: 1, Body: {'target': 'MSP_RC'}
2026-04-03 10:36:25,244 - BEE-EPT-UA913 - DEBUG - Telemetry: b'\xdc\x05\xdc\x05\xdc\x05\xdd\x03\xd0\x07\xe8\x03\xe8\x03\xde\x05\xe8\x03\xe8\x03\xe8\x03\xfd\x05\xdc\x05\xdc\x05\xe8\x03\xe8\x03'
2026-04-03 10:36:25,244 - BEE-EPT-UA913 - INFO - Autopilot state: {'connection': True, 'bee_state': 'READY', 'roll': 1500, 'pitch': 1500, 'yaw': 1500, 'throttle': 989, 'last_manual_roll': 1500, 'last_manual_pitch': 1500, 'last_manual_yaw': 1500, 'last_manual_throttle': 989, 'aux3': 1000, 'aux4': 1502, 'aux5': 1500, 'aux6': 1000, 'aux7': 1000, 'battery': 23.8, 'rssi': 956, 'rssi_msg': 'Strong signal', 'speed': 0.0, 'altitude': -0.14, 'caught': True, 'ready_hold_active': False, 'ready_hold_pending_capture': False, 'ready_hold_roll': 1500, 'ready_hold_pitch': 1500, 'ready_hold_yaw': 1500, 'ready_hold_throttle': 1100, 'target_locked': False, 'tracking_bbox': (311, 231, 17, 17), 'attack_error_x': 0.0, 'attack_error_y': 0.0, 'target_size': 0.0, 'attack_active': False, 'attack_base_roll': 1500, 'attack_base_pitch': 1500, 'attack_base_yaw': 1500, 'attack_base_throttle': 1000, 'prev_attack_error_x': 0.0, 'prev_attack_time': None, 'prev_target_size': 0.0}
2026-04-03 10:36:25,295 - BEE-EPT-UA913 - DEBUG - Executing command: TELEMETRY, Priority: 1, Body: {'target': 'MSP_RC'}
2026-04-03 10:36:25,304 - BEE-EPT-UA913 - DEBUG - Telemetry: b'\xdc\x05\xdc\x05\xdc\x05\xdd\x03\xd0\x07\xe8\x03\xe8\x03\xde\x05\xe8\x03\xe8\x03\xe8\x03\xfd\x05\xdc\x05\xdc\x05\xe8\x03\xe8\x03'
2026-04-03 10:36:25,305 - BEE-EPT-UA913 - INFO - Autopilot state: {'connection': True, 'bee_state': 'READY', 'roll': 1500, 'pitch': 1500, 'yaw': 1500, 'throttle': 989, 'last_manual_roll': 1500, 'last_manual_pitch': 1500, 'last_manual_yaw': 1500, 'last_manual_throttle': 989, 'aux3': 1000, 'aux4': 1502, 'aux5': 1500, 'aux6': 1000, 'aux7': 1000, 'battery': 23.8, 'rssi': 956, 'rssi_msg': 'Strong signal', 'speed': 0.0, 'altitude': -0.14, 'caught': True, 'ready_hold_active': False, 'ready_hold_pending_capture': False, 'ready_hold_roll': 1500, 'ready_hold_pitch': 1500, 'ready_hold_yaw': 1500, 'ready_hold_throttle': 1100, 'target_locked': False, 'tracking_bbox': (311, 231, 17, 17), 'attack_error_x': 0.0, 'attack_error_y': 0.0, 'target_size': 0.0, 'attack_active': False, 'attack_base_roll': 1500, 'attack_base_pitch': 1500, 'attack_base_yaw': 1500, 'attack_base_throttle': 1000, 'prev_attack_error_x': 0.0, 'prev_attack_time': None, 'prev_target_size': 0.0}
2026-04-03 10:36:25,390 - BEE-EPT-UA913 - DEBUG - Executing command: TELEMETRY, Priority: 1, Body: {'target': 'MSP_RC'}
2026-04-03 10:36:25,405 - BEE-EPT-UA913 - DEBUG - Telemetry: b'\xdc\x05\xdc\x05\xdc\x05\xdd\x03\xd0\x07\xe8\x03\xe8\x03\xde\x05\xe8\x03\xe8\x03\xe8\x03\xfd\x05\xdc\x05\xdc\x05\xe8\x03\xe8\x03'
2026-04-03 10:36:25,405 - BEE-EPT-UA913 - INFO - Autopilot state: {'connection': True, 'bee_state': 'READY', 'roll': 1500, 'pitch': 1500, 'yaw': 1500, 'throttle': 989, 'last_manual_roll': 1500, 'last_manual_pitch': 1500, 'last_manual_yaw': 1500, 'last_manual_throttle': 989, 'aux3': 1000, 'aux4': 1502, 'aux5': 1500, 'aux6': 1000, 'aux7': 1000, 'battery': 23.8, 'rssi': 956, 'rssi_msg': 'Strong signal', 'speed': 0.0, 'altitude': -0.14, 'caught': True, 'ready_hold_active': False, 'ready_hold_pending_capture': False, 'ready_hold_roll': 1500, 'ready_hold_pitch': 1500, 'ready_hold_yaw': 1500, 'ready_hold_throttle': 1100, 'target_locked': False, 'tracking_bbox': (311, 231, 17, 17), 'attack_error_x': 0.0, 'attack_error_y': 0.0, 'target_size': 0.0, 'attack_active': False, 'attack_base_roll': 1500, 'attack_base_pitch': 1500, 'attack_base_yaw': 1500, 'attack_base_throttle': 1000, 'prev_attack_error_x': 0.0, 'prev_attack_time': None, 'prev_target_size': 0.0}
2026-04-03 10:36:25,490 - BEE-EPT-UA913 - DEBUG - Executing command: TELEMETRY, Priority: 1, Body: {'target': 'MSP_RC'}
2026-04-03 10:36:25,495 - BEE-EPT-UA913 - DEBUG - Telemetry: b'\xdc\x05\xdc\x05\xdc\x05\xdd\x03\xd0\x07\xe8\x03\xe8\x03\xde\x05\xe8\x03\xe8\x03\xe8\x03\xfd\x05\xdc\x05\xdc\x05\xe8\x03\xe8\x03'
2026-04-03 10:36:25,495 - BEE-EPT-UA913 - INFO - Autopilot state: {'connection': True, 'bee_state': 'READY', 'roll': 1500, 'pitch': 1500, 'yaw': 1500, 'throttle': 989, 'last_manual_roll': 1500, 'last_manual_pitch': 1500, 'last_manual_yaw': 1500, 'last_manual_throttle': 989, 'aux3': 1000, 'aux4': 1502, 'aux5': 1500, 'aux6': 1000, 'aux7': 1000, 'battery': 23.8, 'rssi': 956, 'rssi_msg': 'Strong signal', 'speed': 0.0, 'altitude': -0.14, 'caught': True, 'ready_hold_active': False, 'ready_hold_pending_capture': False, 'ready_hold_roll': 1500, 'ready_hold_pitch': 1500, 'ready_hold_yaw': 1500, 'ready_hold_throttle': 1100, 'target_locked': False, 'tracking_bbox': (311, 231, 17, 17), 'attack_error_x': 0.0, 'attack_error_y': 0.0, 'target_size': 0.0, 'attack_active': False, 'attack_base_roll': 1500, 'attack_base_pitch': 1500, 'attack_base_yaw': 1500, 'attack_base_throttle': 1000, 'prev_attack_error_x': 0.0, 'prev_attack_time': None, 'prev_target_size': 0.0}
2026-04-03 10:36:25,591 - BEE-EPT-UA913 - DEBUG - Executing command: TELEMETRY, Priority: 1, Body: {'target': 'MSP_RC'}
2026-04-03 10:36:25,596 - BEE-EPT-UA913 - DEBUG - Telemetry: b'\xdc\x05\xdc\x05\xdc\x05\xdd\x03\xd0\x07\xe8\x03\xe8\x03\xde\x05\xe8\x03\xe8\x03\xe8\x03\xfd\x05\xdc\x05\xdc\x05\xe8\x03\xe8\x03'
2026-04-03 10:36:25,596 - BEE-EPT-UA913 - INFO - Autopilot state: {'connection': True, 'bee_state': 'READY', 'roll': 1500, 'pitch': 1500, 'yaw': 1500, 'throttle': 989, 'last_manual_roll': 1500, 'last_manual_pitch': 1500, 'last_manual_yaw': 1500, 'last_manual_throttle': 989, 'aux3': 1000, 'aux4': 1502, 'aux5': 1500, 'aux6': 1000, 'aux7': 1000, 'battery': 23.8, 'rssi': 956, 'rssi_msg': 'Strong signal', 'speed': 0.0, 'altitude': -0.14, 'caught': True, 'ready_hold_active': False, 'ready_hold_pending_capture': False, 'ready_hold_roll': 1500, 'ready_hold_pitch': 1500, 'ready_hold_yaw': 1500, 'ready_hold_throttle': 1100, 'target_locked': False, 'tracking_bbox': (311, 231, 17, 17), 'attack_error_x': 0.0, 'attack_error_y': 0.0, 'target_size': 0.0, 'attack_active': False, 'attack_base_roll': 1500, 'attack_base_pitch': 1500, 'attack_base_yaw': 1500, 'attack_base_throttle': 1000, 'prev_attack_error_x': 0.0, 'prev_attack_time': None, 'prev_target_size': 0.0}
2026-04-03 10:36:25,691 - BEE-EPT-UA913 - DEBUG - Executing command: TELEMETRY, Priority: 1, Body: {'target': 'MSP_RC'}
2026-04-03 10:36:25,696 - BEE-EPT-UA913 - DEBUG - Telemetry: b'\xdc\x05\xdc\x05\xdc\x05\xdd\x03\xd0\x07\xe8\x03\xe8\x03\xde\x05\xe8\x03\xe8\x03\xe8\x03\xfd\x05\xdc\x05\xdc\x05\xe8\x03\xe8\x03'
2026-04-03 10:36:25,696 - BEE-EPT-UA913 - INFO - Autopilot state: {'connection': True, 'bee_state': 'READY', 'roll': 1500, 'pitch': 1500, 'yaw': 1500, 'throttle': 989, 'last_manual_roll': 1500, 'last_manual_pitch': 1500, 'last_manual_yaw': 1500, 'last_manual_throttle': 989, 'aux3': 1000, 'aux4': 1502, 'aux5': 1500, 'aux6': 1000, 'aux7': 1000, 'battery': 23.8, 'rssi': 956, 'rssi_msg': 'Strong signal', 'speed': 0.0, 'altitude': -0.14, 'caught': True, 'ready_hold_active': False, 'ready_hold_pending_capture': False, 'ready_hold_roll': 1500, 'ready_hold_pitch': 1500, 'ready_hold_yaw': 1500, 'ready_hold_throttle': 1100, 'target_locked': False, 'tracking_bbox': (311, 231, 17, 17), 'attack_error_x': 0.0, 'attack_error_y': 0.0, 'target_size': 0.0, 'attack_active': False, 'attack_base_roll': 1500, 'attack_base_pitch': 1500, 'attack_base_yaw': 1500, 'attack_base_throttle': 1000, 'prev_attack_error_x': 0.0, 'prev_attack_time': None, 'prev_target_size': 0.0}
2026-04-03 10:36:25,791 - BEE-EPT-UA913 - DEBUG - Executing command: TELEMETRY, Priority: 1, Body: {'target': 'MSP_RC'}
2026-04-03 10:36:25,796 - BEE-EPT-UA913 - DEBUG - Telemetry: b'\xdc\x05\xdc\x05\xdc\x05\xdd\x03\xd0\x07\xe8\x03\xe8\x03\xde\x05\xe8\x03\xe8\x03\xe8\x03\xfd\x05\xdc\x05\xdc\x05\xe8\x03\xe8\x03'
2026-04-03 10:36:25,797 - BEE-EPT-UA913 - INFO - Autopilot state: {'connection': True, 'bee_state': 'READY', 'roll': 1500, 'pitch': 1500, 'yaw': 1500, 'throttle': 989, 'last_manual_roll': 1500, 'last_manual_pitch': 1500, 'last_manual_yaw': 1500, 'last_manual_throttle': 989, 'aux3': 1000, 'aux4': 1502, 'aux5': 1500, 'aux6': 1000, 'aux7': 1000, 'battery': 23.8, 'rssi': 956, 'rssi_msg': 'Strong signal', 'speed': 0.0, 'altitude': -0.14, 'caught': True, 'ready_hold_active': False, 'ready_hold_pending_capture': False, 'ready_hold_roll': 1500, 'ready_hold_pitch': 1500, 'ready_hold_yaw': 1500, 'ready_hold_throttle': 1100, 'target_locked': False, 'tracking_bbox': (311, 231, 17, 17), 'attack_error_x': 0.0, 'attack_error_y': 0.0, 'target_size': 0.0, 'attack_active': False, 'attack_base_roll': 1500, 'attack_base_pitch': 1500, 'attack_base_yaw': 1500, 'attack_base_throttle': 1000, 'prev_attack_error_x': 0.0, 'prev_attack_time': None, 'prev_target_size': 0.0}
2026-04-03 10:36:25,891 - BEE-EPT-UA913 - DEBUG - Executing command: TELEMETRY, Priority: 1, Body: {'target': 'MSP_RC'}
2026-04-03 10:36:25,897 - BEE-EPT-UA913 - DEBUG - Telemetry: b'\xdc\x05\xdc\x05\xdc\x05\xdd\x03\xd0\x07\xe8\x03\xe8\x03\xde\x05\xe8\x03\xe8\x03\xe8\x03\xfd\x05\xdc\x05\xdc\x05\xe8\x03\xe8\x03'
2026-04-03 10:36:25,898 - BEE-EPT-UA913 - INFO - Autopilot state: {'connection': True, 'bee_state': 'READY', 'roll': 1500, 'pitch': 1500, 'yaw': 1500, 'throttle': 989, 'last_manual_roll': 1500, 'last_manual_pitch': 1500, 'last_manual_yaw': 1500, 'last_manual_throttle': 989, 'aux3': 1000, 'aux4': 1502, 'aux5': 1500, 'aux6': 1000, 'aux7': 1000, 'battery': 23.8, 'rssi': 956, 'rssi_msg': 'Strong signal', 'speed': 0.0, 'altitude': -0.14, 'caught': True, 'ready_hold_active': False, 'ready_hold_pending_capture': False, 'ready_hold_roll': 1500, 'ready_hold_pitch': 1500, 'ready_hold_yaw': 1500, 'ready_hold_throttle': 1100, 'target_locked': False, 'tracking_bbox': (311, 231, 17, 17), 'attack_error_x': 0.0, 'attack_error_y': 0.0, 'target_size': 0.0, 'attack_active': False, 'attack_base_roll': 1500, 'attack_base_pitch': 1500, 'attack_base_yaw': 1500, 'attack_base_throttle': 1000, 'prev_attack_error_x': 0.0, 'prev_attack_time': None, 'prev_target_size': 0.0}
2026-04-03 10:36:25,992 - BEE-EPT-UA913 - DEBUG - Executing command: TELEMETRY, Priority: 1, Body: {'target': 'MSP_RC'}
2026-04-03 10:36:25,997 - BEE-EPT-UA913 - DEBUG - Telemetry: b'\xdc\x05\xdc\x05\xdc\x05\xdd\x03\xd0\x07\xe8\x03\xe8\x03\xde\x05\xe8\x03\xe8\x03\xe8\x03\xfd\x05\xdc\x05\xdc\x05\xe8\x03\xe8\x03'
2026-04-03 10:36:25,998 - BEE-EPT-UA913 - INFO - Autopilot state: {'connection': True, 'bee_state': 'READY', 'roll': 1500, 'pitch': 1500, 'yaw': 1500, 'throttle': 989, 'last_manual_roll': 1500, 'last_manual_pitch': 1500, 'last_manual_yaw': 1500, 'last_manual_throttle': 989, 'aux3': 1000, 'aux4': 1502, 'aux5': 1500, 'aux6': 1000, 'aux7': 1000, 'battery': 23.8, 'rssi': 956, 'rssi_msg': 'Strong signal', 'speed': 0.0, 'altitude': -0.14, 'caught': True, 'ready_hold_active': False, 'ready_hold_pending_capture': False, 'ready_hold_roll': 1500, 'ready_hold_pitch': 1500, 'ready_hold_yaw': 1500, 'ready_hold_throttle': 1100, 'target_locked': False, 'tracking_bbox': (311, 231, 17, 17), 'attack_error_x': 0.0, 'attack_error_y': 0.0, 'target_size': 0.0, 'attack_active': False, 'attack_base_roll': 1500, 'attack_base_pitch': 1500, 'attack_base_yaw': 1500, 'attack_base_throttle': 1000, 'prev_attack_error_x': 0.0, 'prev_attack_time': None, 'prev_target_size': 0.0}
2026-04-03 10:36:26,048 - BEE-EPT-UA913 - DEBUG - Executing command: TELEMETRY, Priority: 2, Body: {'target': 'MSP_ALTITUDE'}
2026-04-03 10:36:26,055 - BEE-EPT-UA913 - DEBUG - Telemetry: b'\xed\xff\xff\xff\x00\x00'
2026-04-03 10:36:26,056 - BEE-EPT-UA913 - INFO - Autopilot state: {'connection': True, 'bee_state': 'READY', 'roll': 1500, 'pitch': 1500, 'yaw': 1500, 'throttle': 989, 'last_manual_roll': 1500, 'last_manual_pitch': 1500, 'last_manual_yaw': 1500, 'last_manual_throttle': 989, 'aux3': 1000, 'aux4': 1502, 'aux5': 1500, 'aux6': 1000, 'aux7': 1000, 'battery': 23.8, 'rssi': 956, 'rssi_msg': 'Strong signal', 'speed': 0.0, 'altitude': -0.19, 'caught': True, 'ready_hold_active': False, 'ready_hold_pending_capture': False, 'ready_hold_roll': 1500, 'ready_hold_pitch': 1500, 'ready_hold_yaw': 1500, 'ready_hold_throttle': 1100, 'target_locked': False, 'tracking_bbox': (311, 231, 17, 17), 'attack_error_x': 0.0, 'attack_error_y': 0.0, 'target_size': 0.0, 'attack_active': False, 'attack_base_roll': 1500, 'attack_base_pitch': 1500, 'attack_base_yaw': 1500, 'attack_base_throttle': 1000, 'prev_attack_error_x': 0.0, 'prev_attack_time': None, 'prev_target_size': 0.0}
2026-04-03 10:36:26,106 - BEE-EPT-UA913 - DEBUG - Executing command: TELEMETRY, Priority: 1, Body: {'target': 'MSP_RC'}
2026-04-03 10:36:26,118 - BEE-EPT-UA913 - DEBUG - Telemetry: b'\xdc\x05\xdc\x05\xdc\x05\xdd\x03\xd0\x07\xe8\x03\xe8\x03\xde\x05\xe8\x03\xe8\x03\xe8\x03\xfd\x05\xdc\x05\xdc\x05\xe8\x03\xe8\x03'
2026-04-03 10:36:26,118 - BEE-EPT-UA913 - INFO - Autopilot state: {'connection': True, 'bee_state': 'READY', 'roll': 1500, 'pitch': 1500, 'yaw': 1500, 'throttle': 989, 'last_manual_roll': 1500, 'last_manual_pitch': 1500, 'last_manual_yaw': 1500, 'last_manual_throttle': 989, 'aux3': 1000, 'aux4': 1502, 'aux5': 1500, 'aux6': 1000, 'aux7': 1000, 'battery': 23.8, 'rssi': 956, 'rssi_msg': 'Strong signal', 'speed': 0.0, 'altitude': -0.19, 'caught': True, 'ready_hold_active': False, 'ready_hold_pending_capture': False, 'ready_hold_roll': 1500, 'ready_hold_pitch': 1500, 'ready_hold_yaw': 1500, 'ready_hold_throttle': 1100, 'target_locked': False, 'tracking_bbox': (311, 231, 17, 17), 'attack_error_x': 0.0, 'attack_error_y': 0.0, 'target_size': 0.0, 'attack_active': False, 'attack_base_roll': 1500, 'attack_base_pitch': 1500, 'attack_base_yaw': 1500, 'attack_base_throttle': 1000, 'prev_attack_error_x': 0.0, 'prev_attack_time': None, 'prev_target_size': 0.0}
2026-04-03 10:36:26,168 - BEE-EPT-UA913 - DEBUG - Executing command: MONITOR, Priority: 2, Body: {'target': 'MSP_ANALOG'}
2026-04-03 10:36:26,176 - BEE-EPT-UA913 - DEBUG - Monitoring: b'\xee\x04\x00\xbe\x03\x0c\x00G\t'
2026-04-03 10:36:26,176 - BEE-EPT-UA913 - INFO - RSSI: 958, signal: Strong signal, battery voltage: 23.8V
2026-04-03 10:36:26,227 - BEE-EPT-UA913 - DEBUG - Executing command: TELEMETRY, Priority: 1, Body: {'target': 'MSP_RC'}
2026-04-03 10:36:26,238 - BEE-EPT-UA913 - DEBUG - Telemetry: b'\xdc\x05\xdc\x05\xdc\x05\xdd\x03\xd0\x07\xe8\x03\xe8\x03\xde\x05\xe8\x03\xe8\x03\xe8\x03\xfd\x05\xdc\x05\xdc\x05\xe8\x03\xe8\x03'
2026-04-03 10:36:26,239 - BEE-EPT-UA913 - INFO - Autopilot state: {'connection': True, 'bee_state': 'READY', 'roll': 1500, 'pitch': 1500, 'yaw': 1500, 'throttle': 989, 'last_manual_roll': 1500, 'last_manual_pitch': 1500, 'last_manual_yaw': 1500, 'last_manual_throttle': 989, 'aux3': 1000, 'aux4': 1502, 'aux5': 1500, 'aux6': 1000, 'aux7': 1000, 'battery': 23.8, 'rssi': 958, 'rssi_msg': 'Strong signal', 'speed': 0.0, 'altitude': -0.19, 'caught': True, 'ready_hold_active': False, 'ready_hold_pending_capture': False, 'ready_hold_roll': 1500, 'ready_hold_pitch': 1500, 'ready_hold_yaw': 1500, 'ready_hold_throttle': 1100, 'target_locked': False, 'tracking_bbox': (311, 231, 17, 17), 'attack_error_x': 0.0, 'attack_error_y': 0.0, 'target_size': 0.0, 'attack_active': False, 'attack_base_roll': 1500, 'attack_base_pitch': 1500, 'attack_base_yaw': 1500, 'attack_base_throttle': 1000, 'prev_attack_error_x': 0.0, 'prev_attack_time': None, 'prev_target_size': 0.0}
2026-04-03 10:36:26,292 - BEE-EPT-UA913 - DEBUG - Executing command: TELEMETRY, Priority: 1, Body: {'target': 'MSP_RC'}
2026-04-03 10:36:26,299 - BEE-EPT-UA913 - DEBUG - Telemetry: b'\xdc\x05\xdc\x05\xdc\x05\xdd\x03\xd0\x07\xe8\x03\xe8\x03\xde\x05\xe8\x03\xe8\x03\xe8\x03\xfd\x05\xdc\x05\xdc\x05\xe8\x03\xe8\x03'
2026-04-03 10:36:26,299 - BEE-EPT-UA913 - INFO - Autopilot state: {'connection': True, 'bee_state': 'READY', 'roll': 1500, 'pitch': 1500, 'yaw': 1500, 'throttle': 989, 'last_manual_roll': 1500, 'last_manual_pitch': 1500, 'last_manual_yaw': 1500, 'last_manual_throttle': 989, 'aux3': 1000, 'aux4': 1502, 'aux5': 1500, 'aux6': 1000, 'aux7': 1000, 'battery': 23.8, 'rssi': 958, 'rssi_msg': 'Strong signal', 'speed': 0.0, 'altitude': -0.19, 'caught': True, 'ready_hold_active': False, 'ready_hold_pending_capture': False, 'ready_hold_roll': 1500, 'ready_hold_pitch': 1500, 'ready_hold_yaw': 1500, 'ready_hold_throttle': 1100, 'target_locked': False, 'tracking_bbox': (311, 231, 17, 17), 'attack_error_x': 0.0, 'attack_error_y': 0.0, 'target_size': 0.0, 'attack_active': False, 'attack_base_roll': 1500, 'attack_base_pitch': 1500, 'attack_base_yaw': 1500, 'attack_base_throttle': 1000, 'prev_attack_error_x': 0.0, 'prev_attack_time': None, 'prev_target_size': 0.0}
2026-04-03 10:36:26,393 - BEE-EPT-UA913 - DEBUG - Executing command: TELEMETRY, Priority: 1, Body: {'target': 'MSP_RC'}
2026-04-03 10:36:26,399 - BEE-EPT-UA913 - DEBUG - Telemetry: b'\xdc\x05\xdc\x05\xdc\x05\xdd\x03\xd0\x07\xe8\x03\xe8\x03\xde\x05\xe8\x03\xe8\x03\xe8\x03\xfd\x05\xdc\x05\xdc\x05\xe8\x03\xe8\x03'
2026-04-03 10:36:26,399 - BEE-EPT-UA913 - INFO - Autopilot state: {'connection': True, 'bee_state': 'READY', 'roll': 1500, 'pitch': 1500, 'yaw': 1500, 'throttle': 989, 'last_manual_roll': 1500, 'last_manual_pitch': 1500, 'last_manual_yaw': 1500, 'last_manual_throttle': 989, 'aux3': 1000, 'aux4': 1502, 'aux5': 1500, 'aux6': 1000, 'aux7': 1000, 'battery': 23.8, 'rssi': 958, 'rssi_msg': 'Strong signal', 'speed': 0.0, 'altitude': -0.19, 'caught': True, 'ready_hold_active': False, 'ready_hold_pending_capture': False, 'ready_hold_roll': 1500, 'ready_hold_pitch': 1500, 'ready_hold_yaw': 1500, 'ready_hold_throttle': 1100, 'target_locked': False, 'tracking_bbox': (311, 231, 17, 17), 'attack_error_x': 0.0, 'attack_error_y': 0.0, 'target_size': 0.0, 'attack_active': False, 'attack_base_roll': 1500, 'attack_base_pitch': 1500, 'attack_base_yaw': 1500, 'attack_base_throttle': 1000, 'prev_attack_error_x': 0.0, 'prev_attack_time': None, 'prev_target_size': 0.0}
2026-04-03 10:36:26,493 - BEE-EPT-UA913 - DEBUG - Executing command: TELEMETRY, Priority: 1, Body: {'target': 'MSP_RC'}
2026-04-03 10:36:26,500 - BEE-EPT-UA913 - DEBUG - Telemetry: b'\xdc\x05\xdc\x05\xdc\x05\xdd\x03\xd0\x07\xe8\x03\xe8\x03\xde\x05\xe8\x03\xe8\x03\xe8\x03\xfd\x05\xdc\x05\xdc\x05\xe8\x03\xe8\x03'
2026-04-03 10:36:26,500 - BEE-EPT-UA913 - INFO - Autopilot state: {'connection': True, 'bee_state': 'READY', 'roll': 1500, 'pitch': 1500, 'yaw': 1500, 'throttle': 989, 'last_manual_roll': 1500, 'last_manual_pitch': 1500, 'last_manual_yaw': 1500, 'last_manual_throttle': 989, 'aux3': 1000, 'aux4': 1502, 'aux5': 1500, 'aux6': 1000, 'aux7': 1000, 'battery': 23.8, 'rssi': 958, 'rssi_msg': 'Strong signal', 'speed': 0.0, 'altitude': -0.19, 'caught': True, 'ready_hold_active': False, 'ready_hold_pending_capture': False, 'ready_hold_roll': 1500, 'ready_hold_pitch': 1500, 'ready_hold_yaw': 1500, 'ready_hold_throttle': 1100, 'target_locked': False, 'tracking_bbox': (311, 231, 17, 17), 'attack_error_x': 0.0, 'attack_error_y': 0.0, 'target_size': 0.0, 'attack_active': False, 'attack_base_roll': 1500, 'attack_base_pitch': 1500, 'attack_base_yaw': 1500, 'attack_base_throttle': 1000, 'prev_attack_error_x': 0.0, 'prev_attack_time': None, 'prev_target_size': 0.0}
2026-04-03 10:36:26,593 - BEE-EPT-UA913 - DEBUG - Executing command: TELEMETRY, Priority: 1, Body: {'target': 'MSP_RC'}
2026-04-03 10:36:26,600 - BEE-EPT-UA913 - DEBUG - Telemetry: b'\xdc\x05\xdc\x05\xdc\x05\xdd\x03\xd0\x07\xe8\x03\xe8\x03\xde\x05\xe8\x03\xe8\x03\xe8\x03\xfd\x05\xdc\x05\xdc\x05\xe8\x03\xe8\x03'
2026-04-03 10:36:26,600 - BEE-EPT-UA913 - INFO - Autopilot state: {'connection': True, 'bee_state': 'READY', 'roll': 1500, 'pitch': 1500, 'yaw': 1500, 'throttle': 989, 'last_manual_roll': 1500, 'last_manual_pitch': 1500, 'last_manual_yaw': 1500, 'last_manual_throttle': 989, 'aux3': 1000, 'aux4': 1502, 'aux5': 1500, 'aux6': 1000, 'aux7': 1000, 'battery': 23.8, 'rssi': 958, 'rssi_msg': 'Strong signal', 'speed': 0.0, 'altitude': -0.19, 'caught': True, 'ready_hold_active': False, 'ready_hold_pending_capture': False, 'ready_hold_roll': 1500, 'ready_hold_pitch': 1500, 'ready_hold_yaw': 1500, 'ready_hold_throttle': 1100, 'target_locked': False, 'tracking_bbox': (311, 231, 17, 17), 'attack_error_x': 0.0, 'attack_error_y': 0.0, 'target_size': 0.0, 'attack_active': False, 'attack_base_roll': 1500, 'attack_base_pitch': 1500, 'attack_base_yaw': 1500, 'attack_base_throttle': 1000, 'prev_attack_error_x': 0.0, 'prev_attack_time': None, 'prev_target_size': 0.0}
2026-04-03 10:36:26,693 - BEE-EPT-UA913 - DEBUG - Executing command: TELEMETRY, Priority: 1, Body: {'target': 'MSP_RC'}
2026-04-03 10:36:26,701 - BEE-EPT-UA913 - DEBUG - Telemetry: b'\xdc\x05\xdc\x05\xdc\x05\xdd\x03\xd0\x07\xe8\x03\xe8\x03\xde\x05\xe8\x03\xe8\x03\xe8\x03\xfd\x05\xdc\x05\xdc\x05\xe8\x03\xe8\x03'
2026-04-03 10:36:26,701 - BEE-EPT-UA913 - INFO - Autopilot state: {'connection': True, 'bee_state': 'READY', 'roll': 1500, 'pitch': 1500, 'yaw': 1500, 'throttle': 989, 'last_manual_roll': 1500, 'last_manual_pitch': 1500, 'last_manual_yaw': 1500, 'last_manual_throttle': 989, 'aux3': 1000, 'aux4': 1502, 'aux5': 1500, 'aux6': 1000, 'aux7': 1000, 'battery': 23.8, 'rssi': 958, 'rssi_msg': 'Strong signal', 'speed': 0.0, 'altitude': -0.19, 'caught': True, 'ready_hold_active': False, 'ready_hold_pending_capture': False, 'ready_hold_roll': 1500, 'ready_hold_pitch': 1500, 'ready_hold_yaw': 1500, 'ready_hold_throttle': 1100, 'target_locked': False, 'tracking_bbox': (311, 231, 17, 17), 'attack_error_x': 0.0, 'attack_error_y': 0.0, 'target_size': 0.0, 'attack_active': False, 'attack_base_roll': 1500, 'attack_base_pitch': 1500, 'attack_base_yaw': 1500, 'attack_base_throttle': 1000, 'prev_attack_error_x': 0.0, 'prev_attack_time': None, 'prev_target_size': 0.0}
2026-04-03 10:36:26,794 - BEE-EPT-UA913 - DEBUG - Executing command: TELEMETRY, Priority: 1, Body: {'target': 'MSP_RC'}
2026-04-03 10:36:26,802 - BEE-EPT-UA913 - DEBUG - Telemetry: b'\xdc\x05\xdc\x05\xdc\x05\xdd\x03\xd0\x07\xe8\x03\xe8\x03\xde\x05\xe8\x03\xe8\x03\xe8\x03\xfd\x05\xdc\x05\xdc\x05\xe8\x03\xe8\x03'
2026-04-03 10:36:26,802 - BEE-EPT-UA913 - INFO - Autopilot state: {'connection': True, 'bee_state': 'READY', 'roll': 1500, 'pitch': 1500, 'yaw': 1500, 'throttle': 989, 'last_manual_roll': 1500, 'last_manual_pitch': 1500, 'last_manual_yaw': 1500, 'last_manual_throttle': 989, 'aux3': 1000, 'aux4': 1502, 'aux5': 1500, 'aux6': 1000, 'aux7': 1000, 'battery': 23.8, 'rssi': 958, 'rssi_msg': 'Strong signal', 'speed': 0.0, 'altitude': -0.19, 'caught': True, 'ready_hold_active': False, 'ready_hold_pending_capture': False, 'ready_hold_roll': 1500, 'ready_hold_pitch': 1500, 'ready_hold_yaw': 1500, 'ready_hold_throttle': 1100, 'target_locked': False, 'tracking_bbox': (311, 231, 17, 17), 'attack_error_x': 0.0, 'attack_error_y': 0.0, 'target_size': 0.0, 'attack_active': False, 'attack_base_roll': 1500, 'attack_base_pitch': 1500, 'attack_base_yaw': 1500, 'attack_base_throttle': 1000, 'prev_attack_error_x': 0.0, 'prev_attack_time': None, 'prev_target_size': 0.0}
2026-04-03 10:36:26,894 - BEE-EPT-UA913 - DEBUG - Executing command: TELEMETRY, Priority: 1, Body: {'target': 'MSP_RC'}
2026-04-03 10:36:26,901 - BEE-EPT-UA913 - DEBUG - Telemetry: b'\xdc\x05\xdc\x05\xdc\x05\xdd\x03\xd0\x07\xe8\x03\xe8\x03\xde\x05\xe8\x03\xe8\x03\xe8\x03\xfd\x05\xdc\x05\xdc\x05\xe8\x03\xe8\x03'
2026-04-03 10:36:26,901 - BEE-EPT-UA913 - INFO - Autopilot state: {'connection': True, 'bee_state': 'READY', 'roll': 1500, 'pitch': 1500, 'yaw': 1500, 'throttle': 989, 'last_manual_roll': 1500, 'last_manual_pitch': 1500, 'last_manual_yaw': 1500, 'last_manual_throttle': 989, 'aux3': 1000, 'aux4': 1502, 'aux5': 1500, 'aux6': 1000, 'aux7': 1000, 'battery': 23.8, 'rssi': 958, 'rssi_msg': 'Strong signal', 'speed': 0.0, 'altitude': -0.19, 'caught': True, 'ready_hold_active': False, 'ready_hold_pending_capture': False, 'ready_hold_roll': 1500, 'ready_hold_pitch': 1500, 'ready_hold_yaw': 1500, 'ready_hold_throttle': 1100, 'target_locked': False, 'tracking_bbox': (311, 231, 17, 17), 'attack_error_x': 0.0, 'attack_error_y': 0.0, 'target_size': 0.0, 'attack_active': False, 'attack_base_roll': 1500, 'attack_base_pitch': 1500, 'attack_base_yaw': 1500, 'attack_base_throttle': 1000, 'prev_attack_error_x': 0.0, 'prev_attack_time': None, 'prev_target_size': 0.0}
2026-04-03 10:36:26,994 - BEE-EPT-UA913 - DEBUG - Executing command: TELEMETRY, Priority: 1, Body: {'target': 'MSP_RC'}
2026-04-03 10:36:27,002 - BEE-EPT-UA913 - DEBUG - Telemetry: b'\xdc\x05\xdc\x05\xdc\x05\xdd\x03\xd0\x07\xe8\x03\xe8\x03\xde\x05\xe8\x03\xe8\x03\xe8\x03\xfd\x05\xdc\x05\xdc\x05\xe8\x03\xe8\x03'
2026-04-03 10:36:27,002 - BEE-EPT-UA913 - INFO - Autopilot state: {'connection': True, 'bee_state': 'READY', 'roll': 1500, 'pitch': 1500, 'yaw': 1500, 'throttle': 989, 'last_manual_roll': 1500, 'last_manual_pitch': 1500, 'last_manual_yaw': 1500, 'last_manual_throttle': 989, 'aux3': 1000, 'aux4': 1502, 'aux5': 1500, 'aux6': 1000, 'aux7': 1000, 'battery': 23.8, 'rssi': 958, 'rssi_msg': 'Strong signal', 'speed': 0.0, 'altitude': -0.19, 'caught': True, 'ready_hold_active': False, 'ready_hold_pending_capture': False, 'ready_hold_roll': 1500, 'ready_hold_pitch': 1500, 'ready_hold_yaw': 1500, 'ready_hold_throttle': 1100, 'target_locked': False, 'tracking_bbox': (311, 231, 17, 17), 'attack_error_x': 0.0, 'attack_error_y': 0.0, 'target_size': 0.0, 'attack_active': False, 'attack_base_roll': 1500, 'attack_base_pitch': 1500, 'attack_base_yaw': 1500, 'attack_base_throttle': 1000, 'prev_attack_error_x': 0.0, 'prev_attack_time': None, 'prev_target_size': 0.0}
2026-04-03 10:36:27,052 - BEE-EPT-UA913 - DEBUG - Executing command: TELEMETRY, Priority: 2, Body: {'target': 'MSP_ALTITUDE'}
2026-04-03 10:36:27,060 - BEE-EPT-UA913 - DEBUG - Telemetry: b'\xef\xff\xff\xff\x00\x00'
2026-04-03 10:36:27,060 - BEE-EPT-UA913 - INFO - Autopilot state: {'connection': True, 'bee_state': 'READY', 'roll': 1500, 'pitch': 1500, 'yaw': 1500, 'throttle': 989, 'last_manual_roll': 1500, 'last_manual_pitch': 1500, 'last_manual_yaw': 1500, 'last_manual_throttle': 989, 'aux3': 1000, 'aux4': 1502, 'aux5': 1500, 'aux6': 1000, 'aux7': 1000, 'battery': 23.8, 'rssi': 958, 'rssi_msg': 'Strong signal', 'speed': 0.0, 'altitude': -0.17, 'caught': True, 'ready_hold_active': False, 'ready_hold_pending_capture': False, 'ready_hold_roll': 1500, 'ready_hold_pitch': 1500, 'ready_hold_yaw': 1500, 'ready_hold_throttle': 1100, 'target_locked': False, 'tracking_bbox': (311, 231, 17, 17), 'attack_error_x': 0.0, 'attack_error_y': 0.0, 'target_size': 0.0, 'attack_active': False, 'attack_base_roll': 1500, 'attack_base_pitch': 1500, 'attack_base_yaw': 1500, 'attack_base_throttle': 1000, 'prev_attack_error_x': 0.0, 'prev_attack_time': None, 'prev_target_size': 0.0}
2026-04-03 10:36:27,110 - BEE-EPT-UA913 - DEBUG - Executing command: TELEMETRY, Priority: 1, Body: {'target': 'MSP_RC'}
2026-04-03 10:36:27,122 - BEE-EPT-UA913 - DEBUG - Telemetry: b'\xdc\x05\xdc\x05\xdc\x05\xdd\x03\xd0\x07\xe8\x03\xe8\x03\xde\x05\xe8\x03\xe8\x03\xe8\x03\xfd\x05\xdc\x05\xdc\x05\xe8\x03\xe8\x03'
2026-04-03 10:36:27,123 - BEE-EPT-UA913 - INFO - Autopilot state: {'connection': True, 'bee_state': 'READY', 'roll': 1500, 'pitch': 1500, 'yaw': 1500, 'throttle': 989, 'last_manual_roll': 1500, 'last_manual_pitch': 1500, 'last_manual_yaw': 1500, 'last_manual_throttle': 989, 'aux3': 1000, 'aux4': 1502, 'aux5': 1500, 'aux6': 1000, 'aux7': 1000, 'battery': 23.8, 'rssi': 958, 'rssi_msg': 'Strong signal', 'speed': 0.0, 'altitude': -0.17, 'caught': True, 'ready_hold_active': False, 'ready_hold_pending_capture': False, 'ready_hold_roll': 1500, 'ready_hold_pitch': 1500, 'ready_hold_yaw': 1500, 'ready_hold_throttle': 1100, 'target_locked': False, 'tracking_bbox': (311, 231, 17, 17), 'attack_error_x': 0.0, 'attack_error_y': 0.0, 'target_size': 0.0, 'attack_active': False, 'attack_base_roll': 1500, 'attack_base_pitch': 1500, 'attack_base_yaw': 1500, 'attack_base_throttle': 1000, 'prev_attack_error_x': 0.0, 'prev_attack_time': None, 'prev_target_size': 0.0}
2026-04-03 10:36:27,173 - BEE-EPT-UA913 - DEBUG - Executing command: MONITOR, Priority: 2, Body: {'target': 'MSP_ANALOG'}
2026-04-03 10:36:27,181 - BEE-EPT-UA913 - DEBUG - Monitoring: b'\xee\x04\x00\xb5\x03\x0c\x00G\t'
2026-04-03 10:36:27,181 - BEE-EPT-UA913 - INFO - RSSI: 949, signal: Strong signal, battery voltage: 23.8V
2026-04-03 10:36:27,231 - BEE-EPT-UA913 - DEBUG - Executing command: TELEMETRY, Priority: 1, Body: {'target': 'MSP_RC'}
2026-04-03 10:36:27,243 - BEE-EPT-UA913 - DEBUG - Telemetry: b'\xdc\x05\xdc\x05\xdc\x05\xdd\x03\xd0\x07\xe8\x03\xe8\x03\xde\x05\xe8\x03\xe8\x03\xe8\x03\xfd\x05\xdc\x05\xdc\x05\xe8\x03\xe8\x03'
2026-04-03 10:36:27,243 - BEE-EPT-UA913 - INFO - Autopilot state: {'connection': True, 'bee_state': 'READY', 'roll': 1500, 'pitch': 1500, 'yaw': 1500, 'throttle': 989, 'last_manual_roll': 1500, 'last_manual_pitch': 1500, 'last_manual_yaw': 1500, 'last_manual_throttle': 989, 'aux3': 1000, 'aux4': 1502, 'aux5': 1500, 'aux6': 1000, 'aux7': 1000, 'battery': 23.8, 'rssi': 949, 'rssi_msg': 'Strong signal', 'speed': 0.0, 'altitude': -0.17, 'caught': True, 'ready_hold_active': False, 'ready_hold_pending_capture': False, 'ready_hold_roll': 1500, 'ready_hold_pitch': 1500, 'ready_hold_yaw': 1500, 'ready_hold_throttle': 1100, 'target_locked': False, 'tracking_bbox': (311, 231, 17, 17), 'attack_error_x': 0.0, 'attack_error_y': 0.0, 'target_size': 0.0, 'attack_active': False, 'attack_base_roll': 1500, 'attack_base_pitch': 1500, 'attack_base_yaw': 1500, 'attack_base_throttle': 1000, 'prev_attack_error_x': 0.0, 'prev_attack_time': None, 'prev_target_size': 0.0}
2026-04-03 10:36:27,295 - BEE-EPT-UA913 - DEBUG - Executing command: TELEMETRY, Priority: 1, Body: {'target': 'MSP_RC'}
2026-04-03 10:36:27,303 - BEE-EPT-UA913 - DEBUG - Telemetry: b'\xdc\x05\xdc\x05\xdc\x05\xdd\x03\xd0\x07\xe8\x03\xe8\x03\xde\x05\xe8\x03\xe8\x03\xe8\x03\xfd\x05\xdc\x05\xdc\x05\xe8\x03\xe8\x03'
2026-04-03 10:36:27,303 - BEE-EPT-UA913 - INFO - Autopilot state: {'connection': True, 'bee_state': 'READY', 'roll': 1500, 'pitch': 1500, 'yaw': 1500, 'throttle': 989, 'last_manual_roll': 1500, 'last_manual_pitch': 1500, 'last_manual_yaw': 1500, 'last_manual_throttle': 989, 'aux3': 1000, 'aux4': 1502, 'aux5': 1500, 'aux6': 1000, 'aux7': 1000, 'battery': 23.8, 'rssi': 949, 'rssi_msg': 'Strong signal', 'speed': 0.0, 'altitude': -0.17, 'caught': True, 'ready_hold_active': False, 'ready_hold_pending_capture': False, 'ready_hold_roll': 1500, 'ready_hold_pitch': 1500, 'ready_hold_yaw': 1500, 'ready_hold_throttle': 1100, 'target_locked': False, 'tracking_bbox': (311, 231, 17, 17), 'attack_error_x': 0.0, 'attack_error_y': 0.0, 'target_size': 0.0, 'attack_active': False, 'attack_base_roll': 1500, 'attack_base_pitch': 1500, 'attack_base_yaw': 1500, 'attack_base_throttle': 1000, 'prev_attack_error_x': 0.0, 'prev_attack_time': None, 'prev_target_size': 0.0}
2026-04-03 10:36:27,395 - BEE-EPT-UA913 - DEBUG - Executing command: TELEMETRY, Priority: 1, Body: {'target': 'MSP_RC'}
2026-04-03 10:36:27,404 - BEE-EPT-UA913 - DEBUG - Telemetry: b'\xdc\x05\xdc\x05\xdc\x05\xdd\x03\xd0\x07\xe8\x03\xe8\x03\xde\x05\xe8\x03\xe8\x03\xe8\x03\xfd\x05\xdc\x05\xdc\x05\xe8\x03\xe8\x03'
2026-04-03 10:36:27,404 - BEE-EPT-UA913 - INFO - Autopilot state: {'connection': True, 'bee_state': 'READY', 'roll': 1500, 'pitch': 1500, 'yaw': 1500, 'throttle': 989, 'last_manual_roll': 1500, 'last_manual_pitch': 1500, 'last_manual_yaw': 1500, 'last_manual_throttle': 989, 'aux3': 1000, 'aux4': 1502, 'aux5': 1500, 'aux6': 1000, 'aux7': 1000, 'battery': 23.8, 'rssi': 949, 'rssi_msg': 'Strong signal', 'speed': 0.0, 'altitude': -0.17, 'caught': True, 'ready_hold_active': False, 'ready_hold_pending_capture': False, 'ready_hold_roll': 1500, 'ready_hold_pitch': 1500, 'ready_hold_yaw': 1500, 'ready_hold_throttle': 1100, 'target_locked': False, 'tracking_bbox': (311, 231, 17, 17), 'attack_error_x': 0.0, 'attack_error_y': 0.0, 'target_size': 0.0, 'attack_active': False, 'attack_base_roll': 1500, 'attack_base_pitch': 1500, 'attack_base_yaw': 1500, 'attack_base_throttle': 1000, 'prev_attack_error_x': 0.0, 'prev_attack_time': None, 'prev_target_size': 0.0}
2026-04-03 10:36:27,495 - BEE-EPT-UA913 - DEBUG - Executing command: TELEMETRY, Priority: 1, Body: {'target': 'MSP_RC'}
2026-04-03 10:36:27,504 - BEE-EPT-UA913 - DEBUG - Telemetry: b'\xdc\x05\xdc\x05\xdc\x05\xdd\x03\xd0\x07\xe8\x03\xe8\x03\xde\x05\xe8\x03\xe8\x03\xe8\x03\xfd\x05\xdc\x05\xdc\x05\xe8\x03\xe8\x03'
2026-04-03 10:36:27,504 - BEE-EPT-UA913 - INFO - Autopilot state: {'connection': True, 'bee_state': 'READY', 'roll': 1500, 'pitch': 1500, 'yaw': 1500, 'throttle': 989, 'last_manual_roll': 1500, 'last_manual_pitch': 1500, 'last_manual_yaw': 1500, 'last_manual_throttle': 989, 'aux3': 1000, 'aux4': 1502, 'aux5': 1500, 'aux6': 1000, 'aux7': 1000, 'battery': 23.8, 'rssi': 949, 'rssi_msg': 'Strong signal', 'speed': 0.0, 'altitude': -0.17, 'caught': True, 'ready_hold_active': False, 'ready_hold_pending_capture': False, 'ready_hold_roll': 1500, 'ready_hold_pitch': 1500, 'ready_hold_yaw': 1500, 'ready_hold_throttle': 1100, 'target_locked': False, 'tracking_bbox': (311, 231, 17, 17), 'attack_error_x': 0.0, 'attack_error_y': 0.0, 'target_size': 0.0, 'attack_active': False, 'attack_base_roll': 1500, 'attack_base_pitch': 1500, 'attack_base_yaw': 1500, 'attack_base_throttle': 1000, 'prev_attack_error_x': 0.0, 'prev_attack_time': None, 'prev_target_size': 0.0}
2026-04-03 10:36:27,595 - BEE-EPT-UA913 - DEBUG - Executing command: TELEMETRY, Priority: 1, Body: {'target': 'MSP_RC'}
2026-04-03 10:36:27,605 - BEE-EPT-UA913 - DEBUG - Telemetry: b'\xdc\x05\xdc\x05\xdc\x05\xdd\x03\xd0\x07\xe8\x03\xe8\x03\xde\x05\xe8\x03\xe8\x03\xe8\x03\xfd\x05\xdc\x05\xdc\x05\xe8\x03\xe8\x03'
2026-04-03 10:36:27,605 - BEE-EPT-UA913 - INFO - Autopilot state: {'connection': True, 'bee_state': 'READY', 'roll': 1500, 'pitch': 1500, 'yaw': 1500, 'throttle': 989, 'last_manual_roll': 1500, 'last_manual_pitch': 1500, 'last_manual_yaw': 1500, 'last_manual_throttle': 989, 'aux3': 1000, 'aux4': 1502, 'aux5': 1500, 'aux6': 1000, 'aux7': 1000, 'battery': 23.8, 'rssi': 949, 'rssi_msg': 'Strong signal', 'speed': 0.0, 'altitude': -0.17, 'caught': True, 'ready_hold_active': False, 'ready_hold_pending_capture': False, 'ready_hold_roll': 1500, 'ready_hold_pitch': 1500, 'ready_hold_yaw': 1500, 'ready_hold_throttle': 1100, 'target_locked': False, 'tracking_bbox': (311, 231, 17, 17), 'attack_error_x': 0.0, 'attack_error_y': 0.0, 'target_size': 0.0, 'attack_active': False, 'attack_base_roll': 1500, 'attack_base_pitch': 1500, 'attack_base_yaw': 1500, 'attack_base_throttle': 1000, 'prev_attack_error_x': 0.0, 'prev_attack_time': None, 'prev_target_size': 0.0}
2026-04-03 10:36:27,696 - BEE-EPT-UA913 - DEBUG - Executing command: TELEMETRY, Priority: 1, Body: {'target': 'MSP_RC'}
2026-04-03 10:36:27,705 - BEE-EPT-UA913 - DEBUG - Telemetry: b'\xdc\x05\xdc\x05\xdc\x05\xdd\x03\xd0\x07\xe8\x03\xe8\x03\xde\x05\xe8\x03\xe8\x03\xe8\x03\xfd\x05\xdc\x05\xdc\x05\xe8\x03\xe8\x03'
2026-04-03 10:36:27,706 - BEE-EPT-UA913 - INFO - Autopilot state: {'connection': True, 'bee_state': 'READY', 'roll': 1500, 'pitch': 1500, 'yaw': 1500, 'throttle': 989, 'last_manual_roll': 1500, 'last_manual_pitch': 1500, 'last_manual_yaw': 1500, 'last_manual_throttle': 989, 'aux3': 1000, 'aux4': 1502, 'aux5': 1500, 'aux6': 1000, 'aux7': 1000, 'battery': 23.8, 'rssi': 949, 'rssi_msg': 'Strong signal', 'speed': 0.0, 'altitude': -0.17, 'caught': True, 'ready_hold_active': False, 'ready_hold_pending_capture': False, 'ready_hold_roll': 1500, 'ready_hold_pitch': 1500, 'ready_hold_yaw': 1500, 'ready_hold_throttle': 1100, 'target_locked': False, 'tracking_bbox': (311, 231, 17, 17), 'attack_error_x': 0.0, 'attack_error_y': 0.0, 'target_size': 0.0, 'attack_active': False, 'attack_base_roll': 1500, 'attack_base_pitch': 1500, 'attack_base_yaw': 1500, 'attack_base_throttle': 1000, 'prev_attack_error_x': 0.0, 'prev_attack_time': None, 'prev_target_size': 0.0}
2026-04-03 10:36:27,796 - BEE-EPT-UA913 - DEBUG - Executing command: TELEMETRY, Priority: 1, Body: {'target': 'MSP_RC'}
2026-04-03 10:36:27,806 - BEE-EPT-UA913 - DEBUG - Telemetry: b'\xdc\x05\xdc\x05\xdc\x05\xdd\x03\xd0\x07\xe8\x03\xe8\x03\xde\x05\xe8\x03\xe8\x03\xe8\x03\xfd\x05\xdc\x05\xdc\x05\xe8\x03\xe8\x03'
2026-04-03 10:36:27,806 - BEE-EPT-UA913 - INFO - Autopilot state: {'connection': True, 'bee_state': 'READY', 'roll': 1500, 'pitch': 1500, 'yaw': 1500, 'throttle': 989, 'last_manual_roll': 1500, 'last_manual_pitch': 1500, 'last_manual_yaw': 1500, 'last_manual_throttle': 989, 'aux3': 1000, 'aux4': 1502, 'aux5': 1500, 'aux6': 1000, 'aux7': 1000, 'battery': 23.8, 'rssi': 949, 'rssi_msg': 'Strong signal', 'speed': 0.0, 'altitude': -0.17, 'caught': True, 'ready_hold_active': False, 'ready_hold_pending_capture': False, 'ready_hold_roll': 1500, 'ready_hold_pitch': 1500, 'ready_hold_yaw': 1500, 'ready_hold_throttle': 1100, 'target_locked': False, 'tracking_bbox': (311, 231, 17, 17), 'attack_error_x': 0.0, 'attack_error_y': 0.0, 'target_size': 0.0, 'attack_active': False, 'attack_base_roll': 1500, 'attack_base_pitch': 1500, 'attack_base_yaw': 1500, 'attack_base_throttle': 1000, 'prev_attack_error_x': 0.0, 'prev_attack_time': None, 'prev_target_size': 0.0}
2026-04-03 10:36:27,896 - BEE-EPT-UA913 - DEBUG - Executing command: TELEMETRY, Priority: 1, Body: {'target': 'MSP_RC'}
2026-04-03 10:36:27,906 - BEE-EPT-UA913 - DEBUG - Telemetry: b'\xdc\x05\xdc\x05\xdc\x05\xdd\x03\xd0\x07\xe8\x03\xe8\x03\xde\x05\xe8\x03\xe8\x03\xe8\x03\xfd\x05\xdc\x05\xdc\x05\xe8\x03\xe8\x03'
2026-04-03 10:36:27,906 - BEE-EPT-UA913 - INFO - Autopilot state: {'connection': True, 'bee_state': 'READY', 'roll': 1500, 'pitch': 1500, 'yaw': 1500, 'throttle': 989, 'last_manual_roll': 1500, 'last_manual_pitch': 1500, 'last_manual_yaw': 1500, 'last_manual_throttle': 989, 'aux3': 1000, 'aux4': 1502, 'aux5': 1500, 'aux6': 1000, 'aux7': 1000, 'battery': 23.8, 'rssi': 949, 'rssi_msg': 'Strong signal', 'speed': 0.0, 'altitude': -0.17, 'caught': True, 'ready_hold_active': False, 'ready_hold_pending_capture': False, 'ready_hold_roll': 1500, 'ready_hold_pitch': 1500, 'ready_hold_yaw': 1500, 'ready_hold_throttle': 1100, 'target_locked': False, 'tracking_bbox': (311, 231, 17, 17), 'attack_error_x': 0.0, 'attack_error_y': 0.0, 'target_size': 0.0, 'attack_active': False, 'attack_base_roll': 1500, 'attack_base_pitch': 1500, 'attack_base_yaw': 1500, 'attack_base_throttle': 1000, 'prev_attack_error_x': 0.0, 'prev_attack_time': None, 'prev_target_size': 0.0}
2026-04-03 10:36:27,996 - BEE-EPT-UA913 - DEBUG - Executing command: TELEMETRY, Priority: 1, Body: {'target': 'MSP_RC'}
2026-04-03 10:36:28,007 - BEE-EPT-UA913 - DEBUG - Telemetry: b'\xdc\x05\xdc\x05\xdc\x05\xdd\x03\xd0\x07\xe8\x03\xe8\x03\xde\x05\xe8\x03\xe8\x03\xe8\x03\xfd\x05\xdc\x05\xdc\x05\xe8\x03\xe8\x03'
2026-04-03 10:36:28,007 - BEE-EPT-UA913 - INFO - Autopilot state: {'connection': True, 'bee_state': 'READY', 'roll': 1500, 'pitch': 1500, 'yaw': 1500, 'throttle': 989, 'last_manual_roll': 1500, 'last_manual_pitch': 1500, 'last_manual_yaw': 1500, 'last_manual_throttle': 989, 'aux3': 1000, 'aux4': 1502, 'aux5': 1500, 'aux6': 1000, 'aux7': 1000, 'battery': 23.8, 'rssi': 949, 'rssi_msg': 'Strong signal', 'speed': 0.0, 'altitude': -0.17, 'caught': True, 'ready_hold_active': False, 'ready_hold_pending_capture': False, 'ready_hold_roll': 1500, 'ready_hold_pitch': 1500, 'ready_hold_yaw': 1500, 'ready_hold_throttle': 1100, 'target_locked': False, 'tracking_bbox': (311, 231, 17, 17), 'attack_error_x': 0.0, 'attack_error_y': 0.0, 'target_size': 0.0, 'attack_active': False, 'attack_base_roll': 1500, 'attack_base_pitch': 1500, 'attack_base_yaw': 1500, 'attack_base_throttle': 1000, 'prev_attack_error_x': 0.0, 'prev_attack_time': None, 'prev_target_size': 0.0}
2026-04-03 10:36:28,058 - BEE-EPT-UA913 - DEBUG - Executing command: TELEMETRY, Priority: 2, Body: {'target': 'MSP_ALTITUDE'}
2026-04-03 10:36:28,065 - BEE-EPT-UA913 - DEBUG - Telemetry: b'\xea\xff\xff\xff\x00\x00'
2026-04-03 10:36:28,065 - BEE-EPT-UA913 - INFO - Autopilot state: {'connection': True, 'bee_state': 'READY', 'roll': 1500, 'pitch': 1500, 'yaw': 1500, 'throttle': 989, 'last_manual_roll': 1500, 'last_manual_pitch': 1500, 'last_manual_yaw': 1500, 'last_manual_throttle': 989, 'aux3': 1000, 'aux4': 1502, 'aux5': 1500, 'aux6': 1000, 'aux7': 1000, 'battery': 23.8, 'rssi': 949, 'rssi_msg': 'Strong signal', 'speed': 0.0, 'altitude': -0.22, 'caught': True, 'ready_hold_active': False, 'ready_hold_pending_capture': False, 'ready_hold_roll': 1500, 'ready_hold_pitch': 1500, 'ready_hold_yaw': 1500, 'ready_hold_throttle': 1100, 'target_locked': False, 'tracking_bbox': (311, 231, 17, 17), 'attack_error_x': 0.0, 'attack_error_y': 0.0, 'target_size': 0.0, 'attack_active': False, 'attack_base_roll': 1500, 'attack_base_pitch': 1500, 'attack_base_yaw': 1500, 'attack_base_throttle': 1000, 'prev_attack_error_x': 0.0, 'prev_attack_time': None, 'prev_target_size': 0.0}
2026-04-03 10:36:28,116 - BEE-EPT-UA913 - DEBUG - Executing command: TELEMETRY, Priority: 1, Body: {'target': 'MSP_RC'}
2026-04-03 10:36:28,128 - BEE-EPT-UA913 - DEBUG - Telemetry: b'\xdc\x05\xdc\x05\xdc\x05\xdd\x03\xd0\x07\xe8\x03\xe8\x03\xde\x05\xe8\x03\xe8\x03\xe8\x03\xfd\x05\xdc\x05\xdc\x05\xe8\x03\xe8\x03'
2026-04-03 10:36:28,128 - BEE-EPT-UA913 - INFO - Autopilot state: {'connection': True, 'bee_state': 'READY', 'roll': 1500, 'pitch': 1500, 'yaw': 1500, 'throttle': 989, 'last_manual_roll': 1500, 'last_manual_pitch': 1500, 'last_manual_yaw': 1500, 'last_manual_throttle': 989, 'aux3': 1000, 'aux4': 1502, 'aux5': 1500, 'aux6': 1000, 'aux7': 1000, 'battery': 23.8, 'rssi': 949, 'rssi_msg': 'Strong signal', 'speed': 0.0, 'altitude': -0.22, 'caught': True, 'ready_hold_active': False, 'ready_hold_pending_capture': False, 'ready_hold_roll': 1500, 'ready_hold_pitch': 1500, 'ready_hold_yaw': 1500, 'ready_hold_throttle': 1100, 'target_locked': False, 'tracking_bbox': (311, 231, 17, 17), 'attack_error_x': 0.0, 'attack_error_y': 0.0, 'target_size': 0.0, 'attack_active': False, 'attack_base_roll': 1500, 'attack_base_pitch': 1500, 'attack_base_yaw': 1500, 'attack_base_throttle': 1000, 'prev_attack_error_x': 0.0, 'prev_attack_time': None, 'prev_target_size': 0.0}
2026-04-03 10:36:28,179 - BEE-EPT-UA913 - DEBUG - Executing command: MONITOR, Priority: 2, Body: {'target': 'MSP_ANALOG'}
2026-04-03 10:36:28,186 - BEE-EPT-UA913 - DEBUG - Monitoring: b'\xee\x04\x00\x90\x03\x0c\x00G\t'
2026-04-03 10:36:28,187 - BEE-EPT-UA913 - INFO - RSSI: 912, signal: Strong signal, battery voltage: 23.8V
2026-04-03 10:36:28,237 - BEE-EPT-UA913 - DEBUG - Executing command: TELEMETRY, Priority: 1, Body: {'target': 'MSP_RC'}
2026-04-03 10:36:28,250 - BEE-EPT-UA913 - DEBUG - Telemetry: b'\xdc\x05\xdc\x05\xdc\x05\xdd\x03\xd0\x07\xe8\x03\xe8\x03\xde\x05\xe8\x03\xe8\x03\xe8\x03\xfd\x05\xdc\x05\xdc\x05\xe8\x03\xe8\x03'
2026-04-03 10:36:28,250 - BEE-EPT-UA913 - INFO - Autopilot state: {'connection': True, 'bee_state': 'READY', 'roll': 1500, 'pitch': 1500, 'yaw': 1500, 'throttle': 989, 'last_manual_roll': 1500, 'last_manual_pitch': 1500, 'last_manual_yaw': 1500, 'last_manual_throttle': 989, 'aux3': 1000, 'aux4': 1502, 'aux5': 1500, 'aux6': 1000, 'aux7': 1000, 'battery': 23.8, 'rssi': 912, 'rssi_msg': 'Strong signal', 'speed': 0.0, 'altitude': -0.22, 'caught': True, 'ready_hold_active': False, 'ready_hold_pending_capture': False, 'ready_hold_roll': 1500, 'ready_hold_pitch': 1500, 'ready_hold_yaw': 1500, 'ready_hold_throttle': 1100, 'target_locked': False, 'tracking_bbox': (311, 231, 17, 17), 'attack_error_x': 0.0, 'attack_error_y': 0.0, 'target_size': 0.0, 'attack_active': False, 'attack_base_roll': 1500, 'attack_base_pitch': 1500, 'attack_base_yaw': 1500, 'attack_base_throttle': 1000, 'prev_attack_error_x': 0.0, 'prev_attack_time': None, 'prev_target_size': 0.0}
2026-04-03 10:36:28,301 - BEE-EPT-UA913 - DEBUG - Executing command: TELEMETRY, Priority: 1, Body: {'target': 'MSP_RC'}
2026-04-03 10:36:28,310 - BEE-EPT-UA913 - DEBUG - Telemetry: b'\xdc\x05\xdc\x05\xdc\x05\xdd\x03\xd0\x07\xe8\x03\xe8\x03\xde\x05\xe8\x03\xe8\x03\xe8\x03\xfd\x05\xdc\x05\xdc\x05\xe8\x03\xe8\x03'
2026-04-03 10:36:28,311 - BEE-EPT-UA913 - INFO - Autopilot state: {'connection': True, 'bee_state': 'READY', 'roll': 1500, 'pitch': 1500, 'yaw': 1500, 'throttle': 989, 'last_manual_roll': 1500, 'last_manual_pitch': 1500, 'last_manual_yaw': 1500, 'last_manual_throttle': 989, 'aux3': 1000, 'aux4': 1502, 'aux5': 1500, 'aux6': 1000, 'aux7': 1000, 'battery': 23.8, 'rssi': 912, 'rssi_msg': 'Strong signal', 'speed': 0.0, 'altitude': -0.22, 'caught': True, 'ready_hold_active': False, 'ready_hold_pending_capture': False, 'ready_hold_roll': 1500, 'ready_hold_pitch': 1500, 'ready_hold_yaw': 1500, 'ready_hold_throttle': 1100, 'target_locked': False, 'tracking_bbox': (311, 231, 17, 17), 'attack_error_x': 0.0, 'attack_error_y': 0.0, 'target_size': 0.0, 'attack_active': False, 'attack_base_roll': 1500, 'attack_base_pitch': 1500, 'attack_base_yaw': 1500, 'attack_base_throttle': 1000, 'prev_attack_error_x': 0.0, 'prev_attack_time': None, 'prev_target_size': 0.0}
2026-04-03 10:36:28,397 - BEE-EPT-UA913 - DEBUG - Executing command: TELEMETRY, Priority: 1, Body: {'target': 'MSP_RC'}
2026-04-03 10:36:28,410 - BEE-EPT-UA913 - DEBUG - Telemetry: b'\xdc\x05\xdc\x05\xdc\x05\xdd\x03\xd0\x07\xe8\x03\xe8\x03\xde\x05\xe8\x03\xe8\x03\xe8\x03\xfd\x05\xdc\x05\xdc\x05\xe8\x03\xe8\x03'
2026-04-03 10:36:28,410 - BEE-EPT-UA913 - INFO - Autopilot state: {'connection': True, 'bee_state': 'READY', 'roll': 1500, 'pitch': 1500, 'yaw': 1500, 'throttle': 989, 'last_manual_roll': 1500, 'last_manual_pitch': 1500, 'last_manual_yaw': 1500, 'last_manual_throttle': 989, 'aux3': 1000, 'aux4': 1502, 'aux5': 1500, 'aux6': 1000, 'aux7': 1000, 'battery': 23.8, 'rssi': 912, 'rssi_msg': 'Strong signal', 'speed': 0.0, 'altitude': -0.22, 'caught': True, 'ready_hold_active': False, 'ready_hold_pending_capture': False, 'ready_hold_roll': 1500, 'ready_hold_pitch': 1500, 'ready_hold_yaw': 1500, 'ready_hold_throttle': 1100, 'target_locked': False, 'tracking_bbox': (311, 231, 17, 17), 'attack_error_x': 0.0, 'attack_error_y': 0.0, 'target_size': 0.0, 'attack_active': False, 'attack_base_roll': 1500, 'attack_base_pitch': 1500, 'attack_base_yaw': 1500, 'attack_base_throttle': 1000, 'prev_attack_error_x': 0.0, 'prev_attack_time': None, 'prev_target_size': 0.0}
2026-04-03 10:36:28,497 - BEE-EPT-UA913 - DEBUG - Executing command: TELEMETRY, Priority: 1, Body: {'target': 'MSP_RC'}
2026-04-03 10:36:28,511 - BEE-EPT-UA913 - DEBUG - Telemetry: b'\xdc\x05\xdc\x05\xdc\x05\xdd\x03\xd0\x07\xe8\x03\xe8\x03\xde\x05\xe8\x03\xe8\x03\xe8\x03\xfd\x05\xdc\x05\xdc\x05\xe8\x03\xe8\x03'
2026-04-03 10:36:28,511 - BEE-EPT-UA913 - INFO - Autopilot state: {'connection': True, 'bee_state': 'READY', 'roll': 1500, 'pitch': 1500, 'yaw': 1500, 'throttle': 989, 'last_manual_roll': 1500, 'last_manual_pitch': 1500, 'last_manual_yaw': 1500, 'last_manual_throttle': 989, 'aux3': 1000, 'aux4': 1502, 'aux5': 1500, 'aux6': 1000, 'aux7': 1000, 'battery': 23.8, 'rssi': 912, 'rssi_msg': 'Strong signal', 'speed': 0.0, 'altitude': -0.22, 'caught': True, 'ready_hold_active': False, 'ready_hold_pending_capture': False, 'ready_hold_roll': 1500, 'ready_hold_pitch': 1500, 'ready_hold_yaw': 1500, 'ready_hold_throttle': 1100, 'target_locked': False, 'tracking_bbox': (311, 231, 17, 17), 'attack_error_x': 0.0, 'attack_error_y': 0.0, 'target_size': 0.0, 'attack_active': False, 'attack_base_roll': 1500, 'attack_base_pitch': 1500, 'attack_base_yaw': 1500, 'attack_base_throttle': 1000, 'prev_attack_error_x': 0.0, 'prev_attack_time': None, 'prev_target_size': 0.0}
2026-04-03 10:36:28,598 - BEE-EPT-UA913 - DEBUG - Executing command: TELEMETRY, Priority: 1, Body: {'target': 'MSP_RC'}
2026-04-03 10:36:28,612 - BEE-EPT-UA913 - DEBUG - Telemetry: b'\xdc\x05\xdc\x05\xdc\x05\xdd\x03\xd0\x07\xe8\x03\xe8\x03\xde\x05\xe8\x03\xe8\x03\xe8\x03\xfd\x05\xdc\x05\xdc\x05\xe8\x03\xe8\x03'
2026-04-03 10:36:28,612 - BEE-EPT-UA913 - INFO - Autopilot state: {'connection': True, 'bee_state': 'READY', 'roll': 1500, 'pitch': 1500, 'yaw': 1500, 'throttle': 989, 'last_manual_roll': 1500, 'last_manual_pitch': 1500, 'last_manual_yaw': 1500, 'last_manual_throttle': 989, 'aux3': 1000, 'aux4': 1502, 'aux5': 1500, 'aux6': 1000, 'aux7': 1000, 'battery': 23.8, 'rssi': 912, 'rssi_msg': 'Strong signal', 'speed': 0.0, 'altitude': -0.22, 'caught': True, 'ready_hold_active': False, 'ready_hold_pending_capture': False, 'ready_hold_roll': 1500, 'ready_hold_pitch': 1500, 'ready_hold_yaw': 1500, 'ready_hold_throttle': 1100, 'target_locked': False, 'tracking_bbox': (311, 231, 17, 17), 'attack_error_x': 0.0, 'attack_error_y': 0.0, 'target_size': 0.0, 'attack_active': False, 'attack_base_roll': 1500, 'attack_base_pitch': 1500, 'attack_base_yaw': 1500, 'attack_base_throttle': 1000, 'prev_attack_error_x': 0.0, 'prev_attack_time': None, 'prev_target_size': 0.0}
2026-04-03 10:36:28,698 - BEE-EPT-UA913 - DEBUG - Executing command: TELEMETRY, Priority: 1, Body: {'target': 'MSP_RC'}
2026-04-03 10:36:28,712 - BEE-EPT-UA913 - DEBUG - Telemetry: b'\xdc\x05\xdc\x05\xdc\x05\xdd\x03\xd0\x07\xe8\x03\xe8\x03\xde\x05\xe8\x03\xe8\x03\xe8\x03\xfd\x05\xdc\x05\xdc\x05\xe8\x03\xe8\x03'
2026-04-03 10:36:28,712 - BEE-EPT-UA913 - INFO - Autopilot state: {'connection': True, 'bee_state': 'READY', 'roll': 1500, 'pitch': 1500, 'yaw': 1500, 'throttle': 989, 'last_manual_roll': 1500, 'last_manual_pitch': 1500, 'last_manual_yaw': 1500, 'last_manual_throttle': 989, 'aux3': 1000, 'aux4': 1502, 'aux5': 1500, 'aux6': 1000, 'aux7': 1000, 'battery': 23.8, 'rssi': 912, 'rssi_msg': 'Strong signal', 'speed': 0.0, 'altitude': -0.22, 'caught': True, 'ready_hold_active': False, 'ready_hold_pending_capture': False, 'ready_hold_roll': 1500, 'ready_hold_pitch': 1500, 'ready_hold_yaw': 1500, 'ready_hold_throttle': 1100, 'target_locked': False, 'tracking_bbox': (311, 231, 17, 17), 'attack_error_x': 0.0, 'attack_error_y': 0.0, 'target_size': 0.0, 'attack_active': False, 'attack_base_roll': 1500, 'attack_base_pitch': 1500, 'attack_base_yaw': 1500, 'attack_base_throttle': 1000, 'prev_attack_error_x': 0.0, 'prev_attack_time': None, 'prev_target_size': 0.0}
2026-04-03 10:36:28,798 - BEE-EPT-UA913 - DEBUG - Executing command: TELEMETRY, Priority: 1, Body: {'target': 'MSP_RC'}
2026-04-03 10:36:28,803 - BEE-EPT-UA913 - DEBUG - Telemetry: b'\xdc\x05\xdc\x05\xdc\x05\xdd\x03\xd0\x07\xe8\x03\xe8\x03\xde\x05\xe8\x03\xe8\x03\xe8\x03\xfd\x05\xdc\x05\xdc\x05\xe8\x03\xe8\x03'
2026-04-03 10:36:28,803 - BEE-EPT-UA913 - INFO - Autopilot state: {'connection': True, 'bee_state': 'READY', 'roll': 1500, 'pitch': 1500, 'yaw': 1500, 'throttle': 989, 'last_manual_roll': 1500, 'last_manual_pitch': 1500, 'last_manual_yaw': 1500, 'last_manual_throttle': 989, 'aux3': 1000, 'aux4': 1502, 'aux5': 1500, 'aux6': 1000, 'aux7': 1000, 'battery': 23.8, 'rssi': 912, 'rssi_msg': 'Strong signal', 'speed': 0.0, 'altitude': -0.22, 'caught': True, 'ready_hold_active': False, 'ready_hold_pending_capture': False, 'ready_hold_roll': 1500, 'ready_hold_pitch': 1500, 'ready_hold_yaw': 1500, 'ready_hold_throttle': 1100, 'target_locked': False, 'tracking_bbox': (311, 231, 17, 17), 'attack_error_x': 0.0, 'attack_error_y': 0.0, 'target_size': 0.0, 'attack_active': False, 'attack_base_roll': 1500, 'attack_base_pitch': 1500, 'attack_base_yaw': 1500, 'attack_base_throttle': 1000, 'prev_attack_error_x': 0.0, 'prev_attack_time': None, 'prev_target_size': 0.0}
2026-04-03 10:36:28,898 - BEE-EPT-UA913 - DEBUG - Executing command: TELEMETRY, Priority: 1, Body: {'target': 'MSP_RC'}
2026-04-03 10:36:28,904 - BEE-EPT-UA913 - DEBUG - Telemetry: b'\xdc\x05\xdc\x05\xdc\x05\xdd\x03\xd0\x07\xe8\x03\xe8\x03\xde\x05\xe8\x03\xe8\x03\xe8\x03\xfd\x05\xdc\x05\xdc\x05\xe8\x03\xe8\x03'
2026-04-03 10:36:28,904 - BEE-EPT-UA913 - INFO - Autopilot state: {'connection': True, 'bee_state': 'READY', 'roll': 1500, 'pitch': 1500, 'yaw': 1500, 'throttle': 989, 'last_manual_roll': 1500, 'last_manual_pitch': 1500, 'last_manual_yaw': 1500, 'last_manual_throttle': 989, 'aux3': 1000, 'aux4': 1502, 'aux5': 1500, 'aux6': 1000, 'aux7': 1000, 'battery': 23.8, 'rssi': 912, 'rssi_msg': 'Strong signal', 'speed': 0.0, 'altitude': -0.22, 'caught': True, 'ready_hold_active': False, 'ready_hold_pending_capture': False, 'ready_hold_roll': 1500, 'ready_hold_pitch': 1500, 'ready_hold_yaw': 1500, 'ready_hold_throttle': 1100, 'target_locked': False, 'tracking_bbox': (311, 231, 17, 17), 'attack_error_x': 0.0, 'attack_error_y': 0.0, 'target_size': 0.0, 'attack_active': False, 'attack_base_roll': 1500, 'attack_base_pitch': 1500, 'attack_base_yaw': 1500, 'attack_base_throttle': 1000, 'prev_attack_error_x': 0.0, 'prev_attack_time': None, 'prev_target_size': 0.0}
2026-04-03 10:36:28,999 - BEE-EPT-UA913 - DEBUG - Executing command: TELEMETRY, Priority: 1, Body: {'target': 'MSP_RC'}
2026-04-03 10:36:29,005 - BEE-EPT-UA913 - DEBUG - Telemetry: b'\xdc\x05\xdc\x05\xdc\x05\xdd\x03\xd0\x07\xe8\x03\xe8\x03\xde\x05\xe8\x03\xe8\x03\xe8\x03\xfd\x05\xdc\x05\xdc\x05\xe8\x03\xe8\x03'
2026-04-03 10:36:29,005 - BEE-EPT-UA913 - INFO - Autopilot state: {'connection': True, 'bee_state': 'READY', 'roll': 1500, 'pitch': 1500, 'yaw': 1500, 'throttle': 989, 'last_manual_roll': 1500, 'last_manual_pitch': 1500, 'last_manual_yaw': 1500, 'last_manual_throttle': 989, 'aux3': 1000, 'aux4': 1502, 'aux5': 1500, 'aux6': 1000, 'aux7': 1000, 'battery': 23.8, 'rssi': 912, 'rssi_msg': 'Strong signal', 'speed': 0.0, 'altitude': -0.22, 'caught': True, 'ready_hold_active': False, 'ready_hold_pending_capture': False, 'ready_hold_roll': 1500, 'ready_hold_pitch': 1500, 'ready_hold_yaw': 1500, 'ready_hold_throttle': 1100, 'target_locked': False, 'tracking_bbox': (311, 231, 17, 17), 'attack_error_x': 0.0, 'attack_error_y': 0.0, 'target_size': 0.0, 'attack_active': False, 'attack_base_roll': 1500, 'attack_base_pitch': 1500, 'attack_base_yaw': 1500, 'attack_base_throttle': 1000, 'prev_attack_error_x': 0.0, 'prev_attack_time': None, 'prev_target_size': 0.0}
2026-04-03 10:36:29,055 - BEE-EPT-UA913 - DEBUG - Executing command: TELEMETRY, Priority: 2, Body: {'target': 'MSP_ALTITUDE'}
2026-04-03 10:36:29,063 - BEE-EPT-UA913 - DEBUG - Telemetry: b'\xeb\xff\xff\xff\x00\x00'
2026-04-03 10:36:29,063 - BEE-EPT-UA913 - INFO - Autopilot state: {'connection': True, 'bee_state': 'READY', 'roll': 1500, 'pitch': 1500, 'yaw': 1500, 'throttle': 989, 'last_manual_roll': 1500, 'last_manual_pitch': 1500, 'last_manual_yaw': 1500, 'last_manual_throttle': 989, 'aux3': 1000, 'aux4': 1502, 'aux5': 1500, 'aux6': 1000, 'aux7': 1000, 'battery': 23.8, 'rssi': 912, 'rssi_msg': 'Strong signal', 'speed': 0.0, 'altitude': -0.21, 'caught': True, 'ready_hold_active': False, 'ready_hold_pending_capture': False, 'ready_hold_roll': 1500, 'ready_hold_pitch': 1500, 'ready_hold_yaw': 1500, 'ready_hold_throttle': 1100, 'target_locked': False, 'tracking_bbox': (311, 231, 17, 17), 'attack_error_x': 0.0, 'attack_error_y': 0.0, 'target_size': 0.0, 'attack_active': False, 'attack_base_roll': 1500, 'attack_base_pitch': 1500, 'attack_base_yaw': 1500, 'attack_base_throttle': 1000, 'prev_attack_error_x': 0.0, 'prev_attack_time': None, 'prev_target_size': 0.0}
2026-04-03 10:36:29,113 - BEE-EPT-UA913 - DEBUG - Executing command: TELEMETRY, Priority: 1, Body: {'target': 'MSP_RC'}
2026-04-03 10:36:29,125 - BEE-EPT-UA913 - DEBUG - Telemetry: b'\xdc\x05\xdc\x05\xdc\x05\xdd\x03\xd0\x07\xe8\x03\xe8\x03\xde\x05\xe8\x03\xe8\x03\xe8\x03\xfd\x05\xdc\x05\xdc\x05\xe8\x03\xe8\x03'
2026-04-03 10:36:29,126 - BEE-EPT-UA913 - INFO - Autopilot state: {'connection': True, 'bee_state': 'READY', 'roll': 1500, 'pitch': 1500, 'yaw': 1500, 'throttle': 989, 'last_manual_roll': 1500, 'last_manual_pitch': 1500, 'last_manual_yaw': 1500, 'last_manual_throttle': 989, 'aux3': 1000, 'aux4': 1502, 'aux5': 1500, 'aux6': 1000, 'aux7': 1000, 'battery': 23.8, 'rssi': 912, 'rssi_msg': 'Strong signal', 'speed': 0.0, 'altitude': -0.21, 'caught': True, 'ready_hold_active': False, 'ready_hold_pending_capture': False, 'ready_hold_roll': 1500, 'ready_hold_pitch': 1500, 'ready_hold_yaw': 1500, 'ready_hold_throttle': 1100, 'target_locked': False, 'tracking_bbox': (311, 231, 17, 17), 'attack_error_x': 0.0, 'attack_error_y': 0.0, 'target_size': 0.0, 'attack_active': False, 'attack_base_roll': 1500, 'attack_base_pitch': 1500, 'attack_base_yaw': 1500, 'attack_base_throttle': 1000, 'prev_attack_error_x': 0.0, 'prev_attack_time': None, 'prev_target_size': 0.0}
2026-04-03 10:36:29,176 - BEE-EPT-UA913 - DEBUG - Executing command: MONITOR, Priority: 2, Body: {'target': 'MSP_ANALOG'}
2026-04-03 10:36:29,184 - BEE-EPT-UA913 - DEBUG - Monitoring: b'\xee\x04\x00z\x03\x10\x00H\t'
2026-04-03 10:36:29,184 - BEE-EPT-UA913 - INFO - RSSI: 890, signal: Strong signal, battery voltage: 23.8V
2026-04-03 10:36:29,234 - BEE-EPT-UA913 - DEBUG - Executing command: TELEMETRY, Priority: 1, Body: {'target': 'MSP_RC'}
2026-04-03 10:36:29,246 - BEE-EPT-UA913 - DEBUG - Telemetry: b'\xdc\x05\xdc\x05\xdc\x05\xdd\x03\xd0\x07\xe8\x03\xe8\x03\xde\x05\xe8\x03\xe8\x03\xe8\x03\xfd\x05\xdc\x05\xdc\x05\xe8\x03\xe8\x03'
2026-04-03 10:36:29,246 - BEE-EPT-UA913 - INFO - Autopilot state: {'connection': True, 'bee_state': 'READY', 'roll': 1500, 'pitch': 1500, 'yaw': 1500, 'throttle': 989, 'last_manual_roll': 1500, 'last_manual_pitch': 1500, 'last_manual_yaw': 1500, 'last_manual_throttle': 989, 'aux3': 1000, 'aux4': 1502, 'aux5': 1500, 'aux6': 1000, 'aux7': 1000, 'battery': 23.8, 'rssi': 890, 'rssi_msg': 'Strong signal', 'speed': 0.0, 'altitude': -0.21, 'caught': True, 'ready_hold_active': False, 'ready_hold_pending_capture': False, 'ready_hold_roll': 1500, 'ready_hold_pitch': 1500, 'ready_hold_yaw': 1500, 'ready_hold_throttle': 1100, 'target_locked': False, 'tracking_bbox': (311, 231, 17, 17), 'attack_error_x': 0.0, 'attack_error_y': 0.0, 'target_size': 0.0, 'attack_active': False, 'attack_base_roll': 1500, 'attack_base_pitch': 1500, 'attack_base_yaw': 1500, 'attack_base_throttle': 1000, 'prev_attack_error_x': 0.0, 'prev_attack_time': None, 'prev_target_size': 0.0}
2026-04-03 10:36:29,300 - BEE-EPT-UA913 - DEBUG - Executing command: TELEMETRY, Priority: 1, Body: {'target': 'MSP_RC'}
2026-04-03 10:36:29,306 - BEE-EPT-UA913 - DEBUG - Telemetry: b'\xdc\x05\xdc\x05\xdc\x05\xdd\x03\xd0\x07\xe8\x03\xe8\x03\xde\x05\xe8\x03\xe8\x03\xe8\x03\xfd\x05\xdc\x05\xdc\x05\xe8\x03\xe8\x03'
2026-04-03 10:36:29,307 - BEE-EPT-UA913 - INFO - Autopilot state: {'connection': True, 'bee_state': 'READY', 'roll': 1500, 'pitch': 1500, 'yaw': 1500, 'throttle': 989, 'last_manual_roll': 1500, 'last_manual_pitch': 1500, 'last_manual_yaw': 1500, 'last_manual_throttle': 989, 'aux3': 1000, 'aux4': 1502, 'aux5': 1500, 'aux6': 1000, 'aux7': 1000, 'battery': 23.8, 'rssi': 890, 'rssi_msg': 'Strong signal', 'speed': 0.0, 'altitude': -0.21, 'caught': True, 'ready_hold_active': False, 'ready_hold_pending_capture': False, 'ready_hold_roll': 1500, 'ready_hold_pitch': 1500, 'ready_hold_yaw': 1500, 'ready_hold_throttle': 1100, 'target_locked': False, 'tracking_bbox': (311, 231, 17, 17), 'attack_error_x': 0.0, 'attack_error_y': 0.0, 'target_size': 0.0, 'attack_active': False, 'attack_base_roll': 1500, 'attack_base_pitch': 1500, 'attack_base_yaw': 1500, 'attack_base_throttle': 1000, 'prev_attack_error_x': 0.0, 'prev_attack_time': None, 'prev_target_size': 0.0}
2026-04-03 10:36:29,400 - BEE-EPT-UA913 - DEBUG - Executing command: TELEMETRY, Priority: 1, Body: {'target': 'MSP_RC'}
2026-04-03 10:36:29,407 - BEE-EPT-UA913 - DEBUG - Telemetry: b'\xdc\x05\xdc\x05\xdc\x05\xdd\x03\xd0\x07\xe8\x03\xe8\x03\xde\x05\xe8\x03\xe8\x03\xe8\x03\xfd\x05\xdc\x05\xdc\x05\xe8\x03\xe8\x03'
2026-04-03 10:36:29,407 - BEE-EPT-UA913 - INFO - Autopilot state: {'connection': True, 'bee_state': 'READY', 'roll': 1500, 'pitch': 1500, 'yaw': 1500, 'throttle': 989, 'last_manual_roll': 1500, 'last_manual_pitch': 1500, 'last_manual_yaw': 1500, 'last_manual_throttle': 989, 'aux3': 1000, 'aux4': 1502, 'aux5': 1500, 'aux6': 1000, 'aux7': 1000, 'battery': 23.8, 'rssi': 890, 'rssi_msg': 'Strong signal', 'speed': 0.0, 'altitude': -0.21, 'caught': True, 'ready_hold_active': False, 'ready_hold_pending_capture': False, 'ready_hold_roll': 1500, 'ready_hold_pitch': 1500, 'ready_hold_yaw': 1500, 'ready_hold_throttle': 1100, 'target_locked': False, 'tracking_bbox': (311, 231, 17, 17), 'attack_error_x': 0.0, 'attack_error_y': 0.0, 'target_size': 0.0, 'attack_active': False, 'attack_base_roll': 1500, 'attack_base_pitch': 1500, 'attack_base_yaw': 1500, 'attack_base_throttle': 1000, 'prev_attack_error_x': 0.0, 'prev_attack_time': None, 'prev_target_size': 0.0}
2026-04-03 10:36:29,501 - BEE-EPT-UA913 - DEBUG - Executing command: TELEMETRY, Priority: 1, Body: {'target': 'MSP_RC'}
2026-04-03 10:36:29,508 - BEE-EPT-UA913 - DEBUG - Telemetry: b'\xdc\x05\xdc\x05\xdc\x05\xdd\x03\xd0\x07\xe8\x03\xe8\x03\xde\x05\xe8\x03\xe8\x03\xe8\x03\xfd\x05\xdc\x05\xdc\x05\xe8\x03\xe8\x03'
2026-04-03 10:36:29,509 - BEE-EPT-UA913 - INFO - Autopilot state: {'connection': True, 'bee_state': 'READY', 'roll': 1500, 'pitch': 1500, 'yaw': 1500, 'throttle': 989, 'last_manual_roll': 1500, 'last_manual_pitch': 1500, 'last_manual_yaw': 1500, 'last_manual_throttle': 989, 'aux3': 1000, 'aux4': 1502, 'aux5': 1500, 'aux6': 1000, 'aux7': 1000, 'battery': 23.8, 'rssi': 890, 'rssi_msg': 'Strong signal', 'speed': 0.0, 'altitude': -0.21, 'caught': True, 'ready_hold_active': False, 'ready_hold_pending_capture': False, 'ready_hold_roll': 1500, 'ready_hold_pitch': 1500, 'ready_hold_yaw': 1500, 'ready_hold_throttle': 1100, 'target_locked': False, 'tracking_bbox': (311, 231, 17, 17), 'attack_error_x': 0.0, 'attack_error_y': 0.0, 'target_size': 0.0, 'attack_active': False, 'attack_base_roll': 1500, 'attack_base_pitch': 1500, 'attack_base_yaw': 1500, 'attack_base_throttle': 1000, 'prev_attack_error_x': 0.0, 'prev_attack_time': None, 'prev_target_size': 0.0}
2026-04-03 10:36:29,601 - BEE-EPT-UA913 - DEBUG - Executing command: TELEMETRY, Priority: 1, Body: {'target': 'MSP_RC'}
2026-04-03 10:36:29,608 - BEE-EPT-UA913 - DEBUG - Telemetry: b'\xdc\x05\xdc\x05\xdc\x05\xdd\x03\xd0\x07\xe8\x03\xe8\x03\xde\x05\xe8\x03\xe8\x03\xe8\x03\xfd\x05\xdc\x05\xdc\x05\xe8\x03\xe8\x03'
2026-04-03 10:36:29,608 - BEE-EPT-UA913 - INFO - Autopilot state: {'connection': True, 'bee_state': 'READY', 'roll': 1500, 'pitch': 1500, 'yaw': 1500, 'throttle': 989, 'last_manual_roll': 1500, 'last_manual_pitch': 1500, 'last_manual_yaw': 1500, 'last_manual_throttle': 989, 'aux3': 1000, 'aux4': 1502, 'aux5': 1500, 'aux6': 1000, 'aux7': 1000, 'battery': 23.8, 'rssi': 890, 'rssi_msg': 'Strong signal', 'speed': 0.0, 'altitude': -0.21, 'caught': True, 'ready_hold_active': False, 'ready_hold_pending_capture': False, 'ready_hold_roll': 1500, 'ready_hold_pitch': 1500, 'ready_hold_yaw': 1500, 'ready_hold_throttle': 1100, 'target_locked': False, 'tracking_bbox': (311, 231, 17, 17), 'attack_error_x': 0.0, 'attack_error_y': 0.0, 'target_size': 0.0, 'attack_active': False, 'attack_base_roll': 1500, 'attack_base_pitch': 1500, 'attack_base_yaw': 1500, 'attack_base_throttle': 1000, 'prev_attack_error_x': 0.0, 'prev_attack_time': None, 'prev_target_size': 0.0}
2026-04-03 10:36:29,703 - BEE-EPT-UA913 - DEBUG - Executing command: TELEMETRY, Priority: 1, Body: {'target': 'MSP_RC'}
2026-04-03 10:36:29,708 - BEE-EPT-UA913 - DEBUG - Telemetry: b'\xdc\x05\xdc\x05\xdc\x05\xdd\x03\xd0\x07\xe8\x03\xe8\x03\xde\x05\xe8\x03\xe8\x03\xe8\x03\xfd\x05\xdc\x05\xdc\x05\xe8\x03\xe8\x03'
2026-04-03 10:36:29,709 - BEE-EPT-UA913 - INFO - Autopilot state: {'connection': True, 'bee_state': 'READY', 'roll': 1500, 'pitch': 1500, 'yaw': 1500, 'throttle': 989, 'last_manual_roll': 1500, 'last_manual_pitch': 1500, 'last_manual_yaw': 1500, 'last_manual_throttle': 989, 'aux3': 1000, 'aux4': 1502, 'aux5': 1500, 'aux6': 1000, 'aux7': 1000, 'battery': 23.8, 'rssi': 890, 'rssi_msg': 'Strong signal', 'speed': 0.0, 'altitude': -0.21, 'caught': True, 'ready_hold_active': False, 'ready_hold_pending_capture': False, 'ready_hold_roll': 1500, 'ready_hold_pitch': 1500, 'ready_hold_yaw': 1500, 'ready_hold_throttle': 1100, 'target_locked': False, 'tracking_bbox': (311, 231, 17, 17), 'attack_error_x': 0.0, 'attack_error_y': 0.0, 'target_size': 0.0, 'attack_active': False, 'attack_base_roll': 1500, 'attack_base_pitch': 1500, 'attack_base_yaw': 1500, 'attack_base_throttle': 1000, 'prev_attack_error_x': 0.0, 'prev_attack_time': None, 'prev_target_size': 0.0}
2026-04-03 10:36:29,803 - BEE-EPT-UA913 - DEBUG - Executing command: TELEMETRY, Priority: 1, Body: {'target': 'MSP_RC'}
2026-04-03 10:36:29,812 - BEE-EPT-UA913 - DEBUG - Telemetry: b'\xdc\x05\xdc\x05\xdc\x05\xdd\x03\xd0\x07\xe8\x03\xe8\x03\xde\x05\xe8\x03\xe8\x03\xe8\x03\xfd\x05\xdc\x05\xdc\x05\xe8\x03\xe8\x03'
2026-04-03 10:36:29,813 - BEE-EPT-UA913 - INFO - Autopilot state: {'connection': True, 'bee_state': 'READY', 'roll': 1500, 'pitch': 1500, 'yaw': 1500, 'throttle': 989, 'last_manual_roll': 1500, 'last_manual_pitch': 1500, 'last_manual_yaw': 1500, 'last_manual_throttle': 989, 'aux3': 1000, 'aux4': 1502, 'aux5': 1500, 'aux6': 1000, 'aux7': 1000, 'battery': 23.8, 'rssi': 890, 'rssi_msg': 'Strong signal', 'speed': 0.0, 'altitude': -0.21, 'caught': True, 'ready_hold_active': False, 'ready_hold_pending_capture': False, 'ready_hold_roll': 1500, 'ready_hold_pitch': 1500, 'ready_hold_yaw': 1500, 'ready_hold_throttle': 1100, 'target_locked': False, 'tracking_bbox': (311, 231, 17, 17), 'attack_error_x': 0.0, 'attack_error_y': 0.0, 'target_size': 0.0, 'attack_active': False, 'attack_base_roll': 1500, 'attack_base_pitch': 1500, 'attack_base_yaw': 1500, 'attack_base_throttle': 1000, 'prev_attack_error_x': 0.0, 'prev_attack_time': None, 'prev_target_size': 0.0}
2026-04-03 10:36:29,903 - BEE-EPT-UA913 - DEBUG - Executing command: TELEMETRY, Priority: 1, Body: {'target': 'MSP_RC'}
2026-04-03 10:36:29,909 - BEE-EPT-UA913 - DEBUG - Telemetry: b'\xdc\x05\xdc\x05\xdc\x05\xdd\x03\xd0\x07\xe8\x03\xe8\x03\xde\x05\xe8\x03\xe8\x03\xe8\x03\xfd\x05\xdc\x05\xdc\x05\xe8\x03\xe8\x03'
2026-04-03 10:36:29,910 - BEE-EPT-UA913 - INFO - Autopilot state: {'connection': True, 'bee_state': 'READY', 'roll': 1500, 'pitch': 1500, 'yaw': 1500, 'throttle': 989, 'last_manual_roll': 1500, 'last_manual_pitch': 1500, 'last_manual_yaw': 1500, 'last_manual_throttle': 989, 'aux3': 1000, 'aux4': 1502, 'aux5': 1500, 'aux6': 1000, 'aux7': 1000, 'battery': 23.8, 'rssi': 890, 'rssi_msg': 'Strong signal', 'speed': 0.0, 'altitude': -0.21, 'caught': True, 'ready_hold_active': False, 'ready_hold_pending_capture': False, 'ready_hold_roll': 1500, 'ready_hold_pitch': 1500, 'ready_hold_yaw': 1500, 'ready_hold_throttle': 1100, 'target_locked': False, 'tracking_bbox': (311, 231, 17, 17), 'attack_error_x': 0.0, 'attack_error_y': 0.0, 'target_size': 0.0, 'attack_active': False, 'attack_base_roll': 1500, 'attack_base_pitch': 1500, 'attack_base_yaw': 1500, 'attack_base_throttle': 1000, 'prev_attack_error_x': 0.0, 'prev_attack_time': None, 'prev_target_size': 0.0}
2026-04-03 10:36:30,004 - BEE-EPT-UA913 - DEBUG - Executing command: TELEMETRY, Priority: 1, Body: {'target': 'MSP_RC'}
2026-04-03 10:36:30,010 - BEE-EPT-UA913 - DEBUG - Telemetry: b'\xdc\x05\xdc\x05\xdc\x05\xdd\x03\xd0\x07\xe8\x03\xe8\x03\xde\x05\xe8\x03\xe8\x03\xe8\x03\xfd\x05\xdc\x05\xdc\x05\xe8\x03\xe8\x03'
2026-04-03 10:36:30,010 - BEE-EPT-UA913 - INFO - Autopilot state: {'connection': True, 'bee_state': 'READY', 'roll': 1500, 'pitch': 1500, 'yaw': 1500, 'throttle': 989, 'last_manual_roll': 1500, 'last_manual_pitch': 1500, 'last_manual_yaw': 1500, 'last_manual_throttle': 989, 'aux3': 1000, 'aux4': 1502, 'aux5': 1500, 'aux6': 1000, 'aux7': 1000, 'battery': 23.8, 'rssi': 890, 'rssi_msg': 'Strong signal', 'speed': 0.0, 'altitude': -0.21, 'caught': True, 'ready_hold_active': False, 'ready_hold_pending_capture': False, 'ready_hold_roll': 1500, 'ready_hold_pitch': 1500, 'ready_hold_yaw': 1500, 'ready_hold_throttle': 1100, 'target_locked': False, 'tracking_bbox': (311, 231, 17, 17), 'attack_error_x': 0.0, 'attack_error_y': 0.0, 'target_size': 0.0, 'attack_active': False, 'attack_base_roll': 1500, 'attack_base_pitch': 1500, 'attack_base_yaw': 1500, 'attack_base_throttle': 1000, 'prev_attack_error_x': 0.0, 'prev_attack_time': None, 'prev_target_size': 0.0}
2026-04-03 10:36:30,061 - BEE-EPT-UA913 - DEBUG - Executing command: TELEMETRY, Priority: 2, Body: {'target': 'MSP_ALTITUDE'}
2026-04-03 10:36:30,068 - BEE-EPT-UA913 - DEBUG - Telemetry: b'\xef\xff\xff\xff\x00\x00'
2026-04-03 10:36:30,068 - BEE-EPT-UA913 - INFO - Autopilot state: {'connection': True, 'bee_state': 'READY', 'roll': 1500, 'pitch': 1500, 'yaw': 1500, 'throttle': 989, 'last_manual_roll': 1500, 'last_manual_pitch': 1500, 'last_manual_yaw': 1500, 'last_manual_throttle': 989, 'aux3': 1000, 'aux4': 1502, 'aux5': 1500, 'aux6': 1000, 'aux7': 1000, 'battery': 23.8, 'rssi': 890, 'rssi_msg': 'Strong signal', 'speed': 0.0, 'altitude': -0.17, 'caught': True, 'ready_hold_active': False, 'ready_hold_pending_capture': False, 'ready_hold_roll': 1500, 'ready_hold_pitch': 1500, 'ready_hold_yaw': 1500, 'ready_hold_throttle': 1100, 'target_locked': False, 'tracking_bbox': (311, 231, 17, 17), 'attack_error_x': 0.0, 'attack_error_y': 0.0, 'target_size': 0.0, 'attack_active': False, 'attack_base_roll': 1500, 'attack_base_pitch': 1500, 'attack_base_yaw': 1500, 'attack_base_throttle': 1000, 'prev_attack_error_x': 0.0, 'prev_attack_time': None, 'prev_target_size': 0.0}
2026-04-03 10:36:30,119 - BEE-EPT-UA913 - DEBUG - Executing command: TELEMETRY, Priority: 1, Body: {'target': 'MSP_RC'}
2026-04-03 10:36:30,130 - BEE-EPT-UA913 - DEBUG - Telemetry: b'\xdc\x05\xdc\x05\xdc\x05\xdd\x03\xd0\x07\xe8\x03\xe8\x03\xde\x05\xe8\x03\xe8\x03\xe8\x03\xfd\x05\xdc\x05\xdc\x05\xe8\x03\xe8\x03'
2026-04-03 10:36:30,131 - BEE-EPT-UA913 - INFO - Autopilot state: {'connection': True, 'bee_state': 'READY', 'roll': 1500, 'pitch': 1500, 'yaw': 1500, 'throttle': 989, 'last_manual_roll': 1500, 'last_manual_pitch': 1500, 'last_manual_yaw': 1500, 'last_manual_throttle': 989, 'aux3': 1000, 'aux4': 1502, 'aux5': 1500, 'aux6': 1000, 'aux7': 1000, 'battery': 23.8, 'rssi': 890, 'rssi_msg': 'Strong signal', 'speed': 0.0, 'altitude': -0.17, 'caught': True, 'ready_hold_active': False, 'ready_hold_pending_capture': False, 'ready_hold_roll': 1500, 'ready_hold_pitch': 1500, 'ready_hold_yaw': 1500, 'ready_hold_throttle': 1100, 'target_locked': False, 'tracking_bbox': (311, 231, 17, 17), 'attack_error_x': 0.0, 'attack_error_y': 0.0, 'target_size': 0.0, 'attack_active': False, 'attack_base_roll': 1500, 'attack_base_pitch': 1500, 'attack_base_yaw': 1500, 'attack_base_throttle': 1000, 'prev_attack_error_x': 0.0, 'prev_attack_time': None, 'prev_target_size': 0.0}
2026-04-03 10:36:30,181 - BEE-EPT-UA913 - DEBUG - Executing command: MONITOR, Priority: 2, Body: {'target': 'MSP_ANALOG'}
2026-04-03 10:36:30,189 - BEE-EPT-UA913 - DEBUG - Monitoring: b'\xee\x04\x00e\x03\x0c\x00H\t'
2026-04-03 10:36:30,189 - BEE-EPT-UA913 - INFO - RSSI: 869, signal: Strong signal, battery voltage: 23.8V
2026-04-03 10:36:30,240 - BEE-EPT-UA913 - DEBUG - Executing command: TELEMETRY, Priority: 1, Body: {'target': 'MSP_RC'}
2026-04-03 10:36:30,251 - BEE-EPT-UA913 - DEBUG - Telemetry: b'\xdc\x05\xdc\x05\xdc\x05\xdd\x03\xd0\x07\xe8\x03\xe8\x03\xde\x05\xe8\x03\xe8\x03\xe8\x03\xfd\x05\xdc\x05\xdc\x05\xe8\x03\xe8\x03'
2026-04-03 10:36:30,251 - BEE-EPT-UA913 - INFO - Autopilot state: {'connection': True, 'bee_state': 'READY', 'roll': 1500, 'pitch': 1500, 'yaw': 1500, 'throttle': 989, 'last_manual_roll': 1500, 'last_manual_pitch': 1500, 'last_manual_yaw': 1500, 'last_manual_throttle': 989, 'aux3': 1000, 'aux4': 1502, 'aux5': 1500, 'aux6': 1000, 'aux7': 1000, 'battery': 23.8, 'rssi': 869, 'rssi_msg': 'Strong signal', 'speed': 0.0, 'altitude': -0.17, 'caught': True, 'ready_hold_active': False, 'ready_hold_pending_capture': False, 'ready_hold_roll': 1500, 'ready_hold_pitch': 1500, 'ready_hold_yaw': 1500, 'ready_hold_throttle': 1100, 'target_locked': False, 'tracking_bbox': (311, 231, 17, 17), 'attack_error_x': 0.0, 'attack_error_y': 0.0, 'target_size': 0.0, 'attack_active': False, 'attack_base_roll': 1500, 'attack_base_pitch': 1500, 'attack_base_yaw': 1500, 'attack_base_throttle': 1000, 'prev_attack_error_x': 0.0, 'prev_attack_time': None, 'prev_target_size': 0.0}
2026-04-03 10:36:30,305 - BEE-EPT-UA913 - DEBUG - Executing command: TELEMETRY, Priority: 1, Body: {'target': 'MSP_RC'}
2026-04-03 10:36:30,311 - BEE-EPT-UA913 - DEBUG - Telemetry: b'\xdc\x05\xdc\x05\xdc\x05\xdd\x03\xd0\x07\xe8\x03\xe8\x03\xde\x05\xe8\x03\xe8\x03\xe8\x03\xfd\x05\xdc\x05\xdc\x05\xe8\x03\xe8\x03'
2026-04-03 10:36:30,312 - BEE-EPT-UA913 - INFO - Autopilot state: {'connection': True, 'bee_state': 'READY', 'roll': 1500, 'pitch': 1500, 'yaw': 1500, 'throttle': 989, 'last_manual_roll': 1500, 'last_manual_pitch': 1500, 'last_manual_yaw': 1500, 'last_manual_throttle': 989, 'aux3': 1000, 'aux4': 1502, 'aux5': 1500, 'aux6': 1000, 'aux7': 1000, 'battery': 23.8, 'rssi': 869, 'rssi_msg': 'Strong signal', 'speed': 0.0, 'altitude': -0.17, 'caught': True, 'ready_hold_active': False, 'ready_hold_pending_capture': False, 'ready_hold_roll': 1500, 'ready_hold_pitch': 1500, 'ready_hold_yaw': 1500, 'ready_hold_throttle': 1100, 'target_locked': False, 'tracking_bbox': (311, 231, 17, 17), 'attack_error_x': 0.0, 'attack_error_y': 0.0, 'target_size': 0.0, 'attack_active': False, 'attack_base_roll': 1500, 'attack_base_pitch': 1500, 'attack_base_yaw': 1500, 'attack_base_throttle': 1000, 'prev_attack_error_x': 0.0, 'prev_attack_time': None, 'prev_target_size': 0.0}
2026-04-03 10:36:30,408 - BEE-EPT-UA913 - DEBUG - Executing command: TELEMETRY, Priority: 1, Body: {'target': 'MSP_RC'}
2026-04-03 10:36:30,422 - BEE-EPT-UA913 - DEBUG - Telemetry: b'\xdc\x05\xdc\x05\xdc\x05\xdd\x03\xd0\x07\xe8\x03\xe8\x03\xde\x05\xe8\x03\xe8\x03\xe8\x03\xfd\x05\xdc\x05\xdc\x05\xe8\x03\xe8\x03'
2026-04-03 10:36:30,422 - BEE-EPT-UA913 - INFO - Autopilot state: {'connection': True, 'bee_state': 'READY', 'roll': 1500, 'pitch': 1500, 'yaw': 1500, 'throttle': 989, 'last_manual_roll': 1500, 'last_manual_pitch': 1500, 'last_manual_yaw': 1500, 'last_manual_throttle': 989, 'aux3': 1000, 'aux4': 1502, 'aux5': 1500, 'aux6': 1000, 'aux7': 1000, 'battery': 23.8, 'rssi': 869, 'rssi_msg': 'Strong signal', 'speed': 0.0, 'altitude': -0.17, 'caught': True, 'ready_hold_active': False, 'ready_hold_pending_capture': False, 'ready_hold_roll': 1500, 'ready_hold_pitch': 1500, 'ready_hold_yaw': 1500, 'ready_hold_throttle': 1100, 'target_locked': False, 'tracking_bbox': (311, 231, 17, 17), 'attack_error_x': 0.0, 'attack_error_y': 0.0, 'target_size': 0.0, 'attack_active': False, 'attack_base_roll': 1500, 'attack_base_pitch': 1500, 'attack_base_yaw': 1500, 'attack_base_throttle': 1000, 'prev_attack_error_x': 0.0, 'prev_attack_time': None, 'prev_target_size': 0.0}
2026-04-03 10:36:30,506 - BEE-EPT-UA913 - DEBUG - Executing command: TELEMETRY, Priority: 1, Body: {'target': 'MSP_RC'}
2026-04-03 10:36:30,512 - BEE-EPT-UA913 - DEBUG - Telemetry: b'\xdc\x05\xdc\x05\xdc\x05\xdd\x03\xd0\x07\xe8\x03\xe8\x03\xde\x05\xe8\x03\xe8\x03\xe8\x03\xfd\x05\xdc\x05\xdc\x05\xe8\x03\xe8\x03'
2026-04-03 10:36:30,513 - BEE-EPT-UA913 - INFO - Autopilot state: {'connection': True, 'bee_state': 'READY', 'roll': 1500, 'pitch': 1500, 'yaw': 1500, 'throttle': 989, 'last_manual_roll': 1500, 'last_manual_pitch': 1500, 'last_manual_yaw': 1500, 'last_manual_throttle': 989, 'aux3': 1000, 'aux4': 1502, 'aux5': 1500, 'aux6': 1000, 'aux7': 1000, 'battery': 23.8, 'rssi': 869, 'rssi_msg': 'Strong signal', 'speed': 0.0, 'altitude': -0.17, 'caught': True, 'ready_hold_active': False, 'ready_hold_pending_capture': False, 'ready_hold_roll': 1500, 'ready_hold_pitch': 1500, 'ready_hold_yaw': 1500, 'ready_hold_throttle': 1100, 'target_locked': False, 'tracking_bbox': (311, 231, 17, 17), 'attack_error_x': 0.0, 'attack_error_y': 0.0, 'target_size': 0.0, 'attack_active': False, 'attack_base_roll': 1500, 'attack_base_pitch': 1500, 'attack_base_yaw': 1500, 'attack_base_throttle': 1000, 'prev_attack_error_x': 0.0, 'prev_attack_time': None, 'prev_target_size': 0.0}
2026-04-03 10:36:30,606 - BEE-EPT-UA913 - DEBUG - Executing command: TELEMETRY, Priority: 1, Body: {'target': 'MSP_RC'}
2026-04-03 10:36:30,613 - BEE-EPT-UA913 - DEBUG - Telemetry: b'\xdc\x05\xdc\x05\xdc\x05\xdd\x03\xd0\x07\xe8\x03\xe8\x03\xde\x05\xe8\x03\xe8\x03\xe8\x03\xfd\x05\xdc\x05\xdc\x05\xe8\x03\xe8\x03'
2026-04-03 10:36:30,613 - BEE-EPT-UA913 - INFO - Autopilot state: {'connection': True, 'bee_state': 'READY', 'roll': 1500, 'pitch': 1500, 'yaw': 1500, 'throttle': 989, 'last_manual_roll': 1500, 'last_manual_pitch': 1500, 'last_manual_yaw': 1500, 'last_manual_throttle': 989, 'aux3': 1000, 'aux4': 1502, 'aux5': 1500, 'aux6': 1000, 'aux7': 1000, 'battery': 23.8, 'rssi': 869, 'rssi_msg': 'Strong signal', 'speed': 0.0, 'altitude': -0.17, 'caught': True, 'ready_hold_active': False, 'ready_hold_pending_capture': False, 'ready_hold_roll': 1500, 'ready_hold_pitch': 1500, 'ready_hold_yaw': 1500, 'ready_hold_throttle': 1100, 'target_locked': False, 'tracking_bbox': (311, 231, 17, 17), 'attack_error_x': 0.0, 'attack_error_y': 0.0, 'target_size': 0.0, 'attack_active': False, 'attack_base_roll': 1500, 'attack_base_pitch': 1500, 'attack_base_yaw': 1500, 'attack_base_throttle': 1000, 'prev_attack_error_x': 0.0, 'prev_attack_time': None, 'prev_target_size': 0.0}
2026-04-03 10:36:30,706 - BEE-EPT-UA913 - DEBUG - Executing command: TELEMETRY, Priority: 1, Body: {'target': 'MSP_RC'}
2026-04-03 10:36:30,713 - BEE-EPT-UA913 - DEBUG - Telemetry: b'\xdc\x05\xdc\x05\xdc\x05\xdd\x03\xd0\x07\xe8\x03\xe8\x03\xde\x05\xe8\x03\xe8\x03\xe8\x03\xfd\x05\xdc\x05\xdc\x05\xe8\x03\xe8\x03'
2026-04-03 10:36:30,714 - BEE-EPT-UA913 - INFO - Autopilot state: {'connection': True, 'bee_state': 'READY', 'roll': 1500, 'pitch': 1500, 'yaw': 1500, 'throttle': 989, 'last_manual_roll': 1500, 'last_manual_pitch': 1500, 'last_manual_yaw': 1500, 'last_manual_throttle': 989, 'aux3': 1000, 'aux4': 1502, 'aux5': 1500, 'aux6': 1000, 'aux7': 1000, 'battery': 23.8, 'rssi': 869, 'rssi_msg': 'Strong signal', 'speed': 0.0, 'altitude': -0.17, 'caught': True, 'ready_hold_active': False, 'ready_hold_pending_capture': False, 'ready_hold_roll': 1500, 'ready_hold_pitch': 1500, 'ready_hold_yaw': 1500, 'ready_hold_throttle': 1100, 'target_locked': False, 'tracking_bbox': (311, 231, 17, 17), 'attack_error_x': 0.0, 'attack_error_y': 0.0, 'target_size': 0.0, 'attack_active': False, 'attack_base_roll': 1500, 'attack_base_pitch': 1500, 'attack_base_yaw': 1500, 'attack_base_throttle': 1000, 'prev_attack_error_x': 0.0, 'prev_attack_time': None, 'prev_target_size': 0.0}
2026-04-03 10:36:30,807 - BEE-EPT-UA913 - DEBUG - Executing command: TELEMETRY, Priority: 1, Body: {'target': 'MSP_RC'}
2026-04-03 10:36:30,814 - BEE-EPT-UA913 - DEBUG - Telemetry: b'\xdc\x05\xdc\x05\xdc\x05\xdd\x03\xd0\x07\xe8\x03\xe8\x03\xde\x05\xe8\x03\xe8\x03\xe8\x03\xfd\x05\xdc\x05\xdc\x05\xe8\x03\xe8\x03'
2026-04-03 10:36:30,814 - BEE-EPT-UA913 - INFO - Autopilot state: {'connection': True, 'bee_state': 'READY', 'roll': 1500, 'pitch': 1500, 'yaw': 1500, 'throttle': 989, 'last_manual_roll': 1500, 'last_manual_pitch': 1500, 'last_manual_yaw': 1500, 'last_manual_throttle': 989, 'aux3': 1000, 'aux4': 1502, 'aux5': 1500, 'aux6': 1000, 'aux7': 1000, 'battery': 23.8, 'rssi': 869, 'rssi_msg': 'Strong signal', 'speed': 0.0, 'altitude': -0.17, 'caught': True, 'ready_hold_active': False, 'ready_hold_pending_capture': False, 'ready_hold_roll': 1500, 'ready_hold_pitch': 1500, 'ready_hold_yaw': 1500, 'ready_hold_throttle': 1100, 'target_locked': False, 'tracking_bbox': (311, 231, 17, 17), 'attack_error_x': 0.0, 'attack_error_y': 0.0, 'target_size': 0.0, 'attack_active': False, 'attack_base_roll': 1500, 'attack_base_pitch': 1500, 'attack_base_yaw': 1500, 'attack_base_throttle': 1000, 'prev_attack_error_x': 0.0, 'prev_attack_time': None, 'prev_target_size': 0.0}
2026-04-03 10:36:30,908 - BEE-EPT-UA913 - DEBUG - Executing command: TELEMETRY, Priority: 1, Body: {'target': 'MSP_RC'}
2026-04-03 10:36:30,914 - BEE-EPT-UA913 - DEBUG - Telemetry: b'\xdc\x05\xdc\x05\xdc\x05\xdd\x03\xd0\x07\xe8\x03\xe8\x03\xde\x05\xe8\x03\xe8\x03\xe8\x03\xfd\x05\xdc\x05\xdc\x05\xe8\x03\xe8\x03'
2026-04-03 10:36:30,915 - BEE-EPT-UA913 - INFO - Autopilot state: {'connection': True, 'bee_state': 'READY', 'roll': 1500, 'pitch': 1500, 'yaw': 1500, 'throttle': 989, 'last_manual_roll': 1500, 'last_manual_pitch': 1500, 'last_manual_yaw': 1500, 'last_manual_throttle': 989, 'aux3': 1000, 'aux4': 1502, 'aux5': 1500, 'aux6': 1000, 'aux7': 1000, 'battery': 23.8, 'rssi': 869, 'rssi_msg': 'Strong signal', 'speed': 0.0, 'altitude': -0.17, 'caught': True, 'ready_hold_active': False, 'ready_hold_pending_capture': False, 'ready_hold_roll': 1500, 'ready_hold_pitch': 1500, 'ready_hold_yaw': 1500, 'ready_hold_throttle': 1100, 'target_locked': False, 'tracking_bbox': (311, 231, 17, 17), 'attack_error_x': 0.0, 'attack_error_y': 0.0, 'target_size': 0.0, 'attack_active': False, 'attack_base_roll': 1500, 'attack_base_pitch': 1500, 'attack_base_yaw': 1500, 'attack_base_throttle': 1000, 'prev_attack_error_x': 0.0, 'prev_attack_time': None, 'prev_target_size': 0.0}
2026-04-03 10:36:31,008 - BEE-EPT-UA913 - DEBUG - Executing command: TELEMETRY, Priority: 1, Body: {'target': 'MSP_RC'}
2026-04-03 10:36:31,015 - BEE-EPT-UA913 - DEBUG - Telemetry: b'\xdc\x05\xdc\x05\xdc\x05\xdd\x03\xd0\x07\xe8\x03\xe8\x03\xde\x05\xe8\x03\xe8\x03\xe8\x03\xfd\x05\xdc\x05\xdc\x05\xe8\x03\xe8\x03'
2026-04-03 10:36:31,015 - BEE-EPT-UA913 - INFO - Autopilot state: {'connection': True, 'bee_state': 'READY', 'roll': 1500, 'pitch': 1500, 'yaw': 1500, 'throttle': 989, 'last_manual_roll': 1500, 'last_manual_pitch': 1500, 'last_manual_yaw': 1500, 'last_manual_throttle': 989, 'aux3': 1000, 'aux4': 1502, 'aux5': 1500, 'aux6': 1000, 'aux7': 1000, 'battery': 23.8, 'rssi': 869, 'rssi_msg': 'Strong signal', 'speed': 0.0, 'altitude': -0.17, 'caught': True, 'ready_hold_active': False, 'ready_hold_pending_capture': False, 'ready_hold_roll': 1500, 'ready_hold_pitch': 1500, 'ready_hold_yaw': 1500, 'ready_hold_throttle': 1100, 'target_locked': False, 'tracking_bbox': (311, 231, 17, 17), 'attack_error_x': 0.0, 'attack_error_y': 0.0, 'target_size': 0.0, 'attack_active': False, 'attack_base_roll': 1500, 'attack_base_pitch': 1500, 'attack_base_yaw': 1500, 'attack_base_throttle': 1000, 'prev_attack_error_x': 0.0, 'prev_attack_time': None, 'prev_target_size': 0.0}
2026-04-03 10:36:31,066 - BEE-EPT-UA913 - DEBUG - Executing command: TELEMETRY, Priority: 2, Body: {'target': 'MSP_ALTITUDE'}
2026-04-03 10:36:31,073 - BEE-EPT-UA913 - DEBUG - Telemetry: b'\xef\xff\xff\xff\x00\x00'
2026-04-03 10:36:31,073 - BEE-EPT-UA913 - INFO - Autopilot state: {'connection': True, 'bee_state': 'READY', 'roll': 1500, 'pitch': 1500, 'yaw': 1500, 'throttle': 989, 'last_manual_roll': 1500, 'last_manual_pitch': 1500, 'last_manual_yaw': 1500, 'last_manual_throttle': 989, 'aux3': 1000, 'aux4': 1502, 'aux5': 1500, 'aux6': 1000, 'aux7': 1000, 'battery': 23.8, 'rssi': 869, 'rssi_msg': 'Strong signal', 'speed': 0.0, 'altitude': -0.17, 'caught': True, 'ready_hold_active': False, 'ready_hold_pending_capture': False, 'ready_hold_roll': 1500, 'ready_hold_pitch': 1500, 'ready_hold_yaw': 1500, 'ready_hold_throttle': 1100, 'target_locked': False, 'tracking_bbox': (311, 231, 17, 17), 'attack_error_x': 0.0, 'attack_error_y': 0.0, 'target_size': 0.0, 'attack_active': False, 'attack_base_roll': 1500, 'attack_base_pitch': 1500, 'attack_base_yaw': 1500, 'attack_base_throttle': 1000, 'prev_attack_error_x': 0.0, 'prev_attack_time': None, 'prev_target_size': 0.0}
2026-04-03 10:36:31,124 - BEE-EPT-UA913 - DEBUG - Executing command: TELEMETRY, Priority: 1, Body: {'target': 'MSP_RC'}
2026-04-03 10:36:31,135 - BEE-EPT-UA913 - DEBUG - Telemetry: b'\xdc\x05\xdc\x05\xdc\x05\xdd\x03\xd0\x07\xe8\x03\xe8\x03\xde\x05\xe8\x03\xe8\x03\xe8\x03\xfd\x05\xdc\x05\xdc\x05\xe8\x03\xe8\x03'
2026-04-03 10:36:31,136 - BEE-EPT-UA913 - INFO - Autopilot state: {'connection': True, 'bee_state': 'READY', 'roll': 1500, 'pitch': 1500, 'yaw': 1500, 'throttle': 989, 'last_manual_roll': 1500, 'last_manual_pitch': 1500, 'last_manual_yaw': 1500, 'last_manual_throttle': 989, 'aux3': 1000, 'aux4': 1502, 'aux5': 1500, 'aux6': 1000, 'aux7': 1000, 'battery': 23.8, 'rssi': 869, 'rssi_msg': 'Strong signal', 'speed': 0.0, 'altitude': -0.17, 'caught': True, 'ready_hold_active': False, 'ready_hold_pending_capture': False, 'ready_hold_roll': 1500, 'ready_hold_pitch': 1500, 'ready_hold_yaw': 1500, 'ready_hold_throttle': 1100, 'target_locked': False, 'tracking_bbox': (311, 231, 17, 17), 'attack_error_x': 0.0, 'attack_error_y': 0.0, 'target_size': 0.0, 'attack_active': False, 'attack_base_roll': 1500, 'attack_base_pitch': 1500, 'attack_base_yaw': 1500, 'attack_base_throttle': 1000, 'prev_attack_error_x': 0.0, 'prev_attack_time': None, 'prev_target_size': 0.0}
2026-04-03 10:36:31,187 - BEE-EPT-UA913 - DEBUG - Executing command: MONITOR, Priority: 2, Body: {'target': 'MSP_ANALOG'}
2026-04-03 10:36:31,194 - BEE-EPT-UA913 - DEBUG - Monitoring: b'\xee\x05\x00T\x03\x10\x00G\t'
2026-04-03 10:36:31,194 - BEE-EPT-UA913 - INFO - RSSI: 852, signal: Strong signal, battery voltage: 23.8V
2026-04-03 10:36:31,245 - BEE-EPT-UA913 - DEBUG - Executing command: TELEMETRY, Priority: 1, Body: {'target': 'MSP_RC'}
2026-04-03 10:36:31,256 - BEE-EPT-UA913 - DEBUG - Telemetry: b'\xdc\x05\xdc\x05\xdc\x05\xdd\x03\xd0\x07\xe8\x03\xe8\x03\xde\x05\xe8\x03\xe8\x03\xe8\x03\xfd\x05\xdc\x05\xdc\x05\xe8\x03\xe8\x03'
2026-04-03 10:36:31,256 - BEE-EPT-UA913 - INFO - Autopilot state: {'connection': True, 'bee_state': 'READY', 'roll': 1500, 'pitch': 1500, 'yaw': 1500, 'throttle': 989, 'last_manual_roll': 1500, 'last_manual_pitch': 1500, 'last_manual_yaw': 1500, 'last_manual_throttle': 989, 'aux3': 1000, 'aux4': 1502, 'aux5': 1500, 'aux6': 1000, 'aux7': 1000, 'battery': 23.8, 'rssi': 852, 'rssi_msg': 'Strong signal', 'speed': 0.0, 'altitude': -0.17, 'caught': True, 'ready_hold_active': False, 'ready_hold_pending_capture': False, 'ready_hold_roll': 1500, 'ready_hold_pitch': 1500, 'ready_hold_yaw': 1500, 'ready_hold_throttle': 1100, 'target_locked': False, 'tracking_bbox': (311, 231, 17, 17), 'attack_error_x': 0.0, 'attack_error_y': 0.0, 'target_size': 0.0, 'attack_active': False, 'attack_base_roll': 1500, 'attack_base_pitch': 1500, 'attack_base_yaw': 1500, 'attack_base_throttle': 1000, 'prev_attack_error_x': 0.0, 'prev_attack_time': None, 'prev_target_size': 0.0}
2026-04-03 10:36:31,309 - BEE-EPT-UA913 - DEBUG - Executing command: TELEMETRY, Priority: 1, Body: {'target': 'MSP_RC'}
2026-04-03 10:36:31,316 - BEE-EPT-UA913 - DEBUG - Telemetry: b'\xdc\x05\xdc\x05\xdc\x05\xdd\x03\xd0\x07\xe8\x03\xe8\x03\xde\x05\xe8\x03\xe8\x03\xe8\x03\xfd\x05\xdc\x05\xdc\x05\xe8\x03\xe8\x03'
2026-04-03 10:36:31,317 - BEE-EPT-UA913 - INFO - Autopilot state: {'connection': True, 'bee_state': 'READY', 'roll': 1500, 'pitch': 1500, 'yaw': 1500, 'throttle': 989, 'last_manual_roll': 1500, 'last_manual_pitch': 1500, 'last_manual_yaw': 1500, 'last_manual_throttle': 989, 'aux3': 1000, 'aux4': 1502, 'aux5': 1500, 'aux6': 1000, 'aux7': 1000, 'battery': 23.8, 'rssi': 852, 'rssi_msg': 'Strong signal', 'speed': 0.0, 'altitude': -0.17, 'caught': True, 'ready_hold_active': False, 'ready_hold_pending_capture': False, 'ready_hold_roll': 1500, 'ready_hold_pitch': 1500, 'ready_hold_yaw': 1500, 'ready_hold_throttle': 1100, 'target_locked': False, 'tracking_bbox': (311, 231, 17, 17), 'attack_error_x': 0.0, 'attack_error_y': 0.0, 'target_size': 0.0, 'attack_active': False, 'attack_base_roll': 1500, 'attack_base_pitch': 1500, 'attack_base_yaw': 1500, 'attack_base_throttle': 1000, 'prev_attack_error_x': 0.0, 'prev_attack_time': None, 'prev_target_size': 0.0}
2026-04-03 10:36:31,409 - BEE-EPT-UA913 - DEBUG - Executing command: TELEMETRY, Priority: 1, Body: {'target': 'MSP_RC'}
2026-04-03 10:36:31,417 - BEE-EPT-UA913 - DEBUG - Telemetry: b'\xdc\x05\xdc\x05\xdc\x05\xdd\x03\xd0\x07\xe8\x03\xe8\x03\xde\x05\xe8\x03\xe8\x03\xe8\x03\xfd\x05\xdc\x05\xdc\x05\xe8\x03\xe8\x03'
2026-04-03 10:36:31,417 - BEE-EPT-UA913 - INFO - Autopilot state: {'connection': True, 'bee_state': 'READY', 'roll': 1500, 'pitch': 1500, 'yaw': 1500, 'throttle': 989, 'last_manual_roll': 1500, 'last_manual_pitch': 1500, 'last_manual_yaw': 1500, 'last_manual_throttle': 989, 'aux3': 1000, 'aux4': 1502, 'aux5': 1500, 'aux6': 1000, 'aux7': 1000, 'battery': 23.8, 'rssi': 852, 'rssi_msg': 'Strong signal', 'speed': 0.0, 'altitude': -0.17, 'caught': True, 'ready_hold_active': False, 'ready_hold_pending_capture': False, 'ready_hold_roll': 1500, 'ready_hold_pitch': 1500, 'ready_hold_yaw': 1500, 'ready_hold_throttle': 1100, 'target_locked': False, 'tracking_bbox': (311, 231, 17, 17), 'attack_error_x': 0.0, 'attack_error_y': 0.0, 'target_size': 0.0, 'attack_active': False, 'attack_base_roll': 1500, 'attack_base_pitch': 1500, 'attack_base_yaw': 1500, 'attack_base_throttle': 1000, 'prev_attack_error_x': 0.0, 'prev_attack_time': None, 'prev_target_size': 0.0}
2026-04-03 10:36:31,510 - BEE-EPT-UA913 - DEBUG - Executing command: TELEMETRY, Priority: 1, Body: {'target': 'MSP_RC'}
2026-04-03 10:36:31,517 - BEE-EPT-UA913 - DEBUG - Telemetry: b'\xdc\x05\xdc\x05\xdc\x05\xdd\x03\xd0\x07\xe8\x03\xe8\x03\xde\x05\xe8\x03\xe8\x03\xe8\x03\xfd\x05\xdc\x05\xdc\x05\xe8\x03\xe8\x03'
2026-04-03 10:36:31,517 - BEE-EPT-UA913 - INFO - Autopilot state: {'connection': True, 'bee_state': 'READY', 'roll': 1500, 'pitch': 1500, 'yaw': 1500, 'throttle': 989, 'last_manual_roll': 1500, 'last_manual_pitch': 1500, 'last_manual_yaw': 1500, 'last_manual_throttle': 989, 'aux3': 1000, 'aux4': 1502, 'aux5': 1500, 'aux6': 1000, 'aux7': 1000, 'battery': 23.8, 'rssi': 852, 'rssi_msg': 'Strong signal', 'speed': 0.0, 'altitude': -0.17, 'caught': True, 'ready_hold_active': False, 'ready_hold_pending_capture': False, 'ready_hold_roll': 1500, 'ready_hold_pitch': 1500, 'ready_hold_yaw': 1500, 'ready_hold_throttle': 1100, 'target_locked': False, 'tracking_bbox': (311, 231, 17, 17), 'attack_error_x': 0.0, 'attack_error_y': 0.0, 'target_size': 0.0, 'attack_active': False, 'attack_base_roll': 1500, 'attack_base_pitch': 1500, 'attack_base_yaw': 1500, 'attack_base_throttle': 1000, 'prev_attack_error_x': 0.0, 'prev_attack_time': None, 'prev_target_size': 0.0}
2026-04-03 10:36:31,610 - BEE-EPT-UA913 - DEBUG - Executing command: TELEMETRY, Priority: 1, Body: {'target': 'MSP_RC'}
2026-04-03 10:36:31,618 - BEE-EPT-UA913 - DEBUG - Telemetry: b'\xdc\x05\xdc\x05\xdc\x05\xdd\x03\xd0\x07\xe8\x03\xe8\x03\xde\x05\xe8\x03\xe8\x03\xe8\x03\xfd\x05\xdc\x05\xdc\x05\xe8\x03\xe8\x03'
2026-04-03 10:36:31,618 - BEE-EPT-UA913 - INFO - Autopilot state: {'connection': True, 'bee_state': 'READY', 'roll': 1500, 'pitch': 1500, 'yaw': 1500, 'throttle': 989, 'last_manual_roll': 1500, 'last_manual_pitch': 1500, 'last_manual_yaw': 1500, 'last_manual_throttle': 989, 'aux3': 1000, 'aux4': 1502, 'aux5': 1500, 'aux6': 1000, 'aux7': 1000, 'battery': 23.8, 'rssi': 852, 'rssi_msg': 'Strong signal', 'speed': 0.0, 'altitude': -0.17, 'caught': True, 'ready_hold_active': False, 'ready_hold_pending_capture': False, 'ready_hold_roll': 1500, 'ready_hold_pitch': 1500, 'ready_hold_yaw': 1500, 'ready_hold_throttle': 1100, 'target_locked': False, 'tracking_bbox': (311, 231, 17, 17), 'attack_error_x': 0.0, 'attack_error_y': 0.0, 'target_size': 0.0, 'attack_active': False, 'attack_base_roll': 1500, 'attack_base_pitch': 1500, 'attack_base_yaw': 1500, 'attack_base_throttle': 1000, 'prev_attack_error_x': 0.0, 'prev_attack_time': None, 'prev_target_size': 0.0}
2026-04-03 10:36:31,711 - BEE-EPT-UA913 - DEBUG - Executing command: TELEMETRY, Priority: 1, Body: {'target': 'MSP_RC'}
2026-04-03 10:36:31,718 - BEE-EPT-UA913 - DEBUG - Telemetry: b'\xdc\x05\xdc\x05\xdc\x05\xdd\x03\xd0\x07\xe8\x03\xe8\x03\xde\x05\xe8\x03\xe8\x03\xe8\x03\xfd\x05\xdc\x05\xdc\x05\xe8\x03\xe8\x03'
2026-04-03 10:36:31,718 - BEE-EPT-UA913 - INFO - Autopilot state: {'connection': True, 'bee_state': 'READY', 'roll': 1500, 'pitch': 1500, 'yaw': 1500, 'throttle': 989, 'last_manual_roll': 1500, 'last_manual_pitch': 1500, 'last_manual_yaw': 1500, 'last_manual_throttle': 989, 'aux3': 1000, 'aux4': 1502, 'aux5': 1500, 'aux6': 1000, 'aux7': 1000, 'battery': 23.8, 'rssi': 852, 'rssi_msg': 'Strong signal', 'speed': 0.0, 'altitude': -0.17, 'caught': True, 'ready_hold_active': False, 'ready_hold_pending_capture': False, 'ready_hold_roll': 1500, 'ready_hold_pitch': 1500, 'ready_hold_yaw': 1500, 'ready_hold_throttle': 1100, 'target_locked': False, 'tracking_bbox': (311, 231, 17, 17), 'attack_error_x': 0.0, 'attack_error_y': 0.0, 'target_size': 0.0, 'attack_active': False, 'attack_base_roll': 1500, 'attack_base_pitch': 1500, 'attack_base_yaw': 1500, 'attack_base_throttle': 1000, 'prev_attack_error_x': 0.0, 'prev_attack_time': None, 'prev_target_size': 0.0}
2026-04-03 10:36:31,811 - BEE-EPT-UA913 - DEBUG - Executing command: TELEMETRY, Priority: 1, Body: {'target': 'MSP_RC'}
2026-04-03 10:36:31,819 - BEE-EPT-UA913 - DEBUG - Telemetry: b'\xdc\x05\xdc\x05\xdc\x05\xdd\x03\xd0\x07\xe8\x03\xe8\x03\xde\x05\xe8\x03\xe8\x03\xe8\x03\xfd\x05\xdc\x05\xdc\x05\xe8\x03\xe8\x03'
2026-04-03 10:36:31,819 - BEE-EPT-UA913 - INFO - Autopilot state: {'connection': True, 'bee_state': 'READY', 'roll': 1500, 'pitch': 1500, 'yaw': 1500, 'throttle': 989, 'last_manual_roll': 1500, 'last_manual_pitch': 1500, 'last_manual_yaw': 1500, 'last_manual_throttle': 989, 'aux3': 1000, 'aux4': 1502, 'aux5': 1500, 'aux6': 1000, 'aux7': 1000, 'battery': 23.8, 'rssi': 852, 'rssi_msg': 'Strong signal', 'speed': 0.0, 'altitude': -0.17, 'caught': True, 'ready_hold_active': False, 'ready_hold_pending_capture': False, 'ready_hold_roll': 1500, 'ready_hold_pitch': 1500, 'ready_hold_yaw': 1500, 'ready_hold_throttle': 1100, 'target_locked': False, 'tracking_bbox': (311, 231, 17, 17), 'attack_error_x': 0.0, 'attack_error_y': 0.0, 'target_size': 0.0, 'attack_active': False, 'attack_base_roll': 1500, 'attack_base_pitch': 1500, 'attack_base_yaw': 1500, 'attack_base_throttle': 1000, 'prev_attack_error_x': 0.0, 'prev_attack_time': None, 'prev_target_size': 0.0}
2026-04-03 10:36:31,912 - BEE-EPT-UA913 - DEBUG - Executing command: TELEMETRY, Priority: 1, Body: {'target': 'MSP_RC'}
2026-04-03 10:36:31,919 - BEE-EPT-UA913 - DEBUG - Telemetry: b'\xdc\x05\xdc\x05\xdc\x05\xdd\x03\xd0\x07\xe8\x03\xe8\x03\xde\x05\xe8\x03\xe8\x03\xe8\x03\xfd\x05\xdc\x05\xdc\x05\xe8\x03\xe8\x03'
2026-04-03 10:36:31,920 - BEE-EPT-UA913 - INFO - Autopilot state: {'connection': True, 'bee_state': 'READY', 'roll': 1500, 'pitch': 1500, 'yaw': 1500, 'throttle': 989, 'last_manual_roll': 1500, 'last_manual_pitch': 1500, 'last_manual_yaw': 1500, 'last_manual_throttle': 989, 'aux3': 1000, 'aux4': 1502, 'aux5': 1500, 'aux6': 1000, 'aux7': 1000, 'battery': 23.8, 'rssi': 852, 'rssi_msg': 'Strong signal', 'speed': 0.0, 'altitude': -0.17, 'caught': True, 'ready_hold_active': False, 'ready_hold_pending_capture': False, 'ready_hold_roll': 1500, 'ready_hold_pitch': 1500, 'ready_hold_yaw': 1500, 'ready_hold_throttle': 1100, 'target_locked': False, 'tracking_bbox': (311, 231, 17, 17), 'attack_error_x': 0.0, 'attack_error_y': 0.0, 'target_size': 0.0, 'attack_active': False, 'attack_base_roll': 1500, 'attack_base_pitch': 1500, 'attack_base_yaw': 1500, 'attack_base_throttle': 1000, 'prev_attack_error_x': 0.0, 'prev_attack_time': None, 'prev_target_size': 0.0}
2026-04-03 10:36:32,012 - BEE-EPT-UA913 - DEBUG - Executing command: TELEMETRY, Priority: 1, Body: {'target': 'MSP_RC'}
2026-04-03 10:36:32,020 - BEE-EPT-UA913 - DEBUG - Telemetry: b'\xdc\x05\xdc\x05\xdc\x05\xdd\x03\xd0\x07\xe8\x03\xe8\x03\xde\x05\xe8\x03\xe8\x03\xe8\x03\xfd\x05\xdc\x05\xdc\x05\xe8\x03\xe8\x03'
2026-04-03 10:36:32,020 - BEE-EPT-UA913 - INFO - Autopilot state: {'connection': True, 'bee_state': 'READY', 'roll': 1500, 'pitch': 1500, 'yaw': 1500, 'throttle': 989, 'last_manual_roll': 1500, 'last_manual_pitch': 1500, 'last_manual_yaw': 1500, 'last_manual_throttle': 989, 'aux3': 1000, 'aux4': 1502, 'aux5': 1500, 'aux6': 1000, 'aux7': 1000, 'battery': 23.8, 'rssi': 852, 'rssi_msg': 'Strong signal', 'speed': 0.0, 'altitude': -0.17, 'caught': True, 'ready_hold_active': False, 'ready_hold_pending_capture': False, 'ready_hold_roll': 1500, 'ready_hold_pitch': 1500, 'ready_hold_yaw': 1500, 'ready_hold_throttle': 1100, 'target_locked': False, 'tracking_bbox': (311, 231, 17, 17), 'attack_error_x': 0.0, 'attack_error_y': 0.0, 'target_size': 0.0, 'attack_active': False, 'attack_base_roll': 1500, 'attack_base_pitch': 1500, 'attack_base_yaw': 1500, 'attack_base_throttle': 1000, 'prev_attack_error_x': 0.0, 'prev_attack_time': None, 'prev_target_size': 0.0}
2026-04-03 10:36:32,070 - BEE-EPT-UA913 - DEBUG - Executing command: TELEMETRY, Priority: 2, Body: {'target': 'MSP_ALTITUDE'}
2026-04-03 10:36:32,078 - BEE-EPT-UA913 - DEBUG - Telemetry: b'\xef\xff\xff\xff\x00\x00'
2026-04-03 10:36:32,078 - BEE-EPT-UA913 - INFO - Autopilot state: {'connection': True, 'bee_state': 'READY', 'roll': 1500, 'pitch': 1500, 'yaw': 1500, 'throttle': 989, 'last_manual_roll': 1500, 'last_manual_pitch': 1500, 'last_manual_yaw': 1500, 'last_manual_throttle': 989, 'aux3': 1000, 'aux4': 1502, 'aux5': 1500, 'aux6': 1000, 'aux7': 1000, 'battery': 23.8, 'rssi': 852, 'rssi_msg': 'Strong signal', 'speed': 0.0, 'altitude': -0.17, 'caught': True, 'ready_hold_active': False, 'ready_hold_pending_capture': False, 'ready_hold_roll': 1500, 'ready_hold_pitch': 1500, 'ready_hold_yaw': 1500, 'ready_hold_throttle': 1100, 'target_locked': False, 'tracking_bbox': (311, 231, 17, 17), 'attack_error_x': 0.0, 'attack_error_y': 0.0, 'target_size': 0.0, 'attack_active': False, 'attack_base_roll': 1500, 'attack_base_pitch': 1500, 'attack_base_yaw': 1500, 'attack_base_throttle': 1000, 'prev_attack_error_x': 0.0, 'prev_attack_time': None, 'prev_target_size': 0.0}
2026-04-03 10:36:32,128 - BEE-EPT-UA913 - DEBUG - Executing command: TELEMETRY, Priority: 1, Body: {'target': 'MSP_RC'}
2026-04-03 10:36:32,140 - BEE-EPT-UA913 - DEBUG - Telemetry: b'\xdc\x05\xdc\x05\xdc\x05\xdd\x03\xd0\x07\xe8\x03\xe8\x03\xde\x05\xe8\x03\xe8\x03\xe8\x03\xfd\x05\xdc\x05\xdc\x05\xe8\x03\xe8\x03'
2026-04-03 10:36:32,140 - BEE-EPT-UA913 - INFO - Autopilot state: {'connection': True, 'bee_state': 'READY', 'roll': 1500, 'pitch': 1500, 'yaw': 1500, 'throttle': 989, 'last_manual_roll': 1500, 'last_manual_pitch': 1500, 'last_manual_yaw': 1500, 'last_manual_throttle': 989, 'aux3': 1000, 'aux4': 1502, 'aux5': 1500, 'aux6': 1000, 'aux7': 1000, 'battery': 23.8, 'rssi': 852, 'rssi_msg': 'Strong signal', 'speed': 0.0, 'altitude': -0.17, 'caught': True, 'ready_hold_active': False, 'ready_hold_pending_capture': False, 'ready_hold_roll': 1500, 'ready_hold_pitch': 1500, 'ready_hold_yaw': 1500, 'ready_hold_throttle': 1100, 'target_locked': False, 'tracking_bbox': (311, 231, 17, 17), 'attack_error_x': 0.0, 'attack_error_y': 0.0, 'target_size': 0.0, 'attack_active': False, 'attack_base_roll': 1500, 'attack_base_pitch': 1500, 'attack_base_yaw': 1500, 'attack_base_throttle': 1000, 'prev_attack_error_x': 0.0, 'prev_attack_time': None, 'prev_target_size': 0.0}
2026-04-03 10:36:32,191 - BEE-EPT-UA913 - DEBUG - Executing command: MONITOR, Priority: 2, Body: {'target': 'MSP_ANALOG'}
2026-04-03 10:36:32,198 - BEE-EPT-UA913 - DEBUG - Monitoring: b'\xee\x05\x00H\x03\x0c\x00H\t'
2026-04-03 10:36:32,199 - BEE-EPT-UA913 - INFO - RSSI: 840, signal: Strong signal, battery voltage: 23.8V
2026-04-03 10:36:32,249 - BEE-EPT-UA913 - DEBUG - Executing command: TELEMETRY, Priority: 1, Body: {'target': 'MSP_RC'}
2026-04-03 10:36:32,261 - BEE-EPT-UA913 - DEBUG - Telemetry: b'\xdc\x05\xdc\x05\xdc\x05\xdd\x03\xd0\x07\xe8\x03\xe8\x03\xde\x05\xe8\x03\xe8\x03\xe8\x03\xfd\x05\xdc\x05\xdc\x05\xe8\x03\xe8\x03'
2026-04-03 10:36:32,261 - BEE-EPT-UA913 - INFO - Autopilot state: {'connection': True, 'bee_state': 'READY', 'roll': 1500, 'pitch': 1500, 'yaw': 1500, 'throttle': 989, 'last_manual_roll': 1500, 'last_manual_pitch': 1500, 'last_manual_yaw': 1500, 'last_manual_throttle': 989, 'aux3': 1000, 'aux4': 1502, 'aux5': 1500, 'aux6': 1000, 'aux7': 1000, 'battery': 23.8, 'rssi': 840, 'rssi_msg': 'Strong signal', 'speed': 0.0, 'altitude': -0.17, 'caught': True, 'ready_hold_active': False, 'ready_hold_pending_capture': False, 'ready_hold_roll': 1500, 'ready_hold_pitch': 1500, 'ready_hold_yaw': 1500, 'ready_hold_throttle': 1100, 'target_locked': False, 'tracking_bbox': (311, 231, 17, 17), 'attack_error_x': 0.0, 'attack_error_y': 0.0, 'target_size': 0.0, 'attack_active': False, 'attack_base_roll': 1500, 'attack_base_pitch': 1500, 'attack_base_yaw': 1500, 'attack_base_throttle': 1000, 'prev_attack_error_x': 0.0, 'prev_attack_time': None, 'prev_target_size': 0.0}
2026-04-03 10:36:32,313 - BEE-EPT-UA913 - DEBUG - Executing command: TELEMETRY, Priority: 1, Body: {'target': 'MSP_RC'}
2026-04-03 10:36:32,321 - BEE-EPT-UA913 - DEBUG - Telemetry: b'\xdc\x05\xdc\x05\xdc\x05\xdd\x03\xd0\x07\xe8\x03\xe8\x03\xde\x05\xe8\x03\xe8\x03\xe8\x03\xfd\x05\xdc\x05\xdc\x05\xe8\x03\xe8\x03'
2026-04-03 10:36:32,321 - BEE-EPT-UA913 - INFO - Autopilot state: {'connection': True, 'bee_state': 'READY', 'roll': 1500, 'pitch': 1500, 'yaw': 1500, 'throttle': 989, 'last_manual_roll': 1500, 'last_manual_pitch': 1500, 'last_manual_yaw': 1500, 'last_manual_throttle': 989, 'aux3': 1000, 'aux4': 1502, 'aux5': 1500, 'aux6': 1000, 'aux7': 1000, 'battery': 23.8, 'rssi': 840, 'rssi_msg': 'Strong signal', 'speed': 0.0, 'altitude': -0.17, 'caught': True, 'ready_hold_active': False, 'ready_hold_pending_capture': False, 'ready_hold_roll': 1500, 'ready_hold_pitch': 1500, 'ready_hold_yaw': 1500, 'ready_hold_throttle': 1100, 'target_locked': False, 'tracking_bbox': (311, 231, 17, 17), 'attack_error_x': 0.0, 'attack_error_y': 0.0, 'target_size': 0.0, 'attack_active': False, 'attack_base_roll': 1500, 'attack_base_pitch': 1500, 'attack_base_yaw': 1500, 'attack_base_throttle': 1000, 'prev_attack_error_x': 0.0, 'prev_attack_time': None, 'prev_target_size': 0.0}
2026-04-03 10:36:32,413 - BEE-EPT-UA913 - DEBUG - Executing command: TELEMETRY, Priority: 1, Body: {'target': 'MSP_RC'}
2026-04-03 10:36:32,421 - BEE-EPT-UA913 - DEBUG - Telemetry: b'\xdc\x05\xdc\x05\xdc\x05\xdd\x03\xd0\x07\xe8\x03\xe8\x03\xde\x05\xe8\x03\xe8\x03\xe8\x03\xfd\x05\xdc\x05\xdc\x05\xe8\x03\xe8\x03'
2026-04-03 10:36:32,422 - BEE-EPT-UA913 - INFO - Autopilot state: {'connection': True, 'bee_state': 'READY', 'roll': 1500, 'pitch': 1500, 'yaw': 1500, 'throttle': 989, 'last_manual_roll': 1500, 'last_manual_pitch': 1500, 'last_manual_yaw': 1500, 'last_manual_throttle': 989, 'aux3': 1000, 'aux4': 1502, 'aux5': 1500, 'aux6': 1000, 'aux7': 1000, 'battery': 23.8, 'rssi': 840, 'rssi_msg': 'Strong signal', 'speed': 0.0, 'altitude': -0.17, 'caught': True, 'ready_hold_active': False, 'ready_hold_pending_capture': False, 'ready_hold_roll': 1500, 'ready_hold_pitch': 1500, 'ready_hold_yaw': 1500, 'ready_hold_throttle': 1100, 'target_locked': False, 'tracking_bbox': (311, 231, 17, 17), 'attack_error_x': 0.0, 'attack_error_y': 0.0, 'target_size': 0.0, 'attack_active': False, 'attack_base_roll': 1500, 'attack_base_pitch': 1500, 'attack_base_yaw': 1500, 'attack_base_throttle': 1000, 'prev_attack_error_x': 0.0, 'prev_attack_time': None, 'prev_target_size': 0.0}
2026-04-03 10:36:32,514 - BEE-EPT-UA913 - DEBUG - Executing command: TELEMETRY, Priority: 1, Body: {'target': 'MSP_RC'}
2026-04-03 10:36:32,522 - BEE-EPT-UA913 - DEBUG - Telemetry: b'\xdc\x05\xdc\x05\xdc\x05\xdd\x03\xd0\x07\xe8\x03\xe8\x03\xde\x05\xe8\x03\xe8\x03\xe8\x03\xfd\x05\xdc\x05\xdc\x05\xe8\x03\xe8\x03'
2026-04-03 10:36:32,522 - BEE-EPT-UA913 - INFO - Autopilot state: {'connection': True, 'bee_state': 'READY', 'roll': 1500, 'pitch': 1500, 'yaw': 1500, 'throttle': 989, 'last_manual_roll': 1500, 'last_manual_pitch': 1500, 'last_manual_yaw': 1500, 'last_manual_throttle': 989, 'aux3': 1000, 'aux4': 1502, 'aux5': 1500, 'aux6': 1000, 'aux7': 1000, 'battery': 23.8, 'rssi': 840, 'rssi_msg': 'Strong signal', 'speed': 0.0, 'altitude': -0.17, 'caught': True, 'ready_hold_active': False, 'ready_hold_pending_capture': False, 'ready_hold_roll': 1500, 'ready_hold_pitch': 1500, 'ready_hold_yaw': 1500, 'ready_hold_throttle': 1100, 'target_locked': False, 'tracking_bbox': (311, 231, 17, 17), 'attack_error_x': 0.0, 'attack_error_y': 0.0, 'target_size': 0.0, 'attack_active': False, 'attack_base_roll': 1500, 'attack_base_pitch': 1500, 'attack_base_yaw': 1500, 'attack_base_throttle': 1000, 'prev_attack_error_x': 0.0, 'prev_attack_time': None, 'prev_target_size': 0.0}
2026-04-03 10:36:32,614 - BEE-EPT-UA913 - DEBUG - Executing command: TELEMETRY, Priority: 1, Body: {'target': 'MSP_RC'}
2026-04-03 10:36:32,623 - BEE-EPT-UA913 - DEBUG - Telemetry: b'\xdc\x05\xdc\x05\xdc\x05\xdd\x03\xd0\x07\xe8\x03\xe8\x03\xde\x05\xe8\x03\xe8\x03\xe8\x03\xfd\x05\xdc\x05\xdc\x05\xe8\x03\xe8\x03'
2026-04-03 10:36:32,623 - BEE-EPT-UA913 - INFO - Autopilot state: {'connection': True, 'bee_state': 'READY', 'roll': 1500, 'pitch': 1500, 'yaw': 1500, 'throttle': 989, 'last_manual_roll': 1500, 'last_manual_pitch': 1500, 'last_manual_yaw': 1500, 'last_manual_throttle': 989, 'aux3': 1000, 'aux4': 1502, 'aux5': 1500, 'aux6': 1000, 'aux7': 1000, 'battery': 23.8, 'rssi': 840, 'rssi_msg': 'Strong signal', 'speed': 0.0, 'altitude': -0.17, 'caught': True, 'ready_hold_active': False, 'ready_hold_pending_capture': False, 'ready_hold_roll': 1500, 'ready_hold_pitch': 1500, 'ready_hold_yaw': 1500, 'ready_hold_throttle': 1100, 'target_locked': False, 'tracking_bbox': (311, 231, 17, 17), 'attack_error_x': 0.0, 'attack_error_y': 0.0, 'target_size': 0.0, 'attack_active': False, 'attack_base_roll': 1500, 'attack_base_pitch': 1500, 'attack_base_yaw': 1500, 'attack_base_throttle': 1000, 'prev_attack_error_x': 0.0, 'prev_attack_time': None, 'prev_target_size': 0.0}
2026-04-03 10:36:32,714 - BEE-EPT-UA913 - DEBUG - Executing command: TELEMETRY, Priority: 1, Body: {'target': 'MSP_RC'}
2026-04-03 10:36:32,723 - BEE-EPT-UA913 - DEBUG - Telemetry: b'\xdc\x05\xdc\x05\xdc\x05\xdd\x03\xd0\x07\xe8\x03\xe8\x03\xde\x05\xe8\x03\xe8\x03\xe8\x03\xfd\x05\xdc\x05\xdc\x05\xe8\x03\xe8\x03'
2026-04-03 10:36:32,723 - BEE-EPT-UA913 - INFO - Autopilot state: {'connection': True, 'bee_state': 'READY', 'roll': 1500, 'pitch': 1500, 'yaw': 1500, 'throttle': 989, 'last_manual_roll': 1500, 'last_manual_pitch': 1500, 'last_manual_yaw': 1500, 'last_manual_throttle': 989, 'aux3': 1000, 'aux4': 1502, 'aux5': 1500, 'aux6': 1000, 'aux7': 1000, 'battery': 23.8, 'rssi': 840, 'rssi_msg': 'Strong signal', 'speed': 0.0, 'altitude': -0.17, 'caught': True, 'ready_hold_active': False, 'ready_hold_pending_capture': False, 'ready_hold_roll': 1500, 'ready_hold_pitch': 1500, 'ready_hold_yaw': 1500, 'ready_hold_throttle': 1100, 'target_locked': False, 'tracking_bbox': (311, 231, 17, 17), 'attack_error_x': 0.0, 'attack_error_y': 0.0, 'target_size': 0.0, 'attack_active': False, 'attack_base_roll': 1500, 'attack_base_pitch': 1500, 'attack_base_yaw': 1500, 'attack_base_throttle': 1000, 'prev_attack_error_x': 0.0, 'prev_attack_time': None, 'prev_target_size': 0.0}
2026-04-03 10:36:32,815 - BEE-EPT-UA913 - DEBUG - Executing command: TELEMETRY, Priority: 1, Body: {'target': 'MSP_RC'}
2026-04-03 10:36:32,824 - BEE-EPT-UA913 - DEBUG - Telemetry: b'\xdc\x05\xdc\x05\xdc\x05\xdd\x03\xd0\x07\xe8\x03\xe8\x03\xde\x05\xe8\x03\xe8\x03\xe8\x03\xfd\x05\xdc\x05\xdc\x05\xe8\x03\xe8\x03'
2026-04-03 10:36:32,824 - BEE-EPT-UA913 - INFO - Autopilot state: {'connection': True, 'bee_state': 'READY', 'roll': 1500, 'pitch': 1500, 'yaw': 1500, 'throttle': 989, 'last_manual_roll': 1500, 'last_manual_pitch': 1500, 'last_manual_yaw': 1500, 'last_manual_throttle': 989, 'aux3': 1000, 'aux4': 1502, 'aux5': 1500, 'aux6': 1000, 'aux7': 1000, 'battery': 23.8, 'rssi': 840, 'rssi_msg': 'Strong signal', 'speed': 0.0, 'altitude': -0.17, 'caught': True, 'ready_hold_active': False, 'ready_hold_pending_capture': False, 'ready_hold_roll': 1500, 'ready_hold_pitch': 1500, 'ready_hold_yaw': 1500, 'ready_hold_throttle': 1100, 'target_locked': False, 'tracking_bbox': (311, 231, 17, 17), 'attack_error_x': 0.0, 'attack_error_y': 0.0, 'target_size': 0.0, 'attack_active': False, 'attack_base_roll': 1500, 'attack_base_pitch': 1500, 'attack_base_yaw': 1500, 'attack_base_throttle': 1000, 'prev_attack_error_x': 0.0, 'prev_attack_time': None, 'prev_target_size': 0.0}
2026-04-03 10:36:32,915 - BEE-EPT-UA913 - DEBUG - Executing command: TELEMETRY, Priority: 1, Body: {'target': 'MSP_RC'}
2026-04-03 10:36:32,924 - BEE-EPT-UA913 - DEBUG - Telemetry: b'\xdc\x05\xdc\x05\xdc\x05\xdd\x03\xd0\x07\xe8\x03\xe8\x03\xde\x05\xe8\x03\xe8\x03\xe8\x03\xfd\x05\xdc\x05\xdc\x05\xe8\x03\xe8\x03'
2026-04-03 10:36:32,924 - BEE-EPT-UA913 - INFO - Autopilot state: {'connection': True, 'bee_state': 'READY', 'roll': 1500, 'pitch': 1500, 'yaw': 1500, 'throttle': 989, 'last_manual_roll': 1500, 'last_manual_pitch': 1500, 'last_manual_yaw': 1500, 'last_manual_throttle': 989, 'aux3': 1000, 'aux4': 1502, 'aux5': 1500, 'aux6': 1000, 'aux7': 1000, 'battery': 23.8, 'rssi': 840, 'rssi_msg': 'Strong signal', 'speed': 0.0, 'altitude': -0.17, 'caught': True, 'ready_hold_active': False, 'ready_hold_pending_capture': False, 'ready_hold_roll': 1500, 'ready_hold_pitch': 1500, 'ready_hold_yaw': 1500, 'ready_hold_throttle': 1100, 'target_locked': False, 'tracking_bbox': (311, 231, 17, 17), 'attack_error_x': 0.0, 'attack_error_y': 0.0, 'target_size': 0.0, 'attack_active': False, 'attack_base_roll': 1500, 'attack_base_pitch': 1500, 'attack_base_yaw': 1500, 'attack_base_throttle': 1000, 'prev_attack_error_x': 0.0, 'prev_attack_time': None, 'prev_target_size': 0.0}
2026-04-03 10:36:33,016 - BEE-EPT-UA913 - DEBUG - Executing command: TELEMETRY, Priority: 1, Body: {'target': 'MSP_RC'}
2026-04-03 10:36:33,025 - BEE-EPT-UA913 - DEBUG - Telemetry: b'\xdc\x05\xdc\x05\xdc\x05\xdd\x03\xd0\x07\xe8\x03\xe8\x03\xde\x05\xe8\x03\xe8\x03\xe8\x03\xfd\x05\xdc\x05\xdc\x05\xe8\x03\xe8\x03'
2026-04-03 10:36:33,025 - BEE-EPT-UA913 - INFO - Autopilot state: {'connection': True, 'bee_state': 'READY', 'roll': 1500, 'pitch': 1500, 'yaw': 1500, 'throttle': 989, 'last_manual_roll': 1500, 'last_manual_pitch': 1500, 'last_manual_yaw': 1500, 'last_manual_throttle': 989, 'aux3': 1000, 'aux4': 1502, 'aux5': 1500, 'aux6': 1000, 'aux7': 1000, 'battery': 23.8, 'rssi': 840, 'rssi_msg': 'Strong signal', 'speed': 0.0, 'altitude': -0.17, 'caught': True, 'ready_hold_active': False, 'ready_hold_pending_capture': False, 'ready_hold_roll': 1500, 'ready_hold_pitch': 1500, 'ready_hold_yaw': 1500, 'ready_hold_throttle': 1100, 'target_locked': False, 'tracking_bbox': (311, 231, 17, 17), 'attack_error_x': 0.0, 'attack_error_y': 0.0, 'target_size': 0.0, 'attack_active': False, 'attack_base_roll': 1500, 'attack_base_pitch': 1500, 'attack_base_yaw': 1500, 'attack_base_throttle': 1000, 'prev_attack_error_x': 0.0, 'prev_attack_time': None, 'prev_target_size': 0.0}
2026-04-03 10:36:33,075 - BEE-EPT-UA913 - DEBUG - Executing command: TELEMETRY, Priority: 2, Body: {'target': 'MSP_ALTITUDE'}
2026-04-03 10:36:33,083 - BEE-EPT-UA913 - DEBUG - Telemetry: b'\xef\xff\xff\xff\x00\x00'
2026-04-03 10:36:33,083 - BEE-EPT-UA913 - INFO - Autopilot state: {'connection': True, 'bee_state': 'READY', 'roll': 1500, 'pitch': 1500, 'yaw': 1500, 'throttle': 989, 'last_manual_roll': 1500, 'last_manual_pitch': 1500, 'last_manual_yaw': 1500, 'last_manual_throttle': 989, 'aux3': 1000, 'aux4': 1502, 'aux5': 1500, 'aux6': 1000, 'aux7': 1000, 'battery': 23.8, 'rssi': 840, 'rssi_msg': 'Strong signal', 'speed': 0.0, 'altitude': -0.17, 'caught': True, 'ready_hold_active': False, 'ready_hold_pending_capture': False, 'ready_hold_roll': 1500, 'ready_hold_pitch': 1500, 'ready_hold_yaw': 1500, 'ready_hold_throttle': 1100, 'target_locked': False, 'tracking_bbox': (311, 231, 17, 17), 'attack_error_x': 0.0, 'attack_error_y': 0.0, 'target_size': 0.0, 'attack_active': False, 'attack_base_roll': 1500, 'attack_base_pitch': 1500, 'attack_base_yaw': 1500, 'attack_base_throttle': 1000, 'prev_attack_error_x': 0.0, 'prev_attack_time': None, 'prev_target_size': 0.0}
2026-04-03 10:36:33,133 - BEE-EPT-UA913 - DEBUG - Executing command: TELEMETRY, Priority: 1, Body: {'target': 'MSP_RC'}
2026-04-03 10:36:33,145 - BEE-EPT-UA913 - DEBUG - Telemetry: b'\xdc\x05\xdc\x05\xdc\x05\xdd\x03\xd0\x07\xe8\x03\xe8\x03\xde\x05\xe8\x03\xe8\x03\xe8\x03\xfd\x05\xdc\x05\xdc\x05\xe8\x03\xe8\x03'
2026-04-03 10:36:33,145 - BEE-EPT-UA913 - INFO - Autopilot state: {'connection': True, 'bee_state': 'READY', 'roll': 1500, 'pitch': 1500, 'yaw': 1500, 'throttle': 989, 'last_manual_roll': 1500, 'last_manual_pitch': 1500, 'last_manual_yaw': 1500, 'last_manual_throttle': 989, 'aux3': 1000, 'aux4': 1502, 'aux5': 1500, 'aux6': 1000, 'aux7': 1000, 'battery': 23.8, 'rssi': 840, 'rssi_msg': 'Strong signal', 'speed': 0.0, 'altitude': -0.17, 'caught': True, 'ready_hold_active': False, 'ready_hold_pending_capture': False, 'ready_hold_roll': 1500, 'ready_hold_pitch': 1500, 'ready_hold_yaw': 1500, 'ready_hold_throttle': 1100, 'target_locked': False, 'tracking_bbox': (311, 231, 17, 17), 'attack_error_x': 0.0, 'attack_error_y': 0.0, 'target_size': 0.0, 'attack_active': False, 'attack_base_roll': 1500, 'attack_base_pitch': 1500, 'attack_base_yaw': 1500, 'attack_base_throttle': 1000, 'prev_attack_error_x': 0.0, 'prev_attack_time': None, 'prev_target_size': 0.0}
2026-04-03 10:36:33,196 - BEE-EPT-UA913 - DEBUG - Executing command: MONITOR, Priority: 2, Body: {'target': 'MSP_ANALOG'}
2026-04-03 10:36:33,203 - BEE-EPT-UA913 - DEBUG - Monitoring: b'\xee\x05\x00t\x03\x10\x00G\t'
2026-04-03 10:36:33,204 - BEE-EPT-UA913 - INFO - RSSI: 884, signal: Strong signal, battery voltage: 23.8V
2026-04-03 10:36:33,254 - BEE-EPT-UA913 - DEBUG - Executing command: TELEMETRY, Priority: 1, Body: {'target': 'MSP_RC'}
2026-04-03 10:36:33,266 - BEE-EPT-UA913 - DEBUG - Telemetry: b'\xdc\x05\xdc\x05\xdc\x05\xdd\x03\xd0\x07\xe8\x03\xe8\x03\xde\x05\xe8\x03\xe8\x03\xe8\x03\xfd\x05\xdc\x05\xdc\x05\xe8\x03\xe8\x03'
2026-04-03 10:36:33,266 - BEE-EPT-UA913 - INFO - Autopilot state: {'connection': True, 'bee_state': 'READY', 'roll': 1500, 'pitch': 1500, 'yaw': 1500, 'throttle': 989, 'last_manual_roll': 1500, 'last_manual_pitch': 1500, 'last_manual_yaw': 1500, 'last_manual_throttle': 989, 'aux3': 1000, 'aux4': 1502, 'aux5': 1500, 'aux6': 1000, 'aux7': 1000, 'battery': 23.8, 'rssi': 884, 'rssi_msg': 'Strong signal', 'speed': 0.0, 'altitude': -0.17, 'caught': True, 'ready_hold_active': False, 'ready_hold_pending_capture': False, 'ready_hold_roll': 1500, 'ready_hold_pitch': 1500, 'ready_hold_yaw': 1500, 'ready_hold_throttle': 1100, 'target_locked': False, 'tracking_bbox': (311, 231, 17, 17), 'attack_error_x': 0.0, 'attack_error_y': 0.0, 'target_size': 0.0, 'attack_active': False, 'attack_base_roll': 1500, 'attack_base_pitch': 1500, 'attack_base_yaw': 1500, 'attack_base_throttle': 1000, 'prev_attack_error_x': 0.0, 'prev_attack_time': None, 'prev_target_size': 0.0}
2026-04-03 10:36:33,317 - BEE-EPT-UA913 - DEBUG - Executing command: TELEMETRY, Priority: 1, Body: {'target': 'MSP_RC'}
2026-04-03 10:36:33,326 - BEE-EPT-UA913 - DEBUG - Telemetry: b'\xdc\x05\xdc\x05\xdc\x05\xdd\x03\xd0\x07\xe8\x03\xe8\x03\xde\x05\xe8\x03\xe8\x03\xe8\x03\xfd\x05\xdc\x05\xdc\x05\xe8\x03\xe8\x03'
2026-04-03 10:36:33,326 - BEE-EPT-UA913 - INFO - Autopilot state: {'connection': True, 'bee_state': 'READY', 'roll': 1500, 'pitch': 1500, 'yaw': 1500, 'throttle': 989, 'last_manual_roll': 1500, 'last_manual_pitch': 1500, 'last_manual_yaw': 1500, 'last_manual_throttle': 989, 'aux3': 1000, 'aux4': 1502, 'aux5': 1500, 'aux6': 1000, 'aux7': 1000, 'battery': 23.8, 'rssi': 884, 'rssi_msg': 'Strong signal', 'speed': 0.0, 'altitude': -0.17, 'caught': True, 'ready_hold_active': False, 'ready_hold_pending_capture': False, 'ready_hold_roll': 1500, 'ready_hold_pitch': 1500, 'ready_hold_yaw': 1500, 'ready_hold_throttle': 1100, 'target_locked': False, 'tracking_bbox': (311, 231, 17, 17), 'attack_error_x': 0.0, 'attack_error_y': 0.0, 'target_size': 0.0, 'attack_active': False, 'attack_base_roll': 1500, 'attack_base_pitch': 1500, 'attack_base_yaw': 1500, 'attack_base_throttle': 1000, 'prev_attack_error_x': 0.0, 'prev_attack_time': None, 'prev_target_size': 0.0}
2026-04-03 10:36:33,417 - BEE-EPT-UA913 - DEBUG - Executing command: TELEMETRY, Priority: 1, Body: {'target': 'MSP_RC'}
2026-04-03 10:36:33,427 - BEE-EPT-UA913 - DEBUG - Telemetry: b'\xdc\x05\xdc\x05\xdc\x05\xdd\x03\xd0\x07\xe8\x03\xe8\x03\xde\x05\xe8\x03\xe8\x03\xe8\x03\xfd\x05\xdc\x05\xdc\x05\xe8\x03\xe8\x03'
2026-04-03 10:36:33,427 - BEE-EPT-UA913 - INFO - Autopilot state: {'connection': True, 'bee_state': 'READY', 'roll': 1500, 'pitch': 1500, 'yaw': 1500, 'throttle': 989, 'last_manual_roll': 1500, 'last_manual_pitch': 1500, 'last_manual_yaw': 1500, 'last_manual_throttle': 989, 'aux3': 1000, 'aux4': 1502, 'aux5': 1500, 'aux6': 1000, 'aux7': 1000, 'battery': 23.8, 'rssi': 884, 'rssi_msg': 'Strong signal', 'speed': 0.0, 'altitude': -0.17, 'caught': True, 'ready_hold_active': False, 'ready_hold_pending_capture': False, 'ready_hold_roll': 1500, 'ready_hold_pitch': 1500, 'ready_hold_yaw': 1500, 'ready_hold_throttle': 1100, 'target_locked': False, 'tracking_bbox': (311, 231, 17, 17), 'attack_error_x': 0.0, 'attack_error_y': 0.0, 'target_size': 0.0, 'attack_active': False, 'attack_base_roll': 1500, 'attack_base_pitch': 1500, 'attack_base_yaw': 1500, 'attack_base_throttle': 1000, 'prev_attack_error_x': 0.0, 'prev_attack_time': None, 'prev_target_size': 0.0}
2026-04-03 10:36:33,518 - BEE-EPT-UA913 - DEBUG - Executing command: TELEMETRY, Priority: 1, Body: {'target': 'MSP_RC'}
2026-04-03 10:36:33,527 - BEE-EPT-UA913 - DEBUG - Telemetry: b'\xdc\x05\xdc\x05\xdc\x05\xdd\x03\xd0\x07\xe8\x03\xe8\x03\xde\x05\xe8\x03\xe8\x03\xe8\x03\xfd\x05\xdc\x05\xdc\x05\xe8\x03\xe8\x03'
2026-04-03 10:36:33,527 - BEE-EPT-UA913 - INFO - Autopilot state: {'connection': True, 'bee_state': 'READY', 'roll': 1500, 'pitch': 1500, 'yaw': 1500, 'throttle': 989, 'last_manual_roll': 1500, 'last_manual_pitch': 1500, 'last_manual_yaw': 1500, 'last_manual_throttle': 989, 'aux3': 1000, 'aux4': 1502, 'aux5': 1500, 'aux6': 1000, 'aux7': 1000, 'battery': 23.8, 'rssi': 884, 'rssi_msg': 'Strong signal', 'speed': 0.0, 'altitude': -0.17, 'caught': True, 'ready_hold_active': False, 'ready_hold_pending_capture': False, 'ready_hold_roll': 1500, 'ready_hold_pitch': 1500, 'ready_hold_yaw': 1500, 'ready_hold_throttle': 1100, 'target_locked': False, 'tracking_bbox': (311, 231, 17, 17), 'attack_error_x': 0.0, 'attack_error_y': 0.0, 'target_size': 0.0, 'attack_active': False, 'attack_base_roll': 1500, 'attack_base_pitch': 1500, 'attack_base_yaw': 1500, 'attack_base_throttle': 1000, 'prev_attack_error_x': 0.0, 'prev_attack_time': None, 'prev_target_size': 0.0}
2026-04-03 10:36:33,618 - BEE-EPT-UA913 - DEBUG - Executing command: TELEMETRY, Priority: 1, Body: {'target': 'MSP_RC'}
2026-04-03 10:36:33,627 - BEE-EPT-UA913 - DEBUG - Telemetry: b'\xdc\x05\xdc\x05\xdc\x05\xdd\x03\xd0\x07\xe8\x03\xe8\x03\xde\x05\xe8\x03\xe8\x03\xe8\x03\xfd\x05\xdc\x05\xdc\x05\xe8\x03\xe8\x03'
2026-04-03 10:36:33,628 - BEE-EPT-UA913 - INFO - Autopilot state: {'connection': True, 'bee_state': 'READY', 'roll': 1500, 'pitch': 1500, 'yaw': 1500, 'throttle': 989, 'last_manual_roll': 1500, 'last_manual_pitch': 1500, 'last_manual_yaw': 1500, 'last_manual_throttle': 989, 'aux3': 1000, 'aux4': 1502, 'aux5': 1500, 'aux6': 1000, 'aux7': 1000, 'battery': 23.8, 'rssi': 884, 'rssi_msg': 'Strong signal', 'speed': 0.0, 'altitude': -0.17, 'caught': True, 'ready_hold_active': False, 'ready_hold_pending_capture': False, 'ready_hold_roll': 1500, 'ready_hold_pitch': 1500, 'ready_hold_yaw': 1500, 'ready_hold_throttle': 1100, 'target_locked': False, 'tracking_bbox': (311, 231, 17, 17), 'attack_error_x': 0.0, 'attack_error_y': 0.0, 'target_size': 0.0, 'attack_active': False, 'attack_base_roll': 1500, 'attack_base_pitch': 1500, 'attack_base_yaw': 1500, 'attack_base_throttle': 1000, 'prev_attack_error_x': 0.0, 'prev_attack_time': None, 'prev_target_size': 0.0}
2026-04-03 10:36:33,718 - BEE-EPT-UA913 - DEBUG - Executing command: TELEMETRY, Priority: 1, Body: {'target': 'MSP_RC'}
2026-04-03 10:36:33,728 - BEE-EPT-UA913 - DEBUG - Telemetry: b'\xdc\x05\xdc\x05\xdc\x05\xdd\x03\xd0\x07\xe8\x03\xe8\x03\xde\x05\xe8\x03\xe8\x03\xe8\x03\xfd\x05\xdc\x05\xdc\x05\xe8\x03\xe8\x03'
2026-04-03 10:36:33,729 - BEE-EPT-UA913 - INFO - Autopilot state: {'connection': True, 'bee_state': 'READY', 'roll': 1500, 'pitch': 1500, 'yaw': 1500, 'throttle': 989, 'last_manual_roll': 1500, 'last_manual_pitch': 1500, 'last_manual_yaw': 1500, 'last_manual_throttle': 989, 'aux3': 1000, 'aux4': 1502, 'aux5': 1500, 'aux6': 1000, 'aux7': 1000, 'battery': 23.8, 'rssi': 884, 'rssi_msg': 'Strong signal', 'speed': 0.0, 'altitude': -0.17, 'caught': True, 'ready_hold_active': False, 'ready_hold_pending_capture': False, 'ready_hold_roll': 1500, 'ready_hold_pitch': 1500, 'ready_hold_yaw': 1500, 'ready_hold_throttle': 1100, 'target_locked': False, 'tracking_bbox': (311, 231, 17, 17), 'attack_error_x': 0.0, 'attack_error_y': 0.0, 'target_size': 0.0, 'attack_active': False, 'attack_base_roll': 1500, 'attack_base_pitch': 1500, 'attack_base_yaw': 1500, 'attack_base_throttle': 1000, 'prev_attack_error_x': 0.0, 'prev_attack_time': None, 'prev_target_size': 0.0}
2026-04-03 10:36:33,819 - BEE-EPT-UA913 - DEBUG - Executing command: TELEMETRY, Priority: 1, Body: {'target': 'MSP_RC'}
2026-04-03 10:36:33,828 - BEE-EPT-UA913 - DEBUG - Telemetry: b'\xdc\x05\xdc\x05\xdc\x05\xdd\x03\xd0\x07\xe8\x03\xe8\x03\xde\x05\xe8\x03\xe8\x03\xe8\x03\xfd\x05\xdc\x05\xdc\x05\xe8\x03\xe8\x03'
2026-04-03 10:36:33,829 - BEE-EPT-UA913 - INFO - Autopilot state: {'connection': True, 'bee_state': 'READY', 'roll': 1500, 'pitch': 1500, 'yaw': 1500, 'throttle': 989, 'last_manual_roll': 1500, 'last_manual_pitch': 1500, 'last_manual_yaw': 1500, 'last_manual_throttle': 989, 'aux3': 1000, 'aux4': 1502, 'aux5': 1500, 'aux6': 1000, 'aux7': 1000, 'battery': 23.8, 'rssi': 884, 'rssi_msg': 'Strong signal', 'speed': 0.0, 'altitude': -0.17, 'caught': True, 'ready_hold_active': False, 'ready_hold_pending_capture': False, 'ready_hold_roll': 1500, 'ready_hold_pitch': 1500, 'ready_hold_yaw': 1500, 'ready_hold_throttle': 1100, 'target_locked': False, 'tracking_bbox': (311, 231, 17, 17), 'attack_error_x': 0.0, 'attack_error_y': 0.0, 'target_size': 0.0, 'attack_active': False, 'attack_base_roll': 1500, 'attack_base_pitch': 1500, 'attack_base_yaw': 1500, 'attack_base_throttle': 1000, 'prev_attack_error_x': 0.0, 'prev_attack_time': None, 'prev_target_size': 0.0}
2026-04-03 10:36:33,919 - BEE-EPT-UA913 - DEBUG - Executing command: TELEMETRY, Priority: 1, Body: {'target': 'MSP_RC'}
2026-04-03 10:36:33,929 - BEE-EPT-UA913 - DEBUG - Telemetry: b'\xdc\x05\xdc\x05\xdc\x05\xdd\x03\xd0\x07\xe8\x03\xe8\x03\xde\x05\xe8\x03\xe8\x03\xe8\x03\xfd\x05\xdc\x05\xdc\x05\xe8\x03\xe8\x03'
2026-04-03 10:36:33,929 - BEE-EPT-UA913 - INFO - Autopilot state: {'connection': True, 'bee_state': 'READY', 'roll': 1500, 'pitch': 1500, 'yaw': 1500, 'throttle': 989, 'last_manual_roll': 1500, 'last_manual_pitch': 1500, 'last_manual_yaw': 1500, 'last_manual_throttle': 989, 'aux3': 1000, 'aux4': 1502, 'aux5': 1500, 'aux6': 1000, 'aux7': 1000, 'battery': 23.8, 'rssi': 884, 'rssi_msg': 'Strong signal', 'speed': 0.0, 'altitude': -0.17, 'caught': True, 'ready_hold_active': False, 'ready_hold_pending_capture': False, 'ready_hold_roll': 1500, 'ready_hold_pitch': 1500, 'ready_hold_yaw': 1500, 'ready_hold_throttle': 1100, 'target_locked': False, 'tracking_bbox': (311, 231, 17, 17), 'attack_error_x': 0.0, 'attack_error_y': 0.0, 'target_size': 0.0, 'attack_active': False, 'attack_base_roll': 1500, 'attack_base_pitch': 1500, 'attack_base_yaw': 1500, 'attack_base_throttle': 1000, 'prev_attack_error_x': 0.0, 'prev_attack_time': None, 'prev_target_size': 0.0}
2026-04-03 10:36:34,020 - BEE-EPT-UA913 - DEBUG - Executing command: TELEMETRY, Priority: 1, Body: {'target': 'MSP_RC'}
2026-04-03 10:36:34,029 - BEE-EPT-UA913 - DEBUG - Telemetry: b'\xdc\x05\xdc\x05\xdc\x05\xdd\x03\xd0\x07\xe8\x03\xe8\x03\xde\x05\xe8\x03\xe8\x03\xe8\x03\xfd\x05\xdc\x05\xdc\x05\xe8\x03\xe8\x03'
2026-04-03 10:36:34,030 - BEE-EPT-UA913 - INFO - Autopilot state: {'connection': True, 'bee_state': 'READY', 'roll': 1500, 'pitch': 1500, 'yaw': 1500, 'throttle': 989, 'last_manual_roll': 1500, 'last_manual_pitch': 1500, 'last_manual_yaw': 1500, 'last_manual_throttle': 989, 'aux3': 1000, 'aux4': 1502, 'aux5': 1500, 'aux6': 1000, 'aux7': 1000, 'battery': 23.8, 'rssi': 884, 'rssi_msg': 'Strong signal', 'speed': 0.0, 'altitude': -0.17, 'caught': True, 'ready_hold_active': False, 'ready_hold_pending_capture': False, 'ready_hold_roll': 1500, 'ready_hold_pitch': 1500, 'ready_hold_yaw': 1500, 'ready_hold_throttle': 1100, 'target_locked': False, 'tracking_bbox': (311, 231, 17, 17), 'attack_error_x': 0.0, 'attack_error_y': 0.0, 'target_size': 0.0, 'attack_active': False, 'attack_base_roll': 1500, 'attack_base_pitch': 1500, 'attack_base_yaw': 1500, 'attack_base_throttle': 1000, 'prev_attack_error_x': 0.0, 'prev_attack_time': None, 'prev_target_size': 0.0}
2026-04-03 10:36:34,081 - BEE-EPT-UA913 - DEBUG - Executing command: TELEMETRY, Priority: 2, Body: {'target': 'MSP_ALTITUDE'}
2026-04-03 10:36:34,088 - BEE-EPT-UA913 - DEBUG - Telemetry: b'\xef\xff\xff\xff\x00\x00'
2026-04-03 10:36:34,088 - BEE-EPT-UA913 - INFO - Autopilot state: {'connection': True, 'bee_state': 'READY', 'roll': 1500, 'pitch': 1500, 'yaw': 1500, 'throttle': 989, 'last_manual_roll': 1500, 'last_manual_pitch': 1500, 'last_manual_yaw': 1500, 'last_manual_throttle': 989, 'aux3': 1000, 'aux4': 1502, 'aux5': 1500, 'aux6': 1000, 'aux7': 1000, 'battery': 23.8, 'rssi': 884, 'rssi_msg': 'Strong signal', 'speed': 0.0, 'altitude': -0.17, 'caught': True, 'ready_hold_active': False, 'ready_hold_pending_capture': False, 'ready_hold_roll': 1500, 'ready_hold_pitch': 1500, 'ready_hold_yaw': 1500, 'ready_hold_throttle': 1100, 'target_locked': False, 'tracking_bbox': (311, 231, 17, 17), 'attack_error_x': 0.0, 'attack_error_y': 0.0, 'target_size': 0.0, 'attack_active': False, 'attack_base_roll': 1500, 'attack_base_pitch': 1500, 'attack_base_yaw': 1500, 'attack_base_throttle': 1000, 'prev_attack_error_x': 0.0, 'prev_attack_time': None, 'prev_target_size': 0.0}
2026-04-03 10:36:34,139 - BEE-EPT-UA913 - DEBUG - Executing command: TELEMETRY, Priority: 1, Body: {'target': 'MSP_RC'}
2026-04-03 10:36:34,150 - BEE-EPT-UA913 - DEBUG - Telemetry: b'\xdc\x05\xdc\x05\xdc\x05\xdd\x03\xd0\x07\xe8\x03\xe8\x03\xde\x05\xe8\x03\xe8\x03\xe8\x03\xfd\x05\xdc\x05\xdc\x05\xe8\x03\xe8\x03'
2026-04-03 10:36:34,150 - BEE-EPT-UA913 - INFO - Autopilot state: {'connection': True, 'bee_state': 'READY', 'roll': 1500, 'pitch': 1500, 'yaw': 1500, 'throttle': 989, 'last_manual_roll': 1500, 'last_manual_pitch': 1500, 'last_manual_yaw': 1500, 'last_manual_throttle': 989, 'aux3': 1000, 'aux4': 1502, 'aux5': 1500, 'aux6': 1000, 'aux7': 1000, 'battery': 23.8, 'rssi': 884, 'rssi_msg': 'Strong signal', 'speed': 0.0, 'altitude': -0.17, 'caught': True, 'ready_hold_active': False, 'ready_hold_pending_capture': False, 'ready_hold_roll': 1500, 'ready_hold_pitch': 1500, 'ready_hold_yaw': 1500, 'ready_hold_throttle': 1100, 'target_locked': False, 'tracking_bbox': (311, 231, 17, 17), 'attack_error_x': 0.0, 'attack_error_y': 0.0, 'target_size': 0.0, 'attack_active': False, 'attack_base_roll': 1500, 'attack_base_pitch': 1500, 'attack_base_yaw': 1500, 'attack_base_throttle': 1000, 'prev_attack_error_x': 0.0, 'prev_attack_time': None, 'prev_target_size': 0.0}
2026-04-03 10:36:34,201 - BEE-EPT-UA913 - DEBUG - Executing command: MONITOR, Priority: 2, Body: {'target': 'MSP_ANALOG'}
2026-04-03 10:36:34,209 - BEE-EPT-UA913 - DEBUG - Monitoring: b'\xee\x05\x00\xb1\x03\x0c\x00G\t'
2026-04-03 10:36:34,209 - BEE-EPT-UA913 - INFO - RSSI: 945, signal: Strong signal, battery voltage: 23.8V
2026-04-03 10:36:34,260 - BEE-EPT-UA913 - DEBUG - Executing command: TELEMETRY, Priority: 1, Body: {'target': 'MSP_RC'}
2026-04-03 10:36:34,270 - BEE-EPT-UA913 - DEBUG - Telemetry: b'\xdc\x05\xdc\x05\xdc\x05\xdd\x03\xd0\x07\xe8\x03\xe8\x03\xde\x05\xe8\x03\xe8\x03\xe8\x03\xfd\x05\xdc\x05\xdc\x05\xe8\x03\xe8\x03'
2026-04-03 10:36:34,271 - BEE-EPT-UA913 - INFO - Autopilot state: {'connection': True, 'bee_state': 'READY', 'roll': 1500, 'pitch': 1500, 'yaw': 1500, 'throttle': 989, 'last_manual_roll': 1500, 'last_manual_pitch': 1500, 'last_manual_yaw': 1500, 'last_manual_throttle': 989, 'aux3': 1000, 'aux4': 1502, 'aux5': 1500, 'aux6': 1000, 'aux7': 1000, 'battery': 23.8, 'rssi': 945, 'rssi_msg': 'Strong signal', 'speed': 0.0, 'altitude': -0.17, 'caught': True, 'ready_hold_active': False, 'ready_hold_pending_capture': False, 'ready_hold_roll': 1500, 'ready_hold_pitch': 1500, 'ready_hold_yaw': 1500, 'ready_hold_throttle': 1100, 'target_locked': False, 'tracking_bbox': (311, 231, 17, 17), 'attack_error_x': 0.0, 'attack_error_y': 0.0, 'target_size': 0.0, 'attack_active': False, 'attack_base_roll': 1500, 'attack_base_pitch': 1500, 'attack_base_yaw': 1500, 'attack_base_throttle': 1000, 'prev_attack_error_x': 0.0, 'prev_attack_time': None, 'prev_target_size': 0.0}
2026-04-03 10:36:34,321 - BEE-EPT-UA913 - DEBUG - Executing command: TELEMETRY, Priority: 1, Body: {'target': 'MSP_RC'}
2026-04-03 10:36:34,331 - BEE-EPT-UA913 - DEBUG - Telemetry: b'\xdc\x05\xdc\x05\xdc\x05\xdd\x03\xd0\x07\xe8\x03\xe8\x03\xde\x05\xe8\x03\xe8\x03\xe8\x03\xfd\x05\xdc\x05\xdc\x05\xe8\x03\xe8\x03'
2026-04-03 10:36:34,331 - BEE-EPT-UA913 - INFO - Autopilot state: {'connection': True, 'bee_state': 'READY', 'roll': 1500, 'pitch': 1500, 'yaw': 1500, 'throttle': 989, 'last_manual_roll': 1500, 'last_manual_pitch': 1500, 'last_manual_yaw': 1500, 'last_manual_throttle': 989, 'aux3': 1000, 'aux4': 1502, 'aux5': 1500, 'aux6': 1000, 'aux7': 1000, 'battery': 23.8, 'rssi': 945, 'rssi_msg': 'Strong signal', 'speed': 0.0, 'altitude': -0.17, 'caught': True, 'ready_hold_active': False, 'ready_hold_pending_capture': False, 'ready_hold_roll': 1500, 'ready_hold_pitch': 1500, 'ready_hold_yaw': 1500, 'ready_hold_throttle': 1100, 'target_locked': False, 'tracking_bbox': (311, 231, 17, 17), 'attack_error_x': 0.0, 'attack_error_y': 0.0, 'target_size': 0.0, 'attack_active': False, 'attack_base_roll': 1500, 'attack_base_pitch': 1500, 'attack_base_yaw': 1500, 'attack_base_throttle': 1000, 'prev_attack_error_x': 0.0, 'prev_attack_time': None, 'prev_target_size': 0.0}
2026-04-03 10:36:34,421 - BEE-EPT-UA913 - DEBUG - Executing command: TELEMETRY, Priority: 1, Body: {'target': 'MSP_RC'}
2026-04-03 10:36:34,431 - BEE-EPT-UA913 - DEBUG - Telemetry: b'\xdc\x05\xdc\x05\xdc\x05\xdd\x03\xd0\x07\xe8\x03\xe8\x03\xde\x05\xe8\x03\xe8\x03\xe8\x03\xfd\x05\xdc\x05\xdc\x05\xe8\x03\xe8\x03'
2026-04-03 10:36:34,432 - BEE-EPT-UA913 - INFO - Autopilot state: {'connection': True, 'bee_state': 'READY', 'roll': 1500, 'pitch': 1500, 'yaw': 1500, 'throttle': 989, 'last_manual_roll': 1500, 'last_manual_pitch': 1500, 'last_manual_yaw': 1500, 'last_manual_throttle': 989, 'aux3': 1000, 'aux4': 1502, 'aux5': 1500, 'aux6': 1000, 'aux7': 1000, 'battery': 23.8, 'rssi': 945, 'rssi_msg': 'Strong signal', 'speed': 0.0, 'altitude': -0.17, 'caught': True, 'ready_hold_active': False, 'ready_hold_pending_capture': False, 'ready_hold_roll': 1500, 'ready_hold_pitch': 1500, 'ready_hold_yaw': 1500, 'ready_hold_throttle': 1100, 'target_locked': False, 'tracking_bbox': (311, 231, 17, 17), 'attack_error_x': 0.0, 'attack_error_y': 0.0, 'target_size': 0.0, 'attack_active': False, 'attack_base_roll': 1500, 'attack_base_pitch': 1500, 'attack_base_yaw': 1500, 'attack_base_throttle': 1000, 'prev_attack_error_x': 0.0, 'prev_attack_time': None, 'prev_target_size': 0.0}
2026-04-03 10:36:34,521 - BEE-EPT-UA913 - DEBUG - Executing command: TELEMETRY, Priority: 1, Body: {'target': 'MSP_RC'}
2026-04-03 10:36:34,532 - BEE-EPT-UA913 - DEBUG - Telemetry: b'\xdc\x05\xdc\x05\xdc\x05\xdd\x03\xd0\x07\xe8\x03\xe8\x03\xde\x05\xe8\x03\xe8\x03\xe8\x03\xfd\x05\xdc\x05\xdc\x05\xe8\x03\xe8\x03'
2026-04-03 10:36:34,532 - BEE-EPT-UA913 - INFO - Autopilot state: {'connection': True, 'bee_state': 'READY', 'roll': 1500, 'pitch': 1500, 'yaw': 1500, 'throttle': 989, 'last_manual_roll': 1500, 'last_manual_pitch': 1500, 'last_manual_yaw': 1500, 'last_manual_throttle': 989, 'aux3': 1000, 'aux4': 1502, 'aux5': 1500, 'aux6': 1000, 'aux7': 1000, 'battery': 23.8, 'rssi': 945, 'rssi_msg': 'Strong signal', 'speed': 0.0, 'altitude': -0.17, 'caught': True, 'ready_hold_active': False, 'ready_hold_pending_capture': False, 'ready_hold_roll': 1500, 'ready_hold_pitch': 1500, 'ready_hold_yaw': 1500, 'ready_hold_throttle': 1100, 'target_locked': False, 'tracking_bbox': (311, 231, 17, 17), 'attack_error_x': 0.0, 'attack_error_y': 0.0, 'target_size': 0.0, 'attack_active': False, 'attack_base_roll': 1500, 'attack_base_pitch': 1500, 'attack_base_yaw': 1500, 'attack_base_throttle': 1000, 'prev_attack_error_x': 0.0, 'prev_attack_time': None, 'prev_target_size': 0.0}
2026-04-03 10:36:34,621 - BEE-EPT-UA913 - DEBUG - Executing command: TELEMETRY, Priority: 1, Body: {'target': 'MSP_RC'}
2026-04-03 10:36:34,632 - BEE-EPT-UA913 - DEBUG - Telemetry: b'\xdc\x05\xdc\x05\xdc\x05\xdd\x03\xd0\x07\xe8\x03\xe8\x03\xde\x05\xe8\x03\xe8\x03\xe8\x03\xfd\x05\xdc\x05\xdc\x05\xe8\x03\xe8\x03'
2026-04-03 10:36:34,633 - BEE-EPT-UA913 - INFO - Autopilot state: {'connection': True, 'bee_state': 'READY', 'roll': 1500, 'pitch': 1500, 'yaw': 1500, 'throttle': 989, 'last_manual_roll': 1500, 'last_manual_pitch': 1500, 'last_manual_yaw': 1500, 'last_manual_throttle': 989, 'aux3': 1000, 'aux4': 1502, 'aux5': 1500, 'aux6': 1000, 'aux7': 1000, 'battery': 23.8, 'rssi': 945, 'rssi_msg': 'Strong signal', 'speed': 0.0, 'altitude': -0.17, 'caught': True, 'ready_hold_active': False, 'ready_hold_pending_capture': False, 'ready_hold_roll': 1500, 'ready_hold_pitch': 1500, 'ready_hold_yaw': 1500, 'ready_hold_throttle': 1100, 'target_locked': False, 'tracking_bbox': (311, 231, 17, 17), 'attack_error_x': 0.0, 'attack_error_y': 0.0, 'target_size': 0.0, 'attack_active': False, 'attack_base_roll': 1500, 'attack_base_pitch': 1500, 'attack_base_yaw': 1500, 'attack_base_throttle': 1000, 'prev_attack_error_x': 0.0, 'prev_attack_time': None, 'prev_target_size': 0.0}
2026-04-03 10:36:34,722 - BEE-EPT-UA913 - DEBUG - Executing command: TELEMETRY, Priority: 1, Body: {'target': 'MSP_RC'}
2026-04-03 10:36:34,733 - BEE-EPT-UA913 - DEBUG - Telemetry: b'\xdc\x05\xdc\x05\xdc\x05\xdd\x03\xd0\x07\xe8\x03\xe8\x03\xde\x05\xe8\x03\xe8\x03\xe8\x03\xfd\x05\xdc\x05\xdc\x05\xe8\x03\xe8\x03'
2026-04-03 10:36:34,734 - BEE-EPT-UA913 - INFO - Autopilot state: {'connection': True, 'bee_state': 'READY', 'roll': 1500, 'pitch': 1500, 'yaw': 1500, 'throttle': 989, 'last_manual_roll': 1500, 'last_manual_pitch': 1500, 'last_manual_yaw': 1500, 'last_manual_throttle': 989, 'aux3': 1000, 'aux4': 1502, 'aux5': 1500, 'aux6': 1000, 'aux7': 1000, 'battery': 23.8, 'rssi': 945, 'rssi_msg': 'Strong signal', 'speed': 0.0, 'altitude': -0.17, 'caught': True, 'ready_hold_active': False, 'ready_hold_pending_capture': False, 'ready_hold_roll': 1500, 'ready_hold_pitch': 1500, 'ready_hold_yaw': 1500, 'ready_hold_throttle': 1100, 'target_locked': False, 'tracking_bbox': (311, 231, 17, 17), 'attack_error_x': 0.0, 'attack_error_y': 0.0, 'target_size': 0.0, 'attack_active': False, 'attack_base_roll': 1500, 'attack_base_pitch': 1500, 'attack_base_yaw': 1500, 'attack_base_throttle': 1000, 'prev_attack_error_x': 0.0, 'prev_attack_time': None, 'prev_target_size': 0.0}
2026-04-03 10:36:34,822 - BEE-EPT-UA913 - DEBUG - Executing command: TELEMETRY, Priority: 1, Body: {'target': 'MSP_RC'}
2026-04-03 10:36:34,833 - BEE-EPT-UA913 - DEBUG - Telemetry: b'\xdc\x05\xdc\x05\xdc\x05\xdd\x03\xd0\x07\xe8\x03\xe8\x03\xde\x05\xe8\x03\xe8\x03\xe8\x03\xfd\x05\xdc\x05\xdc\x05\xe8\x03\xe8\x03'
2026-04-03 10:36:34,833 - BEE-EPT-UA913 - INFO - Autopilot state: {'connection': True, 'bee_state': 'READY', 'roll': 1500, 'pitch': 1500, 'yaw': 1500, 'throttle': 989, 'last_manual_roll': 1500, 'last_manual_pitch': 1500, 'last_manual_yaw': 1500, 'last_manual_throttle': 989, 'aux3': 1000, 'aux4': 1502, 'aux5': 1500, 'aux6': 1000, 'aux7': 1000, 'battery': 23.8, 'rssi': 945, 'rssi_msg': 'Strong signal', 'speed': 0.0, 'altitude': -0.17, 'caught': True, 'ready_hold_active': False, 'ready_hold_pending_capture': False, 'ready_hold_roll': 1500, 'ready_hold_pitch': 1500, 'ready_hold_yaw': 1500, 'ready_hold_throttle': 1100, 'target_locked': False, 'tracking_bbox': (311, 231, 17, 17), 'attack_error_x': 0.0, 'attack_error_y': 0.0, 'target_size': 0.0, 'attack_active': False, 'attack_base_roll': 1500, 'attack_base_pitch': 1500, 'attack_base_yaw': 1500, 'attack_base_throttle': 1000, 'prev_attack_error_x': 0.0, 'prev_attack_time': None, 'prev_target_size': 0.0}
2026-04-03 10:36:34,922 - BEE-EPT-UA913 - DEBUG - Executing command: TELEMETRY, Priority: 1, Body: {'target': 'MSP_RC'}
2026-04-03 10:36:34,934 - BEE-EPT-UA913 - DEBUG - Telemetry: b'\xdc\x05\xdc\x05\xdc\x05\xdd\x03\xd0\x07\xe8\x03\xe8\x03\xde\x05\xe8\x03\xe8\x03\xe8\x03\xfd\x05\xdc\x05\xdc\x05\xe8\x03\xe8\x03'
2026-04-03 10:36:34,934 - BEE-EPT-UA913 - INFO - Autopilot state: {'connection': True, 'bee_state': 'READY', 'roll': 1500, 'pitch': 1500, 'yaw': 1500, 'throttle': 989, 'last_manual_roll': 1500, 'last_manual_pitch': 1500, 'last_manual_yaw': 1500, 'last_manual_throttle': 989, 'aux3': 1000, 'aux4': 1502, 'aux5': 1500, 'aux6': 1000, 'aux7': 1000, 'battery': 23.8, 'rssi': 945, 'rssi_msg': 'Strong signal', 'speed': 0.0, 'altitude': -0.17, 'caught': True, 'ready_hold_active': False, 'ready_hold_pending_capture': False, 'ready_hold_roll': 1500, 'ready_hold_pitch': 1500, 'ready_hold_yaw': 1500, 'ready_hold_throttle': 1100, 'target_locked': False, 'tracking_bbox': (311, 231, 17, 17), 'attack_error_x': 0.0, 'attack_error_y': 0.0, 'target_size': 0.0, 'attack_active': False, 'attack_base_roll': 1500, 'attack_base_pitch': 1500, 'attack_base_yaw': 1500, 'attack_base_throttle': 1000, 'prev_attack_error_x': 0.0, 'prev_attack_time': None, 'prev_target_size': 0.0}
2026-04-03 10:36:35,023 - BEE-EPT-UA913 - DEBUG - Executing command: TELEMETRY, Priority: 1, Body: {'target': 'MSP_RC'}
2026-04-03 10:36:35,034 - BEE-EPT-UA913 - DEBUG - Telemetry: b'\xdc\x05\xdc\x05\xdc\x05\xdd\x03\xd0\x07\xe8\x03\xe8\x03\xde\x05\xe8\x03\xe8\x03\xe8\x03\xfd\x05\xdc\x05\xdc\x05\xe8\x03\xe8\x03'
2026-04-03 10:36:35,035 - BEE-EPT-UA913 - INFO - Autopilot state: {'connection': True, 'bee_state': 'READY', 'roll': 1500, 'pitch': 1500, 'yaw': 1500, 'throttle': 989, 'last_manual_roll': 1500, 'last_manual_pitch': 1500, 'last_manual_yaw': 1500, 'last_manual_throttle': 989, 'aux3': 1000, 'aux4': 1502, 'aux5': 1500, 'aux6': 1000, 'aux7': 1000, 'battery': 23.8, 'rssi': 945, 'rssi_msg': 'Strong signal', 'speed': 0.0, 'altitude': -0.17, 'caught': True, 'ready_hold_active': False, 'ready_hold_pending_capture': False, 'ready_hold_roll': 1500, 'ready_hold_pitch': 1500, 'ready_hold_yaw': 1500, 'ready_hold_throttle': 1100, 'target_locked': False, 'tracking_bbox': (311, 231, 17, 17), 'attack_error_x': 0.0, 'attack_error_y': 0.0, 'target_size': 0.0, 'attack_active': False, 'attack_base_roll': 1500, 'attack_base_pitch': 1500, 'attack_base_yaw': 1500, 'attack_base_throttle': 1000, 'prev_attack_error_x': 0.0, 'prev_attack_time': None, 'prev_target_size': 0.0}
2026-04-03 10:36:35,085 - BEE-EPT-UA913 - DEBUG - Executing command: TELEMETRY, Priority: 2, Body: {'target': 'MSP_ALTITUDE'}
2026-04-03 10:36:35,092 - BEE-EPT-UA913 - DEBUG - Telemetry: b'\xef\xff\xff\xff\x00\x00'
2026-04-03 10:36:35,093 - BEE-EPT-UA913 - INFO - Autopilot state: {'connection': True, 'bee_state': 'READY', 'roll': 1500, 'pitch': 1500, 'yaw': 1500, 'throttle': 989, 'last_manual_roll': 1500, 'last_manual_pitch': 1500, 'last_manual_yaw': 1500, 'last_manual_throttle': 989, 'aux3': 1000, 'aux4': 1502, 'aux5': 1500, 'aux6': 1000, 'aux7': 1000, 'battery': 23.8, 'rssi': 945, 'rssi_msg': 'Strong signal', 'speed': 0.0, 'altitude': -0.17, 'caught': True, 'ready_hold_active': False, 'ready_hold_pending_capture': False, 'ready_hold_roll': 1500, 'ready_hold_pitch': 1500, 'ready_hold_yaw': 1500, 'ready_hold_throttle': 1100, 'target_locked': False, 'tracking_bbox': (311, 231, 17, 17), 'attack_error_x': 0.0, 'attack_error_y': 0.0, 'target_size': 0.0, 'attack_active': False, 'attack_base_roll': 1500, 'attack_base_pitch': 1500, 'attack_base_yaw': 1500, 'attack_base_throttle': 1000, 'prev_attack_error_x': 0.0, 'prev_attack_time': None, 'prev_target_size': 0.0}
2026-04-03 10:36:35,143 - BEE-EPT-UA913 - DEBUG - Executing command: TELEMETRY, Priority: 1, Body: {'target': 'MSP_RC'}
2026-04-03 10:36:35,155 - BEE-EPT-UA913 - DEBUG - Telemetry: b'\xdc\x05\r\x06\xdc\x05\xf5\x03\xd0\x07\xe8\x03\xe8\x03\xd0\x07\xe8\x03\xe8\x03\xe8\x03\xfd\x05\xdc\x05\xdc\x05\xe8\x03\xe8\x03'
2026-04-03 10:36:35,155 - BEE-EPT-UA913 - INFO - Bee state changed to [ATACK]
2026-04-03 10:36:35,156 - BEE-EPT-UA913 - INFO - Autopilot state: {'connection': True, 'bee_state': 'ATACK', 'roll': 1500, 'pitch': 1549, 'yaw': 1500, 'throttle': 1013, 'last_manual_roll': 1500, 'last_manual_pitch': 1549, 'last_manual_yaw': 1500, 'last_manual_throttle': 1013, 'aux3': 1000, 'aux4': 2000, 'aux5': 1500, 'aux6': 1000, 'aux7': 1000, 'battery': 23.8, 'rssi': 945, 'rssi_msg': 'Strong signal', 'speed': 0.0, 'altitude': -0.17, 'caught': True, 'ready_hold_active': False, 'ready_hold_pending_capture': False, 'ready_hold_roll': 1500, 'ready_hold_pitch': 1500, 'ready_hold_yaw': 1500, 'ready_hold_throttle': 1100, 'target_locked': False, 'tracking_bbox': (311, 231, 17, 17), 'attack_error_x': 0.0, 'attack_error_y': 0.0, 'target_size': 0.0, 'attack_active': False, 'attack_base_roll': 1500, 'attack_base_pitch': 1549, 'attack_base_yaw': 1500, 'attack_base_throttle': 1013, 'prev_attack_error_x': 0.0, 'prev_attack_time': None, 'prev_target_size': 0.0}
2026-04-03 10:36:35,207 - BEE-EPT-UA913 - DEBUG - Executing command: ATACK, Priority: 0, Body: {'previous_mode': 'READY'}
2026-04-03 10:36:35,207 - BEE-EPT-UA913 - INFO - [ATACK MODE STARTED]
2026-04-03 10:36:35,260 - BEE-EPT-UA913 - DEBUG - Executing command: TELEMETRY, Priority: 1, Body: {'target': 'MSP_RC'}
2026-04-03 10:36:35,275 - BEE-EPT-UA913 - DEBUG - Telemetry: b'\xdc\x05\r\x06\xdc\x05\xf5\x03\xd0\x07\xe8\x03\xe8\x03\xd0\x07\xe8\x03\xe8\x03\xe8\x03\xfd\x05\xdc\x05\xdc\x05\xe8\x03\xe8\x03'
2026-04-03 10:36:35,276 - BEE-EPT-UA913 - INFO - Autopilot state: {'connection': True, 'bee_state': 'ATACK', 'roll': 1500, 'pitch': 1549, 'yaw': 1500, 'throttle': 1013, 'last_manual_roll': 1500, 'last_manual_pitch': 1549, 'last_manual_yaw': 1500, 'last_manual_throttle': 1013, 'aux3': 1000, 'aux4': 2000, 'aux5': 1500, 'aux6': 1000, 'aux7': 1000, 'battery': 23.8, 'rssi': 945, 'rssi_msg': 'Strong signal', 'speed': 0.0, 'altitude': -0.17, 'caught': True, 'ready_hold_active': False, 'ready_hold_pending_capture': False, 'ready_hold_roll': 1500, 'ready_hold_pitch': 1500, 'ready_hold_yaw': 1500, 'ready_hold_throttle': 1100, 'target_locked': False, 'tracking_bbox': (311, 231, 17, 17), 'attack_error_x': 0.0, 'attack_error_y': 0.0, 'target_size': 0.0, 'attack_active': True, 'attack_base_roll': 1500, 'attack_base_pitch': 1549, 'attack_base_yaw': 1500, 'attack_base_throttle': 1013, 'prev_attack_error_x': 0.0, 'prev_attack_time': 139.058135783, 'prev_target_size': 0.0}
2026-04-03 10:36:35,327 - BEE-EPT-UA913 - DEBUG - Executing command: TELEMETRY, Priority: 1, Body: {'target': 'MSP_RC'}
2026-04-03 10:36:35,336 - BEE-EPT-UA913 - DEBUG - Telemetry: b'\xdc\x05\r\x06\xdc\x05\xf5\x03\xd0\x07\xe8\x03\xe8\x03\xd0\x07\xe8\x03\xe8\x03\xe8\x03\xfd\x05\xdc\x05\xdc\x05\xe8\x03\xe8\x03'
2026-04-03 10:36:35,336 - BEE-EPT-UA913 - INFO - Autopilot state: {'connection': True, 'bee_state': 'ATACK', 'roll': 1500, 'pitch': 1549, 'yaw': 1500, 'throttle': 1013, 'last_manual_roll': 1500, 'last_manual_pitch': 1549, 'last_manual_yaw': 1500, 'last_manual_throttle': 1013, 'aux3': 1000, 'aux4': 2000, 'aux5': 1500, 'aux6': 1000, 'aux7': 1000, 'battery': 23.8, 'rssi': 945, 'rssi_msg': 'Strong signal', 'speed': 0.0, 'altitude': -0.17, 'caught': True, 'ready_hold_active': False, 'ready_hold_pending_capture': False, 'ready_hold_roll': 1500, 'ready_hold_pitch': 1500, 'ready_hold_yaw': 1500, 'ready_hold_throttle': 1100, 'target_locked': True, 'tracking_bbox': (311, 231, 17, 17), 'attack_error_x': -0.0015625, 'attack_error_y': -0.1684027777777778, 'target_size': 289.0, 'attack_active': True, 'attack_base_roll': 1500, 'attack_base_pitch': 1549, 'attack_base_yaw': 1500, 'attack_base_throttle': 1013, 'prev_attack_error_x': 0.0, 'prev_attack_time': 139.108593795, 'prev_target_size': 0.0}
2026-04-03 10:36:35,387 - BEE-EPT-UA913 - DEBUG - Executing command: MONITOR, Priority: 2, Body: {'target': 'MSP_ANALOG'}
2026-04-03 10:36:35,396 - BEE-EPT-UA913 - DEBUG - Monitoring: b'\xee\x05\x00\xc9\x03\x10\x00G\t'
2026-04-03 10:36:35,396 - BEE-EPT-UA913 - INFO - RSSI: 969, signal: Strong signal, battery voltage: 23.8V
2026-04-03 10:36:35,447 - BEE-EPT-UA913 - DEBUG - Executing command: TELEMETRY, Priority: 1, Body: {'target': 'MSP_RC'}
2026-04-03 10:36:35,456 - BEE-EPT-UA913 - DEBUG - Telemetry: b'\xdc\x05?\x06\xdc\x05\x02\x04\xd0\x07\xe8\x03\xe8\x03\xd0\x07\xe8\x03\xe8\x03\xe8\x03\xfd\x05\xdc\x05\xdc\x05\xe8\x03\xe8\x03'
2026-04-03 10:36:35,457 - BEE-EPT-UA913 - INFO - Autopilot state: {'connection': True, 'bee_state': 'ATACK', 'roll': 1500, 'pitch': 1599, 'yaw': 1500, 'throttle': 1026, 'last_manual_roll': 1500, 'last_manual_pitch': 1599, 'last_manual_yaw': 1500, 'last_manual_throttle': 1026, 'aux3': 1000, 'aux4': 2000, 'aux5': 1500, 'aux6': 1000, 'aux7': 1000, 'battery': 23.8, 'rssi': 969, 'rssi_msg': 'Strong signal', 'speed': 0.0, 'altitude': -0.17, 'caught': True, 'ready_hold_active': False, 'ready_hold_pending_capture': False, 'ready_hold_roll': 1500, 'ready_hold_pitch': 1500, 'ready_hold_yaw': 1500, 'ready_hold_throttle': 1100, 'target_locked': True, 'tracking_bbox': (311, 231, 17, 17), 'attack_error_x': -0.0015625, 'attack_error_y': -0.1684027777777778, 'target_size': 289.0, 'attack_active': True, 'attack_base_roll': 1500, 'attack_base_pitch': 1549, 'attack_base_yaw': 1500, 'attack_base_throttle': 1013, 'prev_attack_error_x': 0.0, 'prev_attack_time': 139.212061937, 'prev_target_size': 289.0}
2026-04-03 10:36:35,507 - BEE-EPT-UA913 - DEBUG - Executing command: TELEMETRY, Priority: 2, Body: {'target': 'MSP_ALTITUDE'}
2026-04-03 10:36:35,514 - BEE-EPT-UA913 - DEBUG - Telemetry: b'\xef\xff\xff\xff\x00\x00'
2026-04-03 10:36:35,515 - BEE-EPT-UA913 - INFO - Autopilot state: {'connection': True, 'bee_state': 'ATACK', 'roll': 1500, 'pitch': 1599, 'yaw': 1500, 'throttle': 1026, 'last_manual_roll': 1500, 'last_manual_pitch': 1599, 'last_manual_yaw': 1500, 'last_manual_throttle': 1026, 'aux3': 1000, 'aux4': 2000, 'aux5': 1500, 'aux6': 1000, 'aux7': 1000, 'battery': 23.8, 'rssi': 969, 'rssi_msg': 'Strong signal', 'speed': 0.0, 'altitude': -0.17, 'caught': True, 'ready_hold_active': False, 'ready_hold_pending_capture': False, 'ready_hold_roll': 1500, 'ready_hold_pitch': 1500, 'ready_hold_yaw': 1500, 'ready_hold_throttle': 1100, 'target_locked': True, 'tracking_bbox': (311, 232, 17, 17), 'attack_error_x': -0.0015625, 'attack_error_y': -0.16493055555555555, 'target_size': 289.0, 'attack_active': True, 'attack_base_roll': 1500, 'attack_base_pitch': 1549, 'attack_base_yaw': 1500, 'attack_base_throttle': 1013, 'prev_attack_error_x': 0.0, 'prev_attack_time': 139.312999258, 'prev_target_size': 289.0}
2026-04-03 10:36:35,568 - BEE-EPT-UA913 - DEBUG - Executing command: TELEMETRY, Priority: 1, Body: {'target': 'MSP_RC'}
2026-04-03 10:36:35,587 - BEE-EPT-UA913 - DEBUG - Telemetry: b'\xdc\x05>\x06\xdc\x05\x02\x04\xd0\x07\xe8\x03\xe8\x03\xd0\x07\xe8\x03\xe8\x03\xe8\x03\xfd\x05\xdc\x05\xdc\x05\xe8\x03\xe8\x03'
2026-04-03 10:36:35,587 - BEE-EPT-UA913 - INFO - Autopilot state: {'connection': True, 'bee_state': 'ATACK', 'roll': 1500, 'pitch': 1598, 'yaw': 1500, 'throttle': 1026, 'last_manual_roll': 1500, 'last_manual_pitch': 1598, 'last_manual_yaw': 1500, 'last_manual_throttle': 1026, 'aux3': 1000, 'aux4': 2000, 'aux5': 1500, 'aux6': 1000, 'aux7': 1000, 'battery': 23.8, 'rssi': 969, 'rssi_msg': 'Strong signal', 'speed': 0.0, 'altitude': -0.17, 'caught': True, 'ready_hold_active': False, 'ready_hold_pending_capture': False, 'ready_hold_roll': 1500, 'ready_hold_pitch': 1500, 'ready_hold_yaw': 1500, 'ready_hold_throttle': 1100, 'target_locked': True, 'tracking_bbox': (311, 232, 17, 17), 'attack_error_x': -0.0015625, 'attack_error_y': -0.16493055555555555, 'target_size': 289.0, 'attack_active': True, 'attack_base_roll': 1500, 'attack_base_pitch': 1549, 'attack_base_yaw': 1500, 'attack_base_throttle': 1013, 'prev_attack_error_x': 0.0, 'prev_attack_time': 139.368064601, 'prev_target_size': 289.0}
2026-04-03 10:36:35,637 - BEE-EPT-UA913 - DEBUG - Executing command: TELEMETRY, Priority: 1, Body: {'target': 'MSP_RC'}
2026-04-03 10:36:35,647 - BEE-EPT-UA913 - DEBUG - Telemetry: b'\xdc\x05>\x06\xdc\x05\x02\x04\xd0\x07\xe8\x03\xe8\x03\xd0\x07\xe8\x03\xe8\x03\xe8\x03\xfd\x05\xdc\x05\xdc\x05\xe8\x03\xe8\x03'
2026-04-03 10:36:35,647 - BEE-EPT-UA913 - INFO - Autopilot state: {'connection': True, 'bee_state': 'ATACK', 'roll': 1500, 'pitch': 1598, 'yaw': 1500, 'throttle': 1026, 'last_manual_roll': 1500, 'last_manual_pitch': 1598, 'last_manual_yaw': 1500, 'last_manual_throttle': 1026, 'aux3': 1000, 'aux4': 2000, 'aux5': 1500, 'aux6': 1000, 'aux7': 1000, 'battery': 23.8, 'rssi': 969, 'rssi_msg': 'Strong signal', 'speed': 0.0, 'altitude': -0.17, 'caught': True, 'ready_hold_active': False, 'ready_hold_pending_capture': False, 'ready_hold_roll': 1500, 'ready_hold_pitch': 1500, 'ready_hold_yaw': 1500, 'ready_hold_throttle': 1100, 'target_locked': True, 'tracking_bbox': (311, 232, 17, 17), 'attack_error_x': -0.0015625, 'attack_error_y': -0.16493055555555555, 'target_size': 289.0, 'attack_active': True, 'attack_base_roll': 1500, 'attack_base_pitch': 1549, 'attack_base_yaw': 1500, 'attack_base_throttle': 1013, 'prev_attack_error_x': 0.0, 'prev_attack_time': 139.418661946, 'prev_target_size': 289.0}
2026-04-03 10:36:35,734 - BEE-EPT-UA913 - DEBUG - Executing command: TELEMETRY, Priority: 1, Body: {'target': 'MSP_RC'}
2026-04-03 10:36:35,748 - BEE-EPT-UA913 - DEBUG - Telemetry: b'\xdc\x05>\x06\xdc\x05\x02\x04\xd0\x07\xe8\x03\xe8\x03\xd0\x07\xe8\x03\xe8\x03\xe8\x03\xfd\x05\xdc\x05\xdc\x05\xe8\x03\xe8\x03'
2026-04-03 10:36:35,748 - BEE-EPT-UA913 - INFO - Autopilot state: {'connection': True, 'bee_state': 'ATACK', 'roll': 1500, 'pitch': 1598, 'yaw': 1500, 'throttle': 1026, 'last_manual_roll': 1500, 'last_manual_pitch': 1598, 'last_manual_yaw': 1500, 'last_manual_throttle': 1026, 'aux3': 1000, 'aux4': 2000, 'aux5': 1500, 'aux6': 1000, 'aux7': 1000, 'battery': 23.8, 'rssi': 969, 'rssi_msg': 'Strong signal', 'speed': 0.0, 'altitude': -0.17, 'caught': True, 'ready_hold_active': False, 'ready_hold_pending_capture': False, 'ready_hold_roll': 1500, 'ready_hold_pitch': 1500, 'ready_hold_yaw': 1500, 'ready_hold_throttle': 1100, 'target_locked': True, 'tracking_bbox': (310, 232, 17, 17), 'attack_error_x': -0.0046875, 'attack_error_y': -0.16493055555555555, 'target_size': 289.0, 'attack_active': True, 'attack_base_roll': 1500, 'attack_base_pitch': 1549, 'attack_base_yaw': 1500, 'attack_base_throttle': 1013, 'prev_attack_error_x': 0.0, 'prev_attack_time': 139.519282512, 'prev_target_size': 289.0}
2026-04-03 10:36:35,834 - BEE-EPT-UA913 - DEBUG - Executing command: TELEMETRY, Priority: 1, Body: {'target': 'MSP_RC'}
2026-04-03 10:36:35,848 - BEE-EPT-UA913 - DEBUG - Telemetry: b'\xdc\x05>\x06\xdc\x05\x02\x04\xd0\x07\xe8\x03\xe8\x03\xd0\x07\xe8\x03\xe8\x03\xe8\x03\xfd\x05\xdc\x05\xdc\x05\xe8\x03\xe8\x03'
2026-04-03 10:36:35,848 - BEE-EPT-UA913 - INFO - Autopilot state: {'connection': True, 'bee_state': 'ATACK', 'roll': 1500, 'pitch': 1598, 'yaw': 1500, 'throttle': 1026, 'last_manual_roll': 1500, 'last_manual_pitch': 1598, 'last_manual_yaw': 1500, 'last_manual_throttle': 1026, 'aux3': 1000, 'aux4': 2000, 'aux5': 1500, 'aux6': 1000, 'aux7': 1000, 'battery': 23.8, 'rssi': 969, 'rssi_msg': 'Strong signal', 'speed': 0.0, 'altitude': -0.17, 'caught': True, 'ready_hold_active': False, 'ready_hold_pending_capture': False, 'ready_hold_roll': 1500, 'ready_hold_pitch': 1500, 'ready_hold_yaw': 1500, 'ready_hold_throttle': 1100, 'target_locked': True, 'tracking_bbox': (311, 231, 17, 17), 'attack_error_x': -0.0015625, 'attack_error_y': -0.1684027777777778, 'target_size': 289.0, 'attack_active': True, 'attack_base_roll': 1500, 'attack_base_pitch': 1549, 'attack_base_yaw': 1500, 'attack_base_throttle': 1013, 'prev_attack_error_x': 0.0, 'prev_attack_time': 139.624071303, 'prev_target_size': 289.0}
2026-04-03 10:36:35,938 - BEE-EPT-UA913 - DEBUG - Executing command: TELEMETRY, Priority: 1, Body: {'target': 'MSP_RC'}
2026-04-03 10:36:35,949 - BEE-EPT-UA913 - DEBUG - Telemetry: b'\xdc\x05?\x06\xdc\x05\x02\x04\xd0\x07\xe8\x03\xe8\x03\xd0\x07\xe8\x03\xe8\x03\xe8\x03\xfd\x05\xdc\x05\xdc\x05\xe8\x03\xe8\x03'
2026-04-03 10:36:35,949 - BEE-EPT-UA913 - INFO - Autopilot state: {'connection': True, 'bee_state': 'ATACK', 'roll': 1500, 'pitch': 1599, 'yaw': 1500, 'throttle': 1026, 'last_manual_roll': 1500, 'last_manual_pitch': 1599, 'last_manual_yaw': 1500, 'last_manual_throttle': 1026, 'aux3': 1000, 'aux4': 2000, 'aux5': 1500, 'aux6': 1000, 'aux7': 1000, 'battery': 23.8, 'rssi': 969, 'rssi_msg': 'Strong signal', 'speed': 0.0, 'altitude': -0.17, 'caught': True, 'ready_hold_active': False, 'ready_hold_pending_capture': False, 'ready_hold_roll': 1500, 'ready_hold_pitch': 1500, 'ready_hold_yaw': 1500, 'ready_hold_throttle': 1100, 'target_locked': True, 'tracking_bbox': (311, 232, 17, 17), 'attack_error_x': -0.0015625, 'attack_error_y': -0.16493055555555555, 'target_size': 289.0, 'attack_active': True, 'attack_base_roll': 1500, 'attack_base_pitch': 1549, 'attack_base_yaw': 1500, 'attack_base_throttle': 1013, 'prev_attack_error_x': 0.0, 'prev_attack_time': 139.724603203, 'prev_target_size': 289.0}
2026-04-03 10:36:36,042 - BEE-EPT-UA913 - DEBUG - Executing command: TELEMETRY, Priority: 1, Body: {'target': 'MSP_RC'}
2026-04-03 10:36:36,050 - BEE-EPT-UA913 - DEBUG - Telemetry: b'\xdc\x05>\x06\xdc\x05\x02\x04\xd0\x07\xe8\x03\xe8\x03\xd0\x07\xe8\x03\xe8\x03\xe8\x03\xfd\x05\xdc\x05\xdc\x05\xe8\x03\xe8\x03'
2026-04-03 10:36:36,050 - BEE-EPT-UA913 - INFO - Autopilot state: {'connection': True, 'bee_state': 'ATACK', 'roll': 1500, 'pitch': 1598, 'yaw': 1500, 'throttle': 1026, 'last_manual_roll': 1500, 'last_manual_pitch': 1598, 'last_manual_yaw': 1500, 'last_manual_throttle': 1026, 'aux3': 1000, 'aux4': 2000, 'aux5': 1500, 'aux6': 1000, 'aux7': 1000, 'battery': 23.8, 'rssi': 969, 'rssi_msg': 'Strong signal', 'speed': 0.0, 'altitude': -0.17, 'caught': True, 'ready_hold_active': False, 'ready_hold_pending_capture': False, 'ready_hold_roll': 1500, 'ready_hold_pitch': 1500, 'ready_hold_yaw': 1500, 'ready_hold_throttle': 1100, 'target_locked': True, 'tracking_bbox': (311, 232, 17, 17), 'attack_error_x': -0.0015625, 'attack_error_y': -0.16493055555555555, 'target_size': 289.0, 'attack_active': True, 'attack_base_roll': 1500, 'attack_base_pitch': 1549, 'attack_base_yaw': 1500, 'attack_base_throttle': 1013, 'prev_attack_error_x': 0.0, 'prev_attack_time': 139.828058372, 'prev_target_size': 289.0}
2026-04-03 10:36:36,142 - BEE-EPT-UA913 - DEBUG - Executing command: TELEMETRY, Priority: 1, Body: {'target': 'MSP_RC'}
2026-04-03 10:36:36,156 - BEE-EPT-UA913 - DEBUG - Telemetry: b'\xdc\x05\xdc\x05\xdc\x05\xdd\x03\xd0\x07\xe8\x03\xe8\x03\xe8\x03\xe8\x03\xe8\x03\xe8\x03\xfd\x05\xdc\x05\xdc\x05\xe8\x03\xe8\x03'
2026-04-03 10:36:36,156 - BEE-EPT-UA913 - INFO - Bee state changed to [OFF]
2026-04-03 10:36:36,182 - BEE-EPT-UA913 - INFO - [ATACK MODE STOPPED]
2026-04-03 10:36:36,183 - BEE-EPT-UA913 - INFO - Autopilot state: {'connection': True, 'bee_state': 'OFF', 'roll': 1500, 'pitch': 1500, 'yaw': 1500, 'throttle': 989, 'last_manual_roll': 1500, 'last_manual_pitch': 1500, 'last_manual_yaw': 1500, 'last_manual_throttle': 989, 'aux3': 1000, 'aux4': 1000, 'aux5': 1500, 'aux6': 1000, 'aux7': 1000, 'battery': 23.8, 'rssi': 969, 'rssi_msg': 'Strong signal', 'speed': 0.0, 'altitude': -0.17, 'caught': False, 'ready_hold_active': False, 'ready_hold_pending_capture': False, 'ready_hold_roll': 1500, 'ready_hold_pitch': 1500, 'ready_hold_yaw': 1500, 'ready_hold_throttle': 1100, 'target_locked': False, 'tracking_bbox': None, 'attack_error_x': 0.0, 'attack_error_y': 0.0, 'target_size': 0.0, 'attack_active': False, 'attack_base_roll': 1500, 'attack_base_pitch': 1549, 'attack_base_yaw': 1500, 'attack_base_throttle': 1013, 'prev_attack_error_x': 0.0, 'prev_attack_time': None, 'prev_target_size': 0.0}
2026-04-03 10:36:36,246 - BEE-EPT-UA913 - DEBUG - Executing command: TELEMETRY, Priority: 1, Body: {'target': 'MSP_RC'}
2026-04-03 10:36:36,252 - BEE-EPT-UA913 - DEBUG - Telemetry: b'\xdc\x05\xdc\x05\xdc\x05\xdd\x03\xd0\x07\xe8\x03\xe8\x03\xe8\x03\xe8\x03\xe8\x03\xe8\x03\xfd\x05\xdc\x05\xdc\x05\xe8\x03\xe8\x03'
2026-04-03 10:36:36,252 - BEE-EPT-UA913 - INFO - Autopilot state: {'connection': True, 'bee_state': 'OFF', 'roll': 1500, 'pitch': 1500, 'yaw': 1500, 'throttle': 989, 'last_manual_roll': 1500, 'last_manual_pitch': 1500, 'last_manual_yaw': 1500, 'last_manual_throttle': 989, 'aux3': 1000, 'aux4': 1000, 'aux5': 1500, 'aux6': 1000, 'aux7': 1000, 'battery': 23.8, 'rssi': 969, 'rssi_msg': 'Strong signal', 'speed': 0.0, 'altitude': -0.17, 'caught': False, 'ready_hold_active': False, 'ready_hold_pending_capture': False, 'ready_hold_roll': 1500, 'ready_hold_pitch': 1500, 'ready_hold_yaw': 1500, 'ready_hold_throttle': 1100, 'target_locked': True, 'tracking_bbox': (319, 232, 17, 17), 'attack_error_x': 0.0234375, 'attack_error_y': -0.16493055555555555, 'target_size': 289.0, 'attack_active': False, 'attack_base_roll': 1500, 'attack_base_pitch': 1549, 'attack_base_yaw': 1500, 'attack_base_throttle': 1013, 'prev_attack_error_x': 0.0, 'prev_attack_time': None, 'prev_target_size': 0.0}
2026-04-03 10:36:36,302 - BEE-EPT-UA913 - DEBUG - Executing command: TELEMETRY, Priority: 2, Body: {'target': 'MSP_ALTITUDE'}
2026-04-03 10:36:36,309 - BEE-EPT-UA913 - DEBUG - Telemetry: b'\xef\xff\xff\xff\x00\x00'
2026-04-03 10:36:36,309 - BEE-EPT-UA913 - INFO - Autopilot state: {'connection': True, 'bee_state': 'OFF', 'roll': 1500, 'pitch': 1500, 'yaw': 1500, 'throttle': 989, 'last_manual_roll': 1500, 'last_manual_pitch': 1500, 'last_manual_yaw': 1500, 'last_manual_throttle': 989, 'aux3': 1000, 'aux4': 1000, 'aux5': 1500, 'aux6': 1000, 'aux7': 1000, 'battery': 23.8, 'rssi': 969, 'rssi_msg': 'Strong signal', 'speed': 0.0, 'altitude': -0.17, 'caught': False, 'ready_hold_active': False, 'ready_hold_pending_capture': False, 'ready_hold_roll': 1500, 'ready_hold_pitch': 1500, 'ready_hold_yaw': 1500, 'ready_hold_throttle': 1100, 'target_locked': False, 'tracking_bbox': None, 'attack_error_x': 0.0, 'attack_error_y': 0.0, 'target_size': 0.0, 'attack_active': False, 'attack_base_roll': 1500, 'attack_base_pitch': 1549, 'attack_base_yaw': 1500, 'attack_base_throttle': 1013, 'prev_attack_error_x': 0.0, 'prev_attack_time': None, 'prev_target_size': 0.0}
2026-04-03 10:36:36,360 - BEE-EPT-UA913 - DEBUG - Executing command: MONITOR, Priority: 2, Body: {'target': 'MSP_ANALOG'}
2026-04-03 10:36:36,370 - BEE-EPT-UA913 - DEBUG - Monitoring: b'\xe7\x06\x00\xd2\x03\x0c\x02\x01\t'
2026-04-03 10:36:36,370 - BEE-EPT-UA913 - INFO - RSSI: 978, signal: Strong signal, battery voltage: 23.1V
2026-04-03 10:36:36,789 - BEE-EPT-UA913 - INFO - [TRACKING COMPLETED]
2026-04-03 10:36:38,249 - BEE-EPT-UA913 - DEBUG - Executing command: TELEMETRY, Priority: 1, Body: {'target': 'MSP_RC'}
2026-04-03 10:36:38,257 - BEE-EPT-UA913 - DEBUG - Telemetry: b'\xdc\x05\xdc\x05\xdc\x05\xdd\x03\xe8\x03\xe8\x03\xe8\x03\xe8\x03\xe8\x03\xe8\x03\xe8\x03\xfd\x05\xdc\x05\xdc\x05\xe8\x03\xe8\x03'
2026-04-03 10:36:38,257 - BEE-EPT-UA913 - INFO - Autopilot state: {'connection': True, 'bee_state': 'OFF', 'roll': 1500, 'pitch': 1500, 'yaw': 1500, 'throttle': 989, 'last_manual_roll': 1500, 'last_manual_pitch': 1500, 'last_manual_yaw': 1500, 'last_manual_throttle': 989, 'aux3': 1000, 'aux4': 1000, 'aux5': 1500, 'aux6': 1000, 'aux7': 1000, 'battery': 23.1, 'rssi': 978, 'rssi_msg': 'Strong signal', 'speed': 0.0, 'altitude': -0.17, 'caught': False, 'ready_hold_active': False, 'ready_hold_pending_capture': False, 'ready_hold_roll': 1500, 'ready_hold_pitch': 1500, 'ready_hold_yaw': 1500, 'ready_hold_throttle': 1100, 'target_locked': False, 'tracking_bbox': None, 'attack_error_x': 0.0, 'attack_error_y': 0.0, 'target_size': 0.0, 'attack_active': False, 'attack_base_roll': 1500, 'attack_base_pitch': 1549, 'attack_base_yaw': 1500, 'attack_base_throttle': 1013, 'prev_attack_error_x': 0.0, 'prev_attack_time': None, 'prev_target_size': 0.0}
2026-04-03 10:36:38,307 - BEE-EPT-UA913 - DEBUG - Executing command: TELEMETRY, Priority: 2, Body: {'target': 'MSP_ALTITUDE'}
2026-04-03 10:36:38,315 - BEE-EPT-UA913 - DEBUG - Telemetry: b'\xef\xff\xff\xff\x00\x00'
2026-04-03 10:36:38,315 - BEE-EPT-UA913 - INFO - Autopilot state: {'connection': True, 'bee_state': 'OFF', 'roll': 1500, 'pitch': 1500, 'yaw': 1500, 'throttle': 989, 'last_manual_roll': 1500, 'last_manual_pitch': 1500, 'last_manual_yaw': 1500, 'last_manual_throttle': 989, 'aux3': 1000, 'aux4': 1000, 'aux5': 1500, 'aux6': 1000, 'aux7': 1000, 'battery': 23.1, 'rssi': 978, 'rssi_msg': 'Strong signal', 'speed': 0.0, 'altitude': -0.17, 'caught': False, 'ready_hold_active': False, 'ready_hold_pending_capture': False, 'ready_hold_roll': 1500, 'ready_hold_pitch': 1500, 'ready_hold_yaw': 1500, 'ready_hold_throttle': 1100, 'target_locked': False, 'tracking_bbox': None, 'attack_error_x': 0.0, 'attack_error_y': 0.0, 'target_size': 0.0, 'attack_active': False, 'attack_base_roll': 1500, 'attack_base_pitch': 1549, 'attack_base_yaw': 1500, 'attack_base_throttle': 1013, 'prev_attack_error_x': 0.0, 'prev_attack_time': None, 'prev_target_size': 0.0}
2026-04-03 10:36:38,365 - BEE-EPT-UA913 - DEBUG - Executing command: MONITOR, Priority: 2, Body: {'target': 'MSP_ANALOG'}
2026-04-03 10:36:38,376 - BEE-EPT-UA913 - DEBUG - Monitoring: b'\xed\x06\x00\xc0\x03\x04\x00B\t'
2026-04-03 10:36:38,376 - BEE-EPT-UA913 - INFO - RSSI: 960, signal: Strong signal, battery voltage: 23.7V
2026-04-03 10:36:40,251 - BEE-EPT-UA913 - DEBUG - Executing command: TELEMETRY, Priority: 1, Body: {'target': 'MSP_RC'}
2026-04-03 10:36:40,257 - BEE-EPT-UA913 - DEBUG - Telemetry: b'\xdc\x05\xdc\x05\xdc\x05\xdd\x03\xe8\x03\xe8\x03\xe8\x03\xe8\x03\xe8\x03\xe8\x03\xe8\x03\xfd\x05\xdc\x05\xdc\x05\xe8\x03\xe8\x03'
2026-04-03 10:36:40,258 - BEE-EPT-UA913 - INFO - Autopilot state: {'connection': True, 'bee_state': 'OFF', 'roll': 1500, 'pitch': 1500, 'yaw': 1500, 'throttle': 989, 'last_manual_roll': 1500, 'last_manual_pitch': 1500, 'last_manual_yaw': 1500, 'last_manual_throttle': 989, 'aux3': 1000, 'aux4': 1000, 'aux5': 1500, 'aux6': 1000, 'aux7': 1000, 'battery': 23.7, 'rssi': 960, 'rssi_msg': 'Strong signal', 'speed': 0.0, 'altitude': -0.17, 'caught': False, 'ready_hold_active': False, 'ready_hold_pending_capture': False, 'ready_hold_roll': 1500, 'ready_hold_pitch': 1500, 'ready_hold_yaw': 1500, 'ready_hold_throttle': 1100, 'target_locked': False, 'tracking_bbox': None, 'attack_error_x': 0.0, 'attack_error_y': 0.0, 'target_size': 0.0, 'attack_active': False, 'attack_base_roll': 1500, 'attack_base_pitch': 1549, 'attack_base_yaw': 1500, 'attack_base_throttle': 1013, 'prev_attack_error_x': 0.0, 'prev_attack_time': None, 'prev_target_size': 0.0}
2026-04-03 10:36:40,308 - BEE-EPT-UA913 - DEBUG - Executing command: TELEMETRY, Priority: 2, Body: {'target': 'MSP_ALTITUDE'}
2026-04-03 10:36:40,315 - BEE-EPT-UA913 - DEBUG - Telemetry: b'\xf8\xff\xff\xff\x00\x00'
2026-04-03 10:36:40,316 - BEE-EPT-UA913 - INFO - Autopilot state: {'connection': True, 'bee_state': 'OFF', 'roll': 1500, 'pitch': 1500, 'yaw': 1500, 'throttle': 989, 'last_manual_roll': 1500, 'last_manual_pitch': 1500, 'last_manual_yaw': 1500, 'last_manual_throttle': 989, 'aux3': 1000, 'aux4': 1000, 'aux5': 1500, 'aux6': 1000, 'aux7': 1000, 'battery': 23.7, 'rssi': 960, 'rssi_msg': 'Strong signal', 'speed': 0.0, 'altitude': -0.08, 'caught': False, 'ready_hold_active': False, 'ready_hold_pending_capture': False, 'ready_hold_roll': 1500, 'ready_hold_pitch': 1500, 'ready_hold_yaw': 1500, 'ready_hold_throttle': 1100, 'target_locked': False, 'tracking_bbox': None, 'attack_error_x': 0.0, 'attack_error_y': 0.0, 'target_size': 0.0, 'attack_active': False, 'attack_base_roll': 1500, 'attack_base_pitch': 1549, 'attack_base_yaw': 1500, 'attack_base_throttle': 1013, 'prev_attack_error_x': 0.0, 'prev_attack_time': None, 'prev_target_size': 0.0}
2026-04-03 10:36:40,366 - BEE-EPT-UA913 - DEBUG - Executing command: MONITOR, Priority: 2, Body: {'target': 'MSP_ANALOG'}
2026-04-03 10:36:40,376 - BEE-EPT-UA913 - DEBUG - Monitoring: b'\xee\x06\x00\xb6\x03\x04\x00H\t'
2026-04-03 10:36:40,376 - BEE-EPT-UA913 - INFO - RSSI: 950, signal: Strong signal, battery voltage: 23.8V
2026-04-03 10:36:42,255 - BEE-EPT-UA913 - DEBUG - Executing command: TELEMETRY, Priority: 1, Body: {'target': 'MSP_RC'}
2026-04-03 10:36:42,268 - BEE-EPT-UA913 - DEBUG - Telemetry: b'\xdc\x05\xdc\x05\xdc\x05\xdd\x03\xe8\x03\xe8\x03\xe8\x03\xe8\x03\xe8\x03\xe8\x03\xe8\x03\xfd\x05\xdc\x05\xdc\x05\xe8\x03\xe8\x03'
2026-04-03 10:36:42,268 - BEE-EPT-UA913 - INFO - Autopilot state: {'connection': True, 'bee_state': 'OFF', 'roll': 1500, 'pitch': 1500, 'yaw': 1500, 'throttle': 989, 'last_manual_roll': 1500, 'last_manual_pitch': 1500, 'last_manual_yaw': 1500, 'last_manual_throttle': 989, 'aux3': 1000, 'aux4': 1000, 'aux5': 1500, 'aux6': 1000, 'aux7': 1000, 'battery': 23.8, 'rssi': 950, 'rssi_msg': 'Strong signal', 'speed': 0.0, 'altitude': -0.08, 'caught': False, 'ready_hold_active': False, 'ready_hold_pending_capture': False, 'ready_hold_roll': 1500, 'ready_hold_pitch': 1500, 'ready_hold_yaw': 1500, 'ready_hold_throttle': 1100, 'target_locked': False, 'tracking_bbox': None, 'attack_error_x': 0.0, 'attack_error_y': 0.0, 'target_size': 0.0, 'attack_active': False, 'attack_base_roll': 1500, 'attack_base_pitch': 1549, 'attack_base_yaw': 1500, 'attack_base_throttle': 1013, 'prev_attack_error_x': 0.0, 'prev_attack_time': None, 'prev_target_size': 0.0}
2026-04-03 10:36:42,319 - BEE-EPT-UA913 - DEBUG - Executing command: TELEMETRY, Priority: 2, Body: {'target': 'MSP_ALTITUDE'}
2026-04-03 10:36:42,326 - BEE-EPT-UA913 - DEBUG - Telemetry: b'\xef\xff\xff\xff\x00\x00'
2026-04-03 10:36:42,326 - BEE-EPT-UA913 - INFO - Autopilot state: {'connection': True, 'bee_state': 'OFF', 'roll': 1500, 'pitch': 1500, 'yaw': 1500, 'throttle': 989, 'last_manual_roll': 1500, 'last_manual_pitch': 1500, 'last_manual_yaw': 1500, 'last_manual_throttle': 989, 'aux3': 1000, 'aux4': 1000, 'aux5': 1500, 'aux6': 1000, 'aux7': 1000, 'battery': 23.8, 'rssi': 950, 'rssi_msg': 'Strong signal', 'speed': 0.0, 'altitude': -0.17, 'caught': False, 'ready_hold_active': False, 'ready_hold_pending_capture': False, 'ready_hold_roll': 1500, 'ready_hold_pitch': 1500, 'ready_hold_yaw': 1500, 'ready_hold_throttle': 1100, 'target_locked': False, 'tracking_bbox': None, 'attack_error_x': 0.0, 'attack_error_y': 0.0, 'target_size': 0.0, 'attack_active': False, 'attack_base_roll': 1500, 'attack_base_pitch': 1549, 'attack_base_yaw': 1500, 'attack_base_throttle': 1013, 'prev_attack_error_x': 0.0, 'prev_attack_time': None, 'prev_target_size': 0.0}
2026-04-03 10:36:42,377 - BEE-EPT-UA913 - DEBUG - Executing command: MONITOR, Priority: 2, Body: {'target': 'MSP_ANALOG'}
2026-04-03 10:36:42,387 - BEE-EPT-UA913 - DEBUG - Monitoring: b'\xee\x06\x00\x96\x03\x08\x00G\t'
2026-04-03 10:36:42,387 - BEE-EPT-UA913 - INFO - RSSI: 918, signal: Strong signal, battery voltage: 23.8V
2026-04-03 10:36:44,259 - BEE-EPT-UA913 - DEBUG - Executing command: TELEMETRY, Priority: 1, Body: {'target': 'MSP_RC'}
2026-04-03 10:36:44,268 - BEE-EPT-UA913 - DEBUG - Telemetry: b'\xdc\x05\xdc\x05\xdc\x05\xdd\x03\xe8\x03\xe8\x03\xe8\x03\xe8\x03\xe8\x03\xe8\x03\xe8\x03\xfd\x05\xdc\x05\xdc\x05\xe8\x03\xe8\x03'
2026-04-03 10:36:44,268 - BEE-EPT-UA913 - INFO - Autopilot state: {'connection': True, 'bee_state': 'OFF', 'roll': 1500, 'pitch': 1500, 'yaw': 1500, 'throttle': 989, 'last_manual_roll': 1500, 'last_manual_pitch': 1500, 'last_manual_yaw': 1500, 'last_manual_throttle': 989, 'aux3': 1000, 'aux4': 1000, 'aux5': 1500, 'aux6': 1000, 'aux7': 1000, 'battery': 23.8, 'rssi': 918, 'rssi_msg': 'Strong signal', 'speed': 0.0, 'altitude': -0.17, 'caught': False, 'ready_hold_active': False, 'ready_hold_pending_capture': False, 'ready_hold_roll': 1500, 'ready_hold_pitch': 1500, 'ready_hold_yaw': 1500, 'ready_hold_throttle': 1100, 'target_locked': False, 'tracking_bbox': None, 'attack_error_x': 0.0, 'attack_error_y': 0.0, 'target_size': 0.0, 'attack_active': False, 'attack_base_roll': 1500, 'attack_base_pitch': 1549, 'attack_base_yaw': 1500, 'attack_base_throttle': 1013, 'prev_attack_error_x': 0.0, 'prev_attack_time': None, 'prev_target_size': 0.0}
2026-04-03 10:36:44,318 - BEE-EPT-UA913 - DEBUG - Executing command: TELEMETRY, Priority: 2, Body: {'target': 'MSP_ALTITUDE'}
2026-04-03 10:36:44,326 - BEE-EPT-UA913 - DEBUG - Telemetry: b'\xf8\xff\xff\xff\x00\x00'
2026-04-03 10:36:44,326 - BEE-EPT-UA913 - INFO - Autopilot state: {'connection': True, 'bee_state': 'OFF', 'roll': 1500, 'pitch': 1500, 'yaw': 1500, 'throttle': 989, 'last_manual_roll': 1500, 'last_manual_pitch': 1500, 'last_manual_yaw': 1500, 'last_manual_throttle': 989, 'aux3': 1000, 'aux4': 1000, 'aux5': 1500, 'aux6': 1000, 'aux7': 1000, 'battery': 23.8, 'rssi': 918, 'rssi_msg': 'Strong signal', 'speed': 0.0, 'altitude': -0.08, 'caught': False, 'ready_hold_active': False, 'ready_hold_pending_capture': False, 'ready_hold_roll': 1500, 'ready_hold_pitch': 1500, 'ready_hold_yaw': 1500, 'ready_hold_throttle': 1100, 'target_locked': False, 'tracking_bbox': None, 'attack_error_x': 0.0, 'attack_error_y': 0.0, 'target_size': 0.0, 'attack_active': False, 'attack_base_roll': 1500, 'attack_base_pitch': 1549, 'attack_base_yaw': 1500, 'attack_base_throttle': 1013, 'prev_attack_error_x': 0.0, 'prev_attack_time': None, 'prev_target_size': 0.0}
2026-04-03 10:36:44,376 - BEE-EPT-UA913 - DEBUG - Executing command: MONITOR, Priority: 2, Body: {'target': 'MSP_ANALOG'}
2026-04-03 10:36:44,386 - BEE-EPT-UA913 - DEBUG - Monitoring: b'\xee\x06\x00\x86\x03\x04\x00G\t'
2026-04-03 10:36:44,386 - BEE-EPT-UA913 - INFO - RSSI: 902, signal: Strong signal, battery voltage: 23.8V
2026-04-03 10:36:46,263 - BEE-EPT-UA913 - DEBUG - Executing command: TELEMETRY, Priority: 1, Body: {'target': 'MSP_RC'}
2026-04-03 10:36:46,278 - BEE-EPT-UA913 - DEBUG - Telemetry: b'\xdc\x05\xdc\x05\xdc\x05\xdd\x03\xe8\x03\xe8\x03\xe8\x03\xe8\x03\xe8\x03\xe8\x03\xe8\x03\xfd\x05\xdc\x05\xdc\x05\xe8\x03\xe8\x03'
2026-04-03 10:36:46,279 - BEE-EPT-UA913 - INFO - Autopilot state: {'connection': True, 'bee_state': 'OFF', 'roll': 1500, 'pitch': 1500, 'yaw': 1500, 'throttle': 989, 'last_manual_roll': 1500, 'last_manual_pitch': 1500, 'last_manual_yaw': 1500, 'last_manual_throttle': 989, 'aux3': 1000, 'aux4': 1000, 'aux5': 1500, 'aux6': 1000, 'aux7': 1000, 'battery': 23.8, 'rssi': 902, 'rssi_msg': 'Strong signal', 'speed': 0.0, 'altitude': -0.08, 'caught': False, 'ready_hold_active': False, 'ready_hold_pending_capture': False, 'ready_hold_roll': 1500, 'ready_hold_pitch': 1500, 'ready_hold_yaw': 1500, 'ready_hold_throttle': 1100, 'target_locked': False, 'tracking_bbox': None, 'attack_error_x': 0.0, 'attack_error_y': 0.0, 'target_size': 0.0, 'attack_active': False, 'attack_base_roll': 1500, 'attack_base_pitch': 1549, 'attack_base_yaw': 1500, 'attack_base_throttle': 1013, 'prev_attack_error_x': 0.0, 'prev_attack_time': None, 'prev_target_size': 0.0}
2026-04-03 10:36:46,329 - BEE-EPT-UA913 - DEBUG - Executing command: TELEMETRY, Priority: 2, Body: {'target': 'MSP_ALTITUDE'}
2026-04-03 10:36:46,336 - BEE-EPT-UA913 - DEBUG - Telemetry: b'\x00\x00\x00\x00\x00\x00'
2026-04-03 10:36:46,337 - BEE-EPT-UA913 - INFO - Autopilot state: {'connection': True, 'bee_state': 'OFF', 'roll': 1500, 'pitch': 1500, 'yaw': 1500, 'throttle': 989, 'last_manual_roll': 1500, 'last_manual_pitch': 1500, 'last_manual_yaw': 1500, 'last_manual_throttle': 989, 'aux3': 1000, 'aux4': 1000, 'aux5': 1500, 'aux6': 1000, 'aux7': 1000, 'battery': 23.8, 'rssi': 902, 'rssi_msg': 'Strong signal', 'speed': 0.0, 'altitude': 0.0, 'caught': False, 'ready_hold_active': False, 'ready_hold_pending_capture': False, 'ready_hold_roll': 1500, 'ready_hold_pitch': 1500, 'ready_hold_yaw': 1500, 'ready_hold_throttle': 1100, 'target_locked': False, 'tracking_bbox': None, 'attack_error_x': 0.0, 'attack_error_y': 0.0, 'target_size': 0.0, 'attack_active': False, 'attack_base_roll': 1500, 'attack_base_pitch': 1549, 'attack_base_yaw': 1500, 'attack_base_throttle': 1013, 'prev_attack_error_x': 0.0, 'prev_attack_time': None, 'prev_target_size': 0.0}
2026-04-03 10:36:46,387 - BEE-EPT-UA913 - DEBUG - Executing command: MONITOR, Priority: 2, Body: {'target': 'MSP_ANALOG'}
2026-04-03 10:36:46,397 - BEE-EPT-UA913 - DEBUG - Monitoring: b'\xee\x07\x00\xb4\x03\x04\x00H\t'
2026-04-03 10:36:46,397 - BEE-EPT-UA913 - INFO - RSSI: 948, signal: Strong signal, battery voltage: 23.8V
2026-04-03 10:36:48,267 - BEE-EPT-UA913 - DEBUG - Executing command: TELEMETRY, Priority: 1, Body: {'target': 'MSP_RC'}
2026-04-03 10:36:48,278 - BEE-EPT-UA913 - DEBUG - Telemetry: b'\xdc\x05\xdc\x05\xdc\x05\xdd\x03\xe8\x03\xe8\x03\xe8\x03\xe8\x03\xe8\x03\xe8\x03\xe8\x03\xfd\x05\xdc\x05\xdc\x05\xe8\x03\xe8\x03'
2026-04-03 10:36:48,278 - BEE-EPT-UA913 - INFO - Autopilot state: {'connection': True, 'bee_state': 'OFF', 'roll': 1500, 'pitch': 1500, 'yaw': 1500, 'throttle': 989, 'last_manual_roll': 1500, 'last_manual_pitch': 1500, 'last_manual_yaw': 1500, 'last_manual_throttle': 989, 'aux3': 1000, 'aux4': 1000, 'aux5': 1500, 'aux6': 1000, 'aux7': 1000, 'battery': 23.8, 'rssi': 948, 'rssi_msg': 'Strong signal', 'speed': 0.0, 'altitude': 0.0, 'caught': False, 'ready_hold_active': False, 'ready_hold_pending_capture': False, 'ready_hold_roll': 1500, 'ready_hold_pitch': 1500, 'ready_hold_yaw': 1500, 'ready_hold_throttle': 1100, 'target_locked': False, 'tracking_bbox': None, 'attack_error_x': 0.0, 'attack_error_y': 0.0, 'target_size': 0.0, 'attack_active': False, 'attack_base_roll': 1500, 'attack_base_pitch': 1549, 'attack_base_yaw': 1500, 'attack_base_throttle': 1013, 'prev_attack_error_x': 0.0, 'prev_attack_time': None, 'prev_target_size': 0.0}
2026-04-03 10:36:48,328 - BEE-EPT-UA913 - DEBUG - Executing command: TELEMETRY, Priority: 2, Body: {'target': 'MSP_ALTITUDE'}
2026-04-03 10:36:48,336 - BEE-EPT-UA913 - DEBUG - Telemetry: b'\xf8\xff\xff\xff\x00\x00'
2026-04-03 10:36:48,336 - BEE-EPT-UA913 - INFO - Autopilot state: {'connection': True, 'bee_state': 'OFF', 'roll': 1500, 'pitch': 1500, 'yaw': 1500, 'throttle': 989, 'last_manual_roll': 1500, 'last_manual_pitch': 1500, 'last_manual_yaw': 1500, 'last_manual_throttle': 989, 'aux3': 1000, 'aux4': 1000, 'aux5': 1500, 'aux6': 1000, 'aux7': 1000, 'battery': 23.8, 'rssi': 948, 'rssi_msg': 'Strong signal', 'speed': 0.0, 'altitude': -0.08, 'caught': False, 'ready_hold_active': False, 'ready_hold_pending_capture': False, 'ready_hold_roll': 1500, 'ready_hold_pitch': 1500, 'ready_hold_yaw': 1500, 'ready_hold_throttle': 1100, 'target_locked': False, 'tracking_bbox': None, 'attack_error_x': 0.0, 'attack_error_y': 0.0, 'target_size': 0.0, 'attack_active': False, 'attack_base_roll': 1500, 'attack_base_pitch': 1549, 'attack_base_yaw': 1500, 'attack_base_throttle': 1013, 'prev_attack_error_x': 0.0, 'prev_attack_time': None, 'prev_target_size': 0.0}
2026-04-03 10:36:48,386 - BEE-EPT-UA913 - DEBUG - Executing command: MONITOR, Priority: 2, Body: {'target': 'MSP_ANALOG'}
2026-04-03 10:36:48,396 - BEE-EPT-UA913 - DEBUG - Monitoring: b'\xee\x07\x00\xbc\x03\x00\x00I\t'
2026-04-03 10:36:48,396 - BEE-EPT-UA913 - INFO - RSSI: 956, signal: Strong signal, battery voltage: 23.8V
2026-04-03 10:36:50,271 - BEE-EPT-UA913 - DEBUG - Executing command: TELEMETRY, Priority: 1, Body: {'target': 'MSP_RC'}
2026-04-03 10:36:50,277 - BEE-EPT-UA913 - DEBUG - Telemetry: b'\xdc\x05\xdc\x05\xdc\x05\xdd\x03\xe8\x03\xe8\x03\xe8\x03\xe8\x03\xe8\x03\xe8\x03\xe8\x03\xfd\x05\xdc\x05\xdc\x05\xe8\x03\xe8\x03'
2026-04-03 10:36:50,277 - BEE-EPT-UA913 - INFO - Autopilot state: {'connection': True, 'bee_state': 'OFF', 'roll': 1500, 'pitch': 1500, 'yaw': 1500, 'throttle': 989, 'last_manual_roll': 1500, 'last_manual_pitch': 1500, 'last_manual_yaw': 1500, 'last_manual_throttle': 989, 'aux3': 1000, 'aux4': 1000, 'aux5': 1500, 'aux6': 1000, 'aux7': 1000, 'battery': 23.8, 'rssi': 956, 'rssi_msg': 'Strong signal', 'speed': 0.0, 'altitude': -0.08, 'caught': False, 'ready_hold_active': False, 'ready_hold_pending_capture': False, 'ready_hold_roll': 1500, 'ready_hold_pitch': 1500, 'ready_hold_yaw': 1500, 'ready_hold_throttle': 1100, 'target_locked': False, 'tracking_bbox': None, 'attack_error_x': 0.0, 'attack_error_y': 0.0, 'target_size': 0.0, 'attack_active': False, 'attack_base_roll': 1500, 'attack_base_pitch': 1549, 'attack_base_yaw': 1500, 'attack_base_throttle': 1013, 'prev_attack_error_x': 0.0, 'prev_attack_time': None, 'prev_target_size': 0.0}
2026-04-03 10:36:50,328 - BEE-EPT-UA913 - DEBUG - Executing command: TELEMETRY, Priority: 2, Body: {'target': 'MSP_ALTITUDE'}
2026-04-03 10:36:50,335 - BEE-EPT-UA913 - DEBUG - Telemetry: b'\xf8\xff\xff\xff\x00\x00'
2026-04-03 10:36:50,335 - BEE-EPT-UA913 - INFO - Autopilot state: {'connection': True, 'bee_state': 'OFF', 'roll': 1500, 'pitch': 1500, 'yaw': 1500, 'throttle': 989, 'last_manual_roll': 1500, 'last_manual_pitch': 1500, 'last_manual_yaw': 1500, 'last_manual_throttle': 989, 'aux3': 1000, 'aux4': 1000, 'aux5': 1500, 'aux6': 1000, 'aux7': 1000, 'battery': 23.8, 'rssi': 956, 'rssi_msg': 'Strong signal', 'speed': 0.0, 'altitude': -0.08, 'caught': False, 'ready_hold_active': False, 'ready_hold_pending_capture': False, 'ready_hold_roll': 1500, 'ready_hold_pitch': 1500, 'ready_hold_yaw': 1500, 'ready_hold_throttle': 1100, 'target_locked': False, 'tracking_bbox': None, 'attack_error_x': 0.0, 'attack_error_y': 0.0, 'target_size': 0.0, 'attack_active': False, 'attack_base_roll': 1500, 'attack_base_pitch': 1549, 'attack_base_yaw': 1500, 'attack_base_throttle': 1013, 'prev_attack_error_x': 0.0, 'prev_attack_time': None, 'prev_target_size': 0.0}
2026-04-03 10:36:50,385 - BEE-EPT-UA913 - DEBUG - Executing command: MONITOR, Priority: 2, Body: {'target': 'MSP_ANALOG'}
2026-04-03 10:36:50,395 - BEE-EPT-UA913 - DEBUG - Monitoring: b'\xee\x07\x00\xbf\x03\x00\x00I\t'
2026-04-03 10:36:50,395 - BEE-EPT-UA913 - INFO - RSSI: 959, signal: Strong signal, battery voltage: 23.8V
2026-04-03 10:36:52,275 - BEE-EPT-UA913 - DEBUG - Executing command: TELEMETRY, Priority: 1, Body: {'target': 'MSP_RC'}
2026-04-03 10:36:52,286 - BEE-EPT-UA913 - DEBUG - Telemetry: b'\xdc\x05\xdc\x05\xdc\x05\xdd\x03\xd0\x07\xe8\x03\xe8\x03\xe8\x03\xe8\x03\xe8\x03\xe8\x03\xfd\x05\xdc\x05\xdc\x05\xe8\x03\xe8\x03'
2026-04-03 10:36:52,286 - BEE-EPT-UA913 - INFO - Autopilot state: {'connection': True, 'bee_state': 'OFF', 'roll': 1500, 'pitch': 1500, 'yaw': 1500, 'throttle': 989, 'last_manual_roll': 1500, 'last_manual_pitch': 1500, 'last_manual_yaw': 1500, 'last_manual_throttle': 989, 'aux3': 1000, 'aux4': 1000, 'aux5': 1500, 'aux6': 1000, 'aux7': 1000, 'battery': 23.8, 'rssi': 959, 'rssi_msg': 'Strong signal', 'speed': 0.0, 'altitude': -0.08, 'caught': False, 'ready_hold_active': False, 'ready_hold_pending_capture': False, 'ready_hold_roll': 1500, 'ready_hold_pitch': 1500, 'ready_hold_yaw': 1500, 'ready_hold_throttle': 1100, 'target_locked': False, 'tracking_bbox': None, 'attack_error_x': 0.0, 'attack_error_y': 0.0, 'target_size': 0.0, 'attack_active': False, 'attack_base_roll': 1500, 'attack_base_pitch': 1549, 'attack_base_yaw': 1500, 'attack_base_throttle': 1013, 'prev_attack_error_x': 0.0, 'prev_attack_time': None, 'prev_target_size': 0.0}
2026-04-03 10:36:52,336 - BEE-EPT-UA913 - DEBUG - Executing command: TELEMETRY, Priority: 2, Body: {'target': 'MSP_ALTITUDE'}
2026-04-03 10:36:52,344 - BEE-EPT-UA913 - DEBUG - Telemetry: b'\x07\x00\x00\x00\x04\x00'
2026-04-03 10:36:52,344 - BEE-EPT-UA913 - INFO - Autopilot state: {'connection': True, 'bee_state': 'OFF', 'roll': 1500, 'pitch': 1500, 'yaw': 1500, 'throttle': 989, 'last_manual_roll': 1500, 'last_manual_pitch': 1500, 'last_manual_yaw': 1500, 'last_manual_throttle': 989, 'aux3': 1000, 'aux4': 1000, 'aux5': 1500, 'aux6': 1000, 'aux7': 1000, 'battery': 23.8, 'rssi': 959, 'rssi_msg': 'Strong signal', 'speed': 0.04, 'altitude': 0.07, 'caught': False, 'ready_hold_active': False, 'ready_hold_pending_capture': False, 'ready_hold_roll': 1500, 'ready_hold_pitch': 1500, 'ready_hold_yaw': 1500, 'ready_hold_throttle': 1100, 'target_locked': False, 'tracking_bbox': None, 'attack_error_x': 0.0, 'attack_error_y': 0.0, 'target_size': 0.0, 'attack_active': False, 'attack_base_roll': 1500, 'attack_base_pitch': 1549, 'attack_base_yaw': 1500, 'attack_base_throttle': 1013, 'prev_attack_error_x': 0.0, 'prev_attack_time': None, 'prev_target_size': 0.0}
2026-04-03 10:36:52,394 - BEE-EPT-UA913 - DEBUG - Executing command: MONITOR, Priority: 2, Body: {'target': 'MSP_ANALOG'}
2026-04-03 10:36:52,404 - BEE-EPT-UA913 - DEBUG - Monitoring: b'\xee\x07\x00\xbd\x03\x0c\x00G\t'
2026-04-03 10:36:52,404 - BEE-EPT-UA913 - INFO - RSSI: 957, signal: Strong signal, battery voltage: 23.8V
2026-04-03 10:36:54,279 - BEE-EPT-UA913 - DEBUG - Executing command: TELEMETRY, Priority: 1, Body: {'target': 'MSP_RC'}
2026-04-03 10:36:54,284 - BEE-EPT-UA913 - DEBUG - Telemetry: b'\xdc\x05\xdc\x05\xdc\x05\xdd\x03\xd0\x07\xe8\x03\xe8\x03\xe8\x03\xe8\x03\xe8\x03\xe8\x03\xfd\x05\xdc\x05\xdc\x05\xe8\x03\xe8\x03'
2026-04-03 10:36:54,285 - BEE-EPT-UA913 - INFO - Autopilot state: {'connection': True, 'bee_state': 'OFF', 'roll': 1500, 'pitch': 1500, 'yaw': 1500, 'throttle': 989, 'last_manual_roll': 1500, 'last_manual_pitch': 1500, 'last_manual_yaw': 1500, 'last_manual_throttle': 989, 'aux3': 1000, 'aux4': 1000, 'aux5': 1500, 'aux6': 1000, 'aux7': 1000, 'battery': 23.8, 'rssi': 957, 'rssi_msg': 'Strong signal', 'speed': 0.04, 'altitude': 0.07, 'caught': False, 'ready_hold_active': False, 'ready_hold_pending_capture': False, 'ready_hold_roll': 1500, 'ready_hold_pitch': 1500, 'ready_hold_yaw': 1500, 'ready_hold_throttle': 1100, 'target_locked': False, 'tracking_bbox': None, 'attack_error_x': 0.0, 'attack_error_y': 0.0, 'target_size': 0.0, 'attack_active': False, 'attack_base_roll': 1500, 'attack_base_pitch': 1549, 'attack_base_yaw': 1500, 'attack_base_throttle': 1013, 'prev_attack_error_x': 0.0, 'prev_attack_time': None, 'prev_target_size': 0.0}
2026-04-03 10:36:54,336 - BEE-EPT-UA913 - DEBUG - Executing command: TELEMETRY, Priority: 2, Body: {'target': 'MSP_ALTITUDE'}
2026-04-03 10:36:54,342 - BEE-EPT-UA913 - DEBUG - Telemetry: b'\x08\x00\x00\x00\x00\x00'
2026-04-03 10:36:54,343 - BEE-EPT-UA913 - INFO - Autopilot state: {'connection': True, 'bee_state': 'OFF', 'roll': 1500, 'pitch': 1500, 'yaw': 1500, 'throttle': 989, 'last_manual_roll': 1500, 'last_manual_pitch': 1500, 'last_manual_yaw': 1500, 'last_manual_throttle': 989, 'aux3': 1000, 'aux4': 1000, 'aux5': 1500, 'aux6': 1000, 'aux7': 1000, 'battery': 23.8, 'rssi': 957, 'rssi_msg': 'Strong signal', 'speed': 0.0, 'altitude': 0.08, 'caught': False, 'ready_hold_active': False, 'ready_hold_pending_capture': False, 'ready_hold_roll': 1500, 'ready_hold_pitch': 1500, 'ready_hold_yaw': 1500, 'ready_hold_throttle': 1100, 'target_locked': False, 'tracking_bbox': None, 'attack_error_x': 0.0, 'attack_error_y': 0.0, 'target_size': 0.0, 'attack_active': False, 'attack_base_roll': 1500, 'attack_base_pitch': 1549, 'attack_base_yaw': 1500, 'attack_base_throttle': 1013, 'prev_attack_error_x': 0.0, 'prev_attack_time': None, 'prev_target_size': 0.0}
2026-04-03 10:36:54,393 - BEE-EPT-UA913 - DEBUG - Executing command: MONITOR, Priority: 2, Body: {'target': 'MSP_ANALOG'}
2026-04-03 10:36:54,403 - BEE-EPT-UA913 - DEBUG - Monitoring: b'\xee\x07\x00\xbf\x03\x18\x00G\t'
2026-04-03 10:36:54,403 - BEE-EPT-UA913 - INFO - RSSI: 959, signal: Strong signal, battery voltage: 23.8V
2026-04-03 10:36:56,282 - BEE-EPT-UA913 - DEBUG - Executing command: TELEMETRY, Priority: 1, Body: {'target': 'MSP_RC'}
2026-04-03 10:36:56,293 - BEE-EPT-UA913 - DEBUG - Telemetry: b'\xdc\x05\xdc\x05\xdc\x05\xdd\x03\xd0\x07\xe8\x03\xe8\x03\xde\x05\xe8\x03\xe8\x03\xe8\x03\xfd\x05\xdc\x05\xdc\x05\xe8\x03\xe8\x03'
2026-04-03 10:36:56,293 - BEE-EPT-UA913 - INFO - Bee state changed to [READY]
2026-04-03 10:36:56,294 - BEE-EPT-UA913 - INFO - Autopilot state: {'connection': True, 'bee_state': 'READY', 'roll': 1500, 'pitch': 1500, 'yaw': 1500, 'throttle': 989, 'last_manual_roll': 1500, 'last_manual_pitch': 1500, 'last_manual_yaw': 1500, 'last_manual_throttle': 989, 'aux3': 1000, 'aux4': 1502, 'aux5': 1500, 'aux6': 1000, 'aux7': 1000, 'battery': 23.8, 'rssi': 959, 'rssi_msg': 'Strong signal', 'speed': 0.0, 'altitude': 0.08, 'caught': True, 'ready_hold_active': False, 'ready_hold_pending_capture': False, 'ready_hold_roll': 1500, 'ready_hold_pitch': 1500, 'ready_hold_yaw': 1500, 'ready_hold_throttle': 1100, 'target_locked': False, 'tracking_bbox': None, 'attack_error_x': 0.0, 'attack_error_y': 0.0, 'target_size': 0.0, 'attack_active': False, 'attack_base_roll': 1500, 'attack_base_pitch': 1549, 'attack_base_yaw': 1500, 'attack_base_throttle': 1013, 'prev_attack_error_x': 0.0, 'prev_attack_time': None, 'prev_target_size': 0.0}
2026-04-03 10:36:56,422 - BEE-EPT-UA913 - DEBUG - Executing command: TELEMETRY, Priority: 1, Body: {'target': 'MSP_RC'}
2026-04-03 10:36:56,433 - BEE-EPT-UA913 - DEBUG - Telemetry: b'\xdc\x05\xdc\x05\xdc\x05\xdd\x03\xd0\x07\xe8\x03\xe8\x03\xde\x05\xe8\x03\xe8\x03\xe8\x03\xfd\x05\xdc\x05\xdc\x05\xe8\x03\xe8\x03'
2026-04-03 10:36:56,434 - BEE-EPT-UA913 - INFO - Autopilot state: {'connection': True, 'bee_state': 'READY', 'roll': 1500, 'pitch': 1500, 'yaw': 1500, 'throttle': 989, 'last_manual_roll': 1500, 'last_manual_pitch': 1500, 'last_manual_yaw': 1500, 'last_manual_throttle': 989, 'aux3': 1000, 'aux4': 1502, 'aux5': 1500, 'aux6': 1000, 'aux7': 1000, 'battery': 23.8, 'rssi': 959, 'rssi_msg': 'Strong signal', 'speed': 0.0, 'altitude': 0.08, 'caught': True, 'ready_hold_active': False, 'ready_hold_pending_capture': False, 'ready_hold_roll': 1500, 'ready_hold_pitch': 1500, 'ready_hold_yaw': 1500, 'ready_hold_throttle': 1100, 'target_locked': False, 'tracking_bbox': None, 'attack_error_x': 0.0, 'attack_error_y': 0.0, 'target_size': 0.0, 'attack_active': False, 'attack_base_roll': 1500, 'attack_base_pitch': 1549, 'attack_base_yaw': 1500, 'attack_base_throttle': 1013, 'prev_attack_error_x': 0.0, 'prev_attack_time': None, 'prev_target_size': 0.0}
2026-04-03 10:36:56,484 - BEE-EPT-UA913 - DEBUG - Executing command: TELEMETRY, Priority: 2, Body: {'target': 'MSP_ALTITUDE'}
2026-04-03 10:36:56,491 - BEE-EPT-UA913 - DEBUG - Telemetry: b'\x01\x00\x00\x00\x00\x00'
2026-04-03 10:36:56,492 - BEE-EPT-UA913 - INFO - Autopilot state: {'connection': True, 'bee_state': 'READY', 'roll': 1500, 'pitch': 1500, 'yaw': 1500, 'throttle': 989, 'last_manual_roll': 1500, 'last_manual_pitch': 1500, 'last_manual_yaw': 1500, 'last_manual_throttle': 989, 'aux3': 1000, 'aux4': 1502, 'aux5': 1500, 'aux6': 1000, 'aux7': 1000, 'battery': 23.8, 'rssi': 959, 'rssi_msg': 'Strong signal', 'speed': 0.0, 'altitude': 0.01, 'caught': True, 'ready_hold_active': False, 'ready_hold_pending_capture': False, 'ready_hold_roll': 1500, 'ready_hold_pitch': 1500, 'ready_hold_yaw': 1500, 'ready_hold_throttle': 1100, 'target_locked': False, 'tracking_bbox': None, 'attack_error_x': 0.0, 'attack_error_y': 0.0, 'target_size': 0.0, 'attack_active': False, 'attack_base_roll': 1500, 'attack_base_pitch': 1549, 'attack_base_yaw': 1500, 'attack_base_throttle': 1013, 'prev_attack_error_x': 0.0, 'prev_attack_time': None, 'prev_target_size': 0.0}
2026-04-03 10:36:56,542 - BEE-EPT-UA913 - DEBUG - Executing command: TELEMETRY, Priority: 1, Body: {'target': 'MSP_RC'}
2026-04-03 10:36:56,554 - BEE-EPT-UA913 - DEBUG - Telemetry: b'\xdc\x05\xdc\x05\xdc\x05\xdd\x03\xd0\x07\xe8\x03\xe8\x03\xde\x05\xe8\x03\xe8\x03\xe8\x03\xfd\x05\xdc\x05\xdc\x05\xe8\x03\xe8\x03'
2026-04-03 10:36:56,554 - BEE-EPT-UA913 - INFO - Autopilot state: {'connection': True, 'bee_state': 'READY', 'roll': 1500, 'pitch': 1500, 'yaw': 1500, 'throttle': 989, 'last_manual_roll': 1500, 'last_manual_pitch': 1500, 'last_manual_yaw': 1500, 'last_manual_throttle': 989, 'aux3': 1000, 'aux4': 1502, 'aux5': 1500, 'aux6': 1000, 'aux7': 1000, 'battery': 23.8, 'rssi': 959, 'rssi_msg': 'Strong signal', 'speed': 0.0, 'altitude': 0.01, 'caught': True, 'ready_hold_active': False, 'ready_hold_pending_capture': False, 'ready_hold_roll': 1500, 'ready_hold_pitch': 1500, 'ready_hold_yaw': 1500, 'ready_hold_throttle': 1100, 'target_locked': False, 'tracking_bbox': None, 'attack_error_x': 0.0, 'attack_error_y': 0.0, 'target_size': 0.0, 'attack_active': False, 'attack_base_roll': 1500, 'attack_base_pitch': 1549, 'attack_base_yaw': 1500, 'attack_base_throttle': 1013, 'prev_attack_error_x': 0.0, 'prev_attack_time': None, 'prev_target_size': 0.0}
2026-04-03 10:36:56,604 - BEE-EPT-UA913 - DEBUG - Executing command: MONITOR, Priority: 2, Body: {'target': 'MSP_ANALOG'}
2026-04-03 10:36:56,612 - BEE-EPT-UA913 - DEBUG - Monitoring: b'\xed\x07\x00\xbf\x03\x10\x00F\t'
2026-04-03 10:36:56,612 - BEE-EPT-UA913 - INFO - RSSI: 959, signal: Strong signal, battery voltage: 23.7V
2026-04-03 10:36:56,663 - BEE-EPT-UA913 - DEBUG - Executing command: TELEMETRY, Priority: 1, Body: {'target': 'MSP_RC'}
2026-04-03 10:36:56,674 - BEE-EPT-UA913 - DEBUG - Telemetry: b'\xdc\x05\xdc\x05\xdc\x05\xdd\x03\xd0\x07\xe8\x03\xe8\x03\xde\x05\xe8\x03\xe8\x03\xe8\x03\xfd\x05\xdc\x05\xdc\x05\xe8\x03\xe8\x03'
2026-04-03 10:36:56,675 - BEE-EPT-UA913 - INFO - Autopilot state: {'connection': True, 'bee_state': 'READY', 'roll': 1500, 'pitch': 1500, 'yaw': 1500, 'throttle': 989, 'last_manual_roll': 1500, 'last_manual_pitch': 1500, 'last_manual_yaw': 1500, 'last_manual_throttle': 989, 'aux3': 1000, 'aux4': 1502, 'aux5': 1500, 'aux6': 1000, 'aux7': 1000, 'battery': 23.7, 'rssi': 959, 'rssi_msg': 'Strong signal', 'speed': 0.0, 'altitude': 0.01, 'caught': True, 'ready_hold_active': False, 'ready_hold_pending_capture': False, 'ready_hold_roll': 1500, 'ready_hold_pitch': 1500, 'ready_hold_yaw': 1500, 'ready_hold_throttle': 1100, 'target_locked': False, 'tracking_bbox': None, 'attack_error_x': 0.0, 'attack_error_y': 0.0, 'target_size': 0.0, 'attack_active': False, 'attack_base_roll': 1500, 'attack_base_pitch': 1549, 'attack_base_yaw': 1500, 'attack_base_throttle': 1013, 'prev_attack_error_x': 0.0, 'prev_attack_time': None, 'prev_target_size': 0.0}
2026-04-03 10:36:56,725 - BEE-EPT-UA913 - DEBUG - Executing command: TELEMETRY, Priority: 1, Body: {'target': 'MSP_RC'}
2026-04-03 10:36:56,735 - BEE-EPT-UA913 - DEBUG - Telemetry: b'\xdc\x05\xdc\x05\xdc\x05\xdd\x03\xd0\x07\xe8\x03\xe8\x03\xde\x05\xe8\x03\xe8\x03\xe8\x03\xfd\x05\xdc\x05\xdc\x05\xe8\x03\xe8\x03'
2026-04-03 10:36:56,735 - BEE-EPT-UA913 - INFO - Autopilot state: {'connection': True, 'bee_state': 'READY', 'roll': 1500, 'pitch': 1500, 'yaw': 1500, 'throttle': 989, 'last_manual_roll': 1500, 'last_manual_pitch': 1500, 'last_manual_yaw': 1500, 'last_manual_throttle': 989, 'aux3': 1000, 'aux4': 1502, 'aux5': 1500, 'aux6': 1000, 'aux7': 1000, 'battery': 23.7, 'rssi': 959, 'rssi_msg': 'Strong signal', 'speed': 0.0, 'altitude': 0.01, 'caught': True, 'ready_hold_active': False, 'ready_hold_pending_capture': False, 'ready_hold_roll': 1500, 'ready_hold_pitch': 1500, 'ready_hold_yaw': 1500, 'ready_hold_throttle': 1100, 'target_locked': False, 'tracking_bbox': None, 'attack_error_x': 0.0, 'attack_error_y': 0.0, 'target_size': 0.0, 'attack_active': False, 'attack_base_roll': 1500, 'attack_base_pitch': 1549, 'attack_base_yaw': 1500, 'attack_base_throttle': 1013, 'prev_attack_error_x': 0.0, 'prev_attack_time': None, 'prev_target_size': 0.0}
2026-04-03 10:36:56,823 - BEE-EPT-UA913 - DEBUG - Executing command: TELEMETRY, Priority: 1, Body: {'target': 'MSP_RC'}
2026-04-03 10:36:56,835 - BEE-EPT-UA913 - DEBUG - Telemetry: b'\xdc\x05\xdc\x05\xdc\x05\xdd\x03\xd0\x07\xe8\x03\xe8\x03\xde\x05\xe8\x03\xe8\x03\xe8\x03\xfd\x05\xdc\x05\xdc\x05\xe8\x03\xe8\x03'
2026-04-03 10:36:56,836 - BEE-EPT-UA913 - INFO - Autopilot state: {'connection': True, 'bee_state': 'READY', 'roll': 1500, 'pitch': 1500, 'yaw': 1500, 'throttle': 989, 'last_manual_roll': 1500, 'last_manual_pitch': 1500, 'last_manual_yaw': 1500, 'last_manual_throttle': 989, 'aux3': 1000, 'aux4': 1502, 'aux5': 1500, 'aux6': 1000, 'aux7': 1000, 'battery': 23.7, 'rssi': 959, 'rssi_msg': 'Strong signal', 'speed': 0.0, 'altitude': 0.01, 'caught': True, 'ready_hold_active': False, 'ready_hold_pending_capture': False, 'ready_hold_roll': 1500, 'ready_hold_pitch': 1500, 'ready_hold_yaw': 1500, 'ready_hold_throttle': 1100, 'target_locked': False, 'tracking_bbox': (311, 231, 17, 17), 'attack_error_x': 0.0, 'attack_error_y': 0.0, 'target_size': 0.0, 'attack_active': False, 'attack_base_roll': 1500, 'attack_base_pitch': 1549, 'attack_base_yaw': 1500, 'attack_base_throttle': 1013, 'prev_attack_error_x': 0.0, 'prev_attack_time': None, 'prev_target_size': 0.0}
2026-04-03 10:36:56,923 - BEE-EPT-UA913 - DEBUG - Executing command: TELEMETRY, Priority: 1, Body: {'target': 'MSP_RC'}
2026-04-03 10:36:56,936 - BEE-EPT-UA913 - DEBUG - Telemetry: b'\xdc\x05\xdc\x05\xdc\x05\xdd\x03\xd0\x07\xe8\x03\xe8\x03\xde\x05\xe8\x03\xe8\x03\xe8\x03\xfd\x05\xdc\x05\xdc\x05\xe8\x03\xe8\x03'
2026-04-03 10:36:56,936 - BEE-EPT-UA913 - INFO - Autopilot state: {'connection': True, 'bee_state': 'READY', 'roll': 1500, 'pitch': 1500, 'yaw': 1500, 'throttle': 989, 'last_manual_roll': 1500, 'last_manual_pitch': 1500, 'last_manual_yaw': 1500, 'last_manual_throttle': 989, 'aux3': 1000, 'aux4': 1502, 'aux5': 1500, 'aux6': 1000, 'aux7': 1000, 'battery': 23.7, 'rssi': 959, 'rssi_msg': 'Strong signal', 'speed': 0.0, 'altitude': 0.01, 'caught': True, 'ready_hold_active': False, 'ready_hold_pending_capture': False, 'ready_hold_roll': 1500, 'ready_hold_pitch': 1500, 'ready_hold_yaw': 1500, 'ready_hold_throttle': 1100, 'target_locked': False, 'tracking_bbox': (311, 231, 17, 17), 'attack_error_x': 0.0, 'attack_error_y': 0.0, 'target_size': 0.0, 'attack_active': False, 'attack_base_roll': 1500, 'attack_base_pitch': 1549, 'attack_base_yaw': 1500, 'attack_base_throttle': 1013, 'prev_attack_error_x': 0.0, 'prev_attack_time': None, 'prev_target_size': 0.0}
2026-04-03 10:36:57,023 - BEE-EPT-UA913 - DEBUG - Executing command: TELEMETRY, Priority: 1, Body: {'target': 'MSP_RC'}
2026-04-03 10:36:57,036 - BEE-EPT-UA913 - DEBUG - Telemetry: b'\xdc\x05\xdc\x05\xdc\x05\xdd\x03\xd0\x07\xe8\x03\xe8\x03\xde\x05\xe8\x03\xe8\x03\xe8\x03\xfd\x05\xdc\x05\xdc\x05\xe8\x03\xe8\x03'
2026-04-03 10:36:57,036 - BEE-EPT-UA913 - INFO - Autopilot state: {'connection': True, 'bee_state': 'READY', 'roll': 1500, 'pitch': 1500, 'yaw': 1500, 'throttle': 989, 'last_manual_roll': 1500, 'last_manual_pitch': 1500, 'last_manual_yaw': 1500, 'last_manual_throttle': 989, 'aux3': 1000, 'aux4': 1502, 'aux5': 1500, 'aux6': 1000, 'aux7': 1000, 'battery': 23.7, 'rssi': 959, 'rssi_msg': 'Strong signal', 'speed': 0.0, 'altitude': 0.01, 'caught': True, 'ready_hold_active': False, 'ready_hold_pending_capture': False, 'ready_hold_roll': 1500, 'ready_hold_pitch': 1500, 'ready_hold_yaw': 1500, 'ready_hold_throttle': 1100, 'target_locked': False, 'tracking_bbox': (311, 231, 17, 17), 'attack_error_x': 0.0, 'attack_error_y': 0.0, 'target_size': 0.0, 'attack_active': False, 'attack_base_roll': 1500, 'attack_base_pitch': 1549, 'attack_base_yaw': 1500, 'attack_base_throttle': 1013, 'prev_attack_error_x': 0.0, 'prev_attack_time': None, 'prev_target_size': 0.0}
2026-04-03 10:36:57,123 - BEE-EPT-UA913 - DEBUG - Executing command: TELEMETRY, Priority: 1, Body: {'target': 'MSP_RC'}
2026-04-03 10:36:57,136 - BEE-EPT-UA913 - DEBUG - Telemetry: b'\xdc\x05\xdc\x05\xdc\x05\xdd\x03\xd0\x07\xe8\x03\xe8\x03\xde\x05\xe8\x03\xe8\x03\xe8\x03\xfd\x05\xdc\x05\xdc\x05\xe8\x03\xe8\x03'
2026-04-03 10:36:57,137 - BEE-EPT-UA913 - INFO - Autopilot state: {'connection': True, 'bee_state': 'READY', 'roll': 1500, 'pitch': 1500, 'yaw': 1500, 'throttle': 989, 'last_manual_roll': 1500, 'last_manual_pitch': 1500, 'last_manual_yaw': 1500, 'last_manual_throttle': 989, 'aux3': 1000, 'aux4': 1502, 'aux5': 1500, 'aux6': 1000, 'aux7': 1000, 'battery': 23.7, 'rssi': 959, 'rssi_msg': 'Strong signal', 'speed': 0.0, 'altitude': 0.01, 'caught': True, 'ready_hold_active': False, 'ready_hold_pending_capture': False, 'ready_hold_roll': 1500, 'ready_hold_pitch': 1500, 'ready_hold_yaw': 1500, 'ready_hold_throttle': 1100, 'target_locked': False, 'tracking_bbox': (311, 231, 17, 17), 'attack_error_x': 0.0, 'attack_error_y': 0.0, 'target_size': 0.0, 'attack_active': False, 'attack_base_roll': 1500, 'attack_base_pitch': 1549, 'attack_base_yaw': 1500, 'attack_base_throttle': 1013, 'prev_attack_error_x': 0.0, 'prev_attack_time': None, 'prev_target_size': 0.0}
2026-04-03 10:36:57,223 - BEE-EPT-UA913 - DEBUG - Executing command: TELEMETRY, Priority: 1, Body: {'target': 'MSP_RC'}
2026-04-03 10:36:57,237 - BEE-EPT-UA913 - DEBUG - Telemetry: b'\xdc\x05\xdc\x05\xdc\x05\xdd\x03\xd0\x07\xe8\x03\xe8\x03\xde\x05\xe8\x03\xe8\x03\xe8\x03\xfd\x05\xdc\x05\xdc\x05\xe8\x03\xe8\x03'
2026-04-03 10:36:57,237 - BEE-EPT-UA913 - INFO - Autopilot state: {'connection': True, 'bee_state': 'READY', 'roll': 1500, 'pitch': 1500, 'yaw': 1500, 'throttle': 989, 'last_manual_roll': 1500, 'last_manual_pitch': 1500, 'last_manual_yaw': 1500, 'last_manual_throttle': 989, 'aux3': 1000, 'aux4': 1502, 'aux5': 1500, 'aux6': 1000, 'aux7': 1000, 'battery': 23.7, 'rssi': 959, 'rssi_msg': 'Strong signal', 'speed': 0.0, 'altitude': 0.01, 'caught': True, 'ready_hold_active': False, 'ready_hold_pending_capture': False, 'ready_hold_roll': 1500, 'ready_hold_pitch': 1500, 'ready_hold_yaw': 1500, 'ready_hold_throttle': 1100, 'target_locked': False, 'tracking_bbox': (311, 231, 17, 17), 'attack_error_x': 0.0, 'attack_error_y': 0.0, 'target_size': 0.0, 'attack_active': False, 'attack_base_roll': 1500, 'attack_base_pitch': 1549, 'attack_base_yaw': 1500, 'attack_base_throttle': 1013, 'prev_attack_error_x': 0.0, 'prev_attack_time': None, 'prev_target_size': 0.0}
2026-04-03 10:36:57,324 - BEE-EPT-UA913 - DEBUG - Executing command: TELEMETRY, Priority: 1, Body: {'target': 'MSP_RC'}
2026-04-03 10:36:57,337 - BEE-EPT-UA913 - DEBUG - Telemetry: b'\xdc\x05\xdc\x05\xdc\x05\xdd\x03\xd0\x07\xe8\x03\xe8\x03\xde\x05\xe8\x03\xe8\x03\xe8\x03\xfd\x05\xdc\x05\xdc\x05\xe8\x03\xe8\x03'
2026-04-03 10:36:57,337 - BEE-EPT-UA913 - INFO - Autopilot state: {'connection': True, 'bee_state': 'READY', 'roll': 1500, 'pitch': 1500, 'yaw': 1500, 'throttle': 989, 'last_manual_roll': 1500, 'last_manual_pitch': 1500, 'last_manual_yaw': 1500, 'last_manual_throttle': 989, 'aux3': 1000, 'aux4': 1502, 'aux5': 1500, 'aux6': 1000, 'aux7': 1000, 'battery': 23.7, 'rssi': 959, 'rssi_msg': 'Strong signal', 'speed': 0.0, 'altitude': 0.01, 'caught': True, 'ready_hold_active': False, 'ready_hold_pending_capture': False, 'ready_hold_roll': 1500, 'ready_hold_pitch': 1500, 'ready_hold_yaw': 1500, 'ready_hold_throttle': 1100, 'target_locked': False, 'tracking_bbox': (311, 231, 17, 17), 'attack_error_x': 0.0, 'attack_error_y': 0.0, 'target_size': 0.0, 'attack_active': False, 'attack_base_roll': 1500, 'attack_base_pitch': 1549, 'attack_base_yaw': 1500, 'attack_base_throttle': 1013, 'prev_attack_error_x': 0.0, 'prev_attack_time': None, 'prev_target_size': 0.0}
2026-04-03 10:36:57,424 - BEE-EPT-UA913 - DEBUG - Executing command: TELEMETRY, Priority: 1, Body: {'target': 'MSP_RC'}
2026-04-03 10:36:57,438 - BEE-EPT-UA913 - DEBUG - Telemetry: b'\xdc\x05\xdc\x05\xdc\x05\xdd\x03\xd0\x07\xe8\x03\xe8\x03\xde\x05\xe8\x03\xe8\x03\xe8\x03\xfd\x05\xdc\x05\xdc\x05\xe8\x03\xe8\x03'
2026-04-03 10:36:57,438 - BEE-EPT-UA913 - INFO - Autopilot state: {'connection': True, 'bee_state': 'READY', 'roll': 1500, 'pitch': 1500, 'yaw': 1500, 'throttle': 989, 'last_manual_roll': 1500, 'last_manual_pitch': 1500, 'last_manual_yaw': 1500, 'last_manual_throttle': 989, 'aux3': 1000, 'aux4': 1502, 'aux5': 1500, 'aux6': 1000, 'aux7': 1000, 'battery': 23.7, 'rssi': 959, 'rssi_msg': 'Strong signal', 'speed': 0.0, 'altitude': 0.01, 'caught': True, 'ready_hold_active': False, 'ready_hold_pending_capture': False, 'ready_hold_roll': 1500, 'ready_hold_pitch': 1500, 'ready_hold_yaw': 1500, 'ready_hold_throttle': 1100, 'target_locked': False, 'tracking_bbox': (311, 231, 17, 17), 'attack_error_x': 0.0, 'attack_error_y': 0.0, 'target_size': 0.0, 'attack_active': False, 'attack_base_roll': 1500, 'attack_base_pitch': 1549, 'attack_base_yaw': 1500, 'attack_base_throttle': 1013, 'prev_attack_error_x': 0.0, 'prev_attack_time': None, 'prev_target_size': 0.0}
2026-04-03 10:36:57,489 - BEE-EPT-UA913 - DEBUG - Executing command: TELEMETRY, Priority: 2, Body: {'target': 'MSP_ALTITUDE'}
2026-04-03 10:36:57,496 - BEE-EPT-UA913 - DEBUG - Telemetry: b'\x04\x00\x00\x00\x00\x00'
2026-04-03 10:36:57,496 - BEE-EPT-UA913 - INFO - Autopilot state: {'connection': True, 'bee_state': 'READY', 'roll': 1500, 'pitch': 1500, 'yaw': 1500, 'throttle': 989, 'last_manual_roll': 1500, 'last_manual_pitch': 1500, 'last_manual_yaw': 1500, 'last_manual_throttle': 989, 'aux3': 1000, 'aux4': 1502, 'aux5': 1500, 'aux6': 1000, 'aux7': 1000, 'battery': 23.7, 'rssi': 959, 'rssi_msg': 'Strong signal', 'speed': 0.0, 'altitude': 0.04, 'caught': True, 'ready_hold_active': False, 'ready_hold_pending_capture': False, 'ready_hold_roll': 1500, 'ready_hold_pitch': 1500, 'ready_hold_yaw': 1500, 'ready_hold_throttle': 1100, 'target_locked': False, 'tracking_bbox': (311, 231, 17, 17), 'attack_error_x': 0.0, 'attack_error_y': 0.0, 'target_size': 0.0, 'attack_active': False, 'attack_base_roll': 1500, 'attack_base_pitch': 1549, 'attack_base_yaw': 1500, 'attack_base_throttle': 1013, 'prev_attack_error_x': 0.0, 'prev_attack_time': None, 'prev_target_size': 0.0}
2026-04-03 10:36:57,547 - BEE-EPT-UA913 - DEBUG - Executing command: TELEMETRY, Priority: 1, Body: {'target': 'MSP_RC'}
2026-04-03 10:36:57,559 - BEE-EPT-UA913 - DEBUG - Telemetry: b'\xdc\x05\xdc\x05\xdc\x05\xdd\x03\xd0\x07\xe8\x03\xe8\x03\xde\x05\xe8\x03\xe8\x03\xe8\x03\xfd\x05\xdc\x05\xdc\x05\xe8\x03\xe8\x03'
2026-04-03 10:36:57,559 - BEE-EPT-UA913 - INFO - Autopilot state: {'connection': True, 'bee_state': 'READY', 'roll': 1500, 'pitch': 1500, 'yaw': 1500, 'throttle': 989, 'last_manual_roll': 1500, 'last_manual_pitch': 1500, 'last_manual_yaw': 1500, 'last_manual_throttle': 989, 'aux3': 1000, 'aux4': 1502, 'aux5': 1500, 'aux6': 1000, 'aux7': 1000, 'battery': 23.7, 'rssi': 959, 'rssi_msg': 'Strong signal', 'speed': 0.0, 'altitude': 0.04, 'caught': True, 'ready_hold_active': False, 'ready_hold_pending_capture': False, 'ready_hold_roll': 1500, 'ready_hold_pitch': 1500, 'ready_hold_yaw': 1500, 'ready_hold_throttle': 1100, 'target_locked': False, 'tracking_bbox': (311, 231, 17, 17), 'attack_error_x': 0.0, 'attack_error_y': 0.0, 'target_size': 0.0, 'attack_active': False, 'attack_base_roll': 1500, 'attack_base_pitch': 1549, 'attack_base_yaw': 1500, 'attack_base_throttle': 1013, 'prev_attack_error_x': 0.0, 'prev_attack_time': None, 'prev_target_size': 0.0}
2026-04-03 10:36:57,609 - BEE-EPT-UA913 - DEBUG - Executing command: MONITOR, Priority: 2, Body: {'target': 'MSP_ANALOG'}
2026-04-03 10:36:57,617 - BEE-EPT-UA913 - DEBUG - Monitoring: b'\xed\x07\x00\xbf\x03\x14\x00F\t'
2026-04-03 10:36:57,617 - BEE-EPT-UA913 - INFO - RSSI: 959, signal: Strong signal, battery voltage: 23.7V
2026-04-03 10:36:57,667 - BEE-EPT-UA913 - DEBUG - Executing command: TELEMETRY, Priority: 1, Body: {'target': 'MSP_RC'}
2026-04-03 10:36:57,679 - BEE-EPT-UA913 - DEBUG - Telemetry: b'\xdc\x05\xdc\x05\xdc\x05\xdd\x03\xd0\x07\xe8\x03\xe8\x03\xde\x05\xe8\x03\xe8\x03\xe8\x03\xfd\x05\xdc\x05\xdc\x05\xe8\x03\xe8\x03'
2026-04-03 10:36:57,679 - BEE-EPT-UA913 - INFO - Autopilot state: {'connection': True, 'bee_state': 'READY', 'roll': 1500, 'pitch': 1500, 'yaw': 1500, 'throttle': 989, 'last_manual_roll': 1500, 'last_manual_pitch': 1500, 'last_manual_yaw': 1500, 'last_manual_throttle': 989, 'aux3': 1000, 'aux4': 1502, 'aux5': 1500, 'aux6': 1000, 'aux7': 1000, 'battery': 23.7, 'rssi': 959, 'rssi_msg': 'Strong signal', 'speed': 0.0, 'altitude': 0.04, 'caught': True, 'ready_hold_active': False, 'ready_hold_pending_capture': False, 'ready_hold_roll': 1500, 'ready_hold_pitch': 1500, 'ready_hold_yaw': 1500, 'ready_hold_throttle': 1100, 'target_locked': False, 'tracking_bbox': (311, 231, 17, 17), 'attack_error_x': 0.0, 'attack_error_y': 0.0, 'target_size': 0.0, 'attack_active': False, 'attack_base_roll': 1500, 'attack_base_pitch': 1549, 'attack_base_yaw': 1500, 'attack_base_throttle': 1013, 'prev_attack_error_x': 0.0, 'prev_attack_time': None, 'prev_target_size': 0.0}
2026-04-03 10:36:57,730 - BEE-EPT-UA913 - DEBUG - Executing command: TELEMETRY, Priority: 1, Body: {'target': 'MSP_RC'}
2026-04-03 10:36:57,739 - BEE-EPT-UA913 - DEBUG - Telemetry: b'\xdc\x05\xdc\x05\xdc\x05\xdd\x03\xd0\x07\xe8\x03\xe8\x03\xde\x05\xe8\x03\xe8\x03\xe8\x03\xfd\x05\xdc\x05\xdc\x05\xe8\x03\xe8\x03'
2026-04-03 10:36:57,740 - BEE-EPT-UA913 - INFO - Autopilot state: {'connection': True, 'bee_state': 'READY', 'roll': 1500, 'pitch': 1500, 'yaw': 1500, 'throttle': 989, 'last_manual_roll': 1500, 'last_manual_pitch': 1500, 'last_manual_yaw': 1500, 'last_manual_throttle': 989, 'aux3': 1000, 'aux4': 1502, 'aux5': 1500, 'aux6': 1000, 'aux7': 1000, 'battery': 23.7, 'rssi': 959, 'rssi_msg': 'Strong signal', 'speed': 0.0, 'altitude': 0.04, 'caught': True, 'ready_hold_active': False, 'ready_hold_pending_capture': False, 'ready_hold_roll': 1500, 'ready_hold_pitch': 1500, 'ready_hold_yaw': 1500, 'ready_hold_throttle': 1100, 'target_locked': False, 'tracking_bbox': (311, 231, 17, 17), 'attack_error_x': 0.0, 'attack_error_y': 0.0, 'target_size': 0.0, 'attack_active': False, 'attack_base_roll': 1500, 'attack_base_pitch': 1549, 'attack_base_yaw': 1500, 'attack_base_throttle': 1013, 'prev_attack_error_x': 0.0, 'prev_attack_time': None, 'prev_target_size': 0.0}
2026-04-03 10:36:57,825 - BEE-EPT-UA913 - DEBUG - Executing command: TELEMETRY, Priority: 1, Body: {'target': 'MSP_RC'}
2026-04-03 10:36:57,829 - BEE-EPT-UA913 - DEBUG - Telemetry: b'\xdc\x05\xdc\x05\xdc\x05\xdd\x03\xd0\x07\xe8\x03\xe8\x03\xde\x05\xe8\x03\xe8\x03\xe8\x03\xfd\x05\xdc\x05\xdc\x05\xe8\x03\xe8\x03'
2026-04-03 10:36:57,830 - BEE-EPT-UA913 - INFO - Autopilot state: {'connection': True, 'bee_state': 'READY', 'roll': 1500, 'pitch': 1500, 'yaw': 1500, 'throttle': 989, 'last_manual_roll': 1500, 'last_manual_pitch': 1500, 'last_manual_yaw': 1500, 'last_manual_throttle': 989, 'aux3': 1000, 'aux4': 1502, 'aux5': 1500, 'aux6': 1000, 'aux7': 1000, 'battery': 23.7, 'rssi': 959, 'rssi_msg': 'Strong signal', 'speed': 0.0, 'altitude': 0.04, 'caught': True, 'ready_hold_active': False, 'ready_hold_pending_capture': False, 'ready_hold_roll': 1500, 'ready_hold_pitch': 1500, 'ready_hold_yaw': 1500, 'ready_hold_throttle': 1100, 'target_locked': False, 'tracking_bbox': (311, 231, 17, 17), 'attack_error_x': 0.0, 'attack_error_y': 0.0, 'target_size': 0.0, 'attack_active': False, 'attack_base_roll': 1500, 'attack_base_pitch': 1549, 'attack_base_yaw': 1500, 'attack_base_throttle': 1013, 'prev_attack_error_x': 0.0, 'prev_attack_time': None, 'prev_target_size': 0.0}
2026-04-03 10:36:57,925 - BEE-EPT-UA913 - DEBUG - Executing command: TELEMETRY, Priority: 1, Body: {'target': 'MSP_RC'}
2026-04-03 10:36:57,930 - BEE-EPT-UA913 - DEBUG - Telemetry: b'\xdc\x05\xdc\x05\xdc\x05\xdd\x03\xd0\x07\xe8\x03\xe8\x03\xde\x05\xe8\x03\xe8\x03\xe8\x03\xfd\x05\xdc\x05\xdc\x05\xe8\x03\xe8\x03'
2026-04-03 10:36:57,930 - BEE-EPT-UA913 - INFO - Autopilot state: {'connection': True, 'bee_state': 'READY', 'roll': 1500, 'pitch': 1500, 'yaw': 1500, 'throttle': 989, 'last_manual_roll': 1500, 'last_manual_pitch': 1500, 'last_manual_yaw': 1500, 'last_manual_throttle': 989, 'aux3': 1000, 'aux4': 1502, 'aux5': 1500, 'aux6': 1000, 'aux7': 1000, 'battery': 23.7, 'rssi': 959, 'rssi_msg': 'Strong signal', 'speed': 0.0, 'altitude': 0.04, 'caught': True, 'ready_hold_active': False, 'ready_hold_pending_capture': False, 'ready_hold_roll': 1500, 'ready_hold_pitch': 1500, 'ready_hold_yaw': 1500, 'ready_hold_throttle': 1100, 'target_locked': False, 'tracking_bbox': (311, 231, 17, 17), 'attack_error_x': 0.0, 'attack_error_y': 0.0, 'target_size': 0.0, 'attack_active': False, 'attack_base_roll': 1500, 'attack_base_pitch': 1549, 'attack_base_yaw': 1500, 'attack_base_throttle': 1013, 'prev_attack_error_x': 0.0, 'prev_attack_time': None, 'prev_target_size': 0.0}
2026-04-03 10:36:58,025 - BEE-EPT-UA913 - DEBUG - Executing command: TELEMETRY, Priority: 1, Body: {'target': 'MSP_RC'}
2026-04-03 10:36:58,031 - BEE-EPT-UA913 - DEBUG - Telemetry: b'\xdc\x05\xdc\x05\xdc\x05\xdd\x03\xd0\x07\xe8\x03\xe8\x03\xde\x05\xe8\x03\xe8\x03\xe8\x03\xfd\x05\xdc\x05\xdc\x05\xe8\x03\xe8\x03'
2026-04-03 10:36:58,031 - BEE-EPT-UA913 - INFO - Autopilot state: {'connection': True, 'bee_state': 'READY', 'roll': 1500, 'pitch': 1500, 'yaw': 1500, 'throttle': 989, 'last_manual_roll': 1500, 'last_manual_pitch': 1500, 'last_manual_yaw': 1500, 'last_manual_throttle': 989, 'aux3': 1000, 'aux4': 1502, 'aux5': 1500, 'aux6': 1000, 'aux7': 1000, 'battery': 23.7, 'rssi': 959, 'rssi_msg': 'Strong signal', 'speed': 0.0, 'altitude': 0.04, 'caught': True, 'ready_hold_active': False, 'ready_hold_pending_capture': False, 'ready_hold_roll': 1500, 'ready_hold_pitch': 1500, 'ready_hold_yaw': 1500, 'ready_hold_throttle': 1100, 'target_locked': False, 'tracking_bbox': (311, 231, 17, 17), 'attack_error_x': 0.0, 'attack_error_y': 0.0, 'target_size': 0.0, 'attack_active': False, 'attack_base_roll': 1500, 'attack_base_pitch': 1549, 'attack_base_yaw': 1500, 'attack_base_throttle': 1013, 'prev_attack_error_x': 0.0, 'prev_attack_time': None, 'prev_target_size': 0.0}
2026-04-03 10:36:58,125 - BEE-EPT-UA913 - DEBUG - Executing command: TELEMETRY, Priority: 1, Body: {'target': 'MSP_RC'}
2026-04-03 10:36:58,131 - BEE-EPT-UA913 - DEBUG - Telemetry: b'\xdc\x05\xdc\x05\xdc\x05\xdd\x03\xd0\x07\xe8\x03\xe8\x03\xde\x05\xe8\x03\xe8\x03\xe8\x03\xfd\x05\xdc\x05\xdc\x05\xe8\x03\xe8\x03'
2026-04-03 10:36:58,131 - BEE-EPT-UA913 - INFO - Autopilot state: {'connection': True, 'bee_state': 'READY', 'roll': 1500, 'pitch': 1500, 'yaw': 1500, 'throttle': 989, 'last_manual_roll': 1500, 'last_manual_pitch': 1500, 'last_manual_yaw': 1500, 'last_manual_throttle': 989, 'aux3': 1000, 'aux4': 1502, 'aux5': 1500, 'aux6': 1000, 'aux7': 1000, 'battery': 23.7, 'rssi': 959, 'rssi_msg': 'Strong signal', 'speed': 0.0, 'altitude': 0.04, 'caught': True, 'ready_hold_active': False, 'ready_hold_pending_capture': False, 'ready_hold_roll': 1500, 'ready_hold_pitch': 1500, 'ready_hold_yaw': 1500, 'ready_hold_throttle': 1100, 'target_locked': False, 'tracking_bbox': (311, 231, 17, 17), 'attack_error_x': 0.0, 'attack_error_y': 0.0, 'target_size': 0.0, 'attack_active': False, 'attack_base_roll': 1500, 'attack_base_pitch': 1549, 'attack_base_yaw': 1500, 'attack_base_throttle': 1013, 'prev_attack_error_x': 0.0, 'prev_attack_time': None, 'prev_target_size': 0.0}
2026-04-03 10:36:58,226 - BEE-EPT-UA913 - DEBUG - Executing command: TELEMETRY, Priority: 1, Body: {'target': 'MSP_RC'}
2026-04-03 10:36:58,231 - BEE-EPT-UA913 - DEBUG - Telemetry: b'\xdc\x05\xdc\x05\xdc\x05\xdd\x03\xd0\x07\xe8\x03\xe8\x03\xde\x05\xe8\x03\xe8\x03\xe8\x03\xfd\x05\xdc\x05\xdc\x05\xe8\x03\xe8\x03'
2026-04-03 10:36:58,232 - BEE-EPT-UA913 - INFO - Autopilot state: {'connection': True, 'bee_state': 'READY', 'roll': 1500, 'pitch': 1500, 'yaw': 1500, 'throttle': 989, 'last_manual_roll': 1500, 'last_manual_pitch': 1500, 'last_manual_yaw': 1500, 'last_manual_throttle': 989, 'aux3': 1000, 'aux4': 1502, 'aux5': 1500, 'aux6': 1000, 'aux7': 1000, 'battery': 23.7, 'rssi': 959, 'rssi_msg': 'Strong signal', 'speed': 0.0, 'altitude': 0.04, 'caught': True, 'ready_hold_active': False, 'ready_hold_pending_capture': False, 'ready_hold_roll': 1500, 'ready_hold_pitch': 1500, 'ready_hold_yaw': 1500, 'ready_hold_throttle': 1100, 'target_locked': False, 'tracking_bbox': (311, 231, 17, 17), 'attack_error_x': 0.0, 'attack_error_y': 0.0, 'target_size': 0.0, 'attack_active': False, 'attack_base_roll': 1500, 'attack_base_pitch': 1549, 'attack_base_yaw': 1500, 'attack_base_throttle': 1013, 'prev_attack_error_x': 0.0, 'prev_attack_time': None, 'prev_target_size': 0.0}
2026-04-03 10:36:58,326 - BEE-EPT-UA913 - DEBUG - Executing command: TELEMETRY, Priority: 1, Body: {'target': 'MSP_RC'}
2026-04-03 10:36:58,332 - BEE-EPT-UA913 - DEBUG - Telemetry: b'\xdc\x05\xdc\x05\xdc\x05\xdd\x03\xd0\x07\xe8\x03\xe8\x03\xde\x05\xe8\x03\xe8\x03\xe8\x03\xfd\x05\xdc\x05\xdc\x05\xe8\x03\xe8\x03'
2026-04-03 10:36:58,332 - BEE-EPT-UA913 - INFO - Autopilot state: {'connection': True, 'bee_state': 'READY', 'roll': 1500, 'pitch': 1500, 'yaw': 1500, 'throttle': 989, 'last_manual_roll': 1500, 'last_manual_pitch': 1500, 'last_manual_yaw': 1500, 'last_manual_throttle': 989, 'aux3': 1000, 'aux4': 1502, 'aux5': 1500, 'aux6': 1000, 'aux7': 1000, 'battery': 23.7, 'rssi': 959, 'rssi_msg': 'Strong signal', 'speed': 0.0, 'altitude': 0.04, 'caught': True, 'ready_hold_active': False, 'ready_hold_pending_capture': False, 'ready_hold_roll': 1500, 'ready_hold_pitch': 1500, 'ready_hold_yaw': 1500, 'ready_hold_throttle': 1100, 'target_locked': False, 'tracking_bbox': (311, 231, 17, 17), 'attack_error_x': 0.0, 'attack_error_y': 0.0, 'target_size': 0.0, 'attack_active': False, 'attack_base_roll': 1500, 'attack_base_pitch': 1549, 'attack_base_yaw': 1500, 'attack_base_throttle': 1013, 'prev_attack_error_x': 0.0, 'prev_attack_time': None, 'prev_target_size': 0.0}
2026-04-03 10:36:58,426 - BEE-EPT-UA913 - DEBUG - Executing command: TELEMETRY, Priority: 1, Body: {'target': 'MSP_RC'}
2026-04-03 10:36:58,432 - BEE-EPT-UA913 - DEBUG - Telemetry: b'\xdc\x05\xdc\x05\xdc\x05\xdd\x03\xd0\x07\xe8\x03\xe8\x03\xde\x05\xe8\x03\xe8\x03\xe8\x03\xfd\x05\xdc\x05\xdc\x05\xe8\x03\xe8\x03'
2026-04-03 10:36:58,432 - BEE-EPT-UA913 - INFO - Autopilot state: {'connection': True, 'bee_state': 'READY', 'roll': 1500, 'pitch': 1500, 'yaw': 1500, 'throttle': 989, 'last_manual_roll': 1500, 'last_manual_pitch': 1500, 'last_manual_yaw': 1500, 'last_manual_throttle': 989, 'aux3': 1000, 'aux4': 1502, 'aux5': 1500, 'aux6': 1000, 'aux7': 1000, 'battery': 23.7, 'rssi': 959, 'rssi_msg': 'Strong signal', 'speed': 0.0, 'altitude': 0.04, 'caught': True, 'ready_hold_active': False, 'ready_hold_pending_capture': False, 'ready_hold_roll': 1500, 'ready_hold_pitch': 1500, 'ready_hold_yaw': 1500, 'ready_hold_throttle': 1100, 'target_locked': False, 'tracking_bbox': (311, 231, 17, 17), 'attack_error_x': 0.0, 'attack_error_y': 0.0, 'target_size': 0.0, 'attack_active': False, 'attack_base_roll': 1500, 'attack_base_pitch': 1549, 'attack_base_yaw': 1500, 'attack_base_throttle': 1013, 'prev_attack_error_x': 0.0, 'prev_attack_time': None, 'prev_target_size': 0.0}
2026-04-03 10:36:58,483 - BEE-EPT-UA913 - DEBUG - Executing command: TELEMETRY, Priority: 2, Body: {'target': 'MSP_ALTITUDE'}
2026-04-03 10:36:58,490 - BEE-EPT-UA913 - DEBUG - Telemetry: b'\x08\x00\x00\x00\x00\x00'
2026-04-03 10:36:58,491 - BEE-EPT-UA913 - INFO - Autopilot state: {'connection': True, 'bee_state': 'READY', 'roll': 1500, 'pitch': 1500, 'yaw': 1500, 'throttle': 989, 'last_manual_roll': 1500, 'last_manual_pitch': 1500, 'last_manual_yaw': 1500, 'last_manual_throttle': 989, 'aux3': 1000, 'aux4': 1502, 'aux5': 1500, 'aux6': 1000, 'aux7': 1000, 'battery': 23.7, 'rssi': 959, 'rssi_msg': 'Strong signal', 'speed': 0.0, 'altitude': 0.08, 'caught': True, 'ready_hold_active': False, 'ready_hold_pending_capture': False, 'ready_hold_roll': 1500, 'ready_hold_pitch': 1500, 'ready_hold_yaw': 1500, 'ready_hold_throttle': 1100, 'target_locked': False, 'tracking_bbox': (311, 231, 17, 17), 'attack_error_x': 0.0, 'attack_error_y': 0.0, 'target_size': 0.0, 'attack_active': False, 'attack_base_roll': 1500, 'attack_base_pitch': 1549, 'attack_base_yaw': 1500, 'attack_base_throttle': 1013, 'prev_attack_error_x': 0.0, 'prev_attack_time': None, 'prev_target_size': 0.0}
2026-04-03 10:36:58,541 - BEE-EPT-UA913 - DEBUG - Executing command: TELEMETRY, Priority: 1, Body: {'target': 'MSP_RC'}
2026-04-03 10:36:58,553 - BEE-EPT-UA913 - DEBUG - Telemetry: b'\xdc\x05\xdc\x05\xdc\x05\xdd\x03\xd0\x07\xe8\x03\xe8\x03\xde\x05\xe8\x03\xe8\x03\xe8\x03\xfd\x05\xdc\x05\xdc\x05\xe8\x03\xe8\x03'
2026-04-03 10:36:58,553 - BEE-EPT-UA913 - INFO - Autopilot state: {'connection': True, 'bee_state': 'READY', 'roll': 1500, 'pitch': 1500, 'yaw': 1500, 'throttle': 989, 'last_manual_roll': 1500, 'last_manual_pitch': 1500, 'last_manual_yaw': 1500, 'last_manual_throttle': 989, 'aux3': 1000, 'aux4': 1502, 'aux5': 1500, 'aux6': 1000, 'aux7': 1000, 'battery': 23.7, 'rssi': 959, 'rssi_msg': 'Strong signal', 'speed': 0.0, 'altitude': 0.08, 'caught': True, 'ready_hold_active': False, 'ready_hold_pending_capture': False, 'ready_hold_roll': 1500, 'ready_hold_pitch': 1500, 'ready_hold_yaw': 1500, 'ready_hold_throttle': 1100, 'target_locked': False, 'tracking_bbox': (311, 231, 17, 17), 'attack_error_x': 0.0, 'attack_error_y': 0.0, 'target_size': 0.0, 'attack_active': False, 'attack_base_roll': 1500, 'attack_base_pitch': 1549, 'attack_base_yaw': 1500, 'attack_base_throttle': 1013, 'prev_attack_error_x': 0.0, 'prev_attack_time': None, 'prev_target_size': 0.0}
2026-04-03 10:36:58,603 - BEE-EPT-UA913 - DEBUG - Executing command: MONITOR, Priority: 2, Body: {'target': 'MSP_ANALOG'}
2026-04-03 10:36:58,611 - BEE-EPT-UA913 - DEBUG - Monitoring: b'\xed\x07\x00\xb0\x03\x0c\x00F\t'
2026-04-03 10:36:58,611 - BEE-EPT-UA913 - INFO - RSSI: 944, signal: Strong signal, battery voltage: 23.7V
2026-04-03 10:36:58,662 - BEE-EPT-UA913 - DEBUG - Executing command: TELEMETRY, Priority: 1, Body: {'target': 'MSP_RC'}
2026-04-03 10:36:58,673 - BEE-EPT-UA913 - DEBUG - Telemetry: b'\xdc\x05\xdc\x05\xdc\x05\xdd\x03\xd0\x07\xe8\x03\xe8\x03\xde\x05\xe8\x03\xe8\x03\xe8\x03\xfd\x05\xdc\x05\xdc\x05\xe8\x03\xe8\x03'
2026-04-03 10:36:58,674 - BEE-EPT-UA913 - INFO - Autopilot state: {'connection': True, 'bee_state': 'READY', 'roll': 1500, 'pitch': 1500, 'yaw': 1500, 'throttle': 989, 'last_manual_roll': 1500, 'last_manual_pitch': 1500, 'last_manual_yaw': 1500, 'last_manual_throttle': 989, 'aux3': 1000, 'aux4': 1502, 'aux5': 1500, 'aux6': 1000, 'aux7': 1000, 'battery': 23.7, 'rssi': 944, 'rssi_msg': 'Strong signal', 'speed': 0.0, 'altitude': 0.08, 'caught': True, 'ready_hold_active': False, 'ready_hold_pending_capture': False, 'ready_hold_roll': 1500, 'ready_hold_pitch': 1500, 'ready_hold_yaw': 1500, 'ready_hold_throttle': 1100, 'target_locked': False, 'tracking_bbox': (311, 231, 17, 17), 'attack_error_x': 0.0, 'attack_error_y': 0.0, 'target_size': 0.0, 'attack_active': False, 'attack_base_roll': 1500, 'attack_base_pitch': 1549, 'attack_base_yaw': 1500, 'attack_base_throttle': 1013, 'prev_attack_error_x': 0.0, 'prev_attack_time': None, 'prev_target_size': 0.0}
2026-04-03 10:36:58,727 - BEE-EPT-UA913 - DEBUG - Executing command: TELEMETRY, Priority: 1, Body: {'target': 'MSP_RC'}
2026-04-03 10:36:58,734 - BEE-EPT-UA913 - DEBUG - Telemetry: b'\xdc\x05\xdc\x05\xdc\x05\xdd\x03\xd0\x07\xe8\x03\xe8\x03\xde\x05\xe8\x03\xe8\x03\xe8\x03\xfd\x05\xdc\x05\xdc\x05\xe8\x03\xe8\x03'
2026-04-03 10:36:58,734 - BEE-EPT-UA913 - INFO - Autopilot state: {'connection': True, 'bee_state': 'READY', 'roll': 1500, 'pitch': 1500, 'yaw': 1500, 'throttle': 989, 'last_manual_roll': 1500, 'last_manual_pitch': 1500, 'last_manual_yaw': 1500, 'last_manual_throttle': 989, 'aux3': 1000, 'aux4': 1502, 'aux5': 1500, 'aux6': 1000, 'aux7': 1000, 'battery': 23.7, 'rssi': 944, 'rssi_msg': 'Strong signal', 'speed': 0.0, 'altitude': 0.08, 'caught': True, 'ready_hold_active': False, 'ready_hold_pending_capture': False, 'ready_hold_roll': 1500, 'ready_hold_pitch': 1500, 'ready_hold_yaw': 1500, 'ready_hold_throttle': 1100, 'target_locked': False, 'tracking_bbox': (311, 231, 17, 17), 'attack_error_x': 0.0, 'attack_error_y': 0.0, 'target_size': 0.0, 'attack_active': False, 'attack_base_roll': 1500, 'attack_base_pitch': 1549, 'attack_base_yaw': 1500, 'attack_base_throttle': 1013, 'prev_attack_error_x': 0.0, 'prev_attack_time': None, 'prev_target_size': 0.0}
2026-04-03 10:36:58,827 - BEE-EPT-UA913 - DEBUG - Executing command: TELEMETRY, Priority: 1, Body: {'target': 'MSP_RC'}
2026-04-03 10:36:58,834 - BEE-EPT-UA913 - DEBUG - Telemetry: b'\xdc\x05\xdc\x05\xdc\x05\xdd\x03\xd0\x07\xe8\x03\xe8\x03\xde\x05\xe8\x03\xe8\x03\xe8\x03\xfd\x05\xdc\x05\xdc\x05\xe8\x03\xe8\x03'
2026-04-03 10:36:58,834 - BEE-EPT-UA913 - INFO - Autopilot state: {'connection': True, 'bee_state': 'READY', 'roll': 1500, 'pitch': 1500, 'yaw': 1500, 'throttle': 989, 'last_manual_roll': 1500, 'last_manual_pitch': 1500, 'last_manual_yaw': 1500, 'last_manual_throttle': 989, 'aux3': 1000, 'aux4': 1502, 'aux5': 1500, 'aux6': 1000, 'aux7': 1000, 'battery': 23.7, 'rssi': 944, 'rssi_msg': 'Strong signal', 'speed': 0.0, 'altitude': 0.08, 'caught': True, 'ready_hold_active': False, 'ready_hold_pending_capture': False, 'ready_hold_roll': 1500, 'ready_hold_pitch': 1500, 'ready_hold_yaw': 1500, 'ready_hold_throttle': 1100, 'target_locked': False, 'tracking_bbox': (311, 231, 17, 17), 'attack_error_x': 0.0, 'attack_error_y': 0.0, 'target_size': 0.0, 'attack_active': False, 'attack_base_roll': 1500, 'attack_base_pitch': 1549, 'attack_base_yaw': 1500, 'attack_base_throttle': 1013, 'prev_attack_error_x': 0.0, 'prev_attack_time': None, 'prev_target_size': 0.0}
2026-04-03 10:36:58,927 - BEE-EPT-UA913 - DEBUG - Executing command: TELEMETRY, Priority: 1, Body: {'target': 'MSP_RC'}
2026-04-03 10:36:58,935 - BEE-EPT-UA913 - DEBUG - Telemetry: b'\xdc\x05\xdc\x05\xdc\x05\xdd\x03\xd0\x07\xe8\x03\xe8\x03\xde\x05\xe8\x03\xe8\x03\xe8\x03\xfd\x05\xdc\x05\xdc\x05\xe8\x03\xe8\x03'
2026-04-03 10:36:58,936 - BEE-EPT-UA913 - INFO - Autopilot state: {'connection': True, 'bee_state': 'READY', 'roll': 1500, 'pitch': 1500, 'yaw': 1500, 'throttle': 989, 'last_manual_roll': 1500, 'last_manual_pitch': 1500, 'last_manual_yaw': 1500, 'last_manual_throttle': 989, 'aux3': 1000, 'aux4': 1502, 'aux5': 1500, 'aux6': 1000, 'aux7': 1000, 'battery': 23.7, 'rssi': 944, 'rssi_msg': 'Strong signal', 'speed': 0.0, 'altitude': 0.08, 'caught': True, 'ready_hold_active': False, 'ready_hold_pending_capture': False, 'ready_hold_roll': 1500, 'ready_hold_pitch': 1500, 'ready_hold_yaw': 1500, 'ready_hold_throttle': 1100, 'target_locked': False, 'tracking_bbox': (311, 231, 17, 17), 'attack_error_x': 0.0, 'attack_error_y': 0.0, 'target_size': 0.0, 'attack_active': False, 'attack_base_roll': 1500, 'attack_base_pitch': 1549, 'attack_base_yaw': 1500, 'attack_base_throttle': 1013, 'prev_attack_error_x': 0.0, 'prev_attack_time': None, 'prev_target_size': 0.0}
2026-04-03 10:36:59,027 - BEE-EPT-UA913 - DEBUG - Executing command: TELEMETRY, Priority: 1, Body: {'target': 'MSP_RC'}
2026-04-03 10:36:59,035 - BEE-EPT-UA913 - DEBUG - Telemetry: b'\xdc\x05\xdc\x05\xdc\x05\xdd\x03\xd0\x07\xe8\x03\xe8\x03\xde\x05\xe8\x03\xe8\x03\xe8\x03\xfd\x05\xdc\x05\xdc\x05\xe8\x03\xe8\x03'
2026-04-03 10:36:59,035 - BEE-EPT-UA913 - INFO - Autopilot state: {'connection': True, 'bee_state': 'READY', 'roll': 1500, 'pitch': 1500, 'yaw': 1500, 'throttle': 989, 'last_manual_roll': 1500, 'last_manual_pitch': 1500, 'last_manual_yaw': 1500, 'last_manual_throttle': 989, 'aux3': 1000, 'aux4': 1502, 'aux5': 1500, 'aux6': 1000, 'aux7': 1000, 'battery': 23.7, 'rssi': 944, 'rssi_msg': 'Strong signal', 'speed': 0.0, 'altitude': 0.08, 'caught': True, 'ready_hold_active': False, 'ready_hold_pending_capture': False, 'ready_hold_roll': 1500, 'ready_hold_pitch': 1500, 'ready_hold_yaw': 1500, 'ready_hold_throttle': 1100, 'target_locked': False, 'tracking_bbox': (311, 231, 17, 17), 'attack_error_x': 0.0, 'attack_error_y': 0.0, 'target_size': 0.0, 'attack_active': False, 'attack_base_roll': 1500, 'attack_base_pitch': 1549, 'attack_base_yaw': 1500, 'attack_base_throttle': 1013, 'prev_attack_error_x': 0.0, 'prev_attack_time': None, 'prev_target_size': 0.0}
2026-04-03 10:36:59,128 - BEE-EPT-UA913 - DEBUG - Executing command: TELEMETRY, Priority: 1, Body: {'target': 'MSP_RC'}
2026-04-03 10:36:59,136 - BEE-EPT-UA913 - DEBUG - Telemetry: b'\xdc\x05\xdc\x05\xdc\x05\xdd\x03\xd0\x07\xe8\x03\xe8\x03\xde\x05\xe8\x03\xe8\x03\xe8\x03\xfd\x05\xdc\x05\xdc\x05\xe8\x03\xe8\x03'
2026-04-03 10:36:59,136 - BEE-EPT-UA913 - INFO - Autopilot state: {'connection': True, 'bee_state': 'READY', 'roll': 1500, 'pitch': 1500, 'yaw': 1500, 'throttle': 989, 'last_manual_roll': 1500, 'last_manual_pitch': 1500, 'last_manual_yaw': 1500, 'last_manual_throttle': 989, 'aux3': 1000, 'aux4': 1502, 'aux5': 1500, 'aux6': 1000, 'aux7': 1000, 'battery': 23.7, 'rssi': 944, 'rssi_msg': 'Strong signal', 'speed': 0.0, 'altitude': 0.08, 'caught': True, 'ready_hold_active': False, 'ready_hold_pending_capture': False, 'ready_hold_roll': 1500, 'ready_hold_pitch': 1500, 'ready_hold_yaw': 1500, 'ready_hold_throttle': 1100, 'target_locked': False, 'tracking_bbox': (311, 231, 17, 17), 'attack_error_x': 0.0, 'attack_error_y': 0.0, 'target_size': 0.0, 'attack_active': False, 'attack_base_roll': 1500, 'attack_base_pitch': 1549, 'attack_base_yaw': 1500, 'attack_base_throttle': 1013, 'prev_attack_error_x': 0.0, 'prev_attack_time': None, 'prev_target_size': 0.0}
2026-04-03 10:36:59,228 - BEE-EPT-UA913 - DEBUG - Executing command: TELEMETRY, Priority: 1, Body: {'target': 'MSP_RC'}
2026-04-03 10:36:59,236 - BEE-EPT-UA913 - DEBUG - Telemetry: b'\xdc\x05\xdc\x05\xdc\x05\xdd\x03\xd0\x07\xe8\x03\xe8\x03\xde\x05\xe8\x03\xe8\x03\xe8\x03\xfd\x05\xdc\x05\xdc\x05\xe8\x03\xe8\x03'
2026-04-03 10:36:59,237 - BEE-EPT-UA913 - INFO - Autopilot state: {'connection': True, 'bee_state': 'READY', 'roll': 1500, 'pitch': 1500, 'yaw': 1500, 'throttle': 989, 'last_manual_roll': 1500, 'last_manual_pitch': 1500, 'last_manual_yaw': 1500, 'last_manual_throttle': 989, 'aux3': 1000, 'aux4': 1502, 'aux5': 1500, 'aux6': 1000, 'aux7': 1000, 'battery': 23.7, 'rssi': 944, 'rssi_msg': 'Strong signal', 'speed': 0.0, 'altitude': 0.08, 'caught': True, 'ready_hold_active': False, 'ready_hold_pending_capture': False, 'ready_hold_roll': 1500, 'ready_hold_pitch': 1500, 'ready_hold_yaw': 1500, 'ready_hold_throttle': 1100, 'target_locked': False, 'tracking_bbox': (311, 231, 17, 17), 'attack_error_x': 0.0, 'attack_error_y': 0.0, 'target_size': 0.0, 'attack_active': False, 'attack_base_roll': 1500, 'attack_base_pitch': 1549, 'attack_base_yaw': 1500, 'attack_base_throttle': 1013, 'prev_attack_error_x': 0.0, 'prev_attack_time': None, 'prev_target_size': 0.0}
2026-04-03 10:36:59,328 - BEE-EPT-UA913 - DEBUG - Executing command: TELEMETRY, Priority: 1, Body: {'target': 'MSP_RC'}
2026-04-03 10:36:59,336 - BEE-EPT-UA913 - DEBUG - Telemetry: b'\xdc\x05\xdc\x05\xdc\x05\xdd\x03\xd0\x07\xe8\x03\xe8\x03\xde\x05\xe8\x03\xe8\x03\xe8\x03\xfd\x05\xdc\x05\xdc\x05\xe8\x03\xe8\x03'
2026-04-03 10:36:59,337 - BEE-EPT-UA913 - INFO - Autopilot state: {'connection': True, 'bee_state': 'READY', 'roll': 1500, 'pitch': 1500, 'yaw': 1500, 'throttle': 989, 'last_manual_roll': 1500, 'last_manual_pitch': 1500, 'last_manual_yaw': 1500, 'last_manual_throttle': 989, 'aux3': 1000, 'aux4': 1502, 'aux5': 1500, 'aux6': 1000, 'aux7': 1000, 'battery': 23.7, 'rssi': 944, 'rssi_msg': 'Strong signal', 'speed': 0.0, 'altitude': 0.08, 'caught': True, 'ready_hold_active': False, 'ready_hold_pending_capture': False, 'ready_hold_roll': 1500, 'ready_hold_pitch': 1500, 'ready_hold_yaw': 1500, 'ready_hold_throttle': 1100, 'target_locked': False, 'tracking_bbox': (311, 231, 17, 17), 'attack_error_x': 0.0, 'attack_error_y': 0.0, 'target_size': 0.0, 'attack_active': False, 'attack_base_roll': 1500, 'attack_base_pitch': 1549, 'attack_base_yaw': 1500, 'attack_base_throttle': 1013, 'prev_attack_error_x': 0.0, 'prev_attack_time': None, 'prev_target_size': 0.0}
2026-04-03 10:36:59,428 - BEE-EPT-UA913 - DEBUG - Executing command: TELEMETRY, Priority: 1, Body: {'target': 'MSP_RC'}
2026-04-03 10:36:59,437 - BEE-EPT-UA913 - DEBUG - Telemetry: b'\xdc\x05\xdc\x05\xdc\x05\xdd\x03\xd0\x07\xe8\x03\xe8\x03\xde\x05\xe8\x03\xe8\x03\xe8\x03\xfd\x05\xdc\x05\xdc\x05\xe8\x03\xe8\x03'
2026-04-03 10:36:59,437 - BEE-EPT-UA913 - INFO - Autopilot state: {'connection': True, 'bee_state': 'READY', 'roll': 1500, 'pitch': 1500, 'yaw': 1500, 'throttle': 989, 'last_manual_roll': 1500, 'last_manual_pitch': 1500, 'last_manual_yaw': 1500, 'last_manual_throttle': 989, 'aux3': 1000, 'aux4': 1502, 'aux5': 1500, 'aux6': 1000, 'aux7': 1000, 'battery': 23.7, 'rssi': 944, 'rssi_msg': 'Strong signal', 'speed': 0.0, 'altitude': 0.08, 'caught': True, 'ready_hold_active': False, 'ready_hold_pending_capture': False, 'ready_hold_roll': 1500, 'ready_hold_pitch': 1500, 'ready_hold_yaw': 1500, 'ready_hold_throttle': 1100, 'target_locked': False, 'tracking_bbox': (311, 231, 17, 17), 'attack_error_x': 0.0, 'attack_error_y': 0.0, 'target_size': 0.0, 'attack_active': False, 'attack_base_roll': 1500, 'attack_base_pitch': 1549, 'attack_base_yaw': 1500, 'attack_base_throttle': 1013, 'prev_attack_error_x': 0.0, 'prev_attack_time': None, 'prev_target_size': 0.0}
2026-04-03 10:36:59,487 - BEE-EPT-UA913 - DEBUG - Executing command: TELEMETRY, Priority: 2, Body: {'target': 'MSP_ALTITUDE'}
2026-04-03 10:36:59,495 - BEE-EPT-UA913 - DEBUG - Telemetry: b'\x08\x00\x00\x00\x00\x00'
2026-04-03 10:36:59,495 - BEE-EPT-UA913 - INFO - Autopilot state: {'connection': True, 'bee_state': 'READY', 'roll': 1500, 'pitch': 1500, 'yaw': 1500, 'throttle': 989, 'last_manual_roll': 1500, 'last_manual_pitch': 1500, 'last_manual_yaw': 1500, 'last_manual_throttle': 989, 'aux3': 1000, 'aux4': 1502, 'aux5': 1500, 'aux6': 1000, 'aux7': 1000, 'battery': 23.7, 'rssi': 944, 'rssi_msg': 'Strong signal', 'speed': 0.0, 'altitude': 0.08, 'caught': True, 'ready_hold_active': False, 'ready_hold_pending_capture': False, 'ready_hold_roll': 1500, 'ready_hold_pitch': 1500, 'ready_hold_yaw': 1500, 'ready_hold_throttle': 1100, 'target_locked': False, 'tracking_bbox': (311, 231, 17, 17), 'attack_error_x': 0.0, 'attack_error_y': 0.0, 'target_size': 0.0, 'attack_active': False, 'attack_base_roll': 1500, 'attack_base_pitch': 1549, 'attack_base_yaw': 1500, 'attack_base_throttle': 1013, 'prev_attack_error_x': 0.0, 'prev_attack_time': None, 'prev_target_size': 0.0}
2026-04-03 10:36:59,545 - BEE-EPT-UA913 - DEBUG - Executing command: TELEMETRY, Priority: 1, Body: {'target': 'MSP_RC'}
2026-04-03 10:36:59,557 - BEE-EPT-UA913 - DEBUG - Telemetry: b'\xdc\x05\xdc\x05\xdc\x05\xdd\x03\xd0\x07\xe8\x03\xe8\x03\xde\x05\xe8\x03\xe8\x03\xe8\x03\xfd\x05\xdc\x05\xdc\x05\xe8\x03\xe8\x03'
2026-04-03 10:36:59,558 - BEE-EPT-UA913 - INFO - Autopilot state: {'connection': True, 'bee_state': 'READY', 'roll': 1500, 'pitch': 1500, 'yaw': 1500, 'throttle': 989, 'last_manual_roll': 1500, 'last_manual_pitch': 1500, 'last_manual_yaw': 1500, 'last_manual_throttle': 989, 'aux3': 1000, 'aux4': 1502, 'aux5': 1500, 'aux6': 1000, 'aux7': 1000, 'battery': 23.7, 'rssi': 944, 'rssi_msg': 'Strong signal', 'speed': 0.0, 'altitude': 0.08, 'caught': True, 'ready_hold_active': False, 'ready_hold_pending_capture': False, 'ready_hold_roll': 1500, 'ready_hold_pitch': 1500, 'ready_hold_yaw': 1500, 'ready_hold_throttle': 1100, 'target_locked': False, 'tracking_bbox': (311, 231, 17, 17), 'attack_error_x': 0.0, 'attack_error_y': 0.0, 'target_size': 0.0, 'attack_active': False, 'attack_base_roll': 1500, 'attack_base_pitch': 1549, 'attack_base_yaw': 1500, 'attack_base_throttle': 1013, 'prev_attack_error_x': 0.0, 'prev_attack_time': None, 'prev_target_size': 0.0}
2026-04-03 10:36:59,608 - BEE-EPT-UA913 - DEBUG - Executing command: MONITOR, Priority: 2, Body: {'target': 'MSP_ANALOG'}
2026-04-03 10:36:59,616 - BEE-EPT-UA913 - DEBUG - Monitoring: b'\xed\x07\x00\xa1\x03\x14\x00F\t'
2026-04-03 10:36:59,616 - BEE-EPT-UA913 - INFO - RSSI: 929, signal: Strong signal, battery voltage: 23.7V
2026-04-03 10:36:59,666 - BEE-EPT-UA913 - DEBUG - Executing command: TELEMETRY, Priority: 1, Body: {'target': 'MSP_RC'}
2026-04-03 10:36:59,678 - BEE-EPT-UA913 - DEBUG - Telemetry: b'\xdc\x05\xdc\x05\xdc\x05\xdd\x03\xd0\x07\xe8\x03\xe8\x03\xde\x05\xe8\x03\xe8\x03\xe8\x03\xfd\x05\xdc\x05\xdc\x05\xe8\x03\xe8\x03'
2026-04-03 10:36:59,678 - BEE-EPT-UA913 - INFO - Autopilot state: {'connection': True, 'bee_state': 'READY', 'roll': 1500, 'pitch': 1500, 'yaw': 1500, 'throttle': 989, 'last_manual_roll': 1500, 'last_manual_pitch': 1500, 'last_manual_yaw': 1500, 'last_manual_throttle': 989, 'aux3': 1000, 'aux4': 1502, 'aux5': 1500, 'aux6': 1000, 'aux7': 1000, 'battery': 23.7, 'rssi': 929, 'rssi_msg': 'Strong signal', 'speed': 0.0, 'altitude': 0.08, 'caught': True, 'ready_hold_active': False, 'ready_hold_pending_capture': False, 'ready_hold_roll': 1500, 'ready_hold_pitch': 1500, 'ready_hold_yaw': 1500, 'ready_hold_throttle': 1100, 'target_locked': False, 'tracking_bbox': (311, 231, 17, 17), 'attack_error_x': 0.0, 'attack_error_y': 0.0, 'target_size': 0.0, 'attack_active': False, 'attack_base_roll': 1500, 'attack_base_pitch': 1549, 'attack_base_yaw': 1500, 'attack_base_throttle': 1013, 'prev_attack_error_x': 0.0, 'prev_attack_time': None, 'prev_target_size': 0.0}
2026-04-03 10:36:59,729 - BEE-EPT-UA913 - DEBUG - Executing command: TELEMETRY, Priority: 1, Body: {'target': 'MSP_RC'}
2026-04-03 10:36:59,738 - BEE-EPT-UA913 - DEBUG - Telemetry: b'\xdc\x05\xdc\x05\xdc\x05\xdd\x03\xd0\x07\xe8\x03\xe8\x03\xde\x05\xe8\x03\xe8\x03\xe8\x03\xfd\x05\xdc\x05\xdc\x05\xe8\x03\xe8\x03'
2026-04-03 10:36:59,738 - BEE-EPT-UA913 - INFO - Autopilot state: {'connection': True, 'bee_state': 'READY', 'roll': 1500, 'pitch': 1500, 'yaw': 1500, 'throttle': 989, 'last_manual_roll': 1500, 'last_manual_pitch': 1500, 'last_manual_yaw': 1500, 'last_manual_throttle': 989, 'aux3': 1000, 'aux4': 1502, 'aux5': 1500, 'aux6': 1000, 'aux7': 1000, 'battery': 23.7, 'rssi': 929, 'rssi_msg': 'Strong signal', 'speed': 0.0, 'altitude': 0.08, 'caught': True, 'ready_hold_active': False, 'ready_hold_pending_capture': False, 'ready_hold_roll': 1500, 'ready_hold_pitch': 1500, 'ready_hold_yaw': 1500, 'ready_hold_throttle': 1100, 'target_locked': False, 'tracking_bbox': (311, 231, 17, 17), 'attack_error_x': 0.0, 'attack_error_y': 0.0, 'target_size': 0.0, 'attack_active': False, 'attack_base_roll': 1500, 'attack_base_pitch': 1549, 'attack_base_yaw': 1500, 'attack_base_throttle': 1013, 'prev_attack_error_x': 0.0, 'prev_attack_time': None, 'prev_target_size': 0.0}
2026-04-03 10:36:59,829 - BEE-EPT-UA913 - DEBUG - Executing command: TELEMETRY, Priority: 1, Body: {'target': 'MSP_RC'}
2026-04-03 10:36:59,839 - BEE-EPT-UA913 - DEBUG - Telemetry: b'\xdc\x05\xdc\x05\xdc\x05\xdd\x03\xd0\x07\xe8\x03\xe8\x03\xde\x05\xe8\x03\xe8\x03\xe8\x03\xfd\x05\xdc\x05\xdc\x05\xe8\x03\xe8\x03'
2026-04-03 10:36:59,839 - BEE-EPT-UA913 - INFO - Autopilot state: {'connection': True, 'bee_state': 'READY', 'roll': 1500, 'pitch': 1500, 'yaw': 1500, 'throttle': 989, 'last_manual_roll': 1500, 'last_manual_pitch': 1500, 'last_manual_yaw': 1500, 'last_manual_throttle': 989, 'aux3': 1000, 'aux4': 1502, 'aux5': 1500, 'aux6': 1000, 'aux7': 1000, 'battery': 23.7, 'rssi': 929, 'rssi_msg': 'Strong signal', 'speed': 0.0, 'altitude': 0.08, 'caught': True, 'ready_hold_active': False, 'ready_hold_pending_capture': False, 'ready_hold_roll': 1500, 'ready_hold_pitch': 1500, 'ready_hold_yaw': 1500, 'ready_hold_throttle': 1100, 'target_locked': False, 'tracking_bbox': (311, 231, 17, 17), 'attack_error_x': 0.0, 'attack_error_y': 0.0, 'target_size': 0.0, 'attack_active': False, 'attack_base_roll': 1500, 'attack_base_pitch': 1549, 'attack_base_yaw': 1500, 'attack_base_throttle': 1013, 'prev_attack_error_x': 0.0, 'prev_attack_time': None, 'prev_target_size': 0.0}
2026-04-03 10:36:59,929 - BEE-EPT-UA913 - DEBUG - Executing command: TELEMETRY, Priority: 1, Body: {'target': 'MSP_RC'}
2026-04-03 10:36:59,939 - BEE-EPT-UA913 - DEBUG - Telemetry: b'\xdc\x05\xdc\x05\xdc\x05\xdd\x03\xd0\x07\xe8\x03\xe8\x03\xde\x05\xe8\x03\xe8\x03\xe8\x03\xfd\x05\xdc\x05\xdc\x05\xe8\x03\xe8\x03'
2026-04-03 10:36:59,939 - BEE-EPT-UA913 - INFO - Autopilot state: {'connection': True, 'bee_state': 'READY', 'roll': 1500, 'pitch': 1500, 'yaw': 1500, 'throttle': 989, 'last_manual_roll': 1500, 'last_manual_pitch': 1500, 'last_manual_yaw': 1500, 'last_manual_throttle': 989, 'aux3': 1000, 'aux4': 1502, 'aux5': 1500, 'aux6': 1000, 'aux7': 1000, 'battery': 23.7, 'rssi': 929, 'rssi_msg': 'Strong signal', 'speed': 0.0, 'altitude': 0.08, 'caught': True, 'ready_hold_active': False, 'ready_hold_pending_capture': False, 'ready_hold_roll': 1500, 'ready_hold_pitch': 1500, 'ready_hold_yaw': 1500, 'ready_hold_throttle': 1100, 'target_locked': False, 'tracking_bbox': (311, 231, 17, 17), 'attack_error_x': 0.0, 'attack_error_y': 0.0, 'target_size': 0.0, 'attack_active': False, 'attack_base_roll': 1500, 'attack_base_pitch': 1549, 'attack_base_yaw': 1500, 'attack_base_throttle': 1013, 'prev_attack_error_x': 0.0, 'prev_attack_time': None, 'prev_target_size': 0.0}
2026-04-03 10:37:00,030 - BEE-EPT-UA913 - DEBUG - Executing command: TELEMETRY, Priority: 1, Body: {'target': 'MSP_RC'}
2026-04-03 10:37:00,040 - BEE-EPT-UA913 - DEBUG - Telemetry: b'\xdc\x05\xdc\x05\xdc\x05\xdd\x03\xd0\x07\xe8\x03\xe8\x03\xde\x05\xe8\x03\xe8\x03\xe8\x03\xfd\x05\xdc\x05\xdc\x05\xe8\x03\xe8\x03'
2026-04-03 10:37:00,040 - BEE-EPT-UA913 - INFO - Autopilot state: {'connection': True, 'bee_state': 'READY', 'roll': 1500, 'pitch': 1500, 'yaw': 1500, 'throttle': 989, 'last_manual_roll': 1500, 'last_manual_pitch': 1500, 'last_manual_yaw': 1500, 'last_manual_throttle': 989, 'aux3': 1000, 'aux4': 1502, 'aux5': 1500, 'aux6': 1000, 'aux7': 1000, 'battery': 23.7, 'rssi': 929, 'rssi_msg': 'Strong signal', 'speed': 0.0, 'altitude': 0.08, 'caught': True, 'ready_hold_active': False, 'ready_hold_pending_capture': False, 'ready_hold_roll': 1500, 'ready_hold_pitch': 1500, 'ready_hold_yaw': 1500, 'ready_hold_throttle': 1100, 'target_locked': False, 'tracking_bbox': (311, 231, 17, 17), 'attack_error_x': 0.0, 'attack_error_y': 0.0, 'target_size': 0.0, 'attack_active': False, 'attack_base_roll': 1500, 'attack_base_pitch': 1549, 'attack_base_yaw': 1500, 'attack_base_throttle': 1013, 'prev_attack_error_x': 0.0, 'prev_attack_time': None, 'prev_target_size': 0.0}
2026-04-03 10:37:00,130 - BEE-EPT-UA913 - DEBUG - Executing command: TELEMETRY, Priority: 1, Body: {'target': 'MSP_RC'}
2026-04-03 10:37:00,140 - BEE-EPT-UA913 - DEBUG - Telemetry: b'\xdc\x05\xdc\x05\xdc\x05\xdd\x03\xd0\x07\xe8\x03\xe8\x03\xde\x05\xe8\x03\xe8\x03\xe8\x03\xfd\x05\xdc\x05\xdc\x05\xe8\x03\xe8\x03'
2026-04-03 10:37:00,140 - BEE-EPT-UA913 - INFO - Autopilot state: {'connection': True, 'bee_state': 'READY', 'roll': 1500, 'pitch': 1500, 'yaw': 1500, 'throttle': 989, 'last_manual_roll': 1500, 'last_manual_pitch': 1500, 'last_manual_yaw': 1500, 'last_manual_throttle': 989, 'aux3': 1000, 'aux4': 1502, 'aux5': 1500, 'aux6': 1000, 'aux7': 1000, 'battery': 23.7, 'rssi': 929, 'rssi_msg': 'Strong signal', 'speed': 0.0, 'altitude': 0.08, 'caught': True, 'ready_hold_active': False, 'ready_hold_pending_capture': False, 'ready_hold_roll': 1500, 'ready_hold_pitch': 1500, 'ready_hold_yaw': 1500, 'ready_hold_throttle': 1100, 'target_locked': False, 'tracking_bbox': (311, 231, 17, 17), 'attack_error_x': 0.0, 'attack_error_y': 0.0, 'target_size': 0.0, 'attack_active': False, 'attack_base_roll': 1500, 'attack_base_pitch': 1549, 'attack_base_yaw': 1500, 'attack_base_throttle': 1013, 'prev_attack_error_x': 0.0, 'prev_attack_time': None, 'prev_target_size': 0.0}
2026-04-03 10:37:00,230 - BEE-EPT-UA913 - DEBUG - Executing command: TELEMETRY, Priority: 1, Body: {'target': 'MSP_RC'}
2026-04-03 10:37:00,240 - BEE-EPT-UA913 - DEBUG - Telemetry: b'\xdc\x05\xdc\x05\xdc\x05\xdd\x03\xd0\x07\xe8\x03\xe8\x03\xde\x05\xe8\x03\xe8\x03\xe8\x03\xfd\x05\xdc\x05\xdc\x05\xe8\x03\xe8\x03'
2026-04-03 10:37:00,241 - BEE-EPT-UA913 - INFO - Autopilot state: {'connection': True, 'bee_state': 'READY', 'roll': 1500, 'pitch': 1500, 'yaw': 1500, 'throttle': 989, 'last_manual_roll': 1500, 'last_manual_pitch': 1500, 'last_manual_yaw': 1500, 'last_manual_throttle': 989, 'aux3': 1000, 'aux4': 1502, 'aux5': 1500, 'aux6': 1000, 'aux7': 1000, 'battery': 23.7, 'rssi': 929, 'rssi_msg': 'Strong signal', 'speed': 0.0, 'altitude': 0.08, 'caught': True, 'ready_hold_active': False, 'ready_hold_pending_capture': False, 'ready_hold_roll': 1500, 'ready_hold_pitch': 1500, 'ready_hold_yaw': 1500, 'ready_hold_throttle': 1100, 'target_locked': False, 'tracking_bbox': (311, 231, 17, 17), 'attack_error_x': 0.0, 'attack_error_y': 0.0, 'target_size': 0.0, 'attack_active': False, 'attack_base_roll': 1500, 'attack_base_pitch': 1549, 'attack_base_yaw': 1500, 'attack_base_throttle': 1013, 'prev_attack_error_x': 0.0, 'prev_attack_time': None, 'prev_target_size': 0.0}
2026-04-03 10:37:00,330 - BEE-EPT-UA913 - DEBUG - Executing command: TELEMETRY, Priority: 1, Body: {'target': 'MSP_RC'}
2026-04-03 10:37:00,341 - BEE-EPT-UA913 - DEBUG - Telemetry: b'\xdc\x05\xdc\x05\xdc\x05\xdd\x03\xd0\x07\xe8\x03\xe8\x03\xde\x05\xe8\x03\xe8\x03\xe8\x03\xfd\x05\xdc\x05\xdc\x05\xe8\x03\xe8\x03'
2026-04-03 10:37:00,341 - BEE-EPT-UA913 - INFO - Autopilot state: {'connection': True, 'bee_state': 'READY', 'roll': 1500, 'pitch': 1500, 'yaw': 1500, 'throttle': 989, 'last_manual_roll': 1500, 'last_manual_pitch': 1500, 'last_manual_yaw': 1500, 'last_manual_throttle': 989, 'aux3': 1000, 'aux4': 1502, 'aux5': 1500, 'aux6': 1000, 'aux7': 1000, 'battery': 23.7, 'rssi': 929, 'rssi_msg': 'Strong signal', 'speed': 0.0, 'altitude': 0.08, 'caught': True, 'ready_hold_active': False, 'ready_hold_pending_capture': False, 'ready_hold_roll': 1500, 'ready_hold_pitch': 1500, 'ready_hold_yaw': 1500, 'ready_hold_throttle': 1100, 'target_locked': False, 'tracking_bbox': (311, 231, 17, 17), 'attack_error_x': 0.0, 'attack_error_y': 0.0, 'target_size': 0.0, 'attack_active': False, 'attack_base_roll': 1500, 'attack_base_pitch': 1549, 'attack_base_yaw': 1500, 'attack_base_throttle': 1013, 'prev_attack_error_x': 0.0, 'prev_attack_time': None, 'prev_target_size': 0.0}
2026-04-03 10:37:00,432 - BEE-EPT-UA913 - DEBUG - Executing command: TELEMETRY, Priority: 1, Body: {'target': 'MSP_RC'}
2026-04-03 10:37:00,441 - BEE-EPT-UA913 - DEBUG - Telemetry: b'\xdc\x05\xdc\x05\xdc\x05\xdd\x03\xd0\x07\xe8\x03\xe8\x03\xde\x05\xe8\x03\xe8\x03\xe8\x03\xfd\x05\xdc\x05\xdc\x05\xe8\x03\xe8\x03'
2026-04-03 10:37:00,442 - BEE-EPT-UA913 - INFO - Autopilot state: {'connection': True, 'bee_state': 'READY', 'roll': 1500, 'pitch': 1500, 'yaw': 1500, 'throttle': 989, 'last_manual_roll': 1500, 'last_manual_pitch': 1500, 'last_manual_yaw': 1500, 'last_manual_throttle': 989, 'aux3': 1000, 'aux4': 1502, 'aux5': 1500, 'aux6': 1000, 'aux7': 1000, 'battery': 23.7, 'rssi': 929, 'rssi_msg': 'Strong signal', 'speed': 0.0, 'altitude': 0.08, 'caught': True, 'ready_hold_active': False, 'ready_hold_pending_capture': False, 'ready_hold_roll': 1500, 'ready_hold_pitch': 1500, 'ready_hold_yaw': 1500, 'ready_hold_throttle': 1100, 'target_locked': False, 'tracking_bbox': (311, 231, 17, 17), 'attack_error_x': 0.0, 'attack_error_y': 0.0, 'target_size': 0.0, 'attack_active': False, 'attack_base_roll': 1500, 'attack_base_pitch': 1549, 'attack_base_yaw': 1500, 'attack_base_throttle': 1013, 'prev_attack_error_x': 0.0, 'prev_attack_time': None, 'prev_target_size': 0.0}
2026-04-03 10:37:00,492 - BEE-EPT-UA913 - DEBUG - Executing command: TELEMETRY, Priority: 2, Body: {'target': 'MSP_ALTITUDE'}
2026-04-03 10:37:00,499 - BEE-EPT-UA913 - DEBUG - Telemetry: b'\x08\x00\x00\x00\x00\x00'
2026-04-03 10:37:00,500 - BEE-EPT-UA913 - INFO - Autopilot state: {'connection': True, 'bee_state': 'READY', 'roll': 1500, 'pitch': 1500, 'yaw': 1500, 'throttle': 989, 'last_manual_roll': 1500, 'last_manual_pitch': 1500, 'last_manual_yaw': 1500, 'last_manual_throttle': 989, 'aux3': 1000, 'aux4': 1502, 'aux5': 1500, 'aux6': 1000, 'aux7': 1000, 'battery': 23.7, 'rssi': 929, 'rssi_msg': 'Strong signal', 'speed': 0.0, 'altitude': 0.08, 'caught': True, 'ready_hold_active': False, 'ready_hold_pending_capture': False, 'ready_hold_roll': 1500, 'ready_hold_pitch': 1500, 'ready_hold_yaw': 1500, 'ready_hold_throttle': 1100, 'target_locked': False, 'tracking_bbox': (311, 231, 17, 17), 'attack_error_x': 0.0, 'attack_error_y': 0.0, 'target_size': 0.0, 'attack_active': False, 'attack_base_roll': 1500, 'attack_base_pitch': 1549, 'attack_base_yaw': 1500, 'attack_base_throttle': 1013, 'prev_attack_error_x': 0.0, 'prev_attack_time': None, 'prev_target_size': 0.0}
2026-04-03 10:37:00,550 - BEE-EPT-UA913 - DEBUG - Executing command: TELEMETRY, Priority: 1, Body: {'target': 'MSP_RC'}
2026-04-03 10:37:00,562 - BEE-EPT-UA913 - DEBUG - Telemetry: b'\xdc\x05\xdc\x05\xdc\x05\xdd\x03\xd0\x07\xe8\x03\xe8\x03\xde\x05\xe8\x03\xe8\x03\xe8\x03\xfd\x05\xdc\x05\xdc\x05\xe8\x03\xe8\x03'
2026-04-03 10:37:00,563 - BEE-EPT-UA913 - INFO - Autopilot state: {'connection': True, 'bee_state': 'READY', 'roll': 1500, 'pitch': 1500, 'yaw': 1500, 'throttle': 989, 'last_manual_roll': 1500, 'last_manual_pitch': 1500, 'last_manual_yaw': 1500, 'last_manual_throttle': 989, 'aux3': 1000, 'aux4': 1502, 'aux5': 1500, 'aux6': 1000, 'aux7': 1000, 'battery': 23.7, 'rssi': 929, 'rssi_msg': 'Strong signal', 'speed': 0.0, 'altitude': 0.08, 'caught': True, 'ready_hold_active': False, 'ready_hold_pending_capture': False, 'ready_hold_roll': 1500, 'ready_hold_pitch': 1500, 'ready_hold_yaw': 1500, 'ready_hold_throttle': 1100, 'target_locked': False, 'tracking_bbox': (311, 231, 17, 17), 'attack_error_x': 0.0, 'attack_error_y': 0.0, 'target_size': 0.0, 'attack_active': False, 'attack_base_roll': 1500, 'attack_base_pitch': 1549, 'attack_base_yaw': 1500, 'attack_base_throttle': 1013, 'prev_attack_error_x': 0.0, 'prev_attack_time': None, 'prev_target_size': 0.0}
2026-04-03 10:37:00,613 - BEE-EPT-UA913 - DEBUG - Executing command: MONITOR, Priority: 2, Body: {'target': 'MSP_ANALOG'}
2026-04-03 10:37:00,620 - BEE-EPT-UA913 - DEBUG - Monitoring: b'\xed\x07\x00\x92\x03\x10\x00F\t'
2026-04-03 10:37:00,621 - BEE-EPT-UA913 - INFO - RSSI: 914, signal: Strong signal, battery voltage: 23.7V
2026-04-03 10:37:00,671 - BEE-EPT-UA913 - DEBUG - Executing command: TELEMETRY, Priority: 1, Body: {'target': 'MSP_RC'}
2026-04-03 10:37:00,683 - BEE-EPT-UA913 - DEBUG - Telemetry: b'\xdc\x05\xdc\x05\xdc\x05\xdd\x03\xd0\x07\xe8\x03\xe8\x03\xde\x05\xe8\x03\xe8\x03\xe8\x03\xfd\x05\xdc\x05\xdc\x05\xe8\x03\xe8\x03'
2026-04-03 10:37:00,683 - BEE-EPT-UA913 - INFO - Autopilot state: {'connection': True, 'bee_state': 'READY', 'roll': 1500, 'pitch': 1500, 'yaw': 1500, 'throttle': 989, 'last_manual_roll': 1500, 'last_manual_pitch': 1500, 'last_manual_yaw': 1500, 'last_manual_throttle': 989, 'aux3': 1000, 'aux4': 1502, 'aux5': 1500, 'aux6': 1000, 'aux7': 1000, 'battery': 23.7, 'rssi': 914, 'rssi_msg': 'Strong signal', 'speed': 0.0, 'altitude': 0.08, 'caught': True, 'ready_hold_active': False, 'ready_hold_pending_capture': False, 'ready_hold_roll': 1500, 'ready_hold_pitch': 1500, 'ready_hold_yaw': 1500, 'ready_hold_throttle': 1100, 'target_locked': False, 'tracking_bbox': (311, 231, 17, 17), 'attack_error_x': 0.0, 'attack_error_y': 0.0, 'target_size': 0.0, 'attack_active': False, 'attack_base_roll': 1500, 'attack_base_pitch': 1549, 'attack_base_yaw': 1500, 'attack_base_throttle': 1013, 'prev_attack_error_x': 0.0, 'prev_attack_time': None, 'prev_target_size': 0.0}
2026-04-03 10:37:00,734 - BEE-EPT-UA913 - DEBUG - Executing command: TELEMETRY, Priority: 1, Body: {'target': 'MSP_RC'}
2026-04-03 10:37:00,743 - BEE-EPT-UA913 - DEBUG - Telemetry: b'\xdc\x05\xdc\x05\xdc\x05\xdd\x03\xd0\x07\xe8\x03\xe8\x03\xde\x05\xe8\x03\xe8\x03\xe8\x03\xfd\x05\xdc\x05\xdc\x05\xe8\x03\xe8\x03'
2026-04-03 10:37:00,743 - BEE-EPT-UA913 - INFO - Autopilot state: {'connection': True, 'bee_state': 'READY', 'roll': 1500, 'pitch': 1500, 'yaw': 1500, 'throttle': 989, 'last_manual_roll': 1500, 'last_manual_pitch': 1500, 'last_manual_yaw': 1500, 'last_manual_throttle': 989, 'aux3': 1000, 'aux4': 1502, 'aux5': 1500, 'aux6': 1000, 'aux7': 1000, 'battery': 23.7, 'rssi': 914, 'rssi_msg': 'Strong signal', 'speed': 0.0, 'altitude': 0.08, 'caught': True, 'ready_hold_active': False, 'ready_hold_pending_capture': False, 'ready_hold_roll': 1500, 'ready_hold_pitch': 1500, 'ready_hold_yaw': 1500, 'ready_hold_throttle': 1100, 'target_locked': False, 'tracking_bbox': (311, 231, 17, 17), 'attack_error_x': 0.0, 'attack_error_y': 0.0, 'target_size': 0.0, 'attack_active': False, 'attack_base_roll': 1500, 'attack_base_pitch': 1549, 'attack_base_yaw': 1500, 'attack_base_throttle': 1013, 'prev_attack_error_x': 0.0, 'prev_attack_time': None, 'prev_target_size': 0.0}
2026-04-03 10:37:00,833 - BEE-EPT-UA913 - DEBUG - Executing command: TELEMETRY, Priority: 1, Body: {'target': 'MSP_RC'}
2026-04-03 10:37:00,843 - BEE-EPT-UA913 - DEBUG - Telemetry: b'\xdc\x05\xdc\x05\xdc\x05\xdd\x03\xd0\x07\xe8\x03\xe8\x03\xde\x05\xe8\x03\xe8\x03\xe8\x03\xfd\x05\xdc\x05\xdc\x05\xe8\x03\xe8\x03'
2026-04-03 10:37:00,843 - BEE-EPT-UA913 - INFO - Autopilot state: {'connection': True, 'bee_state': 'READY', 'roll': 1500, 'pitch': 1500, 'yaw': 1500, 'throttle': 989, 'last_manual_roll': 1500, 'last_manual_pitch': 1500, 'last_manual_yaw': 1500, 'last_manual_throttle': 989, 'aux3': 1000, 'aux4': 1502, 'aux5': 1500, 'aux6': 1000, 'aux7': 1000, 'battery': 23.7, 'rssi': 914, 'rssi_msg': 'Strong signal', 'speed': 0.0, 'altitude': 0.08, 'caught': True, 'ready_hold_active': False, 'ready_hold_pending_capture': False, 'ready_hold_roll': 1500, 'ready_hold_pitch': 1500, 'ready_hold_yaw': 1500, 'ready_hold_throttle': 1100, 'target_locked': False, 'tracking_bbox': (311, 231, 17, 17), 'attack_error_x': 0.0, 'attack_error_y': 0.0, 'target_size': 0.0, 'attack_active': False, 'attack_base_roll': 1500, 'attack_base_pitch': 1549, 'attack_base_yaw': 1500, 'attack_base_throttle': 1013, 'prev_attack_error_x': 0.0, 'prev_attack_time': None, 'prev_target_size': 0.0}
2026-04-03 10:37:00,933 - BEE-EPT-UA913 - DEBUG - Executing command: TELEMETRY, Priority: 1, Body: {'target': 'MSP_RC'}
2026-04-03 10:37:00,944 - BEE-EPT-UA913 - DEBUG - Telemetry: b'\xdc\x05\xdc\x05\xdc\x05\xdd\x03\xd0\x07\xe8\x03\xe8\x03\xde\x05\xe8\x03\xe8\x03\xe8\x03\xfd\x05\xdc\x05\xdc\x05\xe8\x03\xe8\x03'
2026-04-03 10:37:00,944 - BEE-EPT-UA913 - INFO - Autopilot state: {'connection': True, 'bee_state': 'READY', 'roll': 1500, 'pitch': 1500, 'yaw': 1500, 'throttle': 989, 'last_manual_roll': 1500, 'last_manual_pitch': 1500, 'last_manual_yaw': 1500, 'last_manual_throttle': 989, 'aux3': 1000, 'aux4': 1502, 'aux5': 1500, 'aux6': 1000, 'aux7': 1000, 'battery': 23.7, 'rssi': 914, 'rssi_msg': 'Strong signal', 'speed': 0.0, 'altitude': 0.08, 'caught': True, 'ready_hold_active': False, 'ready_hold_pending_capture': False, 'ready_hold_roll': 1500, 'ready_hold_pitch': 1500, 'ready_hold_yaw': 1500, 'ready_hold_throttle': 1100, 'target_locked': False, 'tracking_bbox': (311, 231, 17, 17), 'attack_error_x': 0.0, 'attack_error_y': 0.0, 'target_size': 0.0, 'attack_active': False, 'attack_base_roll': 1500, 'attack_base_pitch': 1549, 'attack_base_yaw': 1500, 'attack_base_throttle': 1013, 'prev_attack_error_x': 0.0, 'prev_attack_time': None, 'prev_target_size': 0.0}
2026-04-03 10:37:01,034 - BEE-EPT-UA913 - DEBUG - Executing command: TELEMETRY, Priority: 1, Body: {'target': 'MSP_RC'}
2026-04-03 10:37:01,044 - BEE-EPT-UA913 - DEBUG - Telemetry: b'\xdc\x05\xdc\x05\xdc\x05\xdd\x03\xd0\x07\xe8\x03\xe8\x03\xde\x05\xe8\x03\xe8\x03\xe8\x03\xfd\x05\xdc\x05\xdc\x05\xe8\x03\xe8\x03'
2026-04-03 10:37:01,045 - BEE-EPT-UA913 - INFO - Autopilot state: {'connection': True, 'bee_state': 'READY', 'roll': 1500, 'pitch': 1500, 'yaw': 1500, 'throttle': 989, 'last_manual_roll': 1500, 'last_manual_pitch': 1500, 'last_manual_yaw': 1500, 'last_manual_throttle': 989, 'aux3': 1000, 'aux4': 1502, 'aux5': 1500, 'aux6': 1000, 'aux7': 1000, 'battery': 23.7, 'rssi': 914, 'rssi_msg': 'Strong signal', 'speed': 0.0, 'altitude': 0.08, 'caught': True, 'ready_hold_active': False, 'ready_hold_pending_capture': False, 'ready_hold_roll': 1500, 'ready_hold_pitch': 1500, 'ready_hold_yaw': 1500, 'ready_hold_throttle': 1100, 'target_locked': False, 'tracking_bbox': (311, 231, 17, 17), 'attack_error_x': 0.0, 'attack_error_y': 0.0, 'target_size': 0.0, 'attack_active': False, 'attack_base_roll': 1500, 'attack_base_pitch': 1549, 'attack_base_yaw': 1500, 'attack_base_throttle': 1013, 'prev_attack_error_x': 0.0, 'prev_attack_time': None, 'prev_target_size': 0.0}
2026-04-03 10:37:01,134 - BEE-EPT-UA913 - DEBUG - Executing command: TELEMETRY, Priority: 1, Body: {'target': 'MSP_RC'}
2026-04-03 10:37:01,145 - BEE-EPT-UA913 - DEBUG - Telemetry: b'\xdc\x05\xdc\x05\xdc\x05\xdd\x03\xd0\x07\xe8\x03\xe8\x03\xde\x05\xe8\x03\xe8\x03\xe8\x03\xfd\x05\xdc\x05\xdc\x05\xe8\x03\xe8\x03'
2026-04-03 10:37:01,145 - BEE-EPT-UA913 - INFO - Autopilot state: {'connection': True, 'bee_state': 'READY', 'roll': 1500, 'pitch': 1500, 'yaw': 1500, 'throttle': 989, 'last_manual_roll': 1500, 'last_manual_pitch': 1500, 'last_manual_yaw': 1500, 'last_manual_throttle': 989, 'aux3': 1000, 'aux4': 1502, 'aux5': 1500, 'aux6': 1000, 'aux7': 1000, 'battery': 23.7, 'rssi': 914, 'rssi_msg': 'Strong signal', 'speed': 0.0, 'altitude': 0.08, 'caught': True, 'ready_hold_active': False, 'ready_hold_pending_capture': False, 'ready_hold_roll': 1500, 'ready_hold_pitch': 1500, 'ready_hold_yaw': 1500, 'ready_hold_throttle': 1100, 'target_locked': False, 'tracking_bbox': (311, 231, 17, 17), 'attack_error_x': 0.0, 'attack_error_y': 0.0, 'target_size': 0.0, 'attack_active': False, 'attack_base_roll': 1500, 'attack_base_pitch': 1549, 'attack_base_yaw': 1500, 'attack_base_throttle': 1013, 'prev_attack_error_x': 0.0, 'prev_attack_time': None, 'prev_target_size': 0.0}
2026-04-03 10:37:01,234 - BEE-EPT-UA913 - DEBUG - Executing command: TELEMETRY, Priority: 1, Body: {'target': 'MSP_RC'}
2026-04-03 10:37:01,245 - BEE-EPT-UA913 - DEBUG - Telemetry: b'\xdc\x05\xdc\x05\xdc\x05\xdd\x03\xd0\x07\xe8\x03\xe8\x03\xde\x05\xe8\x03\xe8\x03\xe8\x03\xfd\x05\xdc\x05\xdc\x05\xe8\x03\xe8\x03'
2026-04-03 10:37:01,245 - BEE-EPT-UA913 - INFO - Autopilot state: {'connection': True, 'bee_state': 'READY', 'roll': 1500, 'pitch': 1500, 'yaw': 1500, 'throttle': 989, 'last_manual_roll': 1500, 'last_manual_pitch': 1500, 'last_manual_yaw': 1500, 'last_manual_throttle': 989, 'aux3': 1000, 'aux4': 1502, 'aux5': 1500, 'aux6': 1000, 'aux7': 1000, 'battery': 23.7, 'rssi': 914, 'rssi_msg': 'Strong signal', 'speed': 0.0, 'altitude': 0.08, 'caught': True, 'ready_hold_active': False, 'ready_hold_pending_capture': False, 'ready_hold_roll': 1500, 'ready_hold_pitch': 1500, 'ready_hold_yaw': 1500, 'ready_hold_throttle': 1100, 'target_locked': False, 'tracking_bbox': (311, 231, 17, 17), 'attack_error_x': 0.0, 'attack_error_y': 0.0, 'target_size': 0.0, 'attack_active': False, 'attack_base_roll': 1500, 'attack_base_pitch': 1549, 'attack_base_yaw': 1500, 'attack_base_throttle': 1013, 'prev_attack_error_x': 0.0, 'prev_attack_time': None, 'prev_target_size': 0.0}
2026-04-03 10:37:01,334 - BEE-EPT-UA913 - DEBUG - Executing command: TELEMETRY, Priority: 1, Body: {'target': 'MSP_RC'}
2026-04-03 10:37:01,346 - BEE-EPT-UA913 - DEBUG - Telemetry: b'\xdc\x05\xdc\x05\xdc\x05\xdd\x03\xd0\x07\xe8\x03\xe8\x03\xde\x05\xe8\x03\xe8\x03\xe8\x03\xfd\x05\xdc\x05\xdc\x05\xe8\x03\xe8\x03'
2026-04-03 10:37:01,346 - BEE-EPT-UA913 - INFO - Autopilot state: {'connection': True, 'bee_state': 'READY', 'roll': 1500, 'pitch': 1500, 'yaw': 1500, 'throttle': 989, 'last_manual_roll': 1500, 'last_manual_pitch': 1500, 'last_manual_yaw': 1500, 'last_manual_throttle': 989, 'aux3': 1000, 'aux4': 1502, 'aux5': 1500, 'aux6': 1000, 'aux7': 1000, 'battery': 23.7, 'rssi': 914, 'rssi_msg': 'Strong signal', 'speed': 0.0, 'altitude': 0.08, 'caught': True, 'ready_hold_active': False, 'ready_hold_pending_capture': False, 'ready_hold_roll': 1500, 'ready_hold_pitch': 1500, 'ready_hold_yaw': 1500, 'ready_hold_throttle': 1100, 'target_locked': False, 'tracking_bbox': (311, 231, 17, 17), 'attack_error_x': 0.0, 'attack_error_y': 0.0, 'target_size': 0.0, 'attack_active': False, 'attack_base_roll': 1500, 'attack_base_pitch': 1549, 'attack_base_yaw': 1500, 'attack_base_throttle': 1013, 'prev_attack_error_x': 0.0, 'prev_attack_time': None, 'prev_target_size': 0.0}
2026-04-03 10:37:01,435 - BEE-EPT-UA913 - DEBUG - Executing command: TELEMETRY, Priority: 1, Body: {'target': 'MSP_RC'}
2026-04-03 10:37:01,446 - BEE-EPT-UA913 - DEBUG - Telemetry: b'\xdc\x05\xdc\x05\xdc\x05\xdd\x03\xd0\x07\xe8\x03\xe8\x03\xde\x05\xe8\x03\xe8\x03\xe8\x03\xfd\x05\xdc\x05\xdc\x05\xe8\x03\xe8\x03'
2026-04-03 10:37:01,446 - BEE-EPT-UA913 - INFO - Autopilot state: {'connection': True, 'bee_state': 'READY', 'roll': 1500, 'pitch': 1500, 'yaw': 1500, 'throttle': 989, 'last_manual_roll': 1500, 'last_manual_pitch': 1500, 'last_manual_yaw': 1500, 'last_manual_throttle': 989, 'aux3': 1000, 'aux4': 1502, 'aux5': 1500, 'aux6': 1000, 'aux7': 1000, 'battery': 23.7, 'rssi': 914, 'rssi_msg': 'Strong signal', 'speed': 0.0, 'altitude': 0.08, 'caught': True, 'ready_hold_active': False, 'ready_hold_pending_capture': False, 'ready_hold_roll': 1500, 'ready_hold_pitch': 1500, 'ready_hold_yaw': 1500, 'ready_hold_throttle': 1100, 'target_locked': False, 'tracking_bbox': (311, 231, 17, 17), 'attack_error_x': 0.0, 'attack_error_y': 0.0, 'target_size': 0.0, 'attack_active': False, 'attack_base_roll': 1500, 'attack_base_pitch': 1549, 'attack_base_yaw': 1500, 'attack_base_throttle': 1013, 'prev_attack_error_x': 0.0, 'prev_attack_time': None, 'prev_target_size': 0.0}
2026-04-03 10:37:01,497 - BEE-EPT-UA913 - DEBUG - Executing command: TELEMETRY, Priority: 2, Body: {'target': 'MSP_ALTITUDE'}
2026-04-03 10:37:01,504 - BEE-EPT-UA913 - DEBUG - Telemetry: b'\x08\x00\x00\x00\x00\x00'
2026-04-03 10:37:01,504 - BEE-EPT-UA913 - INFO - Autopilot state: {'connection': True, 'bee_state': 'READY', 'roll': 1500, 'pitch': 1500, 'yaw': 1500, 'throttle': 989, 'last_manual_roll': 1500, 'last_manual_pitch': 1500, 'last_manual_yaw': 1500, 'last_manual_throttle': 989, 'aux3': 1000, 'aux4': 1502, 'aux5': 1500, 'aux6': 1000, 'aux7': 1000, 'battery': 23.7, 'rssi': 914, 'rssi_msg': 'Strong signal', 'speed': 0.0, 'altitude': 0.08, 'caught': True, 'ready_hold_active': False, 'ready_hold_pending_capture': False, 'ready_hold_roll': 1500, 'ready_hold_pitch': 1500, 'ready_hold_yaw': 1500, 'ready_hold_throttle': 1100, 'target_locked': False, 'tracking_bbox': (311, 231, 17, 17), 'attack_error_x': 0.0, 'attack_error_y': 0.0, 'target_size': 0.0, 'attack_active': False, 'attack_base_roll': 1500, 'attack_base_pitch': 1549, 'attack_base_yaw': 1500, 'attack_base_throttle': 1013, 'prev_attack_error_x': 0.0, 'prev_attack_time': None, 'prev_target_size': 0.0}
2026-04-03 10:37:01,555 - BEE-EPT-UA913 - DEBUG - Executing command: TELEMETRY, Priority: 1, Body: {'target': 'MSP_RC'}
2026-04-03 10:37:01,567 - BEE-EPT-UA913 - DEBUG - Telemetry: b'\xdc\x05\xdc\x05\xdc\x05\xdd\x03\xd0\x07\xe8\x03\xe8\x03\xde\x05\xe8\x03\xe8\x03\xe8\x03\xfd\x05\xdc\x05\xdc\x05\xe8\x03\xe8\x03'
2026-04-03 10:37:01,567 - BEE-EPT-UA913 - INFO - Autopilot state: {'connection': True, 'bee_state': 'READY', 'roll': 1500, 'pitch': 1500, 'yaw': 1500, 'throttle': 989, 'last_manual_roll': 1500, 'last_manual_pitch': 1500, 'last_manual_yaw': 1500, 'last_manual_throttle': 989, 'aux3': 1000, 'aux4': 1502, 'aux5': 1500, 'aux6': 1000, 'aux7': 1000, 'battery': 23.7, 'rssi': 914, 'rssi_msg': 'Strong signal', 'speed': 0.0, 'altitude': 0.08, 'caught': True, 'ready_hold_active': False, 'ready_hold_pending_capture': False, 'ready_hold_roll': 1500, 'ready_hold_pitch': 1500, 'ready_hold_yaw': 1500, 'ready_hold_throttle': 1100, 'target_locked': False, 'tracking_bbox': (311, 231, 17, 17), 'attack_error_x': 0.0, 'attack_error_y': 0.0, 'target_size': 0.0, 'attack_active': False, 'attack_base_roll': 1500, 'attack_base_pitch': 1549, 'attack_base_yaw': 1500, 'attack_base_throttle': 1013, 'prev_attack_error_x': 0.0, 'prev_attack_time': None, 'prev_target_size': 0.0}
2026-04-03 10:37:01,617 - BEE-EPT-UA913 - DEBUG - Executing command: MONITOR, Priority: 2, Body: {'target': 'MSP_ANALOG'}
2026-04-03 10:37:01,625 - BEE-EPT-UA913 - DEBUG - Monitoring: b'\xed\x07\x00\x82\x03\x10\x00F\t'
2026-04-03 10:37:01,625 - BEE-EPT-UA913 - INFO - RSSI: 898, signal: Strong signal, battery voltage: 23.7V
2026-04-03 10:37:01,676 - BEE-EPT-UA913 - DEBUG - Executing command: TELEMETRY, Priority: 1, Body: {'target': 'MSP_RC'}
2026-04-03 10:37:01,687 - BEE-EPT-UA913 - DEBUG - Telemetry: b'\xdc\x05\xdc\x05\xdc\x05\xdd\x03\xd0\x07\xe8\x03\xe8\x03\xde\x05\xe8\x03\xe8\x03\xe8\x03\xfd\x05\xdc\x05\xdc\x05\xe8\x03\xe8\x03'
2026-04-03 10:37:01,687 - BEE-EPT-UA913 - INFO - Autopilot state: {'connection': True, 'bee_state': 'READY', 'roll': 1500, 'pitch': 1500, 'yaw': 1500, 'throttle': 989, 'last_manual_roll': 1500, 'last_manual_pitch': 1500, 'last_manual_yaw': 1500, 'last_manual_throttle': 989, 'aux3': 1000, 'aux4': 1502, 'aux5': 1500, 'aux6': 1000, 'aux7': 1000, 'battery': 23.7, 'rssi': 898, 'rssi_msg': 'Strong signal', 'speed': 0.0, 'altitude': 0.08, 'caught': True, 'ready_hold_active': False, 'ready_hold_pending_capture': False, 'ready_hold_roll': 1500, 'ready_hold_pitch': 1500, 'ready_hold_yaw': 1500, 'ready_hold_throttle': 1100, 'target_locked': False, 'tracking_bbox': (311, 231, 17, 17), 'attack_error_x': 0.0, 'attack_error_y': 0.0, 'target_size': 0.0, 'attack_active': False, 'attack_base_roll': 1500, 'attack_base_pitch': 1549, 'attack_base_yaw': 1500, 'attack_base_throttle': 1013, 'prev_attack_error_x': 0.0, 'prev_attack_time': None, 'prev_target_size': 0.0}
2026-04-03 10:37:01,738 - BEE-EPT-UA913 - DEBUG - Executing command: TELEMETRY, Priority: 1, Body: {'target': 'MSP_RC'}
2026-04-03 10:37:01,747 - BEE-EPT-UA913 - DEBUG - Telemetry: b'\xdc\x05\xdc\x05\xdc\x05\xdd\x03\xd0\x07\xe8\x03\xe8\x03\xde\x05\xe8\x03\xe8\x03\xe8\x03\xfd\x05\xdc\x05\xdc\x05\xe8\x03\xe8\x03'
2026-04-03 10:37:01,748 - BEE-EPT-UA913 - INFO - Autopilot state: {'connection': True, 'bee_state': 'READY', 'roll': 1500, 'pitch': 1500, 'yaw': 1500, 'throttle': 989, 'last_manual_roll': 1500, 'last_manual_pitch': 1500, 'last_manual_yaw': 1500, 'last_manual_throttle': 989, 'aux3': 1000, 'aux4': 1502, 'aux5': 1500, 'aux6': 1000, 'aux7': 1000, 'battery': 23.7, 'rssi': 898, 'rssi_msg': 'Strong signal', 'speed': 0.0, 'altitude': 0.08, 'caught': True, 'ready_hold_active': False, 'ready_hold_pending_capture': False, 'ready_hold_roll': 1500, 'ready_hold_pitch': 1500, 'ready_hold_yaw': 1500, 'ready_hold_throttle': 1100, 'target_locked': False, 'tracking_bbox': (311, 231, 17, 17), 'attack_error_x': 0.0, 'attack_error_y': 0.0, 'target_size': 0.0, 'attack_active': False, 'attack_base_roll': 1500, 'attack_base_pitch': 1549, 'attack_base_yaw': 1500, 'attack_base_throttle': 1013, 'prev_attack_error_x': 0.0, 'prev_attack_time': None, 'prev_target_size': 0.0}
2026-04-03 10:37:01,836 - BEE-EPT-UA913 - DEBUG - Executing command: TELEMETRY, Priority: 1, Body: {'target': 'MSP_RC'}
2026-04-03 10:37:01,848 - BEE-EPT-UA913 - DEBUG - Telemetry: b'\xdc\x05\xdc\x05\xdc\x05\xdd\x03\xd0\x07\xe8\x03\xe8\x03\xde\x05\xe8\x03\xe8\x03\xe8\x03\xfd\x05\xdc\x05\xdc\x05\xe8\x03\xe8\x03'
2026-04-03 10:37:01,848 - BEE-EPT-UA913 - INFO - Autopilot state: {'connection': True, 'bee_state': 'READY', 'roll': 1500, 'pitch': 1500, 'yaw': 1500, 'throttle': 989, 'last_manual_roll': 1500, 'last_manual_pitch': 1500, 'last_manual_yaw': 1500, 'last_manual_throttle': 989, 'aux3': 1000, 'aux4': 1502, 'aux5': 1500, 'aux6': 1000, 'aux7': 1000, 'battery': 23.7, 'rssi': 898, 'rssi_msg': 'Strong signal', 'speed': 0.0, 'altitude': 0.08, 'caught': True, 'ready_hold_active': False, 'ready_hold_pending_capture': False, 'ready_hold_roll': 1500, 'ready_hold_pitch': 1500, 'ready_hold_yaw': 1500, 'ready_hold_throttle': 1100, 'target_locked': False, 'tracking_bbox': (311, 231, 17, 17), 'attack_error_x': 0.0, 'attack_error_y': 0.0, 'target_size': 0.0, 'attack_active': False, 'attack_base_roll': 1500, 'attack_base_pitch': 1549, 'attack_base_yaw': 1500, 'attack_base_throttle': 1013, 'prev_attack_error_x': 0.0, 'prev_attack_time': None, 'prev_target_size': 0.0}
2026-04-03 10:37:01,936 - BEE-EPT-UA913 - DEBUG - Executing command: TELEMETRY, Priority: 1, Body: {'target': 'MSP_RC'}
2026-04-03 10:37:01,949 - BEE-EPT-UA913 - DEBUG - Telemetry: b'\xdc\x05\xdc\x05\xdc\x05\xdd\x03\xd0\x07\xe8\x03\xe8\x03\xde\x05\xe8\x03\xe8\x03\xe8\x03\xfd\x05\xdc\x05\xdc\x05\xe8\x03\xe8\x03'
2026-04-03 10:37:01,949 - BEE-EPT-UA913 - INFO - Autopilot state: {'connection': True, 'bee_state': 'READY', 'roll': 1500, 'pitch': 1500, 'yaw': 1500, 'throttle': 989, 'last_manual_roll': 1500, 'last_manual_pitch': 1500, 'last_manual_yaw': 1500, 'last_manual_throttle': 989, 'aux3': 1000, 'aux4': 1502, 'aux5': 1500, 'aux6': 1000, 'aux7': 1000, 'battery': 23.7, 'rssi': 898, 'rssi_msg': 'Strong signal', 'speed': 0.0, 'altitude': 0.08, 'caught': True, 'ready_hold_active': False, 'ready_hold_pending_capture': False, 'ready_hold_roll': 1500, 'ready_hold_pitch': 1500, 'ready_hold_yaw': 1500, 'ready_hold_throttle': 1100, 'target_locked': False, 'tracking_bbox': (311, 231, 17, 17), 'attack_error_x': 0.0, 'attack_error_y': 0.0, 'target_size': 0.0, 'attack_active': False, 'attack_base_roll': 1500, 'attack_base_pitch': 1549, 'attack_base_yaw': 1500, 'attack_base_throttle': 1013, 'prev_attack_error_x': 0.0, 'prev_attack_time': None, 'prev_target_size': 0.0}
2026-04-03 10:37:02,037 - BEE-EPT-UA913 - DEBUG - Executing command: TELEMETRY, Priority: 1, Body: {'target': 'MSP_RC'}
2026-04-03 10:37:02,049 - BEE-EPT-UA913 - DEBUG - Telemetry: b'\xdc\x05\xdc\x05\xdc\x05\xdd\x03\xd0\x07\xe8\x03\xe8\x03\xde\x05\xe8\x03\xe8\x03\xe8\x03\xfd\x05\xdc\x05\xdc\x05\xe8\x03\xe8\x03'
2026-04-03 10:37:02,049 - BEE-EPT-UA913 - INFO - Autopilot state: {'connection': True, 'bee_state': 'READY', 'roll': 1500, 'pitch': 1500, 'yaw': 1500, 'throttle': 989, 'last_manual_roll': 1500, 'last_manual_pitch': 1500, 'last_manual_yaw': 1500, 'last_manual_throttle': 989, 'aux3': 1000, 'aux4': 1502, 'aux5': 1500, 'aux6': 1000, 'aux7': 1000, 'battery': 23.7, 'rssi': 898, 'rssi_msg': 'Strong signal', 'speed': 0.0, 'altitude': 0.08, 'caught': True, 'ready_hold_active': False, 'ready_hold_pending_capture': False, 'ready_hold_roll': 1500, 'ready_hold_pitch': 1500, 'ready_hold_yaw': 1500, 'ready_hold_throttle': 1100, 'target_locked': False, 'tracking_bbox': (311, 231, 17, 17), 'attack_error_x': 0.0, 'attack_error_y': 0.0, 'target_size': 0.0, 'attack_active': False, 'attack_base_roll': 1500, 'attack_base_pitch': 1549, 'attack_base_yaw': 1500, 'attack_base_throttle': 1013, 'prev_attack_error_x': 0.0, 'prev_attack_time': None, 'prev_target_size': 0.0}
2026-04-03 10:37:02,137 - BEE-EPT-UA913 - DEBUG - Executing command: TELEMETRY, Priority: 1, Body: {'target': 'MSP_RC'}
2026-04-03 10:37:02,149 - BEE-EPT-UA913 - DEBUG - Telemetry: b'\xdc\x05\xdc\x05\xdc\x05\xdd\x03\xd0\x07\xe8\x03\xe8\x03\xde\x05\xe8\x03\xe8\x03\xe8\x03\xfd\x05\xdc\x05\xdc\x05\xe8\x03\xe8\x03'
2026-04-03 10:37:02,149 - BEE-EPT-UA913 - INFO - Autopilot state: {'connection': True, 'bee_state': 'READY', 'roll': 1500, 'pitch': 1500, 'yaw': 1500, 'throttle': 989, 'last_manual_roll': 1500, 'last_manual_pitch': 1500, 'last_manual_yaw': 1500, 'last_manual_throttle': 989, 'aux3': 1000, 'aux4': 1502, 'aux5': 1500, 'aux6': 1000, 'aux7': 1000, 'battery': 23.7, 'rssi': 898, 'rssi_msg': 'Strong signal', 'speed': 0.0, 'altitude': 0.08, 'caught': True, 'ready_hold_active': False, 'ready_hold_pending_capture': False, 'ready_hold_roll': 1500, 'ready_hold_pitch': 1500, 'ready_hold_yaw': 1500, 'ready_hold_throttle': 1100, 'target_locked': False, 'tracking_bbox': (311, 231, 17, 17), 'attack_error_x': 0.0, 'attack_error_y': 0.0, 'target_size': 0.0, 'attack_active': False, 'attack_base_roll': 1500, 'attack_base_pitch': 1549, 'attack_base_yaw': 1500, 'attack_base_throttle': 1013, 'prev_attack_error_x': 0.0, 'prev_attack_time': None, 'prev_target_size': 0.0}
2026-04-03 10:37:02,240 - BEE-EPT-UA913 - DEBUG - Executing command: TELEMETRY, Priority: 1, Body: {'target': 'MSP_RC'}
2026-04-03 10:37:02,250 - BEE-EPT-UA913 - DEBUG - Telemetry: b'\xdc\x05\xdc\x05\xdc\x05\xdd\x03\xd0\x07\xe8\x03\xe8\x03\xde\x05\xe8\x03\xe8\x03\xe8\x03\xfd\x05\xdc\x05\xdc\x05\xe8\x03\xe8\x03'
2026-04-03 10:37:02,250 - BEE-EPT-UA913 - INFO - Autopilot state: {'connection': True, 'bee_state': 'READY', 'roll': 1500, 'pitch': 1500, 'yaw': 1500, 'throttle': 989, 'last_manual_roll': 1500, 'last_manual_pitch': 1500, 'last_manual_yaw': 1500, 'last_manual_throttle': 989, 'aux3': 1000, 'aux4': 1502, 'aux5': 1500, 'aux6': 1000, 'aux7': 1000, 'battery': 23.7, 'rssi': 898, 'rssi_msg': 'Strong signal', 'speed': 0.0, 'altitude': 0.08, 'caught': True, 'ready_hold_active': False, 'ready_hold_pending_capture': False, 'ready_hold_roll': 1500, 'ready_hold_pitch': 1500, 'ready_hold_yaw': 1500, 'ready_hold_throttle': 1100, 'target_locked': False, 'tracking_bbox': (311, 231, 17, 17), 'attack_error_x': 0.0, 'attack_error_y': 0.0, 'target_size': 0.0, 'attack_active': False, 'attack_base_roll': 1500, 'attack_base_pitch': 1549, 'attack_base_yaw': 1500, 'attack_base_throttle': 1013, 'prev_attack_error_x': 0.0, 'prev_attack_time': None, 'prev_target_size': 0.0}
2026-04-03 10:37:02,340 - BEE-EPT-UA913 - DEBUG - Executing command: TELEMETRY, Priority: 1, Body: {'target': 'MSP_RC'}
2026-04-03 10:37:02,350 - BEE-EPT-UA913 - DEBUG - Telemetry: b'\xdc\x05\xdc\x05\xdc\x05\xdd\x03\xd0\x07\xe8\x03\xe8\x03\xde\x05\xe8\x03\xe8\x03\xe8\x03\xfd\x05\xdc\x05\xdc\x05\xe8\x03\xe8\x03'
2026-04-03 10:37:02,350 - BEE-EPT-UA913 - INFO - Autopilot state: {'connection': True, 'bee_state': 'READY', 'roll': 1500, 'pitch': 1500, 'yaw': 1500, 'throttle': 989, 'last_manual_roll': 1500, 'last_manual_pitch': 1500, 'last_manual_yaw': 1500, 'last_manual_throttle': 989, 'aux3': 1000, 'aux4': 1502, 'aux5': 1500, 'aux6': 1000, 'aux7': 1000, 'battery': 23.7, 'rssi': 898, 'rssi_msg': 'Strong signal', 'speed': 0.0, 'altitude': 0.08, 'caught': True, 'ready_hold_active': False, 'ready_hold_pending_capture': False, 'ready_hold_roll': 1500, 'ready_hold_pitch': 1500, 'ready_hold_yaw': 1500, 'ready_hold_throttle': 1100, 'target_locked': False, 'tracking_bbox': (311, 231, 17, 17), 'attack_error_x': 0.0, 'attack_error_y': 0.0, 'target_size': 0.0, 'attack_active': False, 'attack_base_roll': 1500, 'attack_base_pitch': 1549, 'attack_base_yaw': 1500, 'attack_base_throttle': 1013, 'prev_attack_error_x': 0.0, 'prev_attack_time': None, 'prev_target_size': 0.0}
2026-04-03 10:37:02,441 - BEE-EPT-UA913 - DEBUG - Executing command: TELEMETRY, Priority: 1, Body: {'target': 'MSP_RC'}
2026-04-03 10:37:02,450 - BEE-EPT-UA913 - DEBUG - Telemetry: b'\xdc\x05\xdc\x05\xdc\x05\xdd\x03\xd0\x07\xe8\x03\xe8\x03\xde\x05\xe8\x03\xe8\x03\xe8\x03\xfd\x05\xdc\x05\xdc\x05\xe8\x03\xe8\x03'
2026-04-03 10:37:02,451 - BEE-EPT-UA913 - INFO - Autopilot state: {'connection': True, 'bee_state': 'READY', 'roll': 1500, 'pitch': 1500, 'yaw': 1500, 'throttle': 989, 'last_manual_roll': 1500, 'last_manual_pitch': 1500, 'last_manual_yaw': 1500, 'last_manual_throttle': 989, 'aux3': 1000, 'aux4': 1502, 'aux5': 1500, 'aux6': 1000, 'aux7': 1000, 'battery': 23.7, 'rssi': 898, 'rssi_msg': 'Strong signal', 'speed': 0.0, 'altitude': 0.08, 'caught': True, 'ready_hold_active': False, 'ready_hold_pending_capture': False, 'ready_hold_roll': 1500, 'ready_hold_pitch': 1500, 'ready_hold_yaw': 1500, 'ready_hold_throttle': 1100, 'target_locked': False, 'tracking_bbox': (311, 231, 17, 17), 'attack_error_x': 0.0, 'attack_error_y': 0.0, 'target_size': 0.0, 'attack_active': False, 'attack_base_roll': 1500, 'attack_base_pitch': 1549, 'attack_base_yaw': 1500, 'attack_base_throttle': 1013, 'prev_attack_error_x': 0.0, 'prev_attack_time': None, 'prev_target_size': 0.0}
2026-04-03 10:37:02,501 - BEE-EPT-UA913 - DEBUG - Executing command: TELEMETRY, Priority: 2, Body: {'target': 'MSP_ALTITUDE'}
2026-04-03 10:37:02,508 - BEE-EPT-UA913 - DEBUG - Telemetry: b'\x0c\x00\x00\x00\x00\x00'
2026-04-03 10:37:02,509 - BEE-EPT-UA913 - INFO - Autopilot state: {'connection': True, 'bee_state': 'READY', 'roll': 1500, 'pitch': 1500, 'yaw': 1500, 'throttle': 989, 'last_manual_roll': 1500, 'last_manual_pitch': 1500, 'last_manual_yaw': 1500, 'last_manual_throttle': 989, 'aux3': 1000, 'aux4': 1502, 'aux5': 1500, 'aux6': 1000, 'aux7': 1000, 'battery': 23.7, 'rssi': 898, 'rssi_msg': 'Strong signal', 'speed': 0.0, 'altitude': 0.12, 'caught': True, 'ready_hold_active': False, 'ready_hold_pending_capture': False, 'ready_hold_roll': 1500, 'ready_hold_pitch': 1500, 'ready_hold_yaw': 1500, 'ready_hold_throttle': 1100, 'target_locked': False, 'tracking_bbox': (311, 231, 17, 17), 'attack_error_x': 0.0, 'attack_error_y': 0.0, 'target_size': 0.0, 'attack_active': False, 'attack_base_roll': 1500, 'attack_base_pitch': 1549, 'attack_base_yaw': 1500, 'attack_base_throttle': 1013, 'prev_attack_error_x': 0.0, 'prev_attack_time': None, 'prev_target_size': 0.0}
2026-04-03 10:37:02,559 - BEE-EPT-UA913 - DEBUG - Executing command: TELEMETRY, Priority: 1, Body: {'target': 'MSP_RC'}
2026-04-03 10:37:02,571 - BEE-EPT-UA913 - DEBUG - Telemetry: b'\xdc\x05\xdc\x05\xdc\x05\xdd\x03\xd0\x07\xe8\x03\xe8\x03\xde\x05\xe8\x03\xe8\x03\xe8\x03\xfd\x05\xdc\x05\xdc\x05\xe8\x03\xe8\x03'
2026-04-03 10:37:02,571 - BEE-EPT-UA913 - INFO - Autopilot state: {'connection': True, 'bee_state': 'READY', 'roll': 1500, 'pitch': 1500, 'yaw': 1500, 'throttle': 989, 'last_manual_roll': 1500, 'last_manual_pitch': 1500, 'last_manual_yaw': 1500, 'last_manual_throttle': 989, 'aux3': 1000, 'aux4': 1502, 'aux5': 1500, 'aux6': 1000, 'aux7': 1000, 'battery': 23.7, 'rssi': 898, 'rssi_msg': 'Strong signal', 'speed': 0.0, 'altitude': 0.12, 'caught': True, 'ready_hold_active': False, 'ready_hold_pending_capture': False, 'ready_hold_roll': 1500, 'ready_hold_pitch': 1500, 'ready_hold_yaw': 1500, 'ready_hold_throttle': 1100, 'target_locked': False, 'tracking_bbox': (311, 231, 17, 17), 'attack_error_x': 0.0, 'attack_error_y': 0.0, 'target_size': 0.0, 'attack_active': False, 'attack_base_roll': 1500, 'attack_base_pitch': 1549, 'attack_base_yaw': 1500, 'attack_base_throttle': 1013, 'prev_attack_error_x': 0.0, 'prev_attack_time': None, 'prev_target_size': 0.0}
2026-04-03 10:37:02,622 - BEE-EPT-UA913 - DEBUG - Executing command: MONITOR, Priority: 2, Body: {'target': 'MSP_ANALOG'}
2026-04-03 10:37:02,629 - BEE-EPT-UA913 - DEBUG - Monitoring: b'\xed\x07\x00l\x03\x10\x00F\t'
2026-04-03 10:37:02,630 - BEE-EPT-UA913 - INFO - RSSI: 876, signal: Strong signal, battery voltage: 23.7V
2026-04-03 10:37:02,680 - BEE-EPT-UA913 - DEBUG - Executing command: TELEMETRY, Priority: 1, Body: {'target': 'MSP_RC'}
2026-04-03 10:37:02,692 - BEE-EPT-UA913 - DEBUG - Telemetry: b'\xdc\x05\xdc\x05\xdc\x05\xdd\x03\xd0\x07\xe8\x03\xe8\x03\xde\x05\xe8\x03\xe8\x03\xe8\x03\xfd\x05\xdc\x05\xdc\x05\xe8\x03\xe8\x03'
2026-04-03 10:37:02,692 - BEE-EPT-UA913 - INFO - Autopilot state: {'connection': True, 'bee_state': 'READY', 'roll': 1500, 'pitch': 1500, 'yaw': 1500, 'throttle': 989, 'last_manual_roll': 1500, 'last_manual_pitch': 1500, 'last_manual_yaw': 1500, 'last_manual_throttle': 989, 'aux3': 1000, 'aux4': 1502, 'aux5': 1500, 'aux6': 1000, 'aux7': 1000, 'battery': 23.7, 'rssi': 876, 'rssi_msg': 'Strong signal', 'speed': 0.0, 'altitude': 0.12, 'caught': True, 'ready_hold_active': False, 'ready_hold_pending_capture': False, 'ready_hold_roll': 1500, 'ready_hold_pitch': 1500, 'ready_hold_yaw': 1500, 'ready_hold_throttle': 1100, 'target_locked': False, 'tracking_bbox': (311, 231, 17, 17), 'attack_error_x': 0.0, 'attack_error_y': 0.0, 'target_size': 0.0, 'attack_active': False, 'attack_base_roll': 1500, 'attack_base_pitch': 1549, 'attack_base_yaw': 1500, 'attack_base_throttle': 1013, 'prev_attack_error_x': 0.0, 'prev_attack_time': None, 'prev_target_size': 0.0}
2026-04-03 10:37:02,742 - BEE-EPT-UA913 - DEBUG - Executing command: TELEMETRY, Priority: 1, Body: {'target': 'MSP_RC'}
2026-04-03 10:37:02,752 - BEE-EPT-UA913 - DEBUG - Telemetry: b'\xdc\x05\xdc\x05\xdc\x05\xdd\x03\xd0\x07\xe8\x03\xe8\x03\xde\x05\xe8\x03\xe8\x03\xe8\x03\xfd\x05\xdc\x05\xdc\x05\xe8\x03\xe8\x03'
2026-04-03 10:37:02,752 - BEE-EPT-UA913 - INFO - Autopilot state: {'connection': True, 'bee_state': 'READY', 'roll': 1500, 'pitch': 1500, 'yaw': 1500, 'throttle': 989, 'last_manual_roll': 1500, 'last_manual_pitch': 1500, 'last_manual_yaw': 1500, 'last_manual_throttle': 989, 'aux3': 1000, 'aux4': 1502, 'aux5': 1500, 'aux6': 1000, 'aux7': 1000, 'battery': 23.7, 'rssi': 876, 'rssi_msg': 'Strong signal', 'speed': 0.0, 'altitude': 0.12, 'caught': True, 'ready_hold_active': False, 'ready_hold_pending_capture': False, 'ready_hold_roll': 1500, 'ready_hold_pitch': 1500, 'ready_hold_yaw': 1500, 'ready_hold_throttle': 1100, 'target_locked': False, 'tracking_bbox': (311, 231, 17, 17), 'attack_error_x': 0.0, 'attack_error_y': 0.0, 'target_size': 0.0, 'attack_active': False, 'attack_base_roll': 1500, 'attack_base_pitch': 1549, 'attack_base_yaw': 1500, 'attack_base_throttle': 1013, 'prev_attack_error_x': 0.0, 'prev_attack_time': None, 'prev_target_size': 0.0}
2026-04-03 10:37:02,844 - BEE-EPT-UA913 - DEBUG - Executing command: TELEMETRY, Priority: 1, Body: {'target': 'MSP_RC'}
2026-04-03 10:37:02,852 - BEE-EPT-UA913 - DEBUG - Telemetry: b'\xdc\x05\xdc\x05\xdc\x05\xdd\x03\xd0\x07\xe8\x03\xe8\x03\xde\x05\xe8\x03\xe8\x03\xe8\x03\xfd\x05\xdc\x05\xdc\x05\xe8\x03\xe8\x03'
2026-04-03 10:37:02,853 - BEE-EPT-UA913 - INFO - Autopilot state: {'connection': True, 'bee_state': 'READY', 'roll': 1500, 'pitch': 1500, 'yaw': 1500, 'throttle': 989, 'last_manual_roll': 1500, 'last_manual_pitch': 1500, 'last_manual_yaw': 1500, 'last_manual_throttle': 989, 'aux3': 1000, 'aux4': 1502, 'aux5': 1500, 'aux6': 1000, 'aux7': 1000, 'battery': 23.7, 'rssi': 876, 'rssi_msg': 'Strong signal', 'speed': 0.0, 'altitude': 0.12, 'caught': True, 'ready_hold_active': False, 'ready_hold_pending_capture': False, 'ready_hold_roll': 1500, 'ready_hold_pitch': 1500, 'ready_hold_yaw': 1500, 'ready_hold_throttle': 1100, 'target_locked': False, 'tracking_bbox': (311, 231, 17, 17), 'attack_error_x': 0.0, 'attack_error_y': 0.0, 'target_size': 0.0, 'attack_active': False, 'attack_base_roll': 1500, 'attack_base_pitch': 1549, 'attack_base_yaw': 1500, 'attack_base_throttle': 1013, 'prev_attack_error_x': 0.0, 'prev_attack_time': None, 'prev_target_size': 0.0}
2026-04-03 10:37:02,945 - BEE-EPT-UA913 - DEBUG - Executing command: TELEMETRY, Priority: 1, Body: {'target': 'MSP_RC'}
2026-04-03 10:37:02,953 - BEE-EPT-UA913 - DEBUG - Telemetry: b'\xdc\x05\xdc\x05\xdc\x05\xdd\x03\xd0\x07\xe8\x03\xe8\x03\xde\x05\xe8\x03\xe8\x03\xe8\x03\xfd\x05\xdc\x05\xdc\x05\xe8\x03\xe8\x03'
2026-04-03 10:37:02,953 - BEE-EPT-UA913 - INFO - Autopilot state: {'connection': True, 'bee_state': 'READY', 'roll': 1500, 'pitch': 1500, 'yaw': 1500, 'throttle': 989, 'last_manual_roll': 1500, 'last_manual_pitch': 1500, 'last_manual_yaw': 1500, 'last_manual_throttle': 989, 'aux3': 1000, 'aux4': 1502, 'aux5': 1500, 'aux6': 1000, 'aux7': 1000, 'battery': 23.7, 'rssi': 876, 'rssi_msg': 'Strong signal', 'speed': 0.0, 'altitude': 0.12, 'caught': True, 'ready_hold_active': False, 'ready_hold_pending_capture': False, 'ready_hold_roll': 1500, 'ready_hold_pitch': 1500, 'ready_hold_yaw': 1500, 'ready_hold_throttle': 1100, 'target_locked': False, 'tracking_bbox': (311, 231, 17, 17), 'attack_error_x': 0.0, 'attack_error_y': 0.0, 'target_size': 0.0, 'attack_active': False, 'attack_base_roll': 1500, 'attack_base_pitch': 1549, 'attack_base_yaw': 1500, 'attack_base_throttle': 1013, 'prev_attack_error_x': 0.0, 'prev_attack_time': None, 'prev_target_size': 0.0}
2026-04-03 10:37:03,045 - BEE-EPT-UA913 - DEBUG - Executing command: TELEMETRY, Priority: 1, Body: {'target': 'MSP_RC'}
2026-04-03 10:37:03,053 - BEE-EPT-UA913 - DEBUG - Telemetry: b'\xdc\x05\xdc\x05\xdc\x05\xdd\x03\xd0\x07\xe8\x03\xe8\x03\xde\x05\xe8\x03\xe8\x03\xe8\x03\xfd\x05\xdc\x05\xdc\x05\xe8\x03\xe8\x03'
2026-04-03 10:37:03,053 - BEE-EPT-UA913 - INFO - Autopilot state: {'connection': True, 'bee_state': 'READY', 'roll': 1500, 'pitch': 1500, 'yaw': 1500, 'throttle': 989, 'last_manual_roll': 1500, 'last_manual_pitch': 1500, 'last_manual_yaw': 1500, 'last_manual_throttle': 989, 'aux3': 1000, 'aux4': 1502, 'aux5': 1500, 'aux6': 1000, 'aux7': 1000, 'battery': 23.7, 'rssi': 876, 'rssi_msg': 'Strong signal', 'speed': 0.0, 'altitude': 0.12, 'caught': True, 'ready_hold_active': False, 'ready_hold_pending_capture': False, 'ready_hold_roll': 1500, 'ready_hold_pitch': 1500, 'ready_hold_yaw': 1500, 'ready_hold_throttle': 1100, 'target_locked': False, 'tracking_bbox': (311, 231, 17, 17), 'attack_error_x': 0.0, 'attack_error_y': 0.0, 'target_size': 0.0, 'attack_active': False, 'attack_base_roll': 1500, 'attack_base_pitch': 1549, 'attack_base_yaw': 1500, 'attack_base_throttle': 1013, 'prev_attack_error_x': 0.0, 'prev_attack_time': None, 'prev_target_size': 0.0}
2026-04-03 10:37:03,146 - BEE-EPT-UA913 - DEBUG - Executing command: TELEMETRY, Priority: 1, Body: {'target': 'MSP_RC'}
2026-04-03 10:37:03,154 - BEE-EPT-UA913 - DEBUG - Telemetry: b'\xdc\x05\xdc\x05\xdc\x05\xdd\x03\xd0\x07\xe8\x03\xe8\x03\xde\x05\xe8\x03\xe8\x03\xe8\x03\xfd\x05\xdc\x05\xdc\x05\xe8\x03\xe8\x03'
2026-04-03 10:37:03,154 - BEE-EPT-UA913 - INFO - Autopilot state: {'connection': True, 'bee_state': 'READY', 'roll': 1500, 'pitch': 1500, 'yaw': 1500, 'throttle': 989, 'last_manual_roll': 1500, 'last_manual_pitch': 1500, 'last_manual_yaw': 1500, 'last_manual_throttle': 989, 'aux3': 1000, 'aux4': 1502, 'aux5': 1500, 'aux6': 1000, 'aux7': 1000, 'battery': 23.7, 'rssi': 876, 'rssi_msg': 'Strong signal', 'speed': 0.0, 'altitude': 0.12, 'caught': True, 'ready_hold_active': False, 'ready_hold_pending_capture': False, 'ready_hold_roll': 1500, 'ready_hold_pitch': 1500, 'ready_hold_yaw': 1500, 'ready_hold_throttle': 1100, 'target_locked': False, 'tracking_bbox': (311, 231, 17, 17), 'attack_error_x': 0.0, 'attack_error_y': 0.0, 'target_size': 0.0, 'attack_active': False, 'attack_base_roll': 1500, 'attack_base_pitch': 1549, 'attack_base_yaw': 1500, 'attack_base_throttle': 1013, 'prev_attack_error_x': 0.0, 'prev_attack_time': None, 'prev_target_size': 0.0}
2026-04-03 10:37:03,247 - BEE-EPT-UA913 - DEBUG - Executing command: TELEMETRY, Priority: 1, Body: {'target': 'MSP_RC'}
2026-04-03 10:37:03,254 - BEE-EPT-UA913 - DEBUG - Telemetry: b'\xdc\x05\xdc\x05\xdc\x05\xdd\x03\xd0\x07\xe8\x03\xe8\x03\xde\x05\xe8\x03\xe8\x03\xe8\x03\xfd\x05\xdc\x05\xdc\x05\xe8\x03\xe8\x03'
2026-04-03 10:37:03,254 - BEE-EPT-UA913 - INFO - Autopilot state: {'connection': True, 'bee_state': 'READY', 'roll': 1500, 'pitch': 1500, 'yaw': 1500, 'throttle': 989, 'last_manual_roll': 1500, 'last_manual_pitch': 1500, 'last_manual_yaw': 1500, 'last_manual_throttle': 989, 'aux3': 1000, 'aux4': 1502, 'aux5': 1500, 'aux6': 1000, 'aux7': 1000, 'battery': 23.7, 'rssi': 876, 'rssi_msg': 'Strong signal', 'speed': 0.0, 'altitude': 0.12, 'caught': True, 'ready_hold_active': False, 'ready_hold_pending_capture': False, 'ready_hold_roll': 1500, 'ready_hold_pitch': 1500, 'ready_hold_yaw': 1500, 'ready_hold_throttle': 1100, 'target_locked': False, 'tracking_bbox': (311, 231, 17, 17), 'attack_error_x': 0.0, 'attack_error_y': 0.0, 'target_size': 0.0, 'attack_active': False, 'attack_base_roll': 1500, 'attack_base_pitch': 1549, 'attack_base_yaw': 1500, 'attack_base_throttle': 1013, 'prev_attack_error_x': 0.0, 'prev_attack_time': None, 'prev_target_size': 0.0}
2026-04-03 10:37:03,347 - BEE-EPT-UA913 - DEBUG - Executing command: TELEMETRY, Priority: 1, Body: {'target': 'MSP_RC'}
2026-04-03 10:37:03,355 - BEE-EPT-UA913 - DEBUG - Telemetry: b'\xdc\x05\xdc\x05\xdc\x05\xdd\x03\xd0\x07\xe8\x03\xe8\x03\xde\x05\xe8\x03\xe8\x03\xe8\x03\xfd\x05\xdc\x05\xdc\x05\xe8\x03\xe8\x03'
2026-04-03 10:37:03,355 - BEE-EPT-UA913 - INFO - Autopilot state: {'connection': True, 'bee_state': 'READY', 'roll': 1500, 'pitch': 1500, 'yaw': 1500, 'throttle': 989, 'last_manual_roll': 1500, 'last_manual_pitch': 1500, 'last_manual_yaw': 1500, 'last_manual_throttle': 989, 'aux3': 1000, 'aux4': 1502, 'aux5': 1500, 'aux6': 1000, 'aux7': 1000, 'battery': 23.7, 'rssi': 876, 'rssi_msg': 'Strong signal', 'speed': 0.0, 'altitude': 0.12, 'caught': True, 'ready_hold_active': False, 'ready_hold_pending_capture': False, 'ready_hold_roll': 1500, 'ready_hold_pitch': 1500, 'ready_hold_yaw': 1500, 'ready_hold_throttle': 1100, 'target_locked': False, 'tracking_bbox': (311, 231, 17, 17), 'attack_error_x': 0.0, 'attack_error_y': 0.0, 'target_size': 0.0, 'attack_active': False, 'attack_base_roll': 1500, 'attack_base_pitch': 1549, 'attack_base_yaw': 1500, 'attack_base_throttle': 1013, 'prev_attack_error_x': 0.0, 'prev_attack_time': None, 'prev_target_size': 0.0}
2026-04-03 10:37:03,448 - BEE-EPT-UA913 - DEBUG - Executing command: TELEMETRY, Priority: 1, Body: {'target': 'MSP_RC'}
2026-04-03 10:37:03,455 - BEE-EPT-UA913 - DEBUG - Telemetry: b'\xdc\x05\xdc\x05\xdc\x05\xdd\x03\xd0\x07\xe8\x03\xe8\x03\xde\x05\xe8\x03\xe8\x03\xe8\x03\xfd\x05\xdc\x05\xdc\x05\xe8\x03\xe8\x03'
2026-04-03 10:37:03,456 - BEE-EPT-UA913 - INFO - Autopilot state: {'connection': True, 'bee_state': 'READY', 'roll': 1500, 'pitch': 1500, 'yaw': 1500, 'throttle': 989, 'last_manual_roll': 1500, 'last_manual_pitch': 1500, 'last_manual_yaw': 1500, 'last_manual_throttle': 989, 'aux3': 1000, 'aux4': 1502, 'aux5': 1500, 'aux6': 1000, 'aux7': 1000, 'battery': 23.7, 'rssi': 876, 'rssi_msg': 'Strong signal', 'speed': 0.0, 'altitude': 0.12, 'caught': True, 'ready_hold_active': False, 'ready_hold_pending_capture': False, 'ready_hold_roll': 1500, 'ready_hold_pitch': 1500, 'ready_hold_yaw': 1500, 'ready_hold_throttle': 1100, 'target_locked': False, 'tracking_bbox': (311, 231, 17, 17), 'attack_error_x': 0.0, 'attack_error_y': 0.0, 'target_size': 0.0, 'attack_active': False, 'attack_base_roll': 1500, 'attack_base_pitch': 1549, 'attack_base_yaw': 1500, 'attack_base_throttle': 1013, 'prev_attack_error_x': 0.0, 'prev_attack_time': None, 'prev_target_size': 0.0}
2026-04-03 10:37:03,507 - BEE-EPT-UA913 - DEBUG - Executing command: TELEMETRY, Priority: 2, Body: {'target': 'MSP_ALTITUDE'}
2026-04-03 10:37:03,513 - BEE-EPT-UA913 - DEBUG - Telemetry: b'\x08\x00\x00\x00\x00\x00'
2026-04-03 10:37:03,514 - BEE-EPT-UA913 - INFO - Autopilot state: {'connection': True, 'bee_state': 'READY', 'roll': 1500, 'pitch': 1500, 'yaw': 1500, 'throttle': 989, 'last_manual_roll': 1500, 'last_manual_pitch': 1500, 'last_manual_yaw': 1500, 'last_manual_throttle': 989, 'aux3': 1000, 'aux4': 1502, 'aux5': 1500, 'aux6': 1000, 'aux7': 1000, 'battery': 23.7, 'rssi': 876, 'rssi_msg': 'Strong signal', 'speed': 0.0, 'altitude': 0.08, 'caught': True, 'ready_hold_active': False, 'ready_hold_pending_capture': False, 'ready_hold_roll': 1500, 'ready_hold_pitch': 1500, 'ready_hold_yaw': 1500, 'ready_hold_throttle': 1100, 'target_locked': False, 'tracking_bbox': (311, 231, 17, 17), 'attack_error_x': 0.0, 'attack_error_y': 0.0, 'target_size': 0.0, 'attack_active': False, 'attack_base_roll': 1500, 'attack_base_pitch': 1549, 'attack_base_yaw': 1500, 'attack_base_throttle': 1013, 'prev_attack_error_x': 0.0, 'prev_attack_time': None, 'prev_target_size': 0.0}
2026-04-03 10:37:03,564 - BEE-EPT-UA913 - DEBUG - Executing command: TELEMETRY, Priority: 1, Body: {'target': 'MSP_RC'}
2026-04-03 10:37:03,576 - BEE-EPT-UA913 - DEBUG - Telemetry: b'\xdc\x05\xdc\x05\xdc\x05\xdd\x03\xd0\x07\xe8\x03\xe8\x03\xde\x05\xe8\x03\xe8\x03\xe8\x03\xfd\x05\xdc\x05\xdc\x05\xe8\x03\xe8\x03'
2026-04-03 10:37:03,576 - BEE-EPT-UA913 - INFO - Autopilot state: {'connection': True, 'bee_state': 'READY', 'roll': 1500, 'pitch': 1500, 'yaw': 1500, 'throttle': 989, 'last_manual_roll': 1500, 'last_manual_pitch': 1500, 'last_manual_yaw': 1500, 'last_manual_throttle': 989, 'aux3': 1000, 'aux4': 1502, 'aux5': 1500, 'aux6': 1000, 'aux7': 1000, 'battery': 23.7, 'rssi': 876, 'rssi_msg': 'Strong signal', 'speed': 0.0, 'altitude': 0.08, 'caught': True, 'ready_hold_active': False, 'ready_hold_pending_capture': False, 'ready_hold_roll': 1500, 'ready_hold_pitch': 1500, 'ready_hold_yaw': 1500, 'ready_hold_throttle': 1100, 'target_locked': False, 'tracking_bbox': (311, 231, 17, 17), 'attack_error_x': 0.0, 'attack_error_y': 0.0, 'target_size': 0.0, 'attack_active': False, 'attack_base_roll': 1500, 'attack_base_pitch': 1549, 'attack_base_yaw': 1500, 'attack_base_throttle': 1013, 'prev_attack_error_x': 0.0, 'prev_attack_time': None, 'prev_target_size': 0.0}
2026-04-03 10:37:03,627 - BEE-EPT-UA913 - DEBUG - Executing command: MONITOR, Priority: 2, Body: {'target': 'MSP_ANALOG'}
2026-04-03 10:37:03,634 - BEE-EPT-UA913 - DEBUG - Monitoring: b'\xed\x07\x00Z\x03\x18\x00F\t'
2026-04-03 10:37:03,635 - BEE-EPT-UA913 - INFO - RSSI: 858, signal: Strong signal, battery voltage: 23.7V
2026-04-03 10:37:03,685 - BEE-EPT-UA913 - DEBUG - Executing command: TELEMETRY, Priority: 1, Body: {'target': 'MSP_RC'}
2026-04-03 10:37:03,696 - BEE-EPT-UA913 - DEBUG - Telemetry: b'\xdc\x05\xdc\x05\xdc\x05\xdd\x03\xd0\x07\xe8\x03\xe8\x03\xde\x05\xe8\x03\xe8\x03\xe8\x03\xfd\x05\xdc\x05\xdc\x05\xe8\x03\xe8\x03'
2026-04-03 10:37:03,697 - BEE-EPT-UA913 - INFO - Autopilot state: {'connection': True, 'bee_state': 'READY', 'roll': 1500, 'pitch': 1500, 'yaw': 1500, 'throttle': 989, 'last_manual_roll': 1500, 'last_manual_pitch': 1500, 'last_manual_yaw': 1500, 'last_manual_throttle': 989, 'aux3': 1000, 'aux4': 1502, 'aux5': 1500, 'aux6': 1000, 'aux7': 1000, 'battery': 23.7, 'rssi': 858, 'rssi_msg': 'Strong signal', 'speed': 0.0, 'altitude': 0.08, 'caught': True, 'ready_hold_active': False, 'ready_hold_pending_capture': False, 'ready_hold_roll': 1500, 'ready_hold_pitch': 1500, 'ready_hold_yaw': 1500, 'ready_hold_throttle': 1100, 'target_locked': False, 'tracking_bbox': (311, 231, 17, 17), 'attack_error_x': 0.0, 'attack_error_y': 0.0, 'target_size': 0.0, 'attack_active': False, 'attack_base_roll': 1500, 'attack_base_pitch': 1549, 'attack_base_yaw': 1500, 'attack_base_throttle': 1013, 'prev_attack_error_x': 0.0, 'prev_attack_time': None, 'prev_target_size': 0.0}
2026-04-03 10:37:03,749 - BEE-EPT-UA913 - DEBUG - Executing command: TELEMETRY, Priority: 1, Body: {'target': 'MSP_RC'}
2026-04-03 10:37:03,757 - BEE-EPT-UA913 - DEBUG - Telemetry: b'\xdc\x05\xdc\x05\xdc\x05\xdd\x03\xd0\x07\xe8\x03\xe8\x03\xde\x05\xe8\x03\xe8\x03\xe8\x03\xfd\x05\xdc\x05\xdc\x05\xe8\x03\xe8\x03'
2026-04-03 10:37:03,757 - BEE-EPT-UA913 - INFO - Autopilot state: {'connection': True, 'bee_state': 'READY', 'roll': 1500, 'pitch': 1500, 'yaw': 1500, 'throttle': 989, 'last_manual_roll': 1500, 'last_manual_pitch': 1500, 'last_manual_yaw': 1500, 'last_manual_throttle': 989, 'aux3': 1000, 'aux4': 1502, 'aux5': 1500, 'aux6': 1000, 'aux7': 1000, 'battery': 23.7, 'rssi': 858, 'rssi_msg': 'Strong signal', 'speed': 0.0, 'altitude': 0.08, 'caught': True, 'ready_hold_active': False, 'ready_hold_pending_capture': False, 'ready_hold_roll': 1500, 'ready_hold_pitch': 1500, 'ready_hold_yaw': 1500, 'ready_hold_throttle': 1100, 'target_locked': False, 'tracking_bbox': (311, 231, 17, 17), 'attack_error_x': 0.0, 'attack_error_y': 0.0, 'target_size': 0.0, 'attack_active': False, 'attack_base_roll': 1500, 'attack_base_pitch': 1549, 'attack_base_yaw': 1500, 'attack_base_throttle': 1013, 'prev_attack_error_x': 0.0, 'prev_attack_time': None, 'prev_target_size': 0.0}
2026-04-03 10:37:03,849 - BEE-EPT-UA913 - DEBUG - Executing command: TELEMETRY, Priority: 1, Body: {'target': 'MSP_RC'}
2026-04-03 10:37:03,857 - BEE-EPT-UA913 - DEBUG - Telemetry: b'\xdc\x05\xdc\x05\xdc\x05\xdd\x03\xd0\x07\xe8\x03\xe8\x03\xde\x05\xe8\x03\xe8\x03\xe8\x03\xfd\x05\xdc\x05\xdc\x05\xe8\x03\xe8\x03'
2026-04-03 10:37:03,857 - BEE-EPT-UA913 - INFO - Autopilot state: {'connection': True, 'bee_state': 'READY', 'roll': 1500, 'pitch': 1500, 'yaw': 1500, 'throttle': 989, 'last_manual_roll': 1500, 'last_manual_pitch': 1500, 'last_manual_yaw': 1500, 'last_manual_throttle': 989, 'aux3': 1000, 'aux4': 1502, 'aux5': 1500, 'aux6': 1000, 'aux7': 1000, 'battery': 23.7, 'rssi': 858, 'rssi_msg': 'Strong signal', 'speed': 0.0, 'altitude': 0.08, 'caught': True, 'ready_hold_active': False, 'ready_hold_pending_capture': False, 'ready_hold_roll': 1500, 'ready_hold_pitch': 1500, 'ready_hold_yaw': 1500, 'ready_hold_throttle': 1100, 'target_locked': False, 'tracking_bbox': (311, 231, 17, 17), 'attack_error_x': 0.0, 'attack_error_y': 0.0, 'target_size': 0.0, 'attack_active': False, 'attack_base_roll': 1500, 'attack_base_pitch': 1549, 'attack_base_yaw': 1500, 'attack_base_throttle': 1013, 'prev_attack_error_x': 0.0, 'prev_attack_time': None, 'prev_target_size': 0.0}
2026-04-03 10:37:03,949 - BEE-EPT-UA913 - DEBUG - Executing command: TELEMETRY, Priority: 1, Body: {'target': 'MSP_RC'}
2026-04-03 10:37:03,958 - BEE-EPT-UA913 - DEBUG - Telemetry: b'\xdc\x05\xdc\x05\xdc\x05\xdd\x03\xd0\x07\xe8\x03\xe8\x03\xde\x05\xe8\x03\xe8\x03\xe8\x03\xfd\x05\xdc\x05\xdc\x05\xe8\x03\xe8\x03'
2026-04-03 10:37:03,958 - BEE-EPT-UA913 - INFO - Autopilot state: {'connection': True, 'bee_state': 'READY', 'roll': 1500, 'pitch': 1500, 'yaw': 1500, 'throttle': 989, 'last_manual_roll': 1500, 'last_manual_pitch': 1500, 'last_manual_yaw': 1500, 'last_manual_throttle': 989, 'aux3': 1000, 'aux4': 1502, 'aux5': 1500, 'aux6': 1000, 'aux7': 1000, 'battery': 23.7, 'rssi': 858, 'rssi_msg': 'Strong signal', 'speed': 0.0, 'altitude': 0.08, 'caught': True, 'ready_hold_active': False, 'ready_hold_pending_capture': False, 'ready_hold_roll': 1500, 'ready_hold_pitch': 1500, 'ready_hold_yaw': 1500, 'ready_hold_throttle': 1100, 'target_locked': False, 'tracking_bbox': (311, 231, 17, 17), 'attack_error_x': 0.0, 'attack_error_y': 0.0, 'target_size': 0.0, 'attack_active': False, 'attack_base_roll': 1500, 'attack_base_pitch': 1549, 'attack_base_yaw': 1500, 'attack_base_throttle': 1013, 'prev_attack_error_x': 0.0, 'prev_attack_time': None, 'prev_target_size': 0.0}
2026-04-03 10:37:04,050 - BEE-EPT-UA913 - DEBUG - Executing command: TELEMETRY, Priority: 1, Body: {'target': 'MSP_RC'}
2026-04-03 10:37:04,059 - BEE-EPT-UA913 - DEBUG - Telemetry: b'\xdc\x05\xdc\x05\xdc\x05\xdd\x03\xd0\x07\xe8\x03\xe8\x03\xde\x05\xe8\x03\xe8\x03\xe8\x03\xfd\x05\xdc\x05\xdc\x05\xe8\x03\xe8\x03'
2026-04-03 10:37:04,059 - BEE-EPT-UA913 - INFO - Autopilot state: {'connection': True, 'bee_state': 'READY', 'roll': 1500, 'pitch': 1500, 'yaw': 1500, 'throttle': 989, 'last_manual_roll': 1500, 'last_manual_pitch': 1500, 'last_manual_yaw': 1500, 'last_manual_throttle': 989, 'aux3': 1000, 'aux4': 1502, 'aux5': 1500, 'aux6': 1000, 'aux7': 1000, 'battery': 23.7, 'rssi': 858, 'rssi_msg': 'Strong signal', 'speed': 0.0, 'altitude': 0.08, 'caught': True, 'ready_hold_active': False, 'ready_hold_pending_capture': False, 'ready_hold_roll': 1500, 'ready_hold_pitch': 1500, 'ready_hold_yaw': 1500, 'ready_hold_throttle': 1100, 'target_locked': False, 'tracking_bbox': (311, 231, 17, 17), 'attack_error_x': 0.0, 'attack_error_y': 0.0, 'target_size': 0.0, 'attack_active': False, 'attack_base_roll': 1500, 'attack_base_pitch': 1549, 'attack_base_yaw': 1500, 'attack_base_throttle': 1013, 'prev_attack_error_x': 0.0, 'prev_attack_time': None, 'prev_target_size': 0.0}
2026-04-03 10:37:04,150 - BEE-EPT-UA913 - DEBUG - Executing command: TELEMETRY, Priority: 1, Body: {'target': 'MSP_RC'}
2026-04-03 10:37:04,159 - BEE-EPT-UA913 - DEBUG - Telemetry: b'\xdc\x05\xdc\x05\xdc\x05\xdd\x03\xd0\x07\xe8\x03\xe8\x03\xde\x05\xe8\x03\xe8\x03\xe8\x03\xfd\x05\xdc\x05\xdc\x05\xe8\x03\xe8\x03'
2026-04-03 10:37:04,159 - BEE-EPT-UA913 - INFO - Autopilot state: {'connection': True, 'bee_state': 'READY', 'roll': 1500, 'pitch': 1500, 'yaw': 1500, 'throttle': 989, 'last_manual_roll': 1500, 'last_manual_pitch': 1500, 'last_manual_yaw': 1500, 'last_manual_throttle': 989, 'aux3': 1000, 'aux4': 1502, 'aux5': 1500, 'aux6': 1000, 'aux7': 1000, 'battery': 23.7, 'rssi': 858, 'rssi_msg': 'Strong signal', 'speed': 0.0, 'altitude': 0.08, 'caught': True, 'ready_hold_active': False, 'ready_hold_pending_capture': False, 'ready_hold_roll': 1500, 'ready_hold_pitch': 1500, 'ready_hold_yaw': 1500, 'ready_hold_throttle': 1100, 'target_locked': False, 'tracking_bbox': (311, 231, 17, 17), 'attack_error_x': 0.0, 'attack_error_y': 0.0, 'target_size': 0.0, 'attack_active': False, 'attack_base_roll': 1500, 'attack_base_pitch': 1549, 'attack_base_yaw': 1500, 'attack_base_throttle': 1013, 'prev_attack_error_x': 0.0, 'prev_attack_time': None, 'prev_target_size': 0.0}
2026-04-03 10:37:04,251 - BEE-EPT-UA913 - DEBUG - Executing command: TELEMETRY, Priority: 1, Body: {'target': 'MSP_RC'}
2026-04-03 10:37:04,259 - BEE-EPT-UA913 - DEBUG - Telemetry: b'\xdc\x05\xdc\x05\xdc\x05\xdd\x03\xd0\x07\xe8\x03\xe8\x03\xde\x05\xe8\x03\xe8\x03\xe8\x03\xfd\x05\xdc\x05\xdc\x05\xe8\x03\xe8\x03'
2026-04-03 10:37:04,260 - BEE-EPT-UA913 - INFO - Autopilot state: {'connection': True, 'bee_state': 'READY', 'roll': 1500, 'pitch': 1500, 'yaw': 1500, 'throttle': 989, 'last_manual_roll': 1500, 'last_manual_pitch': 1500, 'last_manual_yaw': 1500, 'last_manual_throttle': 989, 'aux3': 1000, 'aux4': 1502, 'aux5': 1500, 'aux6': 1000, 'aux7': 1000, 'battery': 23.7, 'rssi': 858, 'rssi_msg': 'Strong signal', 'speed': 0.0, 'altitude': 0.08, 'caught': True, 'ready_hold_active': False, 'ready_hold_pending_capture': False, 'ready_hold_roll': 1500, 'ready_hold_pitch': 1500, 'ready_hold_yaw': 1500, 'ready_hold_throttle': 1100, 'target_locked': False, 'tracking_bbox': (311, 231, 17, 17), 'attack_error_x': 0.0, 'attack_error_y': 0.0, 'target_size': 0.0, 'attack_active': False, 'attack_base_roll': 1500, 'attack_base_pitch': 1549, 'attack_base_yaw': 1500, 'attack_base_throttle': 1013, 'prev_attack_error_x': 0.0, 'prev_attack_time': None, 'prev_target_size': 0.0}
2026-04-03 10:37:04,351 - BEE-EPT-UA913 - DEBUG - Executing command: TELEMETRY, Priority: 1, Body: {'target': 'MSP_RC'}
2026-04-03 10:37:04,360 - BEE-EPT-UA913 - DEBUG - Telemetry: b'\xdc\x05\xdc\x05\xdc\x05\xdd\x03\xd0\x07\xe8\x03\xe8\x03\xde\x05\xe8\x03\xe8\x03\xe8\x03\xfd\x05\xdc\x05\xdc\x05\xe8\x03\xe8\x03'
2026-04-03 10:37:04,361 - BEE-EPT-UA913 - INFO - Autopilot state: {'connection': True, 'bee_state': 'READY', 'roll': 1500, 'pitch': 1500, 'yaw': 1500, 'throttle': 989, 'last_manual_roll': 1500, 'last_manual_pitch': 1500, 'last_manual_yaw': 1500, 'last_manual_throttle': 989, 'aux3': 1000, 'aux4': 1502, 'aux5': 1500, 'aux6': 1000, 'aux7': 1000, 'battery': 23.7, 'rssi': 858, 'rssi_msg': 'Strong signal', 'speed': 0.0, 'altitude': 0.08, 'caught': True, 'ready_hold_active': False, 'ready_hold_pending_capture': False, 'ready_hold_roll': 1500, 'ready_hold_pitch': 1500, 'ready_hold_yaw': 1500, 'ready_hold_throttle': 1100, 'target_locked': False, 'tracking_bbox': (311, 231, 17, 17), 'attack_error_x': 0.0, 'attack_error_y': 0.0, 'target_size': 0.0, 'attack_active': False, 'attack_base_roll': 1500, 'attack_base_pitch': 1549, 'attack_base_yaw': 1500, 'attack_base_throttle': 1013, 'prev_attack_error_x': 0.0, 'prev_attack_time': None, 'prev_target_size': 0.0}
2026-04-03 10:37:04,451 - BEE-EPT-UA913 - DEBUG - Executing command: TELEMETRY, Priority: 1, Body: {'target': 'MSP_RC'}
2026-04-03 10:37:04,460 - BEE-EPT-UA913 - DEBUG - Telemetry: b'\xdc\x05\xdc\x05\xdc\x05\xdd\x03\xd0\x07\xe8\x03\xe8\x03\xde\x05\xe8\x03\xe8\x03\xe8\x03\xfd\x05\xdc\x05\xdc\x05\xe8\x03\xe8\x03'
2026-04-03 10:37:04,461 - BEE-EPT-UA913 - INFO - Autopilot state: {'connection': True, 'bee_state': 'READY', 'roll': 1500, 'pitch': 1500, 'yaw': 1500, 'throttle': 989, 'last_manual_roll': 1500, 'last_manual_pitch': 1500, 'last_manual_yaw': 1500, 'last_manual_throttle': 989, 'aux3': 1000, 'aux4': 1502, 'aux5': 1500, 'aux6': 1000, 'aux7': 1000, 'battery': 23.7, 'rssi': 858, 'rssi_msg': 'Strong signal', 'speed': 0.0, 'altitude': 0.08, 'caught': True, 'ready_hold_active': False, 'ready_hold_pending_capture': False, 'ready_hold_roll': 1500, 'ready_hold_pitch': 1500, 'ready_hold_yaw': 1500, 'ready_hold_throttle': 1100, 'target_locked': False, 'tracking_bbox': (311, 231, 17, 17), 'attack_error_x': 0.0, 'attack_error_y': 0.0, 'target_size': 0.0, 'attack_active': False, 'attack_base_roll': 1500, 'attack_base_pitch': 1549, 'attack_base_yaw': 1500, 'attack_base_throttle': 1013, 'prev_attack_error_x': 0.0, 'prev_attack_time': None, 'prev_target_size': 0.0}
2026-04-03 10:37:04,511 - BEE-EPT-UA913 - DEBUG - Executing command: TELEMETRY, Priority: 2, Body: {'target': 'MSP_ALTITUDE'}
2026-04-03 10:37:04,518 - BEE-EPT-UA913 - DEBUG - Telemetry: b'\x08\x00\x00\x00\x00\x00'
2026-04-03 10:37:04,519 - BEE-EPT-UA913 - INFO - Autopilot state: {'connection': True, 'bee_state': 'READY', 'roll': 1500, 'pitch': 1500, 'yaw': 1500, 'throttle': 989, 'last_manual_roll': 1500, 'last_manual_pitch': 1500, 'last_manual_yaw': 1500, 'last_manual_throttle': 989, 'aux3': 1000, 'aux4': 1502, 'aux5': 1500, 'aux6': 1000, 'aux7': 1000, 'battery': 23.7, 'rssi': 858, 'rssi_msg': 'Strong signal', 'speed': 0.0, 'altitude': 0.08, 'caught': True, 'ready_hold_active': False, 'ready_hold_pending_capture': False, 'ready_hold_roll': 1500, 'ready_hold_pitch': 1500, 'ready_hold_yaw': 1500, 'ready_hold_throttle': 1100, 'target_locked': False, 'tracking_bbox': (311, 231, 17, 17), 'attack_error_x': 0.0, 'attack_error_y': 0.0, 'target_size': 0.0, 'attack_active': False, 'attack_base_roll': 1500, 'attack_base_pitch': 1549, 'attack_base_yaw': 1500, 'attack_base_throttle': 1013, 'prev_attack_error_x': 0.0, 'prev_attack_time': None, 'prev_target_size': 0.0}
2026-04-03 10:37:04,569 - BEE-EPT-UA913 - DEBUG - Executing command: TELEMETRY, Priority: 1, Body: {'target': 'MSP_RC'}
2026-04-03 10:37:04,581 - BEE-EPT-UA913 - DEBUG - Telemetry: b'\xdc\x05\xdc\x05\xdc\x05\xdd\x03\xd0\x07\xe8\x03\xe8\x03\xde\x05\xe8\x03\xe8\x03\xe8\x03\xfd\x05\xdc\x05\xdc\x05\xe8\x03\xe8\x03'
2026-04-03 10:37:04,582 - BEE-EPT-UA913 - INFO - Autopilot state: {'connection': True, 'bee_state': 'READY', 'roll': 1500, 'pitch': 1500, 'yaw': 1500, 'throttle': 989, 'last_manual_roll': 1500, 'last_manual_pitch': 1500, 'last_manual_yaw': 1500, 'last_manual_throttle': 989, 'aux3': 1000, 'aux4': 1502, 'aux5': 1500, 'aux6': 1000, 'aux7': 1000, 'battery': 23.7, 'rssi': 858, 'rssi_msg': 'Strong signal', 'speed': 0.0, 'altitude': 0.08, 'caught': True, 'ready_hold_active': False, 'ready_hold_pending_capture': False, 'ready_hold_roll': 1500, 'ready_hold_pitch': 1500, 'ready_hold_yaw': 1500, 'ready_hold_throttle': 1100, 'target_locked': False, 'tracking_bbox': (311, 231, 17, 17), 'attack_error_x': 0.0, 'attack_error_y': 0.0, 'target_size': 0.0, 'attack_active': False, 'attack_base_roll': 1500, 'attack_base_pitch': 1549, 'attack_base_yaw': 1500, 'attack_base_throttle': 1013, 'prev_attack_error_x': 0.0, 'prev_attack_time': None, 'prev_target_size': 0.0}
2026-04-03 10:37:04,632 - BEE-EPT-UA913 - DEBUG - Executing command: MONITOR, Priority: 2, Body: {'target': 'MSP_ANALOG'}
2026-04-03 10:37:04,639 - BEE-EPT-UA913 - DEBUG - Monitoring: b'\xed\x07\x00\x95\x03\x14\x00F\t'
2026-04-03 10:37:04,639 - BEE-EPT-UA913 - INFO - RSSI: 917, signal: Strong signal, battery voltage: 23.7V
2026-04-03 10:37:04,690 - BEE-EPT-UA913 - DEBUG - Executing command: TELEMETRY, Priority: 1, Body: {'target': 'MSP_RC'}
2026-04-03 10:37:04,701 - BEE-EPT-UA913 - DEBUG - Telemetry: b'\xdc\x05\xdc\x05\xdc\x05\xdd\x03\xd0\x07\xe8\x03\xe8\x03\xde\x05\xe8\x03\xe8\x03\xe8\x03\xfd\x05\xdc\x05\xdc\x05\xe8\x03\xe8\x03'
2026-04-03 10:37:04,702 - BEE-EPT-UA913 - INFO - Autopilot state: {'connection': True, 'bee_state': 'READY', 'roll': 1500, 'pitch': 1500, 'yaw': 1500, 'throttle': 989, 'last_manual_roll': 1500, 'last_manual_pitch': 1500, 'last_manual_yaw': 1500, 'last_manual_throttle': 989, 'aux3': 1000, 'aux4': 1502, 'aux5': 1500, 'aux6': 1000, 'aux7': 1000, 'battery': 23.7, 'rssi': 917, 'rssi_msg': 'Strong signal', 'speed': 0.0, 'altitude': 0.08, 'caught': True, 'ready_hold_active': False, 'ready_hold_pending_capture': False, 'ready_hold_roll': 1500, 'ready_hold_pitch': 1500, 'ready_hold_yaw': 1500, 'ready_hold_throttle': 1100, 'target_locked': False, 'tracking_bbox': (311, 231, 17, 17), 'attack_error_x': 0.0, 'attack_error_y': 0.0, 'target_size': 0.0, 'attack_active': False, 'attack_base_roll': 1500, 'attack_base_pitch': 1549, 'attack_base_yaw': 1500, 'attack_base_throttle': 1013, 'prev_attack_error_x': 0.0, 'prev_attack_time': None, 'prev_target_size': 0.0}
2026-04-03 10:37:04,752 - BEE-EPT-UA913 - DEBUG - Executing command: TELEMETRY, Priority: 1, Body: {'target': 'MSP_RC'}
2026-04-03 10:37:04,762 - BEE-EPT-UA913 - DEBUG - Telemetry: b'\xdc\x05\xdc\x05\xdc\x05\xdd\x03\xd0\x07\xe8\x03\xe8\x03\xde\x05\xe8\x03\xe8\x03\xe8\x03\xfd\x05\xdc\x05\xdc\x05\xe8\x03\xe8\x03'
2026-04-03 10:37:04,763 - BEE-EPT-UA913 - INFO - Autopilot state: {'connection': True, 'bee_state': 'READY', 'roll': 1500, 'pitch': 1500, 'yaw': 1500, 'throttle': 989, 'last_manual_roll': 1500, 'last_manual_pitch': 1500, 'last_manual_yaw': 1500, 'last_manual_throttle': 989, 'aux3': 1000, 'aux4': 1502, 'aux5': 1500, 'aux6': 1000, 'aux7': 1000, 'battery': 23.7, 'rssi': 917, 'rssi_msg': 'Strong signal', 'speed': 0.0, 'altitude': 0.08, 'caught': True, 'ready_hold_active': False, 'ready_hold_pending_capture': False, 'ready_hold_roll': 1500, 'ready_hold_pitch': 1500, 'ready_hold_yaw': 1500, 'ready_hold_throttle': 1100, 'target_locked': False, 'tracking_bbox': (311, 231, 17, 17), 'attack_error_x': 0.0, 'attack_error_y': 0.0, 'target_size': 0.0, 'attack_active': False, 'attack_base_roll': 1500, 'attack_base_pitch': 1549, 'attack_base_yaw': 1500, 'attack_base_throttle': 1013, 'prev_attack_error_x': 0.0, 'prev_attack_time': None, 'prev_target_size': 0.0}
2026-04-03 10:37:04,853 - BEE-EPT-UA913 - DEBUG - Executing command: TELEMETRY, Priority: 1, Body: {'target': 'MSP_RC'}
2026-04-03 10:37:04,862 - BEE-EPT-UA913 - DEBUG - Telemetry: b'\xdc\x05\xdc\x05\xdc\x05\xdd\x03\xd0\x07\xe8\x03\xe8\x03\xde\x05\xe8\x03\xe8\x03\xe8\x03\xfd\x05\xdc\x05\xdc\x05\xe8\x03\xe8\x03'
2026-04-03 10:37:04,862 - BEE-EPT-UA913 - INFO - Autopilot state: {'connection': True, 'bee_state': 'READY', 'roll': 1500, 'pitch': 1500, 'yaw': 1500, 'throttle': 989, 'last_manual_roll': 1500, 'last_manual_pitch': 1500, 'last_manual_yaw': 1500, 'last_manual_throttle': 989, 'aux3': 1000, 'aux4': 1502, 'aux5': 1500, 'aux6': 1000, 'aux7': 1000, 'battery': 23.7, 'rssi': 917, 'rssi_msg': 'Strong signal', 'speed': 0.0, 'altitude': 0.08, 'caught': True, 'ready_hold_active': False, 'ready_hold_pending_capture': False, 'ready_hold_roll': 1500, 'ready_hold_pitch': 1500, 'ready_hold_yaw': 1500, 'ready_hold_throttle': 1100, 'target_locked': False, 'tracking_bbox': (311, 231, 17, 17), 'attack_error_x': 0.0, 'attack_error_y': 0.0, 'target_size': 0.0, 'attack_active': False, 'attack_base_roll': 1500, 'attack_base_pitch': 1549, 'attack_base_yaw': 1500, 'attack_base_throttle': 1013, 'prev_attack_error_x': 0.0, 'prev_attack_time': None, 'prev_target_size': 0.0}
2026-04-03 10:37:04,953 - BEE-EPT-UA913 - DEBUG - Executing command: TELEMETRY, Priority: 1, Body: {'target': 'MSP_RC'}
2026-04-03 10:37:04,963 - BEE-EPT-UA913 - DEBUG - Telemetry: b'\xdc\x05\xdc\x05\xdc\x05\xdd\x03\xd0\x07\xe8\x03\xe8\x03\xde\x05\xe8\x03\xe8\x03\xe8\x03\xfd\x05\xdc\x05\xdc\x05\xe8\x03\xe8\x03'
2026-04-03 10:37:04,963 - BEE-EPT-UA913 - INFO - Autopilot state: {'connection': True, 'bee_state': 'READY', 'roll': 1500, 'pitch': 1500, 'yaw': 1500, 'throttle': 989, 'last_manual_roll': 1500, 'last_manual_pitch': 1500, 'last_manual_yaw': 1500, 'last_manual_throttle': 989, 'aux3': 1000, 'aux4': 1502, 'aux5': 1500, 'aux6': 1000, 'aux7': 1000, 'battery': 23.7, 'rssi': 917, 'rssi_msg': 'Strong signal', 'speed': 0.0, 'altitude': 0.08, 'caught': True, 'ready_hold_active': False, 'ready_hold_pending_capture': False, 'ready_hold_roll': 1500, 'ready_hold_pitch': 1500, 'ready_hold_yaw': 1500, 'ready_hold_throttle': 1100, 'target_locked': False, 'tracking_bbox': (311, 231, 17, 17), 'attack_error_x': 0.0, 'attack_error_y': 0.0, 'target_size': 0.0, 'attack_active': False, 'attack_base_roll': 1500, 'attack_base_pitch': 1549, 'attack_base_yaw': 1500, 'attack_base_throttle': 1013, 'prev_attack_error_x': 0.0, 'prev_attack_time': None, 'prev_target_size': 0.0}
2026-04-03 10:37:05,054 - BEE-EPT-UA913 - DEBUG - Executing command: TELEMETRY, Priority: 1, Body: {'target': 'MSP_RC'}
2026-04-03 10:37:05,064 - BEE-EPT-UA913 - DEBUG - Telemetry: b'\xdc\x05\xdc\x05\xdc\x05\xdd\x03\xd0\x07\xe8\x03\xe8\x03\xde\x05\xe8\x03\xe8\x03\xe8\x03\xfd\x05\xdc\x05\xdc\x05\xe8\x03\xe8\x03'
2026-04-03 10:37:05,065 - BEE-EPT-UA913 - INFO - Autopilot state: {'connection': True, 'bee_state': 'READY', 'roll': 1500, 'pitch': 1500, 'yaw': 1500, 'throttle': 989, 'last_manual_roll': 1500, 'last_manual_pitch': 1500, 'last_manual_yaw': 1500, 'last_manual_throttle': 989, 'aux3': 1000, 'aux4': 1502, 'aux5': 1500, 'aux6': 1000, 'aux7': 1000, 'battery': 23.7, 'rssi': 917, 'rssi_msg': 'Strong signal', 'speed': 0.0, 'altitude': 0.08, 'caught': True, 'ready_hold_active': False, 'ready_hold_pending_capture': False, 'ready_hold_roll': 1500, 'ready_hold_pitch': 1500, 'ready_hold_yaw': 1500, 'ready_hold_throttle': 1100, 'target_locked': False, 'tracking_bbox': (311, 231, 17, 17), 'attack_error_x': 0.0, 'attack_error_y': 0.0, 'target_size': 0.0, 'attack_active': False, 'attack_base_roll': 1500, 'attack_base_pitch': 1549, 'attack_base_yaw': 1500, 'attack_base_throttle': 1013, 'prev_attack_error_x': 0.0, 'prev_attack_time': None, 'prev_target_size': 0.0}
2026-04-03 10:37:05,154 - BEE-EPT-UA913 - DEBUG - Executing command: TELEMETRY, Priority: 1, Body: {'target': 'MSP_RC'}
2026-04-03 10:37:05,163 - BEE-EPT-UA913 - DEBUG - Telemetry: b'\xdc\x05?\x06\xdc\x05\x02\x04\xd0\x07\xe8\x03\xe8\x03\xd0\x07\xe8\x03\xe8\x03\xe8\x03\xfd\x05\xdc\x05\xdc\x05\xe8\x03\xe8\x03'
2026-04-03 10:37:05,164 - BEE-EPT-UA913 - INFO - Bee state changed to [ATACK]
2026-04-03 10:37:05,164 - BEE-EPT-UA913 - INFO - Autopilot state: {'connection': True, 'bee_state': 'ATACK', 'roll': 1500, 'pitch': 1599, 'yaw': 1500, 'throttle': 1026, 'last_manual_roll': 1500, 'last_manual_pitch': 1599, 'last_manual_yaw': 1500, 'last_manual_throttle': 1026, 'aux3': 1000, 'aux4': 2000, 'aux5': 1500, 'aux6': 1000, 'aux7': 1000, 'battery': 23.7, 'rssi': 917, 'rssi_msg': 'Strong signal', 'speed': 0.0, 'altitude': 0.08, 'caught': True, 'ready_hold_active': False, 'ready_hold_pending_capture': False, 'ready_hold_roll': 1500, 'ready_hold_pitch': 1500, 'ready_hold_yaw': 1500, 'ready_hold_throttle': 1100, 'target_locked': False, 'tracking_bbox': (311, 231, 17, 17), 'attack_error_x': 0.0, 'attack_error_y': 0.0, 'target_size': 0.0, 'attack_active': False, 'attack_base_roll': 1500, 'attack_base_pitch': 1599, 'attack_base_yaw': 1500, 'attack_base_throttle': 1026, 'prev_attack_error_x': 0.0, 'prev_attack_time': None, 'prev_target_size': 0.0}
2026-04-03 10:37:05,214 - BEE-EPT-UA913 - DEBUG - Executing command: ATACK, Priority: 0, Body: {'previous_mode': 'READY'}
2026-04-03 10:37:05,216 - BEE-EPT-UA913 - INFO - [ATACK MODE STARTED]
2026-04-03 10:37:05,266 - BEE-EPT-UA913 - DEBUG - Executing command: TELEMETRY, Priority: 1, Body: {'target': 'MSP_RC'}
2026-04-03 10:37:05,284 - BEE-EPT-UA913 - DEBUG - Telemetry: b'\xdc\x05?\x06\xdc\x05\x02\x04\xd0\x07\xe8\x03\xe8\x03\xd0\x07\xe8\x03\xe8\x03\xe8\x03\xfd\x05\xdc\x05\xdc\x05\xe8\x03\xe8\x03'
2026-04-03 10:37:05,285 - BEE-EPT-UA913 - INFO - Autopilot state: {'connection': True, 'bee_state': 'ATACK', 'roll': 1500, 'pitch': 1599, 'yaw': 1500, 'throttle': 1026, 'last_manual_roll': 1500, 'last_manual_pitch': 1599, 'last_manual_yaw': 1500, 'last_manual_throttle': 1026, 'aux3': 1000, 'aux4': 2000, 'aux5': 1500, 'aux6': 1000, 'aux7': 1000, 'battery': 23.7, 'rssi': 917, 'rssi_msg': 'Strong signal', 'speed': 0.0, 'altitude': 0.08, 'caught': True, 'ready_hold_active': False, 'ready_hold_pending_capture': False, 'ready_hold_roll': 1500, 'ready_hold_pitch': 1500, 'ready_hold_yaw': 1500, 'ready_hold_throttle': 1100, 'target_locked': False, 'tracking_bbox': (311, 231, 17, 17), 'attack_error_x': 0.0, 'attack_error_y': 0.0, 'target_size': 0.0, 'attack_active': True, 'attack_base_roll': 1500, 'attack_base_pitch': 1599, 'attack_base_yaw': 1500, 'attack_base_throttle': 1026, 'prev_attack_error_x': 0.0, 'prev_attack_time': 169.06583987, 'prev_target_size': 0.0}
2026-04-03 10:37:05,336 - BEE-EPT-UA913 - DEBUG - Executing command: TELEMETRY, Priority: 2, Body: {'target': 'MSP_ALTITUDE'}
2026-04-03 10:37:05,342 - BEE-EPT-UA913 - DEBUG - Telemetry: b'\x08\x00\x00\x00\x00\x00'
2026-04-03 10:37:05,343 - BEE-EPT-UA913 - INFO - Autopilot state: {'connection': True, 'bee_state': 'ATACK', 'roll': 1500, 'pitch': 1599, 'yaw': 1500, 'throttle': 1026, 'last_manual_roll': 1500, 'last_manual_pitch': 1599, 'last_manual_yaw': 1500, 'last_manual_throttle': 1026, 'aux3': 1000, 'aux4': 2000, 'aux5': 1500, 'aux6': 1000, 'aux7': 1000, 'battery': 23.7, 'rssi': 917, 'rssi_msg': 'Strong signal', 'speed': 0.0, 'altitude': 0.08, 'caught': True, 'ready_hold_active': False, 'ready_hold_pending_capture': False, 'ready_hold_roll': 1500, 'ready_hold_pitch': 1500, 'ready_hold_yaw': 1500, 'ready_hold_throttle': 1100, 'target_locked': False, 'tracking_bbox': (311, 231, 17, 17), 'attack_error_x': 0.0, 'attack_error_y': 0.0, 'target_size': 0.0, 'attack_active': True, 'attack_base_roll': 1500, 'attack_base_pitch': 1599, 'attack_base_yaw': 1500, 'attack_base_throttle': 1026, 'prev_attack_error_x': 0.0, 'prev_attack_time': 169.116207443, 'prev_target_size': 0.0}
2026-04-03 10:37:05,393 - BEE-EPT-UA913 - DEBUG - Executing command: TELEMETRY, Priority: 1, Body: {'target': 'MSP_RC'}
2026-04-03 10:37:05,405 - BEE-EPT-UA913 - DEBUG - Telemetry: b'\xdc\x05?\x06\xdc\x05\x02\x04\xd0\x07\xe8\x03\xe8\x03\xde\x05\xe8\x03\xe8\x03\xe8\x03\xfd\x05\xdc\x05\xdc\x05\xe8\x03\xe8\x03'
2026-04-03 10:37:05,405 - BEE-EPT-UA913 - INFO - Bee state changed to [READY]
2026-04-03 10:37:05,420 - BEE-EPT-UA913 - INFO - [ATACK MODE STOPPED]
2026-04-03 10:37:05,420 - BEE-EPT-UA913 - INFO - Autopilot state: {'connection': True, 'bee_state': 'READY', 'roll': 1500, 'pitch': 1599, 'yaw': 1500, 'throttle': 1026, 'last_manual_roll': 1500, 'last_manual_pitch': 1599, 'last_manual_yaw': 1500, 'last_manual_throttle': 1026, 'aux3': 1000, 'aux4': 1502, 'aux5': 1500, 'aux6': 1000, 'aux7': 1000, 'battery': 23.7, 'rssi': 917, 'rssi_msg': 'Strong signal', 'speed': 0.0, 'altitude': 0.08, 'caught': True, 'ready_hold_active': False, 'ready_hold_pending_capture': False, 'ready_hold_roll': 1500, 'ready_hold_pitch': 1500, 'ready_hold_yaw': 1500, 'ready_hold_throttle': 1100, 'target_locked': True, 'tracking_bbox': (311, 231, 17, 17), 'attack_error_x': -0.0015625, 'attack_error_y': -0.1684027777777778, 'target_size': 289.0, 'attack_active': False, 'attack_base_roll': 1500, 'attack_base_pitch': 1599, 'attack_base_yaw': 1500, 'attack_base_throttle': 1026, 'prev_attack_error_x': 0.0, 'prev_attack_time': 169.166609905, 'prev_target_size': 289.0}
2026-04-03 10:37:05,471 - BEE-EPT-UA913 - DEBUG - Executing command: TELEMETRY, Priority: 1, Body: {'target': 'MSP_RC'}
2026-04-03 10:37:05,487 - BEE-EPT-UA913 - DEBUG - Telemetry: b'\xdc\x05\xdc\x05\xdc\x05\xdd\x03\xd0\x07\xe8\x03\xe8\x03\xde\x05\xe8\x03\xe8\x03\xe8\x03\xfd\x05\xdc\x05\xdc\x05\xe8\x03\xe8\x03'
2026-04-03 10:37:05,487 - BEE-EPT-UA913 - INFO - Autopilot state: {'connection': True, 'bee_state': 'READY', 'roll': 1500, 'pitch': 1500, 'yaw': 1500, 'throttle': 989, 'last_manual_roll': 1500, 'last_manual_pitch': 1500, 'last_manual_yaw': 1500, 'last_manual_throttle': 989, 'aux3': 1000, 'aux4': 1502, 'aux5': 1500, 'aux6': 1000, 'aux7': 1000, 'battery': 23.7, 'rssi': 917, 'rssi_msg': 'Strong signal', 'speed': 0.0, 'altitude': 0.08, 'caught': True, 'ready_hold_active': False, 'ready_hold_pending_capture': False, 'ready_hold_roll': 1500, 'ready_hold_pitch': 1500, 'ready_hold_yaw': 1500, 'ready_hold_throttle': 1100, 'target_locked': True, 'tracking_bbox': (311, 231, 17, 17), 'attack_error_x': -0.0015625, 'attack_error_y': -0.1684027777777778, 'target_size': 289.0, 'attack_active': False, 'attack_base_roll': 1500, 'attack_base_pitch': 1599, 'attack_base_yaw': 1500, 'attack_base_throttle': 1026, 'prev_attack_error_x': 0.0, 'prev_attack_time': 169.166609905, 'prev_target_size': 289.0}
2026-04-03 10:37:05,538 - BEE-EPT-UA913 - DEBUG - Executing command: TELEMETRY, Priority: 2, Body: {'target': 'MSP_ALTITUDE'}
2026-04-03 10:37:05,543 - BEE-EPT-UA913 - DEBUG - Telemetry: b'\x08\x00\x00\x00\x00\x00'
2026-04-03 10:37:05,543 - BEE-EPT-UA913 - INFO - Autopilot state: {'connection': True, 'bee_state': 'READY', 'roll': 1500, 'pitch': 1500, 'yaw': 1500, 'throttle': 989, 'last_manual_roll': 1500, 'last_manual_pitch': 1500, 'last_manual_yaw': 1500, 'last_manual_throttle': 989, 'aux3': 1000, 'aux4': 1502, 'aux5': 1500, 'aux6': 1000, 'aux7': 1000, 'battery': 23.7, 'rssi': 917, 'rssi_msg': 'Strong signal', 'speed': 0.0, 'altitude': 0.08, 'caught': True, 'ready_hold_active': False, 'ready_hold_pending_capture': False, 'ready_hold_roll': 1500, 'ready_hold_pitch': 1500, 'ready_hold_yaw': 1500, 'ready_hold_throttle': 1100, 'target_locked': True, 'tracking_bbox': (310, 230, 17, 17), 'attack_error_x': -0.0046875, 'attack_error_y': -0.171875, 'target_size': 289.0, 'attack_active': False, 'attack_base_roll': 1500, 'attack_base_pitch': 1599, 'attack_base_yaw': 1500, 'attack_base_throttle': 1026, 'prev_attack_error_x': 0.0, 'prev_attack_time': 169.166609905, 'prev_target_size': 289.0}
2026-04-03 10:37:05,594 - BEE-EPT-UA913 - DEBUG - Executing command: TELEMETRY, Priority: 1, Body: {'target': 'MSP_RC'}
2026-04-03 10:37:05,606 - BEE-EPT-UA913 - DEBUG - Telemetry: b'\xdc\x05\xdc\x05\xdc\x05\xdd\x03\xd0\x07\xe8\x03\xe8\x03\xde\x05\xe8\x03\xe8\x03\xe8\x03\xfd\x05\xdc\x05\xdc\x05\xe8\x03\xe8\x03'
2026-04-03 10:37:05,606 - BEE-EPT-UA913 - INFO - Autopilot state: {'connection': True, 'bee_state': 'READY', 'roll': 1500, 'pitch': 1500, 'yaw': 1500, 'throttle': 989, 'last_manual_roll': 1500, 'last_manual_pitch': 1500, 'last_manual_yaw': 1500, 'last_manual_throttle': 989, 'aux3': 1000, 'aux4': 1502, 'aux5': 1500, 'aux6': 1000, 'aux7': 1000, 'battery': 23.7, 'rssi': 917, 'rssi_msg': 'Strong signal', 'speed': 0.0, 'altitude': 0.08, 'caught': True, 'ready_hold_active': False, 'ready_hold_pending_capture': False, 'ready_hold_roll': 1500, 'ready_hold_pitch': 1500, 'ready_hold_yaw': 1500, 'ready_hold_throttle': 1100, 'target_locked': False, 'tracking_bbox': (311, 231, 17, 17), 'attack_error_x': 0.0, 'attack_error_y': 0.0, 'target_size': 0.0, 'attack_active': False, 'attack_base_roll': 1500, 'attack_base_pitch': 1599, 'attack_base_yaw': 1500, 'attack_base_throttle': 1026, 'prev_attack_error_x': 0.0, 'prev_attack_time': 169.166609905, 'prev_target_size': 289.0}
2026-04-03 10:37:05,657 - BEE-EPT-UA913 - DEBUG - Executing command: MONITOR, Priority: 2, Body: {'target': 'MSP_ANALOG'}
2026-04-03 10:37:05,664 - BEE-EPT-UA913 - DEBUG - Monitoring: b'\xed\x07\x00\xb5\x03\x10\x00E\t'
2026-04-03 10:37:05,665 - BEE-EPT-UA913 - INFO - RSSI: 949, signal: Strong signal, battery voltage: 23.7V
2026-04-03 10:37:05,715 - BEE-EPT-UA913 - DEBUG - Executing command: TELEMETRY, Priority: 1, Body: {'target': 'MSP_RC'}
2026-04-03 10:37:05,726 - BEE-EPT-UA913 - DEBUG - Telemetry: b'\xdc\x05\xdc\x05\xdc\x05\xdd\x03\xd0\x07\xe8\x03\xe8\x03\xde\x05\xe8\x03\xe8\x03\xe8\x03\xfd\x05\xdc\x05\xdc\x05\xe8\x03\xe8\x03'
2026-04-03 10:37:05,727 - BEE-EPT-UA913 - INFO - Autopilot state: {'connection': True, 'bee_state': 'READY', 'roll': 1500, 'pitch': 1500, 'yaw': 1500, 'throttle': 989, 'last_manual_roll': 1500, 'last_manual_pitch': 1500, 'last_manual_yaw': 1500, 'last_manual_throttle': 989, 'aux3': 1000, 'aux4': 1502, 'aux5': 1500, 'aux6': 1000, 'aux7': 1000, 'battery': 23.7, 'rssi': 949, 'rssi_msg': 'Strong signal', 'speed': 0.0, 'altitude': 0.08, 'caught': True, 'ready_hold_active': False, 'ready_hold_pending_capture': False, 'ready_hold_roll': 1500, 'ready_hold_pitch': 1500, 'ready_hold_yaw': 1500, 'ready_hold_throttle': 1100, 'target_locked': False, 'tracking_bbox': (311, 231, 17, 17), 'attack_error_x': 0.0, 'attack_error_y': 0.0, 'target_size': 0.0, 'attack_active': False, 'attack_base_roll': 1500, 'attack_base_pitch': 1599, 'attack_base_yaw': 1500, 'attack_base_throttle': 1026, 'prev_attack_error_x': 0.0, 'prev_attack_time': 169.166609905, 'prev_target_size': 289.0}
2026-04-03 10:37:05,777 - BEE-EPT-UA913 - DEBUG - Executing command: TELEMETRY, Priority: 1, Body: {'target': 'MSP_RC'}
2026-04-03 10:37:05,786 - BEE-EPT-UA913 - DEBUG - Telemetry: b'\xdc\x05\xdc\x05\xdc\x05\xdd\x03\xd0\x07\xe8\x03\xe8\x03\xe8\x03\xe8\x03\xe8\x03\xe8\x03\xfd\x05\xdc\x05\xdc\x05\xe8\x03\xe8\x03'
2026-04-03 10:37:05,787 - BEE-EPT-UA913 - INFO - Bee state changed to [OFF]
2026-04-03 10:37:05,787 - BEE-EPT-UA913 - INFO - Autopilot state: {'connection': True, 'bee_state': 'OFF', 'roll': 1500, 'pitch': 1500, 'yaw': 1500, 'throttle': 989, 'last_manual_roll': 1500, 'last_manual_pitch': 1500, 'last_manual_yaw': 1500, 'last_manual_throttle': 989, 'aux3': 1000, 'aux4': 1000, 'aux5': 1500, 'aux6': 1000, 'aux7': 1000, 'battery': 23.7, 'rssi': 949, 'rssi_msg': 'Strong signal', 'speed': 0.0, 'altitude': 0.08, 'caught': False, 'ready_hold_active': False, 'ready_hold_pending_capture': False, 'ready_hold_roll': 1500, 'ready_hold_pitch': 1500, 'ready_hold_yaw': 1500, 'ready_hold_throttle': 1100, 'target_locked': False, 'tracking_bbox': None, 'attack_error_x': 0.0, 'attack_error_y': 0.0, 'target_size': 0.0, 'attack_active': False, 'attack_base_roll': 1500, 'attack_base_pitch': 1599, 'attack_base_yaw': 1500, 'attack_base_throttle': 1026, 'prev_attack_error_x': 0.0, 'prev_attack_time': None, 'prev_target_size': 0.0}
2026-04-03 10:37:05,857 - BEE-EPT-UA913 - DEBUG - Executing command: TELEMETRY, Priority: 1, Body: {'target': 'MSP_RC'}
2026-04-03 10:37:05,867 - BEE-EPT-UA913 - DEBUG - Telemetry: b'\xdc\x05\xdc\x05\xdc\x05\xdd\x03\xd0\x07\xe8\x03\xe8\x03\xe8\x03\xe8\x03\xe8\x03\xe8\x03\xfd\x05\xdc\x05\xdc\x05\xe8\x03\xe8\x03'
2026-04-03 10:37:05,867 - BEE-EPT-UA913 - INFO - Autopilot state: {'connection': True, 'bee_state': 'OFF', 'roll': 1500, 'pitch': 1500, 'yaw': 1500, 'throttle': 989, 'last_manual_roll': 1500, 'last_manual_pitch': 1500, 'last_manual_yaw': 1500, 'last_manual_throttle': 989, 'aux3': 1000, 'aux4': 1000, 'aux5': 1500, 'aux6': 1000, 'aux7': 1000, 'battery': 23.7, 'rssi': 949, 'rssi_msg': 'Strong signal', 'speed': 0.0, 'altitude': 0.08, 'caught': False, 'ready_hold_active': False, 'ready_hold_pending_capture': False, 'ready_hold_roll': 1500, 'ready_hold_pitch': 1500, 'ready_hold_yaw': 1500, 'ready_hold_throttle': 1100, 'target_locked': False, 'tracking_bbox': None, 'attack_error_x': 0.0, 'attack_error_y': 0.0, 'target_size': 0.0, 'attack_active': False, 'attack_base_roll': 1500, 'attack_base_pitch': 1599, 'attack_base_yaw': 1500, 'attack_base_throttle': 1026, 'prev_attack_error_x': 0.0, 'prev_attack_time': None, 'prev_target_size': 0.0}
2026-04-03 10:37:05,917 - BEE-EPT-UA913 - DEBUG - Executing command: TELEMETRY, Priority: 2, Body: {'target': 'MSP_ALTITUDE'}
2026-04-03 10:37:05,925 - BEE-EPT-UA913 - DEBUG - Telemetry: b'\x08\x00\x00\x00\x00\x00'
2026-04-03 10:37:05,925 - BEE-EPT-UA913 - INFO - Autopilot state: {'connection': True, 'bee_state': 'OFF', 'roll': 1500, 'pitch': 1500, 'yaw': 1500, 'throttle': 989, 'last_manual_roll': 1500, 'last_manual_pitch': 1500, 'last_manual_yaw': 1500, 'last_manual_throttle': 989, 'aux3': 1000, 'aux4': 1000, 'aux5': 1500, 'aux6': 1000, 'aux7': 1000, 'battery': 23.7, 'rssi': 949, 'rssi_msg': 'Strong signal', 'speed': 0.0, 'altitude': 0.08, 'caught': False, 'ready_hold_active': False, 'ready_hold_pending_capture': False, 'ready_hold_roll': 1500, 'ready_hold_pitch': 1500, 'ready_hold_yaw': 1500, 'ready_hold_throttle': 1100, 'target_locked': False, 'tracking_bbox': None, 'attack_error_x': 0.0, 'attack_error_y': 0.0, 'target_size': 0.0, 'attack_active': False, 'attack_base_roll': 1500, 'attack_base_pitch': 1599, 'attack_base_yaw': 1500, 'attack_base_throttle': 1026, 'prev_attack_error_x': 0.0, 'prev_attack_time': None, 'prev_target_size': 0.0}
2026-04-03 10:37:05,975 - BEE-EPT-UA913 - DEBUG - Executing command: MONITOR, Priority: 2, Body: {'target': 'MSP_ANALOG'}
2026-04-03 10:37:05,985 - BEE-EPT-UA913 - DEBUG - Monitoring: b'\xed\x07\x00\xbb\x03\x18\x00F\t'
2026-04-03 10:37:05,985 - BEE-EPT-UA913 - INFO - RSSI: 955, signal: Strong signal, battery voltage: 23.7V
2026-04-03 10:37:06,118 - BEE-EPT-UA913 - INFO - [TRACKING COMPLETED]
2026-04-03 10:37:07,861 - BEE-EPT-UA913 - DEBUG - Executing command: TELEMETRY, Priority: 1, Body: {'target': 'MSP_RC'}
2026-04-03 10:37:07,868 - BEE-EPT-UA913 - DEBUG - Telemetry: b'\xdc\x05\xdc\x05\xdc\x05\xdd\x03\xd0\x07\xe8\x03\xe8\x03\xde\x05\xe8\x03\xe8\x03\xe8\x03\xfd\x05\xdc\x05\xdc\x05\xe8\x03\xe8\x03'
2026-04-03 10:37:07,868 - BEE-EPT-UA913 - INFO - Bee state changed to [READY]
2026-04-03 10:37:07,868 - BEE-EPT-UA913 - INFO - Autopilot state: {'connection': True, 'bee_state': 'READY', 'roll': 1500, 'pitch': 1500, 'yaw': 1500, 'throttle': 989, 'last_manual_roll': 1500, 'last_manual_pitch': 1500, 'last_manual_yaw': 1500, 'last_manual_throttle': 989, 'aux3': 1000, 'aux4': 1502, 'aux5': 1500, 'aux6': 1000, 'aux7': 1000, 'battery': 23.7, 'rssi': 955, 'rssi_msg': 'Strong signal', 'speed': 0.0, 'altitude': 0.08, 'caught': True, 'ready_hold_active': False, 'ready_hold_pending_capture': False, 'ready_hold_roll': 1500, 'ready_hold_pitch': 1500, 'ready_hold_yaw': 1500, 'ready_hold_throttle': 1100, 'target_locked': False, 'tracking_bbox': None, 'attack_error_x': 0.0, 'attack_error_y': 0.0, 'target_size': 0.0, 'attack_active': False, 'attack_base_roll': 1500, 'attack_base_pitch': 1599, 'attack_base_yaw': 1500, 'attack_base_throttle': 1026, 'prev_attack_error_x': 0.0, 'prev_attack_time': None, 'prev_target_size': 0.0}
2026-04-03 10:37:07,961 - BEE-EPT-UA913 - DEBUG - Executing command: TELEMETRY, Priority: 1, Body: {'target': 'MSP_RC'}
2026-04-03 10:37:07,968 - BEE-EPT-UA913 - DEBUG - Telemetry: b'\xdc\x05\xdc\x05\xdc\x05\xdd\x03\xd0\x07\xe8\x03\xe8\x03\xde\x05\xe8\x03\xe8\x03\xe8\x03\xfd\x05\xdc\x05\xdc\x05\xe8\x03\xe8\x03'
2026-04-03 10:37:07,969 - BEE-EPT-UA913 - INFO - Autopilot state: {'connection': True, 'bee_state': 'READY', 'roll': 1500, 'pitch': 1500, 'yaw': 1500, 'throttle': 989, 'last_manual_roll': 1500, 'last_manual_pitch': 1500, 'last_manual_yaw': 1500, 'last_manual_throttle': 989, 'aux3': 1000, 'aux4': 1502, 'aux5': 1500, 'aux6': 1000, 'aux7': 1000, 'battery': 23.7, 'rssi': 955, 'rssi_msg': 'Strong signal', 'speed': 0.0, 'altitude': 0.08, 'caught': True, 'ready_hold_active': False, 'ready_hold_pending_capture': False, 'ready_hold_roll': 1500, 'ready_hold_pitch': 1500, 'ready_hold_yaw': 1500, 'ready_hold_throttle': 1100, 'target_locked': False, 'tracking_bbox': None, 'attack_error_x': 0.0, 'attack_error_y': 0.0, 'target_size': 0.0, 'attack_active': False, 'attack_base_roll': 1500, 'attack_base_pitch': 1599, 'attack_base_yaw': 1500, 'attack_base_throttle': 1026, 'prev_attack_error_x': 0.0, 'prev_attack_time': None, 'prev_target_size': 0.0}
2026-04-03 10:37:08,019 - BEE-EPT-UA913 - DEBUG - Executing command: TELEMETRY, Priority: 2, Body: {'target': 'MSP_ALTITUDE'}
2026-04-03 10:37:08,027 - BEE-EPT-UA913 - DEBUG - Telemetry: b'\t\x00\x00\x00\x00\x00'
2026-04-03 10:37:08,027 - BEE-EPT-UA913 - INFO - Autopilot state: {'connection': True, 'bee_state': 'READY', 'roll': 1500, 'pitch': 1500, 'yaw': 1500, 'throttle': 989, 'last_manual_roll': 1500, 'last_manual_pitch': 1500, 'last_manual_yaw': 1500, 'last_manual_throttle': 989, 'aux3': 1000, 'aux4': 1502, 'aux5': 1500, 'aux6': 1000, 'aux7': 1000, 'battery': 23.7, 'rssi': 955, 'rssi_msg': 'Strong signal', 'speed': 0.0, 'altitude': 0.09, 'caught': True, 'ready_hold_active': False, 'ready_hold_pending_capture': False, 'ready_hold_roll': 1500, 'ready_hold_pitch': 1500, 'ready_hold_yaw': 1500, 'ready_hold_throttle': 1100, 'target_locked': False, 'tracking_bbox': None, 'attack_error_x': 0.0, 'attack_error_y': 0.0, 'target_size': 0.0, 'attack_active': False, 'attack_base_roll': 1500, 'attack_base_pitch': 1599, 'attack_base_yaw': 1500, 'attack_base_throttle': 1026, 'prev_attack_error_x': 0.0, 'prev_attack_time': None, 'prev_target_size': 0.0}
2026-04-03 10:37:08,078 - BEE-EPT-UA913 - DEBUG - Executing command: TELEMETRY, Priority: 1, Body: {'target': 'MSP_RC'}
2026-04-03 10:37:08,089 - BEE-EPT-UA913 - DEBUG - Telemetry: b'\xdc\x05\xdc\x05\xdc\x05\xdd\x03\xd0\x07\xe8\x03\xe8\x03\xde\x05\xe8\x03\xe8\x03\xe8\x03\xfd\x05\xdc\x05\xdc\x05\xe8\x03\xe8\x03'
2026-04-03 10:37:08,089 - BEE-EPT-UA913 - INFO - Autopilot state: {'connection': True, 'bee_state': 'READY', 'roll': 1500, 'pitch': 1500, 'yaw': 1500, 'throttle': 989, 'last_manual_roll': 1500, 'last_manual_pitch': 1500, 'last_manual_yaw': 1500, 'last_manual_throttle': 989, 'aux3': 1000, 'aux4': 1502, 'aux5': 1500, 'aux6': 1000, 'aux7': 1000, 'battery': 23.7, 'rssi': 955, 'rssi_msg': 'Strong signal', 'speed': 0.0, 'altitude': 0.09, 'caught': True, 'ready_hold_active': False, 'ready_hold_pending_capture': False, 'ready_hold_roll': 1500, 'ready_hold_pitch': 1500, 'ready_hold_yaw': 1500, 'ready_hold_throttle': 1100, 'target_locked': False, 'tracking_bbox': None, 'attack_error_x': 0.0, 'attack_error_y': 0.0, 'target_size': 0.0, 'attack_active': False, 'attack_base_roll': 1500, 'attack_base_pitch': 1599, 'attack_base_yaw': 1500, 'attack_base_throttle': 1026, 'prev_attack_error_x': 0.0, 'prev_attack_time': None, 'prev_target_size': 0.0}
2026-04-03 10:37:08,140 - BEE-EPT-UA913 - DEBUG - Executing command: MONITOR, Priority: 2, Body: {'target': 'MSP_ANALOG'}
2026-04-03 10:37:08,148 - BEE-EPT-UA913 - DEBUG - Monitoring: b'\xed\x07\x00\xc6\x03\x14\x00F\t'
2026-04-03 10:37:08,148 - BEE-EPT-UA913 - INFO - RSSI: 966, signal: Strong signal, battery voltage: 23.7V
2026-04-03 10:37:08,199 - BEE-EPT-UA913 - DEBUG - Executing command: TELEMETRY, Priority: 1, Body: {'target': 'MSP_RC'}
2026-04-03 10:37:08,210 - BEE-EPT-UA913 - DEBUG - Telemetry: b'\xdc\x05\xdc\x05\xdc\x05\xdd\x03\xd0\x07\xe8\x03\xe8\x03\xde\x05\xe8\x03\xe8\x03\xe8\x03\xfd\x05\xdc\x05\xdc\x05\xe8\x03\xe8\x03'
2026-04-03 10:37:08,210 - BEE-EPT-UA913 - INFO - Autopilot state: {'connection': True, 'bee_state': 'READY', 'roll': 1500, 'pitch': 1500, 'yaw': 1500, 'throttle': 989, 'last_manual_roll': 1500, 'last_manual_pitch': 1500, 'last_manual_yaw': 1500, 'last_manual_throttle': 989, 'aux3': 1000, 'aux4': 1502, 'aux5': 1500, 'aux6': 1000, 'aux7': 1000, 'battery': 23.7, 'rssi': 966, 'rssi_msg': 'Strong signal', 'speed': 0.0, 'altitude': 0.09, 'caught': True, 'ready_hold_active': False, 'ready_hold_pending_capture': False, 'ready_hold_roll': 1500, 'ready_hold_pitch': 1500, 'ready_hold_yaw': 1500, 'ready_hold_throttle': 1100, 'target_locked': False, 'tracking_bbox': None, 'attack_error_x': 0.0, 'attack_error_y': 0.0, 'target_size': 0.0, 'attack_active': False, 'attack_base_roll': 1500, 'attack_base_pitch': 1599, 'attack_base_yaw': 1500, 'attack_base_throttle': 1026, 'prev_attack_error_x': 0.0, 'prev_attack_time': None, 'prev_target_size': 0.0}
2026-04-03 10:37:08,262 - BEE-EPT-UA913 - DEBUG - Executing command: TELEMETRY, Priority: 1, Body: {'target': 'MSP_RC'}
2026-04-03 10:37:08,270 - BEE-EPT-UA913 - DEBUG - Telemetry: b'\xdc\x05\xdc\x05\xdc\x05\xdd\x03\xd0\x07\xe8\x03\xe8\x03\xde\x05\xe8\x03\xe8\x03\xe8\x03\xfd\x05\xdc\x05\xdc\x05\xe8\x03\xe8\x03'
2026-04-03 10:37:08,270 - BEE-EPT-UA913 - INFO - Autopilot state: {'connection': True, 'bee_state': 'READY', 'roll': 1500, 'pitch': 1500, 'yaw': 1500, 'throttle': 989, 'last_manual_roll': 1500, 'last_manual_pitch': 1500, 'last_manual_yaw': 1500, 'last_manual_throttle': 989, 'aux3': 1000, 'aux4': 1502, 'aux5': 1500, 'aux6': 1000, 'aux7': 1000, 'battery': 23.7, 'rssi': 966, 'rssi_msg': 'Strong signal', 'speed': 0.0, 'altitude': 0.09, 'caught': True, 'ready_hold_active': False, 'ready_hold_pending_capture': False, 'ready_hold_roll': 1500, 'ready_hold_pitch': 1500, 'ready_hold_yaw': 1500, 'ready_hold_throttle': 1100, 'target_locked': False, 'tracking_bbox': None, 'attack_error_x': 0.0, 'attack_error_y': 0.0, 'target_size': 0.0, 'attack_active': False, 'attack_base_roll': 1500, 'attack_base_pitch': 1599, 'attack_base_yaw': 1500, 'attack_base_throttle': 1026, 'prev_attack_error_x': 0.0, 'prev_attack_time': None, 'prev_target_size': 0.0}
2026-04-03 10:37:08,362 - BEE-EPT-UA913 - DEBUG - Executing command: TELEMETRY, Priority: 1, Body: {'target': 'MSP_RC'}
2026-04-03 10:37:08,370 - BEE-EPT-UA913 - DEBUG - Telemetry: b'\xdc\x05\xdc\x05\xdc\x05\xdd\x03\xd0\x07\xe8\x03\xe8\x03\xde\x05\xe8\x03\xe8\x03\xe8\x03\xfd\x05\xdc\x05\xdc\x05\xe8\x03\xe8\x03'
2026-04-03 10:37:08,370 - BEE-EPT-UA913 - INFO - Autopilot state: {'connection': True, 'bee_state': 'READY', 'roll': 1500, 'pitch': 1500, 'yaw': 1500, 'throttle': 989, 'last_manual_roll': 1500, 'last_manual_pitch': 1500, 'last_manual_yaw': 1500, 'last_manual_throttle': 989, 'aux3': 1000, 'aux4': 1502, 'aux5': 1500, 'aux6': 1000, 'aux7': 1000, 'battery': 23.7, 'rssi': 966, 'rssi_msg': 'Strong signal', 'speed': 0.0, 'altitude': 0.09, 'caught': True, 'ready_hold_active': False, 'ready_hold_pending_capture': False, 'ready_hold_roll': 1500, 'ready_hold_pitch': 1500, 'ready_hold_yaw': 1500, 'ready_hold_throttle': 1100, 'target_locked': False, 'tracking_bbox': (311, 231, 17, 17), 'attack_error_x': 0.0, 'attack_error_y': 0.0, 'target_size': 0.0, 'attack_active': False, 'attack_base_roll': 1500, 'attack_base_pitch': 1599, 'attack_base_yaw': 1500, 'attack_base_throttle': 1026, 'prev_attack_error_x': 0.0, 'prev_attack_time': None, 'prev_target_size': 0.0}
2026-04-03 10:37:08,463 - BEE-EPT-UA913 - DEBUG - Executing command: TELEMETRY, Priority: 1, Body: {'target': 'MSP_RC'}
2026-04-03 10:37:08,471 - BEE-EPT-UA913 - DEBUG - Telemetry: b'\xdc\x05\xdc\x05\xdc\x05\xdd\x03\xd0\x07\xe8\x03\xe8\x03\xde\x05\xe8\x03\xe8\x03\xe8\x03\xfd\x05\xdc\x05\xdc\x05\xe8\x03\xe8\x03'
2026-04-03 10:37:08,471 - BEE-EPT-UA913 - INFO - Autopilot state: {'connection': True, 'bee_state': 'READY', 'roll': 1500, 'pitch': 1500, 'yaw': 1500, 'throttle': 989, 'last_manual_roll': 1500, 'last_manual_pitch': 1500, 'last_manual_yaw': 1500, 'last_manual_throttle': 989, 'aux3': 1000, 'aux4': 1502, 'aux5': 1500, 'aux6': 1000, 'aux7': 1000, 'battery': 23.7, 'rssi': 966, 'rssi_msg': 'Strong signal', 'speed': 0.0, 'altitude': 0.09, 'caught': True, 'ready_hold_active': False, 'ready_hold_pending_capture': False, 'ready_hold_roll': 1500, 'ready_hold_pitch': 1500, 'ready_hold_yaw': 1500, 'ready_hold_throttle': 1100, 'target_locked': False, 'tracking_bbox': (311, 231, 17, 17), 'attack_error_x': 0.0, 'attack_error_y': 0.0, 'target_size': 0.0, 'attack_active': False, 'attack_base_roll': 1500, 'attack_base_pitch': 1599, 'attack_base_yaw': 1500, 'attack_base_throttle': 1026, 'prev_attack_error_x': 0.0, 'prev_attack_time': None, 'prev_target_size': 0.0}
2026-04-03 10:37:08,564 - BEE-EPT-UA913 - DEBUG - Executing command: TELEMETRY, Priority: 1, Body: {'target': 'MSP_RC'}
2026-04-03 10:37:08,571 - BEE-EPT-UA913 - DEBUG - Telemetry: b'\xdc\x05\xdc\x05\xdc\x05\xdd\x03\xd0\x07\xe8\x03\xe8\x03\xde\x05\xe8\x03\xe8\x03\xe8\x03\xfd\x05\xdc\x05\xdc\x05\xe8\x03\xe8\x03'
2026-04-03 10:37:08,572 - BEE-EPT-UA913 - INFO - Autopilot state: {'connection': True, 'bee_state': 'READY', 'roll': 1500, 'pitch': 1500, 'yaw': 1500, 'throttle': 989, 'last_manual_roll': 1500, 'last_manual_pitch': 1500, 'last_manual_yaw': 1500, 'last_manual_throttle': 989, 'aux3': 1000, 'aux4': 1502, 'aux5': 1500, 'aux6': 1000, 'aux7': 1000, 'battery': 23.7, 'rssi': 966, 'rssi_msg': 'Strong signal', 'speed': 0.0, 'altitude': 0.09, 'caught': True, 'ready_hold_active': False, 'ready_hold_pending_capture': False, 'ready_hold_roll': 1500, 'ready_hold_pitch': 1500, 'ready_hold_yaw': 1500, 'ready_hold_throttle': 1100, 'target_locked': False, 'tracking_bbox': (311, 231, 17, 17), 'attack_error_x': 0.0, 'attack_error_y': 0.0, 'target_size': 0.0, 'attack_active': False, 'attack_base_roll': 1500, 'attack_base_pitch': 1599, 'attack_base_yaw': 1500, 'attack_base_throttle': 1026, 'prev_attack_error_x': 0.0, 'prev_attack_time': None, 'prev_target_size': 0.0}
2026-04-03 10:37:08,664 - BEE-EPT-UA913 - DEBUG - Executing command: TELEMETRY, Priority: 1, Body: {'target': 'MSP_RC'}
2026-04-03 10:37:08,672 - BEE-EPT-UA913 - DEBUG - Telemetry: b'\xdc\x05\xdc\x05\xdc\x05\xdd\x03\xd0\x07\xe8\x03\xe8\x03\xde\x05\xe8\x03\xe8\x03\xe8\x03\xfd\x05\xdc\x05\xdc\x05\xe8\x03\xe8\x03'
2026-04-03 10:37:08,672 - BEE-EPT-UA913 - INFO - Autopilot state: {'connection': True, 'bee_state': 'READY', 'roll': 1500, 'pitch': 1500, 'yaw': 1500, 'throttle': 989, 'last_manual_roll': 1500, 'last_manual_pitch': 1500, 'last_manual_yaw': 1500, 'last_manual_throttle': 989, 'aux3': 1000, 'aux4': 1502, 'aux5': 1500, 'aux6': 1000, 'aux7': 1000, 'battery': 23.7, 'rssi': 966, 'rssi_msg': 'Strong signal', 'speed': 0.0, 'altitude': 0.09, 'caught': True, 'ready_hold_active': False, 'ready_hold_pending_capture': False, 'ready_hold_roll': 1500, 'ready_hold_pitch': 1500, 'ready_hold_yaw': 1500, 'ready_hold_throttle': 1100, 'target_locked': False, 'tracking_bbox': (311, 231, 17, 17), 'attack_error_x': 0.0, 'attack_error_y': 0.0, 'target_size': 0.0, 'attack_active': False, 'attack_base_roll': 1500, 'attack_base_pitch': 1599, 'attack_base_yaw': 1500, 'attack_base_throttle': 1026, 'prev_attack_error_x': 0.0, 'prev_attack_time': None, 'prev_target_size': 0.0}
2026-04-03 10:37:08,764 - BEE-EPT-UA913 - DEBUG - Executing command: TELEMETRY, Priority: 1, Body: {'target': 'MSP_RC'}
2026-04-03 10:37:08,772 - BEE-EPT-UA913 - DEBUG - Telemetry: b'\xdc\x05\xdc\x05\xdc\x05\xdd\x03\xd0\x07\xe8\x03\xe8\x03\xde\x05\xe8\x03\xe8\x03\xe8\x03\xfd\x05\xdc\x05\xdc\x05\xe8\x03\xe8\x03'
2026-04-03 10:37:08,773 - BEE-EPT-UA913 - INFO - Autopilot state: {'connection': True, 'bee_state': 'READY', 'roll': 1500, 'pitch': 1500, 'yaw': 1500, 'throttle': 989, 'last_manual_roll': 1500, 'last_manual_pitch': 1500, 'last_manual_yaw': 1500, 'last_manual_throttle': 989, 'aux3': 1000, 'aux4': 1502, 'aux5': 1500, 'aux6': 1000, 'aux7': 1000, 'battery': 23.7, 'rssi': 966, 'rssi_msg': 'Strong signal', 'speed': 0.0, 'altitude': 0.09, 'caught': True, 'ready_hold_active': False, 'ready_hold_pending_capture': False, 'ready_hold_roll': 1500, 'ready_hold_pitch': 1500, 'ready_hold_yaw': 1500, 'ready_hold_throttle': 1100, 'target_locked': False, 'tracking_bbox': (311, 231, 17, 17), 'attack_error_x': 0.0, 'attack_error_y': 0.0, 'target_size': 0.0, 'attack_active': False, 'attack_base_roll': 1500, 'attack_base_pitch': 1599, 'attack_base_yaw': 1500, 'attack_base_throttle': 1026, 'prev_attack_error_x': 0.0, 'prev_attack_time': None, 'prev_target_size': 0.0}
2026-04-03 10:37:08,864 - BEE-EPT-UA913 - DEBUG - Executing command: TELEMETRY, Priority: 1, Body: {'target': 'MSP_RC'}
2026-04-03 10:37:08,873 - BEE-EPT-UA913 - DEBUG - Telemetry: b'\xdc\x05\xdc\x05\xdc\x05\xdd\x03\xd0\x07\xe8\x03\xe8\x03\xde\x05\xe8\x03\xe8\x03\xe8\x03\xfd\x05\xdc\x05\xdc\x05\xe8\x03\xe8\x03'
2026-04-03 10:37:08,873 - BEE-EPT-UA913 - INFO - Autopilot state: {'connection': True, 'bee_state': 'READY', 'roll': 1500, 'pitch': 1500, 'yaw': 1500, 'throttle': 989, 'last_manual_roll': 1500, 'last_manual_pitch': 1500, 'last_manual_yaw': 1500, 'last_manual_throttle': 989, 'aux3': 1000, 'aux4': 1502, 'aux5': 1500, 'aux6': 1000, 'aux7': 1000, 'battery': 23.7, 'rssi': 966, 'rssi_msg': 'Strong signal', 'speed': 0.0, 'altitude': 0.09, 'caught': True, 'ready_hold_active': False, 'ready_hold_pending_capture': False, 'ready_hold_roll': 1500, 'ready_hold_pitch': 1500, 'ready_hold_yaw': 1500, 'ready_hold_throttle': 1100, 'target_locked': False, 'tracking_bbox': (311, 231, 17, 17), 'attack_error_x': 0.0, 'attack_error_y': 0.0, 'target_size': 0.0, 'attack_active': False, 'attack_base_roll': 1500, 'attack_base_pitch': 1599, 'attack_base_yaw': 1500, 'attack_base_throttle': 1026, 'prev_attack_error_x': 0.0, 'prev_attack_time': None, 'prev_target_size': 0.0}
2026-04-03 10:37:08,965 - BEE-EPT-UA913 - DEBUG - Executing command: TELEMETRY, Priority: 1, Body: {'target': 'MSP_RC'}
2026-04-03 10:37:08,973 - BEE-EPT-UA913 - DEBUG - Telemetry: b'\xdc\x05\xdc\x05\xdc\x05\xdd\x03\xd0\x07\xe8\x03\xe8\x03\xde\x05\xe8\x03\xe8\x03\xe8\x03\xfd\x05\xdc\x05\xdc\x05\xe8\x03\xe8\x03'
2026-04-03 10:37:08,973 - BEE-EPT-UA913 - INFO - Autopilot state: {'connection': True, 'bee_state': 'READY', 'roll': 1500, 'pitch': 1500, 'yaw': 1500, 'throttle': 989, 'last_manual_roll': 1500, 'last_manual_pitch': 1500, 'last_manual_yaw': 1500, 'last_manual_throttle': 989, 'aux3': 1000, 'aux4': 1502, 'aux5': 1500, 'aux6': 1000, 'aux7': 1000, 'battery': 23.7, 'rssi': 966, 'rssi_msg': 'Strong signal', 'speed': 0.0, 'altitude': 0.09, 'caught': True, 'ready_hold_active': False, 'ready_hold_pending_capture': False, 'ready_hold_roll': 1500, 'ready_hold_pitch': 1500, 'ready_hold_yaw': 1500, 'ready_hold_throttle': 1100, 'target_locked': False, 'tracking_bbox': (311, 231, 17, 17), 'attack_error_x': 0.0, 'attack_error_y': 0.0, 'target_size': 0.0, 'attack_active': False, 'attack_base_roll': 1500, 'attack_base_pitch': 1599, 'attack_base_yaw': 1500, 'attack_base_throttle': 1026, 'prev_attack_error_x': 0.0, 'prev_attack_time': None, 'prev_target_size': 0.0}
2026-04-03 10:37:09,024 - BEE-EPT-UA913 - DEBUG - Executing command: TELEMETRY, Priority: 2, Body: {'target': 'MSP_ALTITUDE'}
2026-04-03 10:37:09,031 - BEE-EPT-UA913 - DEBUG - Telemetry: b'\x08\x00\x00\x00\xff\xff'
2026-04-03 10:37:09,032 - BEE-EPT-UA913 - INFO - Current speed [655.35 m/s]
2026-04-03 10:37:09,032 - BEE-EPT-UA913 - INFO - Autopilot state: {'connection': True, 'bee_state': 'READY', 'roll': 1500, 'pitch': 1500, 'yaw': 1500, 'throttle': 989, 'last_manual_roll': 1500, 'last_manual_pitch': 1500, 'last_manual_yaw': 1500, 'last_manual_throttle': 989, 'aux3': 1000, 'aux4': 1502, 'aux5': 1500, 'aux6': 1000, 'aux7': 1000, 'battery': 23.7, 'rssi': 966, 'rssi_msg': 'Strong signal', 'speed': 655.35, 'altitude': 0.08, 'caught': True, 'ready_hold_active': False, 'ready_hold_pending_capture': False, 'ready_hold_roll': 1500, 'ready_hold_pitch': 1500, 'ready_hold_yaw': 1500, 'ready_hold_throttle': 1100, 'target_locked': False, 'tracking_bbox': (311, 231, 17, 17), 'attack_error_x': 0.0, 'attack_error_y': 0.0, 'target_size': 0.0, 'attack_active': False, 'attack_base_roll': 1500, 'attack_base_pitch': 1599, 'attack_base_yaw': 1500, 'attack_base_throttle': 1026, 'prev_attack_error_x': 0.0, 'prev_attack_time': None, 'prev_target_size': 0.0}
2026-04-03 10:37:09,082 - BEE-EPT-UA913 - DEBUG - Executing command: TELEMETRY, Priority: 1, Body: {'target': 'MSP_RC'}
2026-04-03 10:37:09,094 - BEE-EPT-UA913 - DEBUG - Telemetry: b'\xdc\x05\xdc\x05\xdc\x05\xdd\x03\xd0\x07\xe8\x03\xe8\x03\xde\x05\xe8\x03\xe8\x03\xe8\x03\xfd\x05\xdc\x05\xdc\x05\xe8\x03\xe8\x03'
2026-04-03 10:37:09,094 - BEE-EPT-UA913 - INFO - Autopilot state: {'connection': True, 'bee_state': 'READY', 'roll': 1500, 'pitch': 1500, 'yaw': 1500, 'throttle': 989, 'last_manual_roll': 1500, 'last_manual_pitch': 1500, 'last_manual_yaw': 1500, 'last_manual_throttle': 989, 'aux3': 1000, 'aux4': 1502, 'aux5': 1500, 'aux6': 1000, 'aux7': 1000, 'battery': 23.7, 'rssi': 966, 'rssi_msg': 'Strong signal', 'speed': 655.35, 'altitude': 0.08, 'caught': True, 'ready_hold_active': False, 'ready_hold_pending_capture': False, 'ready_hold_roll': 1500, 'ready_hold_pitch': 1500, 'ready_hold_yaw': 1500, 'ready_hold_throttle': 1100, 'target_locked': False, 'tracking_bbox': (311, 231, 17, 17), 'attack_error_x': 0.0, 'attack_error_y': 0.0, 'target_size': 0.0, 'attack_active': False, 'attack_base_roll': 1500, 'attack_base_pitch': 1599, 'attack_base_yaw': 1500, 'attack_base_throttle': 1026, 'prev_attack_error_x': 0.0, 'prev_attack_time': None, 'prev_target_size': 0.0}
2026-04-03 10:37:09,144 - BEE-EPT-UA913 - DEBUG - Executing command: MONITOR, Priority: 2, Body: {'target': 'MSP_ANALOG'}
2026-04-03 10:37:09,152 - BEE-EPT-UA913 - DEBUG - Monitoring: b'\xed\x08\x00\xce\x03\x14\x00F\t'
2026-04-03 10:37:09,152 - BEE-EPT-UA913 - INFO - RSSI: 974, signal: Strong signal, battery voltage: 23.7V
2026-04-03 10:37:09,203 - BEE-EPT-UA913 - DEBUG - Executing command: TELEMETRY, Priority: 1, Body: {'target': 'MSP_RC'}
2026-04-03 10:37:09,215 - BEE-EPT-UA913 - DEBUG - Telemetry: b'\xdc\x05\xdc\x05\xdc\x05\xdd\x03\xd0\x07\xe8\x03\xe8\x03\xde\x05\xe8\x03\xe8\x03\xe8\x03\xfd\x05\xdc\x05\xdc\x05\xe8\x03\xe8\x03'
2026-04-03 10:37:09,215 - BEE-EPT-UA913 - INFO - Autopilot state: {'connection': True, 'bee_state': 'READY', 'roll': 1500, 'pitch': 1500, 'yaw': 1500, 'throttle': 989, 'last_manual_roll': 1500, 'last_manual_pitch': 1500, 'last_manual_yaw': 1500, 'last_manual_throttle': 989, 'aux3': 1000, 'aux4': 1502, 'aux5': 1500, 'aux6': 1000, 'aux7': 1000, 'battery': 23.7, 'rssi': 974, 'rssi_msg': 'Strong signal', 'speed': 655.35, 'altitude': 0.08, 'caught': True, 'ready_hold_active': False, 'ready_hold_pending_capture': False, 'ready_hold_roll': 1500, 'ready_hold_pitch': 1500, 'ready_hold_yaw': 1500, 'ready_hold_throttle': 1100, 'target_locked': False, 'tracking_bbox': (311, 231, 17, 17), 'attack_error_x': 0.0, 'attack_error_y': 0.0, 'target_size': 0.0, 'attack_active': False, 'attack_base_roll': 1500, 'attack_base_pitch': 1599, 'attack_base_yaw': 1500, 'attack_base_throttle': 1026, 'prev_attack_error_x': 0.0, 'prev_attack_time': None, 'prev_target_size': 0.0}
2026-04-03 10:37:09,265 - BEE-EPT-UA913 - DEBUG - Executing command: TELEMETRY, Priority: 1, Body: {'target': 'MSP_RC'}
2026-04-03 10:37:09,275 - BEE-EPT-UA913 - DEBUG - Telemetry: b'\xdc\x05\xdc\x05\xdc\x05\xdd\x03\xd0\x07\xe8\x03\xe8\x03\xde\x05\xe8\x03\xe8\x03\xe8\x03\xfd\x05\xdc\x05\xdc\x05\xe8\x03\xe8\x03'
2026-04-03 10:37:09,275 - BEE-EPT-UA913 - INFO - Autopilot state: {'connection': True, 'bee_state': 'READY', 'roll': 1500, 'pitch': 1500, 'yaw': 1500, 'throttle': 989, 'last_manual_roll': 1500, 'last_manual_pitch': 1500, 'last_manual_yaw': 1500, 'last_manual_throttle': 989, 'aux3': 1000, 'aux4': 1502, 'aux5': 1500, 'aux6': 1000, 'aux7': 1000, 'battery': 23.7, 'rssi': 974, 'rssi_msg': 'Strong signal', 'speed': 655.35, 'altitude': 0.08, 'caught': True, 'ready_hold_active': False, 'ready_hold_pending_capture': False, 'ready_hold_roll': 1500, 'ready_hold_pitch': 1500, 'ready_hold_yaw': 1500, 'ready_hold_throttle': 1100, 'target_locked': False, 'tracking_bbox': (311, 231, 17, 17), 'attack_error_x': 0.0, 'attack_error_y': 0.0, 'target_size': 0.0, 'attack_active': False, 'attack_base_roll': 1500, 'attack_base_pitch': 1599, 'attack_base_yaw': 1500, 'attack_base_throttle': 1026, 'prev_attack_error_x': 0.0, 'prev_attack_time': None, 'prev_target_size': 0.0}
2026-04-03 10:37:09,368 - BEE-EPT-UA913 - DEBUG - Executing command: TELEMETRY, Priority: 1, Body: {'target': 'MSP_RC'}
2026-04-03 10:37:09,375 - BEE-EPT-UA913 - DEBUG - Telemetry: b'\xdc\x05\xdc\x05\xdc\x05\xdd\x03\xd0\x07\xe8\x03\xe8\x03\xde\x05\xe8\x03\xe8\x03\xe8\x03\xfd\x05\xdc\x05\xdc\x05\xe8\x03\xe8\x03'
2026-04-03 10:37:09,376 - BEE-EPT-UA913 - INFO - Autopilot state: {'connection': True, 'bee_state': 'READY', 'roll': 1500, 'pitch': 1500, 'yaw': 1500, 'throttle': 989, 'last_manual_roll': 1500, 'last_manual_pitch': 1500, 'last_manual_yaw': 1500, 'last_manual_throttle': 989, 'aux3': 1000, 'aux4': 1502, 'aux5': 1500, 'aux6': 1000, 'aux7': 1000, 'battery': 23.7, 'rssi': 974, 'rssi_msg': 'Strong signal', 'speed': 655.35, 'altitude': 0.08, 'caught': True, 'ready_hold_active': False, 'ready_hold_pending_capture': False, 'ready_hold_roll': 1500, 'ready_hold_pitch': 1500, 'ready_hold_yaw': 1500, 'ready_hold_throttle': 1100, 'target_locked': False, 'tracking_bbox': (311, 231, 17, 17), 'attack_error_x': 0.0, 'attack_error_y': 0.0, 'target_size': 0.0, 'attack_active': False, 'attack_base_roll': 1500, 'attack_base_pitch': 1599, 'attack_base_yaw': 1500, 'attack_base_throttle': 1026, 'prev_attack_error_x': 0.0, 'prev_attack_time': None, 'prev_target_size': 0.0}
2026-04-03 10:37:09,466 - BEE-EPT-UA913 - DEBUG - Executing command: TELEMETRY, Priority: 1, Body: {'target': 'MSP_RC'}
2026-04-03 10:37:09,476 - BEE-EPT-UA913 - DEBUG - Telemetry: b'\xdc\x05\xdc\x05\xdc\x05\xdd\x03\xd0\x07\xe8\x03\xe8\x03\xde\x05\xe8\x03\xe8\x03\xe8\x03\xfd\x05\xdc\x05\xdc\x05\xe8\x03\xe8\x03'
2026-04-03 10:37:09,476 - BEE-EPT-UA913 - INFO - Autopilot state: {'connection': True, 'bee_state': 'READY', 'roll': 1500, 'pitch': 1500, 'yaw': 1500, 'throttle': 989, 'last_manual_roll': 1500, 'last_manual_pitch': 1500, 'last_manual_yaw': 1500, 'last_manual_throttle': 989, 'aux3': 1000, 'aux4': 1502, 'aux5': 1500, 'aux6': 1000, 'aux7': 1000, 'battery': 23.7, 'rssi': 974, 'rssi_msg': 'Strong signal', 'speed': 655.35, 'altitude': 0.08, 'caught': True, 'ready_hold_active': False, 'ready_hold_pending_capture': False, 'ready_hold_roll': 1500, 'ready_hold_pitch': 1500, 'ready_hold_yaw': 1500, 'ready_hold_throttle': 1100, 'target_locked': False, 'tracking_bbox': (311, 231, 17, 17), 'attack_error_x': 0.0, 'attack_error_y': 0.0, 'target_size': 0.0, 'attack_active': False, 'attack_base_roll': 1500, 'attack_base_pitch': 1599, 'attack_base_yaw': 1500, 'attack_base_throttle': 1026, 'prev_attack_error_x': 0.0, 'prev_attack_time': None, 'prev_target_size': 0.0}
2026-04-03 10:37:09,566 - BEE-EPT-UA913 - DEBUG - Executing command: TELEMETRY, Priority: 1, Body: {'target': 'MSP_RC'}
2026-04-03 10:37:09,576 - BEE-EPT-UA913 - DEBUG - Telemetry: b'\xdc\x05\xdc\x05\xdc\x05\xdd\x03\xd0\x07\xe8\x03\xe8\x03\xde\x05\xe8\x03\xe8\x03\xe8\x03\xfd\x05\xdc\x05\xdc\x05\xe8\x03\xe8\x03'
2026-04-03 10:37:09,576 - BEE-EPT-UA913 - INFO - Autopilot state: {'connection': True, 'bee_state': 'READY', 'roll': 1500, 'pitch': 1500, 'yaw': 1500, 'throttle': 989, 'last_manual_roll': 1500, 'last_manual_pitch': 1500, 'last_manual_yaw': 1500, 'last_manual_throttle': 989, 'aux3': 1000, 'aux4': 1502, 'aux5': 1500, 'aux6': 1000, 'aux7': 1000, 'battery': 23.7, 'rssi': 974, 'rssi_msg': 'Strong signal', 'speed': 655.35, 'altitude': 0.08, 'caught': True, 'ready_hold_active': False, 'ready_hold_pending_capture': False, 'ready_hold_roll': 1500, 'ready_hold_pitch': 1500, 'ready_hold_yaw': 1500, 'ready_hold_throttle': 1100, 'target_locked': False, 'tracking_bbox': (311, 231, 17, 17), 'attack_error_x': 0.0, 'attack_error_y': 0.0, 'target_size': 0.0, 'attack_active': False, 'attack_base_roll': 1500, 'attack_base_pitch': 1599, 'attack_base_yaw': 1500, 'attack_base_throttle': 1026, 'prev_attack_error_x': 0.0, 'prev_attack_time': None, 'prev_target_size': 0.0}
2026-04-03 10:37:09,668 - BEE-EPT-UA913 - DEBUG - Executing command: TELEMETRY, Priority: 1, Body: {'target': 'MSP_RC'}
2026-04-03 10:37:09,677 - BEE-EPT-UA913 - DEBUG - Telemetry: b'\xdc\x05\xdc\x05\xdc\x05\xdd\x03\xd0\x07\xe8\x03\xe8\x03\xde\x05\xe8\x03\xe8\x03\xe8\x03\xfd\x05\xdc\x05\xdc\x05\xe8\x03\xe8\x03'
2026-04-03 10:37:09,677 - BEE-EPT-UA913 - INFO - Autopilot state: {'connection': True, 'bee_state': 'READY', 'roll': 1500, 'pitch': 1500, 'yaw': 1500, 'throttle': 989, 'last_manual_roll': 1500, 'last_manual_pitch': 1500, 'last_manual_yaw': 1500, 'last_manual_throttle': 989, 'aux3': 1000, 'aux4': 1502, 'aux5': 1500, 'aux6': 1000, 'aux7': 1000, 'battery': 23.7, 'rssi': 974, 'rssi_msg': 'Strong signal', 'speed': 655.35, 'altitude': 0.08, 'caught': True, 'ready_hold_active': False, 'ready_hold_pending_capture': False, 'ready_hold_roll': 1500, 'ready_hold_pitch': 1500, 'ready_hold_yaw': 1500, 'ready_hold_throttle': 1100, 'target_locked': False, 'tracking_bbox': (311, 231, 17, 17), 'attack_error_x': 0.0, 'attack_error_y': 0.0, 'target_size': 0.0, 'attack_active': False, 'attack_base_roll': 1500, 'attack_base_pitch': 1599, 'attack_base_yaw': 1500, 'attack_base_throttle': 1026, 'prev_attack_error_x': 0.0, 'prev_attack_time': None, 'prev_target_size': 0.0}
2026-04-03 10:37:09,767 - BEE-EPT-UA913 - DEBUG - Executing command: TELEMETRY, Priority: 1, Body: {'target': 'MSP_RC'}
2026-04-03 10:37:09,777 - BEE-EPT-UA913 - DEBUG - Telemetry: b'\xdc\x05\xdc\x05\xdc\x05\xdd\x03\xd0\x07\xe8\x03\xe8\x03\xde\x05\xe8\x03\xe8\x03\xe8\x03\xfd\x05\xdc\x05\xdc\x05\xe8\x03\xe8\x03'
2026-04-03 10:37:09,778 - BEE-EPT-UA913 - INFO - Autopilot state: {'connection': True, 'bee_state': 'READY', 'roll': 1500, 'pitch': 1500, 'yaw': 1500, 'throttle': 989, 'last_manual_roll': 1500, 'last_manual_pitch': 1500, 'last_manual_yaw': 1500, 'last_manual_throttle': 989, 'aux3': 1000, 'aux4': 1502, 'aux5': 1500, 'aux6': 1000, 'aux7': 1000, 'battery': 23.7, 'rssi': 974, 'rssi_msg': 'Strong signal', 'speed': 655.35, 'altitude': 0.08, 'caught': True, 'ready_hold_active': False, 'ready_hold_pending_capture': False, 'ready_hold_roll': 1500, 'ready_hold_pitch': 1500, 'ready_hold_yaw': 1500, 'ready_hold_throttle': 1100, 'target_locked': False, 'tracking_bbox': (311, 231, 17, 17), 'attack_error_x': 0.0, 'attack_error_y': 0.0, 'target_size': 0.0, 'attack_active': False, 'attack_base_roll': 1500, 'attack_base_pitch': 1599, 'attack_base_yaw': 1500, 'attack_base_throttle': 1026, 'prev_attack_error_x': 0.0, 'prev_attack_time': None, 'prev_target_size': 0.0}
2026-04-03 10:37:09,867 - BEE-EPT-UA913 - DEBUG - Executing command: TELEMETRY, Priority: 1, Body: {'target': 'MSP_RC'}
2026-04-03 10:37:09,878 - BEE-EPT-UA913 - DEBUG - Telemetry: b'\xdc\x05\xdc\x05\xdc\x05\xdd\x03\xd0\x07\xe8\x03\xe8\x03\xde\x05\xe8\x03\xe8\x03\xe8\x03\xfd\x05\xdc\x05\xdc\x05\xe8\x03\xe8\x03'
2026-04-03 10:37:09,878 - BEE-EPT-UA913 - INFO - Autopilot state: {'connection': True, 'bee_state': 'READY', 'roll': 1500, 'pitch': 1500, 'yaw': 1500, 'throttle': 989, 'last_manual_roll': 1500, 'last_manual_pitch': 1500, 'last_manual_yaw': 1500, 'last_manual_throttle': 989, 'aux3': 1000, 'aux4': 1502, 'aux5': 1500, 'aux6': 1000, 'aux7': 1000, 'battery': 23.7, 'rssi': 974, 'rssi_msg': 'Strong signal', 'speed': 655.35, 'altitude': 0.08, 'caught': True, 'ready_hold_active': False, 'ready_hold_pending_capture': False, 'ready_hold_roll': 1500, 'ready_hold_pitch': 1500, 'ready_hold_yaw': 1500, 'ready_hold_throttle': 1100, 'target_locked': False, 'tracking_bbox': (311, 231, 17, 17), 'attack_error_x': 0.0, 'attack_error_y': 0.0, 'target_size': 0.0, 'attack_active': False, 'attack_base_roll': 1500, 'attack_base_pitch': 1599, 'attack_base_yaw': 1500, 'attack_base_throttle': 1026, 'prev_attack_error_x': 0.0, 'prev_attack_time': None, 'prev_target_size': 0.0}
2026-04-03 10:37:09,967 - BEE-EPT-UA913 - DEBUG - Executing command: TELEMETRY, Priority: 1, Body: {'target': 'MSP_RC'}
2026-04-03 10:37:09,978 - BEE-EPT-UA913 - DEBUG - Telemetry: b'\xdc\x05\xdc\x05\xdc\x05\xdd\x03\xd0\x07\xe8\x03\xe8\x03\xde\x05\xe8\x03\xe8\x03\xe8\x03\xfd\x05\xdc\x05\xdc\x05\xe8\x03\xe8\x03'
2026-04-03 10:37:09,979 - BEE-EPT-UA913 - INFO - Autopilot state: {'connection': True, 'bee_state': 'READY', 'roll': 1500, 'pitch': 1500, 'yaw': 1500, 'throttle': 989, 'last_manual_roll': 1500, 'last_manual_pitch': 1500, 'last_manual_yaw': 1500, 'last_manual_throttle': 989, 'aux3': 1000, 'aux4': 1502, 'aux5': 1500, 'aux6': 1000, 'aux7': 1000, 'battery': 23.7, 'rssi': 974, 'rssi_msg': 'Strong signal', 'speed': 655.35, 'altitude': 0.08, 'caught': True, 'ready_hold_active': False, 'ready_hold_pending_capture': False, 'ready_hold_roll': 1500, 'ready_hold_pitch': 1500, 'ready_hold_yaw': 1500, 'ready_hold_throttle': 1100, 'target_locked': False, 'tracking_bbox': (311, 231, 17, 17), 'attack_error_x': 0.0, 'attack_error_y': 0.0, 'target_size': 0.0, 'attack_active': False, 'attack_base_roll': 1500, 'attack_base_pitch': 1599, 'attack_base_yaw': 1500, 'attack_base_throttle': 1026, 'prev_attack_error_x': 0.0, 'prev_attack_time': None, 'prev_target_size': 0.0}
2026-04-03 10:37:10,029 - BEE-EPT-UA913 - DEBUG - Executing command: TELEMETRY, Priority: 2, Body: {'target': 'MSP_ALTITUDE'}
2026-04-03 10:37:10,036 - BEE-EPT-UA913 - DEBUG - Telemetry: b'\x0b\x00\x00\x00\x00\x00'
2026-04-03 10:37:10,037 - BEE-EPT-UA913 - INFO - Autopilot state: {'connection': True, 'bee_state': 'READY', 'roll': 1500, 'pitch': 1500, 'yaw': 1500, 'throttle': 989, 'last_manual_roll': 1500, 'last_manual_pitch': 1500, 'last_manual_yaw': 1500, 'last_manual_throttle': 989, 'aux3': 1000, 'aux4': 1502, 'aux5': 1500, 'aux6': 1000, 'aux7': 1000, 'battery': 23.7, 'rssi': 974, 'rssi_msg': 'Strong signal', 'speed': 0.0, 'altitude': 0.11, 'caught': True, 'ready_hold_active': False, 'ready_hold_pending_capture': False, 'ready_hold_roll': 1500, 'ready_hold_pitch': 1500, 'ready_hold_yaw': 1500, 'ready_hold_throttle': 1100, 'target_locked': False, 'tracking_bbox': (311, 231, 17, 17), 'attack_error_x': 0.0, 'attack_error_y': 0.0, 'target_size': 0.0, 'attack_active': False, 'attack_base_roll': 1500, 'attack_base_pitch': 1599, 'attack_base_yaw': 1500, 'attack_base_throttle': 1026, 'prev_attack_error_x': 0.0, 'prev_attack_time': None, 'prev_target_size': 0.0}
2026-04-03 10:37:10,087 - BEE-EPT-UA913 - DEBUG - Executing command: TELEMETRY, Priority: 1, Body: {'target': 'MSP_RC'}
2026-04-03 10:37:10,099 - BEE-EPT-UA913 - DEBUG - Telemetry: b'\xdc\x05\xdc\x05\xdc\x05\xdd\x03\xd0\x07\xe8\x03\xe8\x03\xde\x05\xe8\x03\xe8\x03\xe8\x03\xfd\x05\xdc\x05\xdc\x05\xe8\x03\xe8\x03'
2026-04-03 10:37:10,099 - BEE-EPT-UA913 - INFO - Autopilot state: {'connection': True, 'bee_state': 'READY', 'roll': 1500, 'pitch': 1500, 'yaw': 1500, 'throttle': 989, 'last_manual_roll': 1500, 'last_manual_pitch': 1500, 'last_manual_yaw': 1500, 'last_manual_throttle': 989, 'aux3': 1000, 'aux4': 1502, 'aux5': 1500, 'aux6': 1000, 'aux7': 1000, 'battery': 23.7, 'rssi': 974, 'rssi_msg': 'Strong signal', 'speed': 0.0, 'altitude': 0.11, 'caught': True, 'ready_hold_active': False, 'ready_hold_pending_capture': False, 'ready_hold_roll': 1500, 'ready_hold_pitch': 1500, 'ready_hold_yaw': 1500, 'ready_hold_throttle': 1100, 'target_locked': False, 'tracking_bbox': (311, 231, 17, 17), 'attack_error_x': 0.0, 'attack_error_y': 0.0, 'target_size': 0.0, 'attack_active': False, 'attack_base_roll': 1500, 'attack_base_pitch': 1599, 'attack_base_yaw': 1500, 'attack_base_throttle': 1026, 'prev_attack_error_x': 0.0, 'prev_attack_time': None, 'prev_target_size': 0.0}
2026-04-03 10:37:10,149 - BEE-EPT-UA913 - DEBUG - Executing command: MONITOR, Priority: 2, Body: {'target': 'MSP_ANALOG'}
2026-04-03 10:37:10,157 - BEE-EPT-UA913 - DEBUG - Monitoring: b'\xed\x08\x00\xcf\x03\x0c\x00F\t'
2026-04-03 10:37:10,157 - BEE-EPT-UA913 - INFO - RSSI: 975, signal: Strong signal, battery voltage: 23.7V
2026-04-03 10:37:10,208 - BEE-EPT-UA913 - DEBUG - Executing command: TELEMETRY, Priority: 1, Body: {'target': 'MSP_RC'}
2026-04-03 10:37:10,219 - BEE-EPT-UA913 - DEBUG - Telemetry: b'\xdc\x05\xdc\x05\xdc\x05\xdd\x03\xd0\x07\xe8\x03\xe8\x03\xde\x05\xe8\x03\xe8\x03\xe8\x03\xfd\x05\xdc\x05\xdc\x05\xe8\x03\xe8\x03'
2026-04-03 10:37:10,220 - BEE-EPT-UA913 - INFO - Autopilot state: {'connection': True, 'bee_state': 'READY', 'roll': 1500, 'pitch': 1500, 'yaw': 1500, 'throttle': 989, 'last_manual_roll': 1500, 'last_manual_pitch': 1500, 'last_manual_yaw': 1500, 'last_manual_throttle': 989, 'aux3': 1000, 'aux4': 1502, 'aux5': 1500, 'aux6': 1000, 'aux7': 1000, 'battery': 23.7, 'rssi': 975, 'rssi_msg': 'Strong signal', 'speed': 0.0, 'altitude': 0.11, 'caught': True, 'ready_hold_active': False, 'ready_hold_pending_capture': False, 'ready_hold_roll': 1500, 'ready_hold_pitch': 1500, 'ready_hold_yaw': 1500, 'ready_hold_throttle': 1100, 'target_locked': False, 'tracking_bbox': (311, 231, 17, 17), 'attack_error_x': 0.0, 'attack_error_y': 0.0, 'target_size': 0.0, 'attack_active': False, 'attack_base_roll': 1500, 'attack_base_pitch': 1599, 'attack_base_yaw': 1500, 'attack_base_throttle': 1026, 'prev_attack_error_x': 0.0, 'prev_attack_time': None, 'prev_target_size': 0.0}
2026-04-03 10:37:10,270 - BEE-EPT-UA913 - DEBUG - Executing command: TELEMETRY, Priority: 1, Body: {'target': 'MSP_RC'}
2026-04-03 10:37:10,280 - BEE-EPT-UA913 - DEBUG - Telemetry: b'\xdc\x05\xdc\x05\xdc\x05\xdd\x03\xd0\x07\xe8\x03\xe8\x03\xde\x05\xe8\x03\xe8\x03\xe8\x03\xfd\x05\xdc\x05\xdc\x05\xe8\x03\xe8\x03'
2026-04-03 10:37:10,280 - BEE-EPT-UA913 - INFO - Autopilot state: {'connection': True, 'bee_state': 'READY', 'roll': 1500, 'pitch': 1500, 'yaw': 1500, 'throttle': 989, 'last_manual_roll': 1500, 'last_manual_pitch': 1500, 'last_manual_yaw': 1500, 'last_manual_throttle': 989, 'aux3': 1000, 'aux4': 1502, 'aux5': 1500, 'aux6': 1000, 'aux7': 1000, 'battery': 23.7, 'rssi': 975, 'rssi_msg': 'Strong signal', 'speed': 0.0, 'altitude': 0.11, 'caught': True, 'ready_hold_active': False, 'ready_hold_pending_capture': False, 'ready_hold_roll': 1500, 'ready_hold_pitch': 1500, 'ready_hold_yaw': 1500, 'ready_hold_throttle': 1100, 'target_locked': False, 'tracking_bbox': (311, 231, 17, 17), 'attack_error_x': 0.0, 'attack_error_y': 0.0, 'target_size': 0.0, 'attack_active': False, 'attack_base_roll': 1500, 'attack_base_pitch': 1599, 'attack_base_yaw': 1500, 'attack_base_throttle': 1026, 'prev_attack_error_x': 0.0, 'prev_attack_time': None, 'prev_target_size': 0.0}
2026-04-03 10:37:10,369 - BEE-EPT-UA913 - DEBUG - Executing command: TELEMETRY, Priority: 1, Body: {'target': 'MSP_RC'}
2026-04-03 10:37:10,380 - BEE-EPT-UA913 - DEBUG - Telemetry: b'\xdc\x05\xdc\x05\xdc\x05\xdd\x03\xd0\x07\xe8\x03\xe8\x03\xde\x05\xe8\x03\xe8\x03\xe8\x03\xfd\x05\xdc\x05\xdc\x05\xe8\x03\xe8\x03'
2026-04-03 10:37:10,381 - BEE-EPT-UA913 - INFO - Autopilot state: {'connection': True, 'bee_state': 'READY', 'roll': 1500, 'pitch': 1500, 'yaw': 1500, 'throttle': 989, 'last_manual_roll': 1500, 'last_manual_pitch': 1500, 'last_manual_yaw': 1500, 'last_manual_throttle': 989, 'aux3': 1000, 'aux4': 1502, 'aux5': 1500, 'aux6': 1000, 'aux7': 1000, 'battery': 23.7, 'rssi': 975, 'rssi_msg': 'Strong signal', 'speed': 0.0, 'altitude': 0.11, 'caught': True, 'ready_hold_active': False, 'ready_hold_pending_capture': False, 'ready_hold_roll': 1500, 'ready_hold_pitch': 1500, 'ready_hold_yaw': 1500, 'ready_hold_throttle': 1100, 'target_locked': False, 'tracking_bbox': (311, 231, 17, 17), 'attack_error_x': 0.0, 'attack_error_y': 0.0, 'target_size': 0.0, 'attack_active': False, 'attack_base_roll': 1500, 'attack_base_pitch': 1599, 'attack_base_yaw': 1500, 'attack_base_throttle': 1026, 'prev_attack_error_x': 0.0, 'prev_attack_time': None, 'prev_target_size': 0.0}
2026-04-03 10:37:10,470 - BEE-EPT-UA913 - DEBUG - Executing command: TELEMETRY, Priority: 1, Body: {'target': 'MSP_RC'}
2026-04-03 10:37:10,481 - BEE-EPT-UA913 - DEBUG - Telemetry: b'\xdc\x05\xdc\x05\xdc\x05\xdd\x03\xd0\x07\xe8\x03\xe8\x03\xde\x05\xe8\x03\xe8\x03\xe8\x03\xfd\x05\xdc\x05\xdc\x05\xe8\x03\xe8\x03'
2026-04-03 10:37:10,481 - BEE-EPT-UA913 - INFO - Autopilot state: {'connection': True, 'bee_state': 'READY', 'roll': 1500, 'pitch': 1500, 'yaw': 1500, 'throttle': 989, 'last_manual_roll': 1500, 'last_manual_pitch': 1500, 'last_manual_yaw': 1500, 'last_manual_throttle': 989, 'aux3': 1000, 'aux4': 1502, 'aux5': 1500, 'aux6': 1000, 'aux7': 1000, 'battery': 23.7, 'rssi': 975, 'rssi_msg': 'Strong signal', 'speed': 0.0, 'altitude': 0.11, 'caught': True, 'ready_hold_active': False, 'ready_hold_pending_capture': False, 'ready_hold_roll': 1500, 'ready_hold_pitch': 1500, 'ready_hold_yaw': 1500, 'ready_hold_throttle': 1100, 'target_locked': False, 'tracking_bbox': (311, 231, 17, 17), 'attack_error_x': 0.0, 'attack_error_y': 0.0, 'target_size': 0.0, 'attack_active': False, 'attack_base_roll': 1500, 'attack_base_pitch': 1599, 'attack_base_yaw': 1500, 'attack_base_throttle': 1026, 'prev_attack_error_x': 0.0, 'prev_attack_time': None, 'prev_target_size': 0.0}
2026-04-03 10:37:10,571 - BEE-EPT-UA913 - DEBUG - Executing command: TELEMETRY, Priority: 1, Body: {'target': 'MSP_RC'}
2026-04-03 10:37:10,581 - BEE-EPT-UA913 - DEBUG - Telemetry: b'\xdc\x05\xdc\x05\xdc\x05\xdd\x03\xd0\x07\xe8\x03\xe8\x03\xde\x05\xe8\x03\xe8\x03\xe8\x03\xfd\x05\xdc\x05\xdc\x05\xe8\x03\xe8\x03'
2026-04-03 10:37:10,582 - BEE-EPT-UA913 - INFO - Autopilot state: {'connection': True, 'bee_state': 'READY', 'roll': 1500, 'pitch': 1500, 'yaw': 1500, 'throttle': 989, 'last_manual_roll': 1500, 'last_manual_pitch': 1500, 'last_manual_yaw': 1500, 'last_manual_throttle': 989, 'aux3': 1000, 'aux4': 1502, 'aux5': 1500, 'aux6': 1000, 'aux7': 1000, 'battery': 23.7, 'rssi': 975, 'rssi_msg': 'Strong signal', 'speed': 0.0, 'altitude': 0.11, 'caught': True, 'ready_hold_active': False, 'ready_hold_pending_capture': False, 'ready_hold_roll': 1500, 'ready_hold_pitch': 1500, 'ready_hold_yaw': 1500, 'ready_hold_throttle': 1100, 'target_locked': False, 'tracking_bbox': (311, 231, 17, 17), 'attack_error_x': 0.0, 'attack_error_y': 0.0, 'target_size': 0.0, 'attack_active': False, 'attack_base_roll': 1500, 'attack_base_pitch': 1599, 'attack_base_yaw': 1500, 'attack_base_throttle': 1026, 'prev_attack_error_x': 0.0, 'prev_attack_time': None, 'prev_target_size': 0.0}
2026-04-03 10:37:10,672 - BEE-EPT-UA913 - DEBUG - Executing command: TELEMETRY, Priority: 1, Body: {'target': 'MSP_RC'}
2026-04-03 10:37:10,682 - BEE-EPT-UA913 - DEBUG - Telemetry: b'\xdc\x05\xdc\x05\xdc\x05\xdd\x03\xd0\x07\xe8\x03\xe8\x03\xde\x05\xe8\x03\xe8\x03\xe8\x03\xfd\x05\xdc\x05\xdc\x05\xe8\x03\xe8\x03'
2026-04-03 10:37:10,682 - BEE-EPT-UA913 - INFO - Autopilot state: {'connection': True, 'bee_state': 'READY', 'roll': 1500, 'pitch': 1500, 'yaw': 1500, 'throttle': 989, 'last_manual_roll': 1500, 'last_manual_pitch': 1500, 'last_manual_yaw': 1500, 'last_manual_throttle': 989, 'aux3': 1000, 'aux4': 1502, 'aux5': 1500, 'aux6': 1000, 'aux7': 1000, 'battery': 23.7, 'rssi': 975, 'rssi_msg': 'Strong signal', 'speed': 0.0, 'altitude': 0.11, 'caught': True, 'ready_hold_active': False, 'ready_hold_pending_capture': False, 'ready_hold_roll': 1500, 'ready_hold_pitch': 1500, 'ready_hold_yaw': 1500, 'ready_hold_throttle': 1100, 'target_locked': False, 'tracking_bbox': (311, 231, 17, 17), 'attack_error_x': 0.0, 'attack_error_y': 0.0, 'target_size': 0.0, 'attack_active': False, 'attack_base_roll': 1500, 'attack_base_pitch': 1599, 'attack_base_yaw': 1500, 'attack_base_throttle': 1026, 'prev_attack_error_x': 0.0, 'prev_attack_time': None, 'prev_target_size': 0.0}
2026-04-03 10:37:10,772 - BEE-EPT-UA913 - DEBUG - Executing command: TELEMETRY, Priority: 1, Body: {'target': 'MSP_RC'}
2026-04-03 10:37:10,782 - BEE-EPT-UA913 - DEBUG - Telemetry: b'\xdc\x05\xdc\x05\xdc\x05\xdd\x03\xd0\x07\xe8\x03\xe8\x03\xde\x05\xe8\x03\xe8\x03\xe8\x03\xfd\x05\xdc\x05\xdc\x05\xe8\x03\xe8\x03'
2026-04-03 10:37:10,782 - BEE-EPT-UA913 - INFO - Autopilot state: {'connection': True, 'bee_state': 'READY', 'roll': 1500, 'pitch': 1500, 'yaw': 1500, 'throttle': 989, 'last_manual_roll': 1500, 'last_manual_pitch': 1500, 'last_manual_yaw': 1500, 'last_manual_throttle': 989, 'aux3': 1000, 'aux4': 1502, 'aux5': 1500, 'aux6': 1000, 'aux7': 1000, 'battery': 23.7, 'rssi': 975, 'rssi_msg': 'Strong signal', 'speed': 0.0, 'altitude': 0.11, 'caught': True, 'ready_hold_active': False, 'ready_hold_pending_capture': False, 'ready_hold_roll': 1500, 'ready_hold_pitch': 1500, 'ready_hold_yaw': 1500, 'ready_hold_throttle': 1100, 'target_locked': False, 'tracking_bbox': (311, 231, 17, 17), 'attack_error_x': 0.0, 'attack_error_y': 0.0, 'target_size': 0.0, 'attack_active': False, 'attack_base_roll': 1500, 'attack_base_pitch': 1599, 'attack_base_yaw': 1500, 'attack_base_throttle': 1026, 'prev_attack_error_x': 0.0, 'prev_attack_time': None, 'prev_target_size': 0.0}
2026-04-03 10:37:10,874 - BEE-EPT-UA913 - DEBUG - Executing command: TELEMETRY, Priority: 1, Body: {'target': 'MSP_RC'}
2026-04-03 10:37:10,883 - BEE-EPT-UA913 - DEBUG - Telemetry: b'\xdc\x05\xdc\x05\xdc\x05\xdd\x03\xd0\x07\xe8\x03\xe8\x03\xde\x05\xe8\x03\xe8\x03\xe8\x03\xfd\x05\xdc\x05\xdc\x05\xe8\x03\xe8\x03'
2026-04-03 10:37:10,883 - BEE-EPT-UA913 - INFO - Autopilot state: {'connection': True, 'bee_state': 'READY', 'roll': 1500, 'pitch': 1500, 'yaw': 1500, 'throttle': 989, 'last_manual_roll': 1500, 'last_manual_pitch': 1500, 'last_manual_yaw': 1500, 'last_manual_throttle': 989, 'aux3': 1000, 'aux4': 1502, 'aux5': 1500, 'aux6': 1000, 'aux7': 1000, 'battery': 23.7, 'rssi': 975, 'rssi_msg': 'Strong signal', 'speed': 0.0, 'altitude': 0.11, 'caught': True, 'ready_hold_active': False, 'ready_hold_pending_capture': False, 'ready_hold_roll': 1500, 'ready_hold_pitch': 1500, 'ready_hold_yaw': 1500, 'ready_hold_throttle': 1100, 'target_locked': False, 'tracking_bbox': (311, 231, 17, 17), 'attack_error_x': 0.0, 'attack_error_y': 0.0, 'target_size': 0.0, 'attack_active': False, 'attack_base_roll': 1500, 'attack_base_pitch': 1599, 'attack_base_yaw': 1500, 'attack_base_throttle': 1026, 'prev_attack_error_x': 0.0, 'prev_attack_time': None, 'prev_target_size': 0.0}
2026-04-03 10:37:10,974 - BEE-EPT-UA913 - DEBUG - Executing command: TELEMETRY, Priority: 1, Body: {'target': 'MSP_RC'}
2026-04-03 10:37:10,983 - BEE-EPT-UA913 - DEBUG - Telemetry: b'\xdc\x05\xdc\x05\xdc\x05\xdd\x03\xd0\x07\xe8\x03\xe8\x03\xde\x05\xe8\x03\xe8\x03\xe8\x03\xfd\x05\xdc\x05\xdc\x05\xe8\x03\xe8\x03'
2026-04-03 10:37:10,984 - BEE-EPT-UA913 - INFO - Autopilot state: {'connection': True, 'bee_state': 'READY', 'roll': 1500, 'pitch': 1500, 'yaw': 1500, 'throttle': 989, 'last_manual_roll': 1500, 'last_manual_pitch': 1500, 'last_manual_yaw': 1500, 'last_manual_throttle': 989, 'aux3': 1000, 'aux4': 1502, 'aux5': 1500, 'aux6': 1000, 'aux7': 1000, 'battery': 23.7, 'rssi': 975, 'rssi_msg': 'Strong signal', 'speed': 0.0, 'altitude': 0.11, 'caught': True, 'ready_hold_active': False, 'ready_hold_pending_capture': False, 'ready_hold_roll': 1500, 'ready_hold_pitch': 1500, 'ready_hold_yaw': 1500, 'ready_hold_throttle': 1100, 'target_locked': False, 'tracking_bbox': (311, 231, 17, 17), 'attack_error_x': 0.0, 'attack_error_y': 0.0, 'target_size': 0.0, 'attack_active': False, 'attack_base_roll': 1500, 'attack_base_pitch': 1599, 'attack_base_yaw': 1500, 'attack_base_throttle': 1026, 'prev_attack_error_x': 0.0, 'prev_attack_time': None, 'prev_target_size': 0.0}
2026-04-03 10:37:11,034 - BEE-EPT-UA913 - DEBUG - Executing command: TELEMETRY, Priority: 2, Body: {'target': 'MSP_ALTITUDE'}
2026-04-03 10:37:11,041 - BEE-EPT-UA913 - DEBUG - Telemetry: b'\x0f\x00\x00\x00\x00\x00'
2026-04-03 10:37:11,042 - BEE-EPT-UA913 - INFO - Autopilot state: {'connection': True, 'bee_state': 'READY', 'roll': 1500, 'pitch': 1500, 'yaw': 1500, 'throttle': 989, 'last_manual_roll': 1500, 'last_manual_pitch': 1500, 'last_manual_yaw': 1500, 'last_manual_throttle': 989, 'aux3': 1000, 'aux4': 1502, 'aux5': 1500, 'aux6': 1000, 'aux7': 1000, 'battery': 23.7, 'rssi': 975, 'rssi_msg': 'Strong signal', 'speed': 0.0, 'altitude': 0.15, 'caught': True, 'ready_hold_active': False, 'ready_hold_pending_capture': False, 'ready_hold_roll': 1500, 'ready_hold_pitch': 1500, 'ready_hold_yaw': 1500, 'ready_hold_throttle': 1100, 'target_locked': False, 'tracking_bbox': (311, 231, 17, 17), 'attack_error_x': 0.0, 'attack_error_y': 0.0, 'target_size': 0.0, 'attack_active': False, 'attack_base_roll': 1500, 'attack_base_pitch': 1599, 'attack_base_yaw': 1500, 'attack_base_throttle': 1026, 'prev_attack_error_x': 0.0, 'prev_attack_time': None, 'prev_target_size': 0.0}
2026-04-03 10:37:11,092 - BEE-EPT-UA913 - DEBUG - Executing command: TELEMETRY, Priority: 1, Body: {'target': 'MSP_RC'}
2026-04-03 10:37:11,104 - BEE-EPT-UA913 - DEBUG - Telemetry: b'\xdc\x05\xdc\x05\xdc\x05\xdd\x03\xd0\x07\xe8\x03\xe8\x03\xde\x05\xe8\x03\xe8\x03\xe8\x03\xfd\x05\xdc\x05\xdc\x05\xe8\x03\xe8\x03'
2026-04-03 10:37:11,104 - BEE-EPT-UA913 - INFO - Autopilot state: {'connection': True, 'bee_state': 'READY', 'roll': 1500, 'pitch': 1500, 'yaw': 1500, 'throttle': 989, 'last_manual_roll': 1500, 'last_manual_pitch': 1500, 'last_manual_yaw': 1500, 'last_manual_throttle': 989, 'aux3': 1000, 'aux4': 1502, 'aux5': 1500, 'aux6': 1000, 'aux7': 1000, 'battery': 23.7, 'rssi': 975, 'rssi_msg': 'Strong signal', 'speed': 0.0, 'altitude': 0.15, 'caught': True, 'ready_hold_active': False, 'ready_hold_pending_capture': False, 'ready_hold_roll': 1500, 'ready_hold_pitch': 1500, 'ready_hold_yaw': 1500, 'ready_hold_throttle': 1100, 'target_locked': False, 'tracking_bbox': (311, 231, 17, 17), 'attack_error_x': 0.0, 'attack_error_y': 0.0, 'target_size': 0.0, 'attack_active': False, 'attack_base_roll': 1500, 'attack_base_pitch': 1599, 'attack_base_yaw': 1500, 'attack_base_throttle': 1026, 'prev_attack_error_x': 0.0, 'prev_attack_time': None, 'prev_target_size': 0.0}
2026-04-03 10:37:11,155 - BEE-EPT-UA913 - DEBUG - Executing command: MONITOR, Priority: 2, Body: {'target': 'MSP_ANALOG'}
2026-04-03 10:37:11,162 - BEE-EPT-UA913 - DEBUG - Monitoring: b'\xed\x08\x00\xcf\x03\x0c\x00F\t'
2026-04-03 10:37:11,162 - BEE-EPT-UA913 - INFO - RSSI: 975, signal: Strong signal, battery voltage: 23.7V
2026-04-03 10:37:11,213 - BEE-EPT-UA913 - DEBUG - Executing command: TELEMETRY, Priority: 1, Body: {'target': 'MSP_RC'}
2026-04-03 10:37:11,225 - BEE-EPT-UA913 - DEBUG - Telemetry: b'\xdc\x05\xdc\x05\xdc\x05\xdd\x03\xd0\x07\xe8\x03\xe8\x03\xde\x05\xe8\x03\xe8\x03\xe8\x03\xfd\x05\xdc\x05\xdc\x05\xe8\x03\xe8\x03'
2026-04-03 10:37:11,225 - BEE-EPT-UA913 - INFO - Autopilot state: {'connection': True, 'bee_state': 'READY', 'roll': 1500, 'pitch': 1500, 'yaw': 1500, 'throttle': 989, 'last_manual_roll': 1500, 'last_manual_pitch': 1500, 'last_manual_yaw': 1500, 'last_manual_throttle': 989, 'aux3': 1000, 'aux4': 1502, 'aux5': 1500, 'aux6': 1000, 'aux7': 1000, 'battery': 23.7, 'rssi': 975, 'rssi_msg': 'Strong signal', 'speed': 0.0, 'altitude': 0.15, 'caught': True, 'ready_hold_active': False, 'ready_hold_pending_capture': False, 'ready_hold_roll': 1500, 'ready_hold_pitch': 1500, 'ready_hold_yaw': 1500, 'ready_hold_throttle': 1100, 'target_locked': False, 'tracking_bbox': (311, 231, 17, 17), 'attack_error_x': 0.0, 'attack_error_y': 0.0, 'target_size': 0.0, 'attack_active': False, 'attack_base_roll': 1500, 'attack_base_pitch': 1599, 'attack_base_yaw': 1500, 'attack_base_throttle': 1026, 'prev_attack_error_x': 0.0, 'prev_attack_time': None, 'prev_target_size': 0.0}
2026-04-03 10:37:11,276 - BEE-EPT-UA913 - DEBUG - Executing command: TELEMETRY, Priority: 1, Body: {'target': 'MSP_RC'}
2026-04-03 10:37:11,285 - BEE-EPT-UA913 - DEBUG - Telemetry: b'\xdc\x05\xdc\x05\xdc\x05\xdd\x03\xd0\x07\xe8\x03\xe8\x03\xde\x05\xe8\x03\xe8\x03\xe8\x03\xfd\x05\xdc\x05\xdc\x05\xe8\x03\xe8\x03'
2026-04-03 10:37:11,285 - BEE-EPT-UA913 - INFO - Autopilot state: {'connection': True, 'bee_state': 'READY', 'roll': 1500, 'pitch': 1500, 'yaw': 1500, 'throttle': 989, 'last_manual_roll': 1500, 'last_manual_pitch': 1500, 'last_manual_yaw': 1500, 'last_manual_throttle': 989, 'aux3': 1000, 'aux4': 1502, 'aux5': 1500, 'aux6': 1000, 'aux7': 1000, 'battery': 23.7, 'rssi': 975, 'rssi_msg': 'Strong signal', 'speed': 0.0, 'altitude': 0.15, 'caught': True, 'ready_hold_active': False, 'ready_hold_pending_capture': False, 'ready_hold_roll': 1500, 'ready_hold_pitch': 1500, 'ready_hold_yaw': 1500, 'ready_hold_throttle': 1100, 'target_locked': False, 'tracking_bbox': (311, 231, 17, 17), 'attack_error_x': 0.0, 'attack_error_y': 0.0, 'target_size': 0.0, 'attack_active': False, 'attack_base_roll': 1500, 'attack_base_pitch': 1599, 'attack_base_yaw': 1500, 'attack_base_throttle': 1026, 'prev_attack_error_x': 0.0, 'prev_attack_time': None, 'prev_target_size': 0.0}
2026-04-03 10:37:11,376 - BEE-EPT-UA913 - DEBUG - Executing command: TELEMETRY, Priority: 1, Body: {'target': 'MSP_RC'}
2026-04-03 10:37:11,386 - BEE-EPT-UA913 - DEBUG - Telemetry: b'\xdc\x05\xdc\x05\xdc\x05\xdd\x03\xd0\x07\xe8\x03\xe8\x03\xde\x05\xe8\x03\xe8\x03\xe8\x03\xfd\x05\xdc\x05\xdc\x05\xe8\x03\xe8\x03'
2026-04-03 10:37:11,386 - BEE-EPT-UA913 - INFO - Autopilot state: {'connection': True, 'bee_state': 'READY', 'roll': 1500, 'pitch': 1500, 'yaw': 1500, 'throttle': 989, 'last_manual_roll': 1500, 'last_manual_pitch': 1500, 'last_manual_yaw': 1500, 'last_manual_throttle': 989, 'aux3': 1000, 'aux4': 1502, 'aux5': 1500, 'aux6': 1000, 'aux7': 1000, 'battery': 23.7, 'rssi': 975, 'rssi_msg': 'Strong signal', 'speed': 0.0, 'altitude': 0.15, 'caught': True, 'ready_hold_active': False, 'ready_hold_pending_capture': False, 'ready_hold_roll': 1500, 'ready_hold_pitch': 1500, 'ready_hold_yaw': 1500, 'ready_hold_throttle': 1100, 'target_locked': False, 'tracking_bbox': (311, 231, 17, 17), 'attack_error_x': 0.0, 'attack_error_y': 0.0, 'target_size': 0.0, 'attack_active': False, 'attack_base_roll': 1500, 'attack_base_pitch': 1599, 'attack_base_yaw': 1500, 'attack_base_throttle': 1026, 'prev_attack_error_x': 0.0, 'prev_attack_time': None, 'prev_target_size': 0.0}
2026-04-03 10:37:11,476 - BEE-EPT-UA913 - DEBUG - Executing command: TELEMETRY, Priority: 1, Body: {'target': 'MSP_RC'}
2026-04-03 10:37:11,487 - BEE-EPT-UA913 - DEBUG - Telemetry: b'\xdc\x05\xdc\x05\xdc\x05\xdd\x03\xd0\x07\xe8\x03\xe8\x03\xde\x05\xe8\x03\xe8\x03\xe8\x03\xfd\x05\xdc\x05\xdc\x05\xe8\x03\xe8\x03'
2026-04-03 10:37:11,487 - BEE-EPT-UA913 - INFO - Autopilot state: {'connection': True, 'bee_state': 'READY', 'roll': 1500, 'pitch': 1500, 'yaw': 1500, 'throttle': 989, 'last_manual_roll': 1500, 'last_manual_pitch': 1500, 'last_manual_yaw': 1500, 'last_manual_throttle': 989, 'aux3': 1000, 'aux4': 1502, 'aux5': 1500, 'aux6': 1000, 'aux7': 1000, 'battery': 23.7, 'rssi': 975, 'rssi_msg': 'Strong signal', 'speed': 0.0, 'altitude': 0.15, 'caught': True, 'ready_hold_active': False, 'ready_hold_pending_capture': False, 'ready_hold_roll': 1500, 'ready_hold_pitch': 1500, 'ready_hold_yaw': 1500, 'ready_hold_throttle': 1100, 'target_locked': False, 'tracking_bbox': (311, 231, 17, 17), 'attack_error_x': 0.0, 'attack_error_y': 0.0, 'target_size': 0.0, 'attack_active': False, 'attack_base_roll': 1500, 'attack_base_pitch': 1599, 'attack_base_yaw': 1500, 'attack_base_throttle': 1026, 'prev_attack_error_x': 0.0, 'prev_attack_time': None, 'prev_target_size': 0.0}
2026-04-03 10:37:11,577 - BEE-EPT-UA913 - DEBUG - Executing command: TELEMETRY, Priority: 1, Body: {'target': 'MSP_RC'}
2026-04-03 10:37:11,587 - BEE-EPT-UA913 - DEBUG - Telemetry: b'\xdc\x05\xdc\x05\xdc\x05\xdd\x03\xd0\x07\xe8\x03\xe8\x03\xde\x05\xe8\x03\xe8\x03\xe8\x03\xfd\x05\xdc\x05\xdc\x05\xe8\x03\xe8\x03'
2026-04-03 10:37:11,588 - BEE-EPT-UA913 - INFO - Autopilot state: {'connection': True, 'bee_state': 'READY', 'roll': 1500, 'pitch': 1500, 'yaw': 1500, 'throttle': 989, 'last_manual_roll': 1500, 'last_manual_pitch': 1500, 'last_manual_yaw': 1500, 'last_manual_throttle': 989, 'aux3': 1000, 'aux4': 1502, 'aux5': 1500, 'aux6': 1000, 'aux7': 1000, 'battery': 23.7, 'rssi': 975, 'rssi_msg': 'Strong signal', 'speed': 0.0, 'altitude': 0.15, 'caught': True, 'ready_hold_active': False, 'ready_hold_pending_capture': False, 'ready_hold_roll': 1500, 'ready_hold_pitch': 1500, 'ready_hold_yaw': 1500, 'ready_hold_throttle': 1100, 'target_locked': False, 'tracking_bbox': (311, 231, 17, 17), 'attack_error_x': 0.0, 'attack_error_y': 0.0, 'target_size': 0.0, 'attack_active': False, 'attack_base_roll': 1500, 'attack_base_pitch': 1599, 'attack_base_yaw': 1500, 'attack_base_throttle': 1026, 'prev_attack_error_x': 0.0, 'prev_attack_time': None, 'prev_target_size': 0.0}
2026-04-03 10:37:11,677 - BEE-EPT-UA913 - DEBUG - Executing command: TELEMETRY, Priority: 1, Body: {'target': 'MSP_RC'}
2026-04-03 10:37:11,688 - BEE-EPT-UA913 - DEBUG - Telemetry: b'\xdc\x05\xdc\x05\xdc\x05\xdd\x03\xd0\x07\xe8\x03\xe8\x03\xde\x05\xe8\x03\xe8\x03\xe8\x03\xfd\x05\xdc\x05\xdc\x05\xe8\x03\xe8\x03'
2026-04-03 10:37:11,688 - BEE-EPT-UA913 - INFO - Autopilot state: {'connection': True, 'bee_state': 'READY', 'roll': 1500, 'pitch': 1500, 'yaw': 1500, 'throttle': 989, 'last_manual_roll': 1500, 'last_manual_pitch': 1500, 'last_manual_yaw': 1500, 'last_manual_throttle': 989, 'aux3': 1000, 'aux4': 1502, 'aux5': 1500, 'aux6': 1000, 'aux7': 1000, 'battery': 23.7, 'rssi': 975, 'rssi_msg': 'Strong signal', 'speed': 0.0, 'altitude': 0.15, 'caught': True, 'ready_hold_active': False, 'ready_hold_pending_capture': False, 'ready_hold_roll': 1500, 'ready_hold_pitch': 1500, 'ready_hold_yaw': 1500, 'ready_hold_throttle': 1100, 'target_locked': False, 'tracking_bbox': (311, 231, 17, 17), 'attack_error_x': 0.0, 'attack_error_y': 0.0, 'target_size': 0.0, 'attack_active': False, 'attack_base_roll': 1500, 'attack_base_pitch': 1599, 'attack_base_yaw': 1500, 'attack_base_throttle': 1026, 'prev_attack_error_x': 0.0, 'prev_attack_time': None, 'prev_target_size': 0.0}
2026-04-03 10:37:11,778 - BEE-EPT-UA913 - DEBUG - Executing command: TELEMETRY, Priority: 1, Body: {'target': 'MSP_RC'}
2026-04-03 10:37:11,788 - BEE-EPT-UA913 - DEBUG - Telemetry: b'\xdc\x05\xdc\x05\xdc\x05\xdd\x03\xd0\x07\xe8\x03\xe8\x03\xde\x05\xe8\x03\xe8\x03\xe8\x03\xfd\x05\xdc\x05\xdc\x05\xe8\x03\xe8\x03'
2026-04-03 10:37:11,789 - BEE-EPT-UA913 - INFO - Autopilot state: {'connection': True, 'bee_state': 'READY', 'roll': 1500, 'pitch': 1500, 'yaw': 1500, 'throttle': 989, 'last_manual_roll': 1500, 'last_manual_pitch': 1500, 'last_manual_yaw': 1500, 'last_manual_throttle': 989, 'aux3': 1000, 'aux4': 1502, 'aux5': 1500, 'aux6': 1000, 'aux7': 1000, 'battery': 23.7, 'rssi': 975, 'rssi_msg': 'Strong signal', 'speed': 0.0, 'altitude': 0.15, 'caught': True, 'ready_hold_active': False, 'ready_hold_pending_capture': False, 'ready_hold_roll': 1500, 'ready_hold_pitch': 1500, 'ready_hold_yaw': 1500, 'ready_hold_throttle': 1100, 'target_locked': False, 'tracking_bbox': (311, 231, 17, 17), 'attack_error_x': 0.0, 'attack_error_y': 0.0, 'target_size': 0.0, 'attack_active': False, 'attack_base_roll': 1500, 'attack_base_pitch': 1599, 'attack_base_yaw': 1500, 'attack_base_throttle': 1026, 'prev_attack_error_x': 0.0, 'prev_attack_time': None, 'prev_target_size': 0.0}
2026-04-03 10:37:11,878 - BEE-EPT-UA913 - DEBUG - Executing command: TELEMETRY, Priority: 1, Body: {'target': 'MSP_RC'}
2026-04-03 10:37:11,889 - BEE-EPT-UA913 - DEBUG - Telemetry: b'\xdc\x05q\x06\xdc\x05\x0f\x04\xd0\x07\xe8\x03\xe8\x03\xd0\x07\xe8\x03\xe8\x03\xe8\x03\xfd\x05\xdc\x05\xdc\x05\xe8\x03\xe8\x03'
2026-04-03 10:37:11,889 - BEE-EPT-UA913 - INFO - Bee state changed to [ATACK]
2026-04-03 10:37:11,889 - BEE-EPT-UA913 - INFO - Autopilot state: {'connection': True, 'bee_state': 'ATACK', 'roll': 1500, 'pitch': 1649, 'yaw': 1500, 'throttle': 1039, 'last_manual_roll': 1500, 'last_manual_pitch': 1649, 'last_manual_yaw': 1500, 'last_manual_throttle': 1039, 'aux3': 1000, 'aux4': 2000, 'aux5': 1500, 'aux6': 1000, 'aux7': 1000, 'battery': 23.7, 'rssi': 975, 'rssi_msg': 'Strong signal', 'speed': 0.0, 'altitude': 0.15, 'caught': True, 'ready_hold_active': False, 'ready_hold_pending_capture': False, 'ready_hold_roll': 1500, 'ready_hold_pitch': 1500, 'ready_hold_yaw': 1500, 'ready_hold_throttle': 1100, 'target_locked': False, 'tracking_bbox': (311, 231, 17, 17), 'attack_error_x': 0.0, 'attack_error_y': 0.0, 'target_size': 0.0, 'attack_active': False, 'attack_base_roll': 1500, 'attack_base_pitch': 1649, 'attack_base_yaw': 1500, 'attack_base_throttle': 1039, 'prev_attack_error_x': 0.0, 'prev_attack_time': None, 'prev_target_size': 0.0}
2026-04-03 10:37:11,940 - BEE-EPT-UA913 - DEBUG - Executing command: ATACK, Priority: 0, Body: {'previous_mode': 'READY'}
2026-04-03 10:37:11,941 - BEE-EPT-UA913 - INFO - [ATACK MODE STARTED]
2026-04-03 10:37:11,992 - BEE-EPT-UA913 - DEBUG - Executing command: TELEMETRY, Priority: 1, Body: {'target': 'MSP_RC'}
2026-04-03 10:37:12,010 - BEE-EPT-UA913 - DEBUG - Telemetry: b'\xdc\x05q\x06\xdc\x05\x0f\x04\xd0\x07\xe8\x03\xe8\x03\xd0\x07\xe8\x03\xe8\x03\xe8\x03\xfd\x05\xdc\x05\xdc\x05\xe8\x03\xe8\x03'
2026-04-03 10:37:12,011 - BEE-EPT-UA913 - INFO - Autopilot state: {'connection': True, 'bee_state': 'ATACK', 'roll': 1500, 'pitch': 1649, 'yaw': 1500, 'throttle': 1039, 'last_manual_roll': 1500, 'last_manual_pitch': 1649, 'last_manual_yaw': 1500, 'last_manual_throttle': 1039, 'aux3': 1000, 'aux4': 2000, 'aux5': 1500, 'aux6': 1000, 'aux7': 1000, 'battery': 23.7, 'rssi': 975, 'rssi_msg': 'Strong signal', 'speed': 0.0, 'altitude': 0.15, 'caught': True, 'ready_hold_active': False, 'ready_hold_pending_capture': False, 'ready_hold_roll': 1500, 'ready_hold_pitch': 1500, 'ready_hold_yaw': 1500, 'ready_hold_throttle': 1100, 'target_locked': False, 'tracking_bbox': (311, 231, 17, 17), 'attack_error_x': 0.0, 'attack_error_y': 0.0, 'target_size': 0.0, 'attack_active': True, 'attack_base_roll': 1500, 'attack_base_pitch': 1649, 'attack_base_yaw': 1500, 'attack_base_throttle': 1039, 'prev_attack_error_x': 0.0, 'prev_attack_time': 175.792192861, 'prev_target_size': 0.0}
2026-04-03 10:37:12,061 - BEE-EPT-UA913 - DEBUG - Executing command: TELEMETRY, Priority: 2, Body: {'target': 'MSP_ALTITUDE'}
2026-04-03 10:37:12,069 - BEE-EPT-UA913 - DEBUG - Telemetry: b'\x11\x00\x00\x00\x00\x00'
2026-04-03 10:37:12,070 - BEE-EPT-UA913 - INFO - Autopilot state: {'connection': True, 'bee_state': 'ATACK', 'roll': 1500, 'pitch': 1649, 'yaw': 1500, 'throttle': 1039, 'last_manual_roll': 1500, 'last_manual_pitch': 1649, 'last_manual_yaw': 1500, 'last_manual_throttle': 1039, 'aux3': 1000, 'aux4': 2000, 'aux5': 1500, 'aux6': 1000, 'aux7': 1000, 'battery': 23.7, 'rssi': 975, 'rssi_msg': 'Strong signal', 'speed': 0.0, 'altitude': 0.17, 'caught': True, 'ready_hold_active': False, 'ready_hold_pending_capture': False, 'ready_hold_roll': 1500, 'ready_hold_pitch': 1500, 'ready_hold_yaw': 1500, 'ready_hold_throttle': 1100, 'target_locked': True, 'tracking_bbox': (311, 231, 17, 17), 'attack_error_x': -0.0015625, 'attack_error_y': -0.1684027777777778, 'target_size': 289.0, 'attack_active': True, 'attack_base_roll': 1500, 'attack_base_pitch': 1649, 'attack_base_yaw': 1500, 'attack_base_throttle': 1039, 'prev_attack_error_x': 0.0, 'prev_attack_time': 175.842785492, 'prev_target_size': 0.0}
2026-04-03 10:37:12,121 - BEE-EPT-UA913 - DEBUG - Executing command: TELEMETRY, Priority: 1, Body: {'target': 'MSP_RC'}
2026-04-03 10:37:12,130 - BEE-EPT-UA913 - DEBUG - Telemetry: b'\xdc\x05q\x06\xdc\x05\x0f\x04\xd0\x07\xe8\x03\xe8\x03\xd0\x07\xe8\x03\xe8\x03\xe8\x03\xfd\x05\xdc\x05\xdc\x05\xe8\x03\xe8\x03'
2026-04-03 10:37:12,130 - BEE-EPT-UA913 - INFO - Autopilot state: {'connection': True, 'bee_state': 'ATACK', 'roll': 1500, 'pitch': 1649, 'yaw': 1500, 'throttle': 1039, 'last_manual_roll': 1500, 'last_manual_pitch': 1649, 'last_manual_yaw': 1500, 'last_manual_throttle': 1039, 'aux3': 1000, 'aux4': 2000, 'aux5': 1500, 'aux6': 1000, 'aux7': 1000, 'battery': 23.7, 'rssi': 975, 'rssi_msg': 'Strong signal', 'speed': 0.0, 'altitude': 0.17, 'caught': True, 'ready_hold_active': False, 'ready_hold_pending_capture': False, 'ready_hold_roll': 1500, 'ready_hold_pitch': 1500, 'ready_hold_yaw': 1500, 'ready_hold_throttle': 1100, 'target_locked': True, 'tracking_bbox': (311, 231, 17, 17), 'attack_error_x': -0.0015625, 'attack_error_y': -0.1684027777777778, 'target_size': 289.0, 'attack_active': True, 'attack_base_roll': 1500, 'attack_base_pitch': 1649, 'attack_base_yaw': 1500, 'attack_base_throttle': 1039, 'prev_attack_error_x': 0.0, 'prev_attack_time': 175.893285606, 'prev_target_size': 289.0}
2026-04-03 10:37:12,181 - BEE-EPT-UA913 - DEBUG - Executing command: MONITOR, Priority: 2, Body: {'target': 'MSP_ANALOG'}
2026-04-03 10:37:12,188 - BEE-EPT-UA913 - DEBUG - Monitoring: b'\xec\x08\x00\xcf\x03\xb4\x015\t'
2026-04-03 10:37:12,189 - BEE-EPT-UA913 - INFO - RSSI: 975, signal: Strong signal, battery voltage: 23.6V
2026-04-03 10:37:12,240 - BEE-EPT-UA913 - DEBUG - Executing command: TELEMETRY, Priority: 1, Body: {'target': 'MSP_RC'}
2026-04-03 10:37:12,251 - BEE-EPT-UA913 - DEBUG - Telemetry: b'\xdc\x05\xa3\x06\xdc\x05\x1c\x04\xe8\x03\xe8\x03\xe8\x03\xd0\x07\xe8\x03\xe8\x03\xe8\x03\xfd\x05\xdc\x05\xdc\x05\xe8\x03\xe8\x03'
2026-04-03 10:37:12,253 - BEE-EPT-UA913 - INFO - Autopilot state: {'connection': True, 'bee_state': 'ATACK', 'roll': 1500, 'pitch': 1699, 'yaw': 1500, 'throttle': 1052, 'last_manual_roll': 1500, 'last_manual_pitch': 1699, 'last_manual_yaw': 1500, 'last_manual_throttle': 1052, 'aux3': 1000, 'aux4': 2000, 'aux5': 1500, 'aux6': 1000, 'aux7': 1000, 'battery': 23.6, 'rssi': 975, 'rssi_msg': 'Strong signal', 'speed': 0.0, 'altitude': 0.17, 'caught': True, 'ready_hold_active': False, 'ready_hold_pending_capture': False, 'ready_hold_roll': 1500, 'ready_hold_pitch': 1500, 'ready_hold_yaw': 1500, 'ready_hold_throttle': 1100, 'target_locked': True, 'tracking_bbox': (311, 231, 17, 17), 'attack_error_x': -0.0015625, 'attack_error_y': -0.1684027777777778, 'target_size': 289.0, 'attack_active': True, 'attack_base_roll': 1500, 'attack_base_pitch': 1649, 'attack_base_yaw': 1500, 'attack_base_throttle': 1039, 'prev_attack_error_x': 0.0, 'prev_attack_time': 176.044240045, 'prev_target_size': 289.0}
2026-04-03 10:37:12,307 - BEE-EPT-UA913 - DEBUG - Executing command: TELEMETRY, Priority: 1, Body: {'target': 'MSP_RC'}
2026-04-03 10:37:12,321 - BEE-EPT-UA913 - DEBUG - Telemetry: b'\xdc\x05\xa3\x06\xdc\x05\x1c\x04\xe8\x03\xe8\x03\xe8\x03\xd0\x07\xe8\x03\xe8\x03\xe8\x03\xfd\x05\xdc\x05\xdc\x05\xe8\x03\xe8\x03'
2026-04-03 10:37:12,321 - BEE-EPT-UA913 - INFO - Autopilot state: {'connection': True, 'bee_state': 'ATACK', 'roll': 1500, 'pitch': 1699, 'yaw': 1500, 'throttle': 1052, 'last_manual_roll': 1500, 'last_manual_pitch': 1699, 'last_manual_yaw': 1500, 'last_manual_throttle': 1052, 'aux3': 1000, 'aux4': 2000, 'aux5': 1500, 'aux6': 1000, 'aux7': 1000, 'battery': 23.6, 'rssi': 975, 'rssi_msg': 'Strong signal', 'speed': 0.0, 'altitude': 0.17, 'caught': True, 'ready_hold_active': False, 'ready_hold_pending_capture': False, 'ready_hold_roll': 1500, 'ready_hold_pitch': 1500, 'ready_hold_yaw': 1500, 'ready_hold_throttle': 1100, 'target_locked': True, 'tracking_bbox': (311, 231, 17, 17), 'attack_error_x': -0.0015625, 'attack_error_y': -0.1684027777777778, 'target_size': 289.0, 'attack_active': True, 'attack_base_roll': 1500, 'attack_base_pitch': 1649, 'attack_base_yaw': 1500, 'attack_base_throttle': 1039, 'prev_attack_error_x': 0.0, 'prev_attack_time': 176.103014303, 'prev_target_size': 289.0}
2026-04-03 10:37:12,386 - BEE-EPT-UA913 - DEBUG - Executing command: TELEMETRY, Priority: 1, Body: {'target': 'MSP_RC'}
2026-04-03 10:37:12,391 - BEE-EPT-UA913 - DEBUG - Telemetry: b'\xdc\x05\xa3\x06\xdc\x05\x1c\x04\xe8\x03\xe8\x03\xe8\x03\xd0\x07\xe8\x03\xe8\x03\xe8\x03\xfd\x05\xdc\x05\xdc\x05\xe8\x03\xe8\x03'
2026-04-03 10:37:12,392 - BEE-EPT-UA913 - INFO - Autopilot state: {'connection': True, 'bee_state': 'ATACK', 'roll': 1500, 'pitch': 1699, 'yaw': 1500, 'throttle': 1052, 'last_manual_roll': 1500, 'last_manual_pitch': 1699, 'last_manual_yaw': 1500, 'last_manual_throttle': 1052, 'aux3': 1000, 'aux4': 2000, 'aux5': 1500, 'aux6': 1000, 'aux7': 1000, 'battery': 23.6, 'rssi': 975, 'rssi_msg': 'Strong signal', 'speed': 0.0, 'altitude': 0.17, 'caught': True, 'ready_hold_active': False, 'ready_hold_pending_capture': False, 'ready_hold_roll': 1500, 'ready_hold_pitch': 1500, 'ready_hold_yaw': 1500, 'ready_hold_throttle': 1100, 'target_locked': True, 'tracking_bbox': (311, 232, 17, 17), 'attack_error_x': -0.0015625, 'attack_error_y': -0.16493055555555555, 'target_size': 289.0, 'attack_active': True, 'attack_base_roll': 1500, 'attack_base_pitch': 1649, 'attack_base_yaw': 1500, 'attack_base_throttle': 1039, 'prev_attack_error_x': 0.0, 'prev_attack_time': 176.153319474, 'prev_target_size': 289.0}
2026-04-03 10:37:12,487 - BEE-EPT-UA913 - DEBUG - Executing command: TELEMETRY, Priority: 1, Body: {'target': 'MSP_RC'}
2026-04-03 10:37:12,492 - BEE-EPT-UA913 - DEBUG - Telemetry: b'\xdc\x05\xa2\x06\xdc\x05\x1c\x04\xe8\x03\xe8\x03\xe8\x03\xd0\x07\xe8\x03\xe8\x03\xe8\x03\xfd\x05\xdc\x05\xdc\x05\xe8\x03\xe8\x03'
2026-04-03 10:37:12,492 - BEE-EPT-UA913 - INFO - Autopilot state: {'connection': True, 'bee_state': 'ATACK', 'roll': 1500, 'pitch': 1698, 'yaw': 1500, 'throttle': 1052, 'last_manual_roll': 1500, 'last_manual_pitch': 1698, 'last_manual_yaw': 1500, 'last_manual_throttle': 1052, 'aux3': 1000, 'aux4': 2000, 'aux5': 1500, 'aux6': 1000, 'aux7': 1000, 'battery': 23.6, 'rssi': 975, 'rssi_msg': 'Strong signal', 'speed': 0.0, 'altitude': 0.17, 'caught': True, 'ready_hold_active': False, 'ready_hold_pending_capture': False, 'ready_hold_roll': 1500, 'ready_hold_pitch': 1500, 'ready_hold_yaw': 1500, 'ready_hold_throttle': 1100, 'target_locked': True, 'tracking_bbox': (311, 232, 17, 17), 'attack_error_x': -0.0015625, 'attack_error_y': -0.16493055555555555, 'target_size': 289.0, 'attack_active': True, 'attack_base_roll': 1500, 'attack_base_pitch': 1649, 'attack_base_yaw': 1500, 'attack_base_throttle': 1039, 'prev_attack_error_x': 0.0, 'prev_attack_time': 176.256056972, 'prev_target_size': 289.0}
2026-04-03 10:37:12,587 - BEE-EPT-UA913 - DEBUG - Executing command: TELEMETRY, Priority: 1, Body: {'target': 'MSP_RC'}
2026-04-03 10:37:12,592 - BEE-EPT-UA913 - DEBUG - Telemetry: b'\xdc\x05\xa3\x06\xdc\x05\x1c\x04\xe8\x03\xe8\x03\xe8\x03\xd0\x07\xe8\x03\xe8\x03\xe8\x03\xfd\x05\xdc\x05\xdc\x05\xe8\x03\xe8\x03'
2026-04-03 10:37:12,592 - BEE-EPT-UA913 - INFO - Autopilot state: {'connection': True, 'bee_state': 'ATACK', 'roll': 1500, 'pitch': 1699, 'yaw': 1500, 'throttle': 1052, 'last_manual_roll': 1500, 'last_manual_pitch': 1699, 'last_manual_yaw': 1500, 'last_manual_throttle': 1052, 'aux3': 1000, 'aux4': 2000, 'aux5': 1500, 'aux6': 1000, 'aux7': 1000, 'battery': 23.6, 'rssi': 975, 'rssi_msg': 'Strong signal', 'speed': 0.0, 'altitude': 0.17, 'caught': True, 'ready_hold_active': False, 'ready_hold_pending_capture': False, 'ready_hold_roll': 1500, 'ready_hold_pitch': 1500, 'ready_hold_yaw': 1500, 'ready_hold_throttle': 1100, 'target_locked': True, 'tracking_bbox': (310, 231, 17, 17), 'attack_error_x': -0.0046875, 'attack_error_y': -0.1684027777777778, 'target_size': 289.0, 'attack_active': True, 'attack_base_roll': 1500, 'attack_base_pitch': 1649, 'attack_base_yaw': 1500, 'attack_base_throttle': 1039, 'prev_attack_error_x': 0.0, 'prev_attack_time': 176.360081353, 'prev_target_size': 289.0}
2026-04-03 10:37:12,687 - BEE-EPT-UA913 - DEBUG - Executing command: TELEMETRY, Priority: 1, Body: {'target': 'MSP_RC'}
2026-04-03 10:37:12,693 - BEE-EPT-UA913 - DEBUG - Telemetry: b'\xdc\x05\xa3\x06\xdc\x05\x1c\x04\xe8\x03\xe8\x03\xe8\x03\xd0\x07\xe8\x03\xe8\x03\xe8\x03\xfd\x05\xdc\x05\xdc\x05\xe8\x03\xe8\x03'
2026-04-03 10:37:12,693 - BEE-EPT-UA913 - INFO - Autopilot state: {'connection': True, 'bee_state': 'ATACK', 'roll': 1500, 'pitch': 1699, 'yaw': 1500, 'throttle': 1052, 'last_manual_roll': 1500, 'last_manual_pitch': 1699, 'last_manual_yaw': 1500, 'last_manual_throttle': 1052, 'aux3': 1000, 'aux4': 2000, 'aux5': 1500, 'aux6': 1000, 'aux7': 1000, 'battery': 23.6, 'rssi': 975, 'rssi_msg': 'Strong signal', 'speed': 0.0, 'altitude': 0.17, 'caught': True, 'ready_hold_active': False, 'ready_hold_pending_capture': False, 'ready_hold_roll': 1500, 'ready_hold_pitch': 1500, 'ready_hold_yaw': 1500, 'ready_hold_throttle': 1100, 'target_locked': True, 'tracking_bbox': (310, 231, 17, 17), 'attack_error_x': -0.0046875, 'attack_error_y': -0.1684027777777778, 'target_size': 289.0, 'attack_active': True, 'attack_base_roll': 1500, 'attack_base_pitch': 1649, 'attack_base_yaw': 1500, 'attack_base_throttle': 1039, 'prev_attack_error_x': 0.0, 'prev_attack_time': 176.460664769, 'prev_target_size': 289.0}
2026-04-03 10:37:12,791 - BEE-EPT-UA913 - DEBUG - Executing command: TELEMETRY, Priority: 1, Body: {'target': 'MSP_RC'}
2026-04-03 10:37:12,803 - BEE-EPT-UA913 - DEBUG - Telemetry: b'\xdc\x05\xa3\x06\xdc\x05\x1c\x04\xe8\x03\xe8\x03\xe8\x03\xd0\x07\xe8\x03\xe8\x03\xe8\x03\xfd\x05\xdc\x05\xdc\x05\xe8\x03\xe8\x03'
2026-04-03 10:37:12,803 - BEE-EPT-UA913 - INFO - Autopilot state: {'connection': True, 'bee_state': 'ATACK', 'roll': 1500, 'pitch': 1699, 'yaw': 1500, 'throttle': 1052, 'last_manual_roll': 1500, 'last_manual_pitch': 1699, 'last_manual_yaw': 1500, 'last_manual_throttle': 1052, 'aux3': 1000, 'aux4': 2000, 'aux5': 1500, 'aux6': 1000, 'aux7': 1000, 'battery': 23.6, 'rssi': 975, 'rssi_msg': 'Strong signal', 'speed': 0.0, 'altitude': 0.17, 'caught': True, 'ready_hold_active': False, 'ready_hold_pending_capture': False, 'ready_hold_roll': 1500, 'ready_hold_pitch': 1500, 'ready_hold_yaw': 1500, 'ready_hold_throttle': 1100, 'target_locked': True, 'tracking_bbox': (310, 231, 17, 17), 'attack_error_x': -0.0046875, 'attack_error_y': -0.1684027777777778, 'target_size': 289.0, 'attack_active': True, 'attack_base_roll': 1500, 'attack_base_pitch': 1649, 'attack_base_yaw': 1500, 'attack_base_throttle': 1039, 'prev_attack_error_x': 0.0, 'prev_attack_time': 176.564054041, 'prev_target_size': 289.0}
2026-04-03 10:37:12,890 - BEE-EPT-UA913 - DEBUG - Executing command: TELEMETRY, Priority: 1, Body: {'target': 'MSP_RC'}
2026-04-03 10:37:12,903 - BEE-EPT-UA913 - DEBUG - Telemetry: b'\xdc\x05\xdc\x05\xdc\x05\xdd\x03\xe8\x03\xe8\x03\xe8\x03\xde\x05\xe8\x03\xe8\x03\xe8\x03\xfd\x05\xdc\x05\xdc\x05\xe8\x03\xe8\x03'
2026-04-03 10:37:12,904 - BEE-EPT-UA913 - INFO - Bee state changed to [READY]
2026-04-03 10:37:12,918 - BEE-EPT-UA913 - INFO - [ATACK MODE STOPPED]
2026-04-03 10:37:12,919 - BEE-EPT-UA913 - INFO - Autopilot state: {'connection': True, 'bee_state': 'READY', 'roll': 1500, 'pitch': 1500, 'yaw': 1500, 'throttle': 989, 'last_manual_roll': 1500, 'last_manual_pitch': 1500, 'last_manual_yaw': 1500, 'last_manual_throttle': 989, 'aux3': 1000, 'aux4': 1502, 'aux5': 1500, 'aux6': 1000, 'aux7': 1000, 'battery': 23.6, 'rssi': 975, 'rssi_msg': 'Strong signal', 'speed': 0.0, 'altitude': 0.17, 'caught': True, 'ready_hold_active': False, 'ready_hold_pending_capture': False, 'ready_hold_roll': 1500, 'ready_hold_pitch': 1500, 'ready_hold_yaw': 1500, 'ready_hold_throttle': 1100, 'target_locked': True, 'tracking_bbox': (309, 232, 17, 17), 'attack_error_x': -0.0078125, 'attack_error_y': -0.16493055555555555, 'target_size': 289.0, 'attack_active': False, 'attack_base_roll': 1500, 'attack_base_pitch': 1649, 'attack_base_yaw': 1500, 'attack_base_throttle': 1039, 'prev_attack_error_x': 0.0, 'prev_attack_time': 176.668068681, 'prev_target_size': 289.0}
2026-04-03 10:37:12,991 - BEE-EPT-UA913 - DEBUG - Executing command: TELEMETRY, Priority: 1, Body: {'target': 'MSP_RC'}
2026-04-03 10:37:13,004 - BEE-EPT-UA913 - DEBUG - Telemetry: b'\xdc\x05\xdc\x05\xdc\x05\xdd\x03\xe8\x03\xe8\x03\xe8\x03\xde\x05\xe8\x03\xe8\x03\xe8\x03\xfd\x05\xdc\x05\xdc\x05\xe8\x03\xe8\x03'
2026-04-03 10:37:13,004 - BEE-EPT-UA913 - INFO - Autopilot state: {'connection': True, 'bee_state': 'READY', 'roll': 1500, 'pitch': 1500, 'yaw': 1500, 'throttle': 989, 'last_manual_roll': 1500, 'last_manual_pitch': 1500, 'last_manual_yaw': 1500, 'last_manual_throttle': 989, 'aux3': 1000, 'aux4': 1502, 'aux5': 1500, 'aux6': 1000, 'aux7': 1000, 'battery': 23.6, 'rssi': 975, 'rssi_msg': 'Strong signal', 'speed': 0.0, 'altitude': 0.17, 'caught': True, 'ready_hold_active': False, 'ready_hold_pending_capture': False, 'ready_hold_roll': 1500, 'ready_hold_pitch': 1500, 'ready_hold_yaw': 1500, 'ready_hold_throttle': 1100, 'target_locked': True, 'tracking_bbox': (310, 231, 17, 17), 'attack_error_x': -0.0046875, 'attack_error_y': -0.1684027777777778, 'target_size': 289.0, 'attack_active': False, 'attack_base_roll': 1500, 'attack_base_pitch': 1649, 'attack_base_yaw': 1500, 'attack_base_throttle': 1039, 'prev_attack_error_x': 0.0, 'prev_attack_time': 176.668068681, 'prev_target_size': 289.0}
2026-04-03 10:37:13,055 - BEE-EPT-UA913 - DEBUG - Executing command: TELEMETRY, Priority: 2, Body: {'target': 'MSP_ALTITUDE'}
2026-04-03 10:37:13,065 - BEE-EPT-UA913 - DEBUG - Telemetry: b'\x11\x00\x00\x00\x00\x00'
2026-04-03 10:37:13,065 - BEE-EPT-UA913 - INFO - Autopilot state: {'connection': True, 'bee_state': 'READY', 'roll': 1500, 'pitch': 1500, 'yaw': 1500, 'throttle': 989, 'last_manual_roll': 1500, 'last_manual_pitch': 1500, 'last_manual_yaw': 1500, 'last_manual_throttle': 989, 'aux3': 1000, 'aux4': 1502, 'aux5': 1500, 'aux6': 1000, 'aux7': 1000, 'battery': 23.6, 'rssi': 975, 'rssi_msg': 'Strong signal', 'speed': 0.0, 'altitude': 0.17, 'caught': True, 'ready_hold_active': False, 'ready_hold_pending_capture': False, 'ready_hold_roll': 1500, 'ready_hold_pitch': 1500, 'ready_hold_yaw': 1500, 'ready_hold_throttle': 1100, 'target_locked': False, 'tracking_bbox': (311, 231, 17, 17), 'attack_error_x': 0.0, 'attack_error_y': 0.0, 'target_size': 0.0, 'attack_active': False, 'attack_base_roll': 1500, 'attack_base_pitch': 1649, 'attack_base_yaw': 1500, 'attack_base_throttle': 1039, 'prev_attack_error_x': 0.0, 'prev_attack_time': 176.668068681, 'prev_target_size': 289.0}
2026-04-03 10:37:13,115 - BEE-EPT-UA913 - DEBUG - Executing command: TELEMETRY, Priority: 1, Body: {'target': 'MSP_RC'}
2026-04-03 10:37:13,125 - BEE-EPT-UA913 - DEBUG - Telemetry: b'\xdc\x05\xdc\x05\xdc\x05\xdd\x03\xe8\x03\xe8\x03\xe8\x03\xde\x05\xe8\x03\xe8\x03\xe8\x03\xfd\x05\xdc\x05\xdc\x05\xe8\x03\xe8\x03'
2026-04-03 10:37:13,125 - BEE-EPT-UA913 - INFO - Autopilot state: {'connection': True, 'bee_state': 'READY', 'roll': 1500, 'pitch': 1500, 'yaw': 1500, 'throttle': 989, 'last_manual_roll': 1500, 'last_manual_pitch': 1500, 'last_manual_yaw': 1500, 'last_manual_throttle': 989, 'aux3': 1000, 'aux4': 1502, 'aux5': 1500, 'aux6': 1000, 'aux7': 1000, 'battery': 23.6, 'rssi': 975, 'rssi_msg': 'Strong signal', 'speed': 0.0, 'altitude': 0.17, 'caught': True, 'ready_hold_active': False, 'ready_hold_pending_capture': False, 'ready_hold_roll': 1500, 'ready_hold_pitch': 1500, 'ready_hold_yaw': 1500, 'ready_hold_throttle': 1100, 'target_locked': False, 'tracking_bbox': (311, 231, 17, 17), 'attack_error_x': 0.0, 'attack_error_y': 0.0, 'target_size': 0.0, 'attack_active': False, 'attack_base_roll': 1500, 'attack_base_pitch': 1649, 'attack_base_yaw': 1500, 'attack_base_throttle': 1039, 'prev_attack_error_x': 0.0, 'prev_attack_time': 176.668068681, 'prev_target_size': 289.0}
2026-04-03 10:37:13,175 - BEE-EPT-UA913 - DEBUG - Executing command: MONITOR, Priority: 2, Body: {'target': 'MSP_ANALOG'}
2026-04-03 10:37:13,183 - BEE-EPT-UA913 - DEBUG - Monitoring: b'\xed\x08\x00\xd6\x03\x08\x00A\t'
2026-04-03 10:37:13,183 - BEE-EPT-UA913 - INFO - RSSI: 982, signal: Strong signal, battery voltage: 23.7V
2026-04-03 10:37:13,234 - BEE-EPT-UA913 - DEBUG - Executing command: TELEMETRY, Priority: 1, Body: {'target': 'MSP_RC'}
2026-04-03 10:37:13,245 - BEE-EPT-UA913 - DEBUG - Telemetry: b'\xdc\x05\xdc\x05\xdc\x05\xdd\x03\xe8\x03\xe8\x03\xe8\x03\xde\x05\xe8\x03\xe8\x03\xe8\x03\xfd\x05\xdc\x05\xdc\x05\xe8\x03\xe8\x03'
2026-04-03 10:37:13,245 - BEE-EPT-UA913 - INFO - Autopilot state: {'connection': True, 'bee_state': 'READY', 'roll': 1500, 'pitch': 1500, 'yaw': 1500, 'throttle': 989, 'last_manual_roll': 1500, 'last_manual_pitch': 1500, 'last_manual_yaw': 1500, 'last_manual_throttle': 989, 'aux3': 1000, 'aux4': 1502, 'aux5': 1500, 'aux6': 1000, 'aux7': 1000, 'battery': 23.7, 'rssi': 982, 'rssi_msg': 'Strong signal', 'speed': 0.0, 'altitude': 0.17, 'caught': True, 'ready_hold_active': False, 'ready_hold_pending_capture': False, 'ready_hold_roll': 1500, 'ready_hold_pitch': 1500, 'ready_hold_yaw': 1500, 'ready_hold_throttle': 1100, 'target_locked': False, 'tracking_bbox': (311, 231, 17, 17), 'attack_error_x': 0.0, 'attack_error_y': 0.0, 'target_size': 0.0, 'attack_active': False, 'attack_base_roll': 1500, 'attack_base_pitch': 1649, 'attack_base_yaw': 1500, 'attack_base_throttle': 1039, 'prev_attack_error_x': 0.0, 'prev_attack_time': 176.668068681, 'prev_target_size': 289.0}
2026-04-03 10:37:13,296 - BEE-EPT-UA913 - DEBUG - Executing command: TELEMETRY, Priority: 1, Body: {'target': 'MSP_RC'}
2026-04-03 10:37:13,305 - BEE-EPT-UA913 - DEBUG - Telemetry: b'\xdc\x05\xdc\x05\xdc\x05\xdd\x03\xe8\x03\xe8\x03\xe8\x03\xde\x05\xe8\x03\xe8\x03\xe8\x03\xfd\x05\xdc\x05\xdc\x05\xe8\x03\xe8\x03'
2026-04-03 10:37:13,306 - BEE-EPT-UA913 - INFO - Autopilot state: {'connection': True, 'bee_state': 'READY', 'roll': 1500, 'pitch': 1500, 'yaw': 1500, 'throttle': 989, 'last_manual_roll': 1500, 'last_manual_pitch': 1500, 'last_manual_yaw': 1500, 'last_manual_throttle': 989, 'aux3': 1000, 'aux4': 1502, 'aux5': 1500, 'aux6': 1000, 'aux7': 1000, 'battery': 23.7, 'rssi': 982, 'rssi_msg': 'Strong signal', 'speed': 0.0, 'altitude': 0.17, 'caught': True, 'ready_hold_active': False, 'ready_hold_pending_capture': False, 'ready_hold_roll': 1500, 'ready_hold_pitch': 1500, 'ready_hold_yaw': 1500, 'ready_hold_throttle': 1100, 'target_locked': False, 'tracking_bbox': (311, 231, 17, 17), 'attack_error_x': 0.0, 'attack_error_y': 0.0, 'target_size': 0.0, 'attack_active': False, 'attack_base_roll': 1500, 'attack_base_pitch': 1649, 'attack_base_yaw': 1500, 'attack_base_throttle': 1039, 'prev_attack_error_x': 0.0, 'prev_attack_time': 176.668068681, 'prev_target_size': 289.0}
2026-04-03 10:37:13,392 - BEE-EPT-UA913 - DEBUG - Executing command: TELEMETRY, Priority: 1, Body: {'target': 'MSP_RC'}
2026-04-03 10:37:13,406 - BEE-EPT-UA913 - DEBUG - Telemetry: b'\xdc\x05\xdc\x05\xdc\x05\xdd\x03\xe8\x03\xe8\x03\xe8\x03\xde\x05\xe8\x03\xe8\x03\xe8\x03\xfd\x05\xdc\x05\xdc\x05\xe8\x03\xe8\x03'
2026-04-03 10:37:13,406 - BEE-EPT-UA913 - INFO - Autopilot state: {'connection': True, 'bee_state': 'READY', 'roll': 1500, 'pitch': 1500, 'yaw': 1500, 'throttle': 989, 'last_manual_roll': 1500, 'last_manual_pitch': 1500, 'last_manual_yaw': 1500, 'last_manual_throttle': 989, 'aux3': 1000, 'aux4': 1502, 'aux5': 1500, 'aux6': 1000, 'aux7': 1000, 'battery': 23.7, 'rssi': 982, 'rssi_msg': 'Strong signal', 'speed': 0.0, 'altitude': 0.17, 'caught': True, 'ready_hold_active': False, 'ready_hold_pending_capture': False, 'ready_hold_roll': 1500, 'ready_hold_pitch': 1500, 'ready_hold_yaw': 1500, 'ready_hold_throttle': 1100, 'target_locked': False, 'tracking_bbox': (311, 231, 17, 17), 'attack_error_x': 0.0, 'attack_error_y': 0.0, 'target_size': 0.0, 'attack_active': False, 'attack_base_roll': 1500, 'attack_base_pitch': 1649, 'attack_base_yaw': 1500, 'attack_base_throttle': 1039, 'prev_attack_error_x': 0.0, 'prev_attack_time': 176.668068681, 'prev_target_size': 289.0}
2026-04-03 10:37:13,492 - BEE-EPT-UA913 - DEBUG - Executing command: TELEMETRY, Priority: 1, Body: {'target': 'MSP_RC'}
2026-04-03 10:37:13,506 - BEE-EPT-UA913 - DEBUG - Telemetry: b'\xdc\x05\xdc\x05\xdc\x05\xdd\x03\xe8\x03\xe8\x03\xe8\x03\xde\x05\xe8\x03\xe8\x03\xe8\x03\xfd\x05\xdc\x05\xdc\x05\xe8\x03\xe8\x03'
2026-04-03 10:37:13,507 - BEE-EPT-UA913 - INFO - Autopilot state: {'connection': True, 'bee_state': 'READY', 'roll': 1500, 'pitch': 1500, 'yaw': 1500, 'throttle': 989, 'last_manual_roll': 1500, 'last_manual_pitch': 1500, 'last_manual_yaw': 1500, 'last_manual_throttle': 989, 'aux3': 1000, 'aux4': 1502, 'aux5': 1500, 'aux6': 1000, 'aux7': 1000, 'battery': 23.7, 'rssi': 982, 'rssi_msg': 'Strong signal', 'speed': 0.0, 'altitude': 0.17, 'caught': True, 'ready_hold_active': False, 'ready_hold_pending_capture': False, 'ready_hold_roll': 1500, 'ready_hold_pitch': 1500, 'ready_hold_yaw': 1500, 'ready_hold_throttle': 1100, 'target_locked': False, 'tracking_bbox': (311, 231, 17, 17), 'attack_error_x': 0.0, 'attack_error_y': 0.0, 'target_size': 0.0, 'attack_active': False, 'attack_base_roll': 1500, 'attack_base_pitch': 1649, 'attack_base_yaw': 1500, 'attack_base_throttle': 1039, 'prev_attack_error_x': 0.0, 'prev_attack_time': 176.668068681, 'prev_target_size': 289.0}
2026-04-03 10:37:13,592 - BEE-EPT-UA913 - DEBUG - Executing command: TELEMETRY, Priority: 1, Body: {'target': 'MSP_RC'}
2026-04-03 10:37:13,597 - BEE-EPT-UA913 - DEBUG - Telemetry: b'\xdc\x05\xdc\x05\xdc\x05\xdd\x03\xe8\x03\xe8\x03\xe8\x03\xde\x05\xe8\x03\xe8\x03\xe8\x03\xfd\x05\xdc\x05\xdc\x05\xe8\x03\xe8\x03'
2026-04-03 10:37:13,597 - BEE-EPT-UA913 - INFO - Autopilot state: {'connection': True, 'bee_state': 'READY', 'roll': 1500, 'pitch': 1500, 'yaw': 1500, 'throttle': 989, 'last_manual_roll': 1500, 'last_manual_pitch': 1500, 'last_manual_yaw': 1500, 'last_manual_throttle': 989, 'aux3': 1000, 'aux4': 1502, 'aux5': 1500, 'aux6': 1000, 'aux7': 1000, 'battery': 23.7, 'rssi': 982, 'rssi_msg': 'Strong signal', 'speed': 0.0, 'altitude': 0.17, 'caught': True, 'ready_hold_active': False, 'ready_hold_pending_capture': False, 'ready_hold_roll': 1500, 'ready_hold_pitch': 1500, 'ready_hold_yaw': 1500, 'ready_hold_throttle': 1100, 'target_locked': False, 'tracking_bbox': (311, 231, 17, 17), 'attack_error_x': 0.0, 'attack_error_y': 0.0, 'target_size': 0.0, 'attack_active': False, 'attack_base_roll': 1500, 'attack_base_pitch': 1649, 'attack_base_yaw': 1500, 'attack_base_throttle': 1039, 'prev_attack_error_x': 0.0, 'prev_attack_time': 176.668068681, 'prev_target_size': 289.0}
2026-04-03 10:37:13,692 - BEE-EPT-UA913 - DEBUG - Executing command: TELEMETRY, Priority: 1, Body: {'target': 'MSP_RC'}
2026-04-03 10:37:13,697 - BEE-EPT-UA913 - DEBUG - Telemetry: b'\xdc\x05\xdc\x05\xdc\x05\xdd\x03\xe8\x03\xe8\x03\xe8\x03\xde\x05\xe8\x03\xe8\x03\xe8\x03\xfd\x05\xdc\x05\xdc\x05\xe8\x03\xe8\x03'
2026-04-03 10:37:13,698 - BEE-EPT-UA913 - INFO - Autopilot state: {'connection': True, 'bee_state': 'READY', 'roll': 1500, 'pitch': 1500, 'yaw': 1500, 'throttle': 989, 'last_manual_roll': 1500, 'last_manual_pitch': 1500, 'last_manual_yaw': 1500, 'last_manual_throttle': 989, 'aux3': 1000, 'aux4': 1502, 'aux5': 1500, 'aux6': 1000, 'aux7': 1000, 'battery': 23.7, 'rssi': 982, 'rssi_msg': 'Strong signal', 'speed': 0.0, 'altitude': 0.17, 'caught': True, 'ready_hold_active': False, 'ready_hold_pending_capture': False, 'ready_hold_roll': 1500, 'ready_hold_pitch': 1500, 'ready_hold_yaw': 1500, 'ready_hold_throttle': 1100, 'target_locked': False, 'tracking_bbox': (311, 231, 17, 17), 'attack_error_x': 0.0, 'attack_error_y': 0.0, 'target_size': 0.0, 'attack_active': False, 'attack_base_roll': 1500, 'attack_base_pitch': 1649, 'attack_base_yaw': 1500, 'attack_base_throttle': 1039, 'prev_attack_error_x': 0.0, 'prev_attack_time': 176.668068681, 'prev_target_size': 289.0}
2026-04-03 10:37:13,793 - BEE-EPT-UA913 - DEBUG - Executing command: TELEMETRY, Priority: 1, Body: {'target': 'MSP_RC'}
2026-04-03 10:37:13,798 - BEE-EPT-UA913 - DEBUG - Telemetry: b'\xdc\x05\xdc\x05\xdc\x05\xdd\x03\xe8\x03\xe8\x03\xe8\x03\xde\x05\xe8\x03\xe8\x03\xe8\x03\xfd\x05\xdc\x05\xdc\x05\xe8\x03\xe8\x03'
2026-04-03 10:37:13,798 - BEE-EPT-UA913 - INFO - Autopilot state: {'connection': True, 'bee_state': 'READY', 'roll': 1500, 'pitch': 1500, 'yaw': 1500, 'throttle': 989, 'last_manual_roll': 1500, 'last_manual_pitch': 1500, 'last_manual_yaw': 1500, 'last_manual_throttle': 989, 'aux3': 1000, 'aux4': 1502, 'aux5': 1500, 'aux6': 1000, 'aux7': 1000, 'battery': 23.7, 'rssi': 982, 'rssi_msg': 'Strong signal', 'speed': 0.0, 'altitude': 0.17, 'caught': True, 'ready_hold_active': False, 'ready_hold_pending_capture': False, 'ready_hold_roll': 1500, 'ready_hold_pitch': 1500, 'ready_hold_yaw': 1500, 'ready_hold_throttle': 1100, 'target_locked': False, 'tracking_bbox': (311, 231, 17, 17), 'attack_error_x': 0.0, 'attack_error_y': 0.0, 'target_size': 0.0, 'attack_active': False, 'attack_base_roll': 1500, 'attack_base_pitch': 1649, 'attack_base_yaw': 1500, 'attack_base_throttle': 1039, 'prev_attack_error_x': 0.0, 'prev_attack_time': 176.668068681, 'prev_target_size': 289.0}
2026-04-03 10:37:13,893 - BEE-EPT-UA913 - DEBUG - Executing command: TELEMETRY, Priority: 1, Body: {'target': 'MSP_RC'}
2026-04-03 10:37:13,898 - BEE-EPT-UA913 - DEBUG - Telemetry: b'\xdc\x05\xdc\x05\xdc\x05\xdd\x03\xe8\x03\xe8\x03\xe8\x03\xde\x05\xe8\x03\xe8\x03\xe8\x03\xfd\x05\xdc\x05\xdc\x05\xe8\x03\xe8\x03'
2026-04-03 10:37:13,898 - BEE-EPT-UA913 - INFO - Autopilot state: {'connection': True, 'bee_state': 'READY', 'roll': 1500, 'pitch': 1500, 'yaw': 1500, 'throttle': 989, 'last_manual_roll': 1500, 'last_manual_pitch': 1500, 'last_manual_yaw': 1500, 'last_manual_throttle': 989, 'aux3': 1000, 'aux4': 1502, 'aux5': 1500, 'aux6': 1000, 'aux7': 1000, 'battery': 23.7, 'rssi': 982, 'rssi_msg': 'Strong signal', 'speed': 0.0, 'altitude': 0.17, 'caught': True, 'ready_hold_active': False, 'ready_hold_pending_capture': False, 'ready_hold_roll': 1500, 'ready_hold_pitch': 1500, 'ready_hold_yaw': 1500, 'ready_hold_throttle': 1100, 'target_locked': False, 'tracking_bbox': (311, 231, 17, 17), 'attack_error_x': 0.0, 'attack_error_y': 0.0, 'target_size': 0.0, 'attack_active': False, 'attack_base_roll': 1500, 'attack_base_pitch': 1649, 'attack_base_yaw': 1500, 'attack_base_throttle': 1039, 'prev_attack_error_x': 0.0, 'prev_attack_time': 176.668068681, 'prev_target_size': 289.0}
2026-04-03 10:37:13,993 - BEE-EPT-UA913 - DEBUG - Executing command: TELEMETRY, Priority: 1, Body: {'target': 'MSP_RC'}
2026-04-03 10:37:14,000 - BEE-EPT-UA913 - DEBUG - Telemetry: b'\xdc\x05\xdc\x05\xdc\x05\xdd\x03\xe8\x03\xe8\x03\xe8\x03\xde\x05\xe8\x03\xe8\x03\xe8\x03\xfd\x05\xdc\x05\xdc\x05\xe8\x03\xe8\x03'
2026-04-03 10:37:14,001 - BEE-EPT-UA913 - INFO - Autopilot state: {'connection': True, 'bee_state': 'READY', 'roll': 1500, 'pitch': 1500, 'yaw': 1500, 'throttle': 989, 'last_manual_roll': 1500, 'last_manual_pitch': 1500, 'last_manual_yaw': 1500, 'last_manual_throttle': 989, 'aux3': 1000, 'aux4': 1502, 'aux5': 1500, 'aux6': 1000, 'aux7': 1000, 'battery': 23.7, 'rssi': 982, 'rssi_msg': 'Strong signal', 'speed': 0.0, 'altitude': 0.17, 'caught': True, 'ready_hold_active': False, 'ready_hold_pending_capture': False, 'ready_hold_roll': 1500, 'ready_hold_pitch': 1500, 'ready_hold_yaw': 1500, 'ready_hold_throttle': 1100, 'target_locked': False, 'tracking_bbox': (311, 231, 17, 17), 'attack_error_x': 0.0, 'attack_error_y': 0.0, 'target_size': 0.0, 'attack_active': False, 'attack_base_roll': 1500, 'attack_base_pitch': 1649, 'attack_base_yaw': 1500, 'attack_base_throttle': 1039, 'prev_attack_error_x': 0.0, 'prev_attack_time': 176.668068681, 'prev_target_size': 289.0}
2026-04-03 10:37:14,051 - BEE-EPT-UA913 - DEBUG - Executing command: TELEMETRY, Priority: 2, Body: {'target': 'MSP_ALTITUDE'}
2026-04-03 10:37:14,057 - BEE-EPT-UA913 - DEBUG - Telemetry: b'\x11\x00\x00\x00\x00\x00'
2026-04-03 10:37:14,057 - BEE-EPT-UA913 - INFO - Autopilot state: {'connection': True, 'bee_state': 'READY', 'roll': 1500, 'pitch': 1500, 'yaw': 1500, 'throttle': 989, 'last_manual_roll': 1500, 'last_manual_pitch': 1500, 'last_manual_yaw': 1500, 'last_manual_throttle': 989, 'aux3': 1000, 'aux4': 1502, 'aux5': 1500, 'aux6': 1000, 'aux7': 1000, 'battery': 23.7, 'rssi': 982, 'rssi_msg': 'Strong signal', 'speed': 0.0, 'altitude': 0.17, 'caught': True, 'ready_hold_active': False, 'ready_hold_pending_capture': False, 'ready_hold_roll': 1500, 'ready_hold_pitch': 1500, 'ready_hold_yaw': 1500, 'ready_hold_throttle': 1100, 'target_locked': False, 'tracking_bbox': (311, 231, 17, 17), 'attack_error_x': 0.0, 'attack_error_y': 0.0, 'target_size': 0.0, 'attack_active': False, 'attack_base_roll': 1500, 'attack_base_pitch': 1649, 'attack_base_yaw': 1500, 'attack_base_throttle': 1039, 'prev_attack_error_x': 0.0, 'prev_attack_time': 176.668068681, 'prev_target_size': 289.0}
2026-04-03 10:37:14,108 - BEE-EPT-UA913 - DEBUG - Executing command: TELEMETRY, Priority: 1, Body: {'target': 'MSP_RC'}
2026-04-03 10:37:14,120 - BEE-EPT-UA913 - DEBUG - Telemetry: b'\xdc\x05\xdc\x05\xdc\x05\xdd\x03\xe8\x03\xe8\x03\xe8\x03\xe8\x03\xe8\x03\xe8\x03\xe8\x03\xfd\x05\xdc\x05\xdc\x05\xe8\x03\xe8\x03'
2026-04-03 10:37:14,120 - BEE-EPT-UA913 - INFO - Bee state changed to [OFF]
2026-04-03 10:37:14,121 - BEE-EPT-UA913 - INFO - Autopilot state: {'connection': True, 'bee_state': 'OFF', 'roll': 1500, 'pitch': 1500, 'yaw': 1500, 'throttle': 989, 'last_manual_roll': 1500, 'last_manual_pitch': 1500, 'last_manual_yaw': 1500, 'last_manual_throttle': 989, 'aux3': 1000, 'aux4': 1000, 'aux5': 1500, 'aux6': 1000, 'aux7': 1000, 'battery': 23.7, 'rssi': 982, 'rssi_msg': 'Strong signal', 'speed': 0.0, 'altitude': 0.17, 'caught': False, 'ready_hold_active': False, 'ready_hold_pending_capture': False, 'ready_hold_roll': 1500, 'ready_hold_pitch': 1500, 'ready_hold_yaw': 1500, 'ready_hold_throttle': 1100, 'target_locked': False, 'tracking_bbox': None, 'attack_error_x': 0.0, 'attack_error_y': 0.0, 'target_size': 0.0, 'attack_active': False, 'attack_base_roll': 1500, 'attack_base_pitch': 1649, 'attack_base_yaw': 1500, 'attack_base_throttle': 1039, 'prev_attack_error_x': 0.0, 'prev_attack_time': None, 'prev_target_size': 0.0}
2026-04-03 10:37:14,193 - BEE-EPT-UA913 - DEBUG - Executing command: TELEMETRY, Priority: 1, Body: {'target': 'MSP_RC'}
2026-04-03 10:37:14,200 - BEE-EPT-UA913 - DEBUG - Telemetry: b'\xdc\x05\xdc\x05\xdc\x05\xdd\x03\xe8\x03\xe8\x03\xe8\x03\xe8\x03\xe8\x03\xe8\x03\xe8\x03\xfd\x05\xdc\x05\xdc\x05\xe8\x03\xe8\x03'
2026-04-03 10:37:14,200 - BEE-EPT-UA913 - INFO - Autopilot state: {'connection': True, 'bee_state': 'OFF', 'roll': 1500, 'pitch': 1500, 'yaw': 1500, 'throttle': 989, 'last_manual_roll': 1500, 'last_manual_pitch': 1500, 'last_manual_yaw': 1500, 'last_manual_throttle': 989, 'aux3': 1000, 'aux4': 1000, 'aux5': 1500, 'aux6': 1000, 'aux7': 1000, 'battery': 23.7, 'rssi': 982, 'rssi_msg': 'Strong signal', 'speed': 0.0, 'altitude': 0.17, 'caught': False, 'ready_hold_active': False, 'ready_hold_pending_capture': False, 'ready_hold_roll': 1500, 'ready_hold_pitch': 1500, 'ready_hold_yaw': 1500, 'ready_hold_throttle': 1100, 'target_locked': False, 'tracking_bbox': None, 'attack_error_x': 0.0, 'attack_error_y': 0.0, 'target_size': 0.0, 'attack_active': False, 'attack_base_roll': 1500, 'attack_base_pitch': 1649, 'attack_base_yaw': 1500, 'attack_base_throttle': 1039, 'prev_attack_error_x': 0.0, 'prev_attack_time': None, 'prev_target_size': 0.0}
2026-04-03 10:37:14,250 - BEE-EPT-UA913 - DEBUG - Executing command: TELEMETRY, Priority: 2, Body: {'target': 'MSP_ALTITUDE'}
2026-04-03 10:37:14,258 - BEE-EPT-UA913 - DEBUG - Telemetry: b'\x11\x00\x00\x00\x00\x00'
2026-04-03 10:37:14,258 - BEE-EPT-UA913 - INFO - Autopilot state: {'connection': True, 'bee_state': 'OFF', 'roll': 1500, 'pitch': 1500, 'yaw': 1500, 'throttle': 989, 'last_manual_roll': 1500, 'last_manual_pitch': 1500, 'last_manual_yaw': 1500, 'last_manual_throttle': 989, 'aux3': 1000, 'aux4': 1000, 'aux5': 1500, 'aux6': 1000, 'aux7': 1000, 'battery': 23.7, 'rssi': 982, 'rssi_msg': 'Strong signal', 'speed': 0.0, 'altitude': 0.17, 'caught': False, 'ready_hold_active': False, 'ready_hold_pending_capture': False, 'ready_hold_roll': 1500, 'ready_hold_pitch': 1500, 'ready_hold_yaw': 1500, 'ready_hold_throttle': 1100, 'target_locked': False, 'tracking_bbox': None, 'attack_error_x': 0.0, 'attack_error_y': 0.0, 'target_size': 0.0, 'attack_active': False, 'attack_base_roll': 1500, 'attack_base_pitch': 1649, 'attack_base_yaw': 1500, 'attack_base_throttle': 1039, 'prev_attack_error_x': 0.0, 'prev_attack_time': None, 'prev_target_size': 0.0}
2026-04-03 10:37:14,308 - BEE-EPT-UA913 - DEBUG - Executing command: MONITOR, Priority: 2, Body: {'target': 'MSP_ANALOG'}
2026-04-03 10:37:14,318 - BEE-EPT-UA913 - DEBUG - Monitoring: b'\xed\x08\x00\xc0\x03\x00\x00F\t'
2026-04-03 10:37:14,318 - BEE-EPT-UA913 - INFO - RSSI: 960, signal: Strong signal, battery voltage: 23.7V
2026-04-03 10:37:14,648 - BEE-EPT-UA913 - INFO - [TRACKING COMPLETED]
                                                                                                                                                                                                                                                                                                                                                                                                                                                                                                                                                                                                                                                                                                                                                                                                                                                                                                                                                                                                                                                                                                                                                                                                                                                                                                            